<?xml version="1.0" encoding="UTF-8"?><InteractionHistory Id="https://bugs.eclipse.org/bugs-340102" Version="1"><InteractionEvent Delta="null" EndDate="2011-04-07 15:15:40.587 PDT" Interest="1.0" Kind="propagation" Navigation="org.eclipse.mylyn.core.model.edges.containment" OriginId="org.eclipse.mylyn.core.model.interest.propagation" StartDate="2011-04-07 15:15:40.587 PDT" StructureHandle="/org.eclipse.mylyn.resources.ui/src/org/eclipse" StructureKind="resource"/><InteractionEvent Delta="null" EndDate="2011-04-07 15:15:40.587 PDT" Interest="1.0" Kind="propagation" Navigation="org.eclipse.mylyn.core.model.edges.containment" OriginId="org.eclipse.mylyn.core.model.interest.propagation" StartDate="2011-04-07 15:15:40.587 PDT" StructureHandle="=org.eclipse.mylyn.resources.ui" StructureKind="resource"/><InteractionEvent Delta="null" EndDate="2011-04-07 15:15:40.587 PDT" Interest="1.0" Kind="propagation" Navigation="org.eclipse.mylyn.core.model.edges.containment" OriginId="org.eclipse.mylyn.core.model.interest.propagation" StartDate="2011-04-07 15:15:40.587 PDT" StructureHandle="/" StructureKind="resource"/><InteractionEvent Delta="null" EndDate="2011-04-07 15:15:40.587 PDT" Interest="1.0" Kind="propagation" Navigation="org.eclipse.mylyn.core.model.edges.containment" OriginId="org.eclipse.mylyn.core.model.interest.propagation" StartDate="2011-04-07 15:15:40.587 PDT" StructureHandle="/org.eclipse.mylyn.resources.ui/src/org/eclipse/mylyn/internal/resources" StructureKind="resource"/><InteractionEvent Delta="null" EndDate="2011-04-07 15:15:40.587 PDT" Interest="1.0" Kind="propagation" Navigation="org.eclipse.mylyn.core.model.edges.containment" OriginId="org.eclipse.mylyn.core.model.interest.propagation" StartDate="2011-04-07 15:15:40.587 PDT" StructureHandle="=org.eclipse.mylyn.resources.ui/src" StructureKind="java"/><InteractionEvent Delta="null" EndDate="2011-04-07 15:16:58.35 PDT" Interest="1.0" Kind="propagation" Navigation="org.eclipse.mylyn.core.model.edges.containment" OriginId="org.eclipse.mylyn.core.model.interest.propagation" StartDate="2011-04-07 15:16:58.35 PDT" StructureHandle="eclipse.org" StructureKind="http"/><InteractionEvent Delta="null" EndDate="2011-04-07 15:15:40.587 PDT" Interest="1.0" Kind="propagation" Navigation="org.eclipse.mylyn.core.model.edges.containment" OriginId="org.eclipse.mylyn.core.model.interest.propagation" StartDate="2011-04-07 15:15:40.587 PDT" StructureHandle="/org.eclipse.mylyn.resources.ui/src/org/eclipse/mylyn/internal/resources/ui" StructureKind="resource"/><InteractionEvent Delta="null" EndDate="2011-04-07 15:15:40.587 PDT" Interest="1.0" Kind="propagation" Navigation="org.eclipse.mylyn.core.model.edges.containment" OriginId="org.eclipse.mylyn.core.model.interest.propagation" StartDate="2011-04-07 15:15:40.587 PDT" StructureHandle="/org.eclipse.mylyn.resources.ui/src" StructureKind="resource"/><InteractionEvent Delta="null" EndDate="2011-04-07 15:15:40.586 PDT" Interest="1.0" Kind="prediction" Navigation="null" OriginId="org.eclipse.mylyn.resources.ui.interest.updater" StartDate="2011-04-07 15:15:40.586 PDT" StructureHandle="/org.eclipse.mylyn.resources.ui/src/org/eclipse/mylyn/internal/resources/ui/preferences/messages.properties" StructureKind="resource"/><InteractionEvent Delta="null" EndDate="2011-04-07 15:16:36.86 PDT" Interest="1.0" Kind="propagation" Navigation="org.eclipse.mylyn.core.model.edges.containment" OriginId="org.eclipse.mylyn.core.model.interest.propagation" StartDate="2011-04-07 15:16:36.86 PDT" StructureHandle="eclipse.org" StructureKind="http"/><InteractionEvent Delta="null" EndDate="2011-04-07 15:15:40.587 PDT" Interest="1.0" Kind="propagation" Navigation="org.eclipse.mylyn.core.model.edges.containment" OriginId="org.eclipse.mylyn.core.model.interest.propagation" StartDate="2011-04-07 15:15:40.587 PDT" StructureHandle="/org.eclipse.mylyn.resources.ui/src/org" StructureKind="resource"/><InteractionEvent Delta="null" EndDate="2011-04-07 15:15:40.587 PDT" Interest="1.0" Kind="propagation" Navigation="null" OriginId="org.eclipse.mylyn.resources.ui.interest.updater" StartDate="2011-04-07 15:15:40.587 PDT" StructureHandle="/org.eclipse.mylyn.resources.ui/src/org/eclipse/mylyn/internal/resources/ui/preferences" StructureKind="resource"/><InteractionEvent Delta="null" EndDate="2011-04-07 15:15:40.587 PDT" Interest="1.0" Kind="propagation" Navigation="org.eclipse.mylyn.core.model.edges.containment" OriginId="org.eclipse.mylyn.core.model.interest.propagation" StartDate="2011-04-07 15:15:40.587 PDT" StructureHandle="=org.eclipse.mylyn.resources.ui/src&amp;lt;org.eclipse.mylyn.internal.resources.ui.preferences" StructureKind="java"/><InteractionEvent Delta="null" EndDate="2011-04-07 15:15:40.587 PDT" Interest="1.0" Kind="propagation" Navigation="org.eclipse.mylyn.core.model.edges.containment" OriginId="org.eclipse.mylyn.core.model.interest.propagation" StartDate="2011-04-07 15:15:40.587 PDT" StructureHandle="/org.eclipse.mylyn.resources.ui/src/org/eclipse/mylyn/internal" StructureKind="resource"/><InteractionEvent Delta="null" EndDate="2011-04-07 15:15:40.587 PDT" Interest="1.0" Kind="propagation" Navigation="org.eclipse.mylyn.core.model.edges.containment" OriginId="org.eclipse.mylyn.core.model.interest.propagation" StartDate="2011-04-07 15:15:40.587 PDT" StructureHandle="/org.eclipse.mylyn.resources.ui/src/org/eclipse/mylyn" StructureKind="resource"/></InteractionHistory>