<?xml version="1.0" encoding="UTF-8"?><InteractionHistory Id="https://bugs.eclipse.org/bugs-346709" Version="1"><InteractionEvent Delta="null" EndDate="2011-05-20 20:52:03.935 CEST" Interest="1.0" Kind="propagation" Navigation="org.eclipse.mylyn.core.model.edges.containment" OriginId="org.eclipse.mylyn.core.model.interest.propagation" StartDate="2011-05-20 20:52:03.935 CEST" StructureHandle="=org.eclipse.mylyn.team.ui/src" StructureKind="java"/><InteractionEvent Delta="null" EndDate="2011-05-20 20:52:03.934 CEST" Interest="1.0" Kind="propagation" Navigation="org.eclipse.mylyn.core.model.edges.containment" OriginId="org.eclipse.mylyn.core.model.interest.propagation" StartDate="2011-05-20 20:52:03.934 CEST" StructureHandle="/org.eclipse.mylyn.team.ui/src/org/eclipse" StructureKind="resource"/><InteractionEvent Delta="null" EndDate="2011-05-20 20:52:30.321 CEST" Interest="1.0000002" Kind="propagation" Navigation="org.eclipse.mylyn.core.model.edges.containment" OriginId="org.eclipse.mylyn.core.model.interest.propagation" StartDate="2011-05-20 20:52:30.321 CEST" StructureHandle="/org.eclipse.mylyn.team.ui/src/org/eclipse/mylyn/internal/team/ui" StructureKind="resource"/><InteractionEvent Delta="null" EndDate="2011-05-20 20:52:07.649 CEST" Interest="1.0" Kind="propagation" Navigation="org.eclipse.mylyn.core.model.edges.containment" OriginId="org.eclipse.mylyn.core.model.interest.propagation" StartDate="2011-05-20 20:52:07.649 CEST" StructureHandle="/org.eclipse.mylyn.team.ui/src/org" StructureKind="resource"/><InteractionEvent Delta="null" EndDate="2011-05-20 20:52:07.648 CEST" Interest="1.0" Kind="propagation" Navigation="org.eclipse.mylyn.core.model.edges.containment" OriginId="org.eclipse.mylyn.core.model.interest.propagation" StartDate="2011-05-20 20:52:07.648 CEST" StructureHandle="/org.eclipse.mylyn.team.ui/src/org/eclipse/mylyn/internal/team" StructureKind="resource"/><InteractionEvent Delta="null" EndDate="2011-05-20 20:52:04.190 CEST" Interest="1.0" Kind="propagation" Navigation="org.eclipse.mylyn.core.model.edges.containment" OriginId="org.eclipse.mylyn.core.model.interest.propagation" StartDate="2011-05-20 20:52:04.190 CEST" StructureHandle="/org.eclipse.mylyn.team.ui/src/org/eclipse/mylyn/internal/team/ui" StructureKind="resource"/><InteractionEvent Delta="null" EndDate="2011-05-20 20:52:04.737 CEST" Interest="1.0000001" Kind="propagation" Navigation="org.eclipse.mylyn.core.model.edges.containment" OriginId="org.eclipse.mylyn.core.model.interest.propagation" StartDate="2011-05-20 20:52:04.737 CEST" StructureHandle="/org.eclipse.mylyn.team.ui/src/org/eclipse/mylyn/internal/team/ui" StructureKind="resource"/><InteractionEvent Delta="null" EndDate="2011-05-20 20:52:04.737 CEST" Interest="1.0000001" Kind="propagation" Navigation="org.eclipse.mylyn.core.model.edges.containment" OriginId="org.eclipse.mylyn.core.model.interest.propagation" StartDate="2011-05-20 20:52:04.737 CEST" StructureHandle="/org.eclipse.mylyn.team.ui/src/org/eclipse/mylyn" StructureKind="resource"/><InteractionEvent Delta="null" EndDate="2011-05-20 20:52:30.321 CEST" Interest="1.0000002" Kind="propagation" Navigation="org.eclipse.mylyn.core.model.edges.containment" OriginId="org.eclipse.mylyn.core.model.interest.propagation" StartDate="2011-05-20 20:52:30.321 CEST" StructureHandle="/org.eclipse.mylyn.team.ui/src/org" StructureKind="resource"/><InteractionEvent Delta="null" EndDate="2011-05-20 20:52:07.648 CEST" Interest="1.0" Kind="propagation" Navigation="null" OriginId="org.eclipse.jdt.ui.CompilationUnitEditor" StartDate="2011-05-20 20:52:07.648 CEST" StructureHandle="/org.eclipse.mylyn.team.ui/src/org/eclipse/mylyn/internal/team/ui/actions/TaskFinder.java" StructureKind="resource"/><InteractionEvent Delta="null" EndDate="2011-05-20 20:52:03.934 CEST" Interest="1.0" Kind="propagation" Navigation="org.eclipse.mylyn.core.model.edges.containment" OriginId="org.eclipse.mylyn.core.model.interest.propagation" StartDate="2011-05-20 20:52:03.934 CEST" StructureHandle="/org.eclipse.mylyn.team.ui/src/org/eclipse/mylyn/internal/team" StructureKind="resource"/><InteractionEvent Delta="null" EndDate="2011-05-20 20:52:37.181 CEST" Interest="1.0" Kind="propagation" Navigation="org.eclipse.mylyn.core.model.edges.containment" OriginId="org.eclipse.mylyn.core.model.interest.propagation" StartDate="2011-05-20 20:52:37.181 CEST" StructureHandle="/org.eclipse.mylyn.team.ui/src/org/eclipse/mylyn/internal/team" StructureKind="resource"/><InteractionEvent Delta="null" EndDate="2011-05-20 20:52:07.649 CEST" Interest="1.0" Kind="propagation" Navigation="org.eclipse.mylyn.core.model.edges.containment" OriginId="org.eclipse.mylyn.core.model.interest.propagation" StartDate="2011-05-20 20:52:07.649 CEST" StructureHandle="/org.eclipse.mylyn.team.ui/src/org/eclipse" StructureKind="resource"/><InteractionEvent Delta="null" EndDate="2011-05-20 20:52:03.934 CEST" Interest="1.0" Kind="propagation" Navigation="org.eclipse.mylyn.core.model.edges.containment" OriginId="org.eclipse.mylyn.core.model.interest.propagation" StartDate="2011-05-20 20:52:03.934 CEST" StructureHandle="/org.eclipse.mylyn.team.ui/src" StructureKind="resource"/><InteractionEvent Delta="null" EndDate="2011-05-20 20:52:37.180 CEST" Interest="1.0" Kind="propagation" Navigation="null" OriginId="org.eclipse.mylyn.resources.ui.interest.updater" StartDate="2011-05-20 20:52:37.180 CEST" StructureHandle="/org.eclipse.mylyn.team.ui/src/org/eclipse/mylyn/internal/team/ui/LinkedTaskInfo.java" StructureKind="resource"/><InteractionEvent Delta="null" EndDate="2011-05-20 20:52:04.738 CEST" Interest="0.70000017" Kind="propagation" Navigation="org.eclipse.mylyn.core.model.edges.containment" OriginId="org.eclipse.mylyn.core.model.interest.propagation" StartDate="2011-05-20 20:52:04.738 CEST" StructureHandle="=org.eclipse.mylyn.team.ui/src&amp;lt;org.eclipse.mylyn.internal.team.ui.actions" StructureKind="java"/><InteractionEvent Delta="null" EndDate="2011-05-20 20:52:03.934 CEST" Interest="1.0" Kind="propagation" Navigation="null" OriginId="org.eclipse.jdt.ui.CompilationUnitEditor" StartDate="2011-05-20 20:52:03.934 CEST" StructureHandle="/org.eclipse.mylyn.team.ui/src/org/eclipse/mylyn/internal/team/ui/actions/TaskFinder.java" StructureKind="resource"/><InteractionEvent Delta="null" EndDate="2011-05-20 20:52:04.190 CEST" Interest="1.0" Kind="propagation" Navigation="org.eclipse.mylyn.core.model.edges.containment" OriginId="org.eclipse.mylyn.core.model.interest.propagation" StartDate="2011-05-20 20:52:04.190 CEST" StructureHandle="/org.eclipse.mylyn.team.ui/src/org" StructureKind="resource"/><InteractionEvent Delta="null" EndDate="2011-05-20 20:52:07.649 CEST" Interest="1.0" Kind="propagation" Navigation="org.eclipse.mylyn.core.model.edges.containment" OriginId="org.eclipse.mylyn.core.model.interest.propagation" StartDate="2011-05-20 20:52:07.649 CEST" StructureHandle="/org.eclipse.mylyn.team.ui/src/org/eclipse/mylyn/internal" StructureKind="resource"/><InteractionEvent Delta="null" EndDate="2011-05-20 20:52:37.181 CEST" Interest="1.0" Kind="propagation" Navigation="org.eclipse.mylyn.core.model.edges.containment" OriginId="org.eclipse.mylyn.core.model.interest.propagation" StartDate="2011-05-20 20:52:37.181 CEST" StructureHandle="/org.eclipse.mylyn.team.ui/src/org/eclipse" StructureKind="resource"/><InteractionEvent Delta="null" EndDate="2011-05-20 20:52:30.321 CEST" Interest="1.0000002" Kind="propagation" Navigation="org.eclipse.mylyn.core.model.edges.containment" OriginId="org.eclipse.mylyn.core.model.interest.propagation" StartDate="2011-05-20 20:52:30.321 CEST" StructureHandle="/" StructureKind="resource"/><InteractionEvent Delta="null" EndDate="2011-05-20 20:52:04.190 CEST" Interest="1.0" Kind="propagation" Navigation="org.eclipse.mylyn.core.model.edges.containment" OriginId="org.eclipse.mylyn.core.model.interest.propagation" StartDate="2011-05-20 20:52:04.190 CEST" StructureHandle="/org.eclipse.mylyn.team.ui/src/org/eclipse/mylyn/internal" StructureKind="resource"/><InteractionEvent Delta="null" EndDate="2011-05-20 20:52:37.181 CEST" Interest="1.0" Kind="propagation" Navigation="null" OriginId="org.eclipse.mylyn.resources.ui.interest.updater" StartDate="2011-05-20 20:52:37.181 CEST" StructureHandle="/org.eclipse.mylyn.team.ui/src/org/eclipse/mylyn/internal/team/ui" StructureKind="resource"/><InteractionEvent Delta="null" EndDate="2011-05-20 20:52:04.190 CEST" Interest="1.0" Kind="propagation" Navigation="null" OriginId="org.eclipse.jdt.ui.CompilationUnitEditor" StartDate="2011-05-20 20:52:04.190 CEST" StructureHandle="/org.eclipse.mylyn.team.ui/src/org/eclipse/mylyn/internal/team/ui/actions/TaskFinder.java" StructureKind="resource"/><InteractionEvent Delta="null" EndDate="2011-05-20 20:52:04.190 CEST" Interest="1.0" Kind="selection" Navigation="null" OriginId="org.eclipse.jdt.ui.CompilationUnitEditor" StartDate="2011-05-20 20:52:04.190 CEST" StructureHandle="=org.eclipse.mylyn.team.ui/src&amp;lt;org.eclipse.mylyn.internal.team.ui.actions{TaskFinder.java" StructureKind="java"/><InteractionEvent Delta="null" EndDate="2011-05-20 20:52:03.934 CEST" Interest="1.0" Kind="propagation" Navigation="org.eclipse.mylyn.core.model.edges.containment" OriginId="org.eclipse.mylyn.core.model.interest.propagation" StartDate="2011-05-20 20:52:03.934 CEST" StructureHandle="/org.eclipse.mylyn.team.ui/src/org/eclipse/mylyn" StructureKind="resource"/><InteractionEvent Delta="null" EndDate="2011-05-20 20:52:04.738 CEST" Interest="0.7000004" Kind="propagation" Navigation="org.eclipse.mylyn.core.model.edges.containment" OriginId="org.eclipse.mylyn.core.model.interest.propagation" StartDate="2011-05-20 20:52:04.738 CEST" StructureHandle="=org.eclipse.mylyn.team.ui/src" StructureKind="java"/><InteractionEvent Delta="null" EndDate="2011-05-20 20:52:04.190 CEST" Interest="1.0" Kind="propagation" Navigation="org.eclipse.mylyn.core.model.edges.containment" OriginId="org.eclipse.mylyn.core.model.interest.propagation" StartDate="2011-05-20 20:52:04.190 CEST" StructureHandle="/org.eclipse.mylyn.team.ui/src/org/eclipse/mylyn/internal/team/ui/actions" StructureKind="resource"/><InteractionEvent Delta="null" EndDate="2011-05-20 20:52:37.181 CEST" Interest="1.0" Kind="propagation" Navigation="org.eclipse.mylyn.core.model.edges.containment" OriginId="org.eclipse.mylyn.core.model.interest.propagation" StartDate="2011-05-20 20:52:37.181 CEST" StructureHandle="/org.eclipse.mylyn.team.ui/src" StructureKind="resource"/><InteractionEvent Delta="null" EndDate="2011-05-20 20:52:04.737 CEST" Interest="1.0000001" Kind="propagation" Navigation="org.eclipse.mylyn.core.model.edges.containment" OriginId="org.eclipse.mylyn.core.model.interest.propagation" StartDate="2011-05-20 20:52:04.737 CEST" StructureHandle="/org.eclipse.mylyn.team.ui/src/org/eclipse/mylyn/internal/team/ui/actions" StructureKind="resource"/><InteractionEvent Delta="null" EndDate="2011-05-20 20:52:04.737 CEST" Interest="1.0000001" Kind="propagation" Navigation="org.eclipse.mylyn.core.model.edges.containment" OriginId="org.eclipse.mylyn.core.model.interest.propagation" StartDate="2011-05-20 20:52:04.737 CEST" StructureHandle="/org.eclipse.mylyn.team.ui/src/org/eclipse/mylyn/internal" StructureKind="resource"/><InteractionEvent Delta="null" EndDate="2011-05-20 20:52:04.190 CEST" Interest="1.0" Kind="propagation" Navigation="org.eclipse.mylyn.core.model.edges.containment" OriginId="org.eclipse.mylyn.core.model.interest.propagation" StartDate="2011-05-20 20:52:04.190 CEST" StructureHandle="/org.eclipse.mylyn.team.ui/src" StructureKind="resource"/><InteractionEvent Delta="null" EndDate="2011-05-20 20:52:04.190 CEST" Interest="1.0" Kind="propagation" Navigation="org.eclipse.mylyn.core.model.edges.containment" OriginId="org.eclipse.mylyn.core.model.interest.propagation" StartDate="2011-05-20 20:52:04.190 CEST" StructureHandle="/org.eclipse.mylyn.team.ui/src/org/eclipse/mylyn/internal/team" StructureKind="resource"/><InteractionEvent Delta="null" EndDate="2011-05-20 20:52:30.321 CEST" Interest="1.0000002" Kind="propagation" Navigation="org.eclipse.mylyn.core.model.edges.containment" OriginId="org.eclipse.mylyn.core.model.interest.propagation" StartDate="2011-05-20 20:52:30.321 CEST" StructureHandle="/org.eclipse.mylyn.team.ui/src" StructureKind="resource"/><InteractionEvent Delta="null" EndDate="2011-05-20 20:52:04.738 CEST" Interest="1.0000001" Kind="propagation" Navigation="org.eclipse.mylyn.core.model.edges.containment" OriginId="org.eclipse.mylyn.core.model.interest.propagation" StartDate="2011-05-20 20:52:04.738 CEST" StructureHandle="/" StructureKind="resource"/><InteractionEvent Delta="null" EndDate="2011-05-20 20:52:03.934 CEST" Interest="1.0" Kind="propagation" Navigation="org.eclipse.mylyn.core.model.edges.containment" OriginId="org.eclipse.mylyn.core.model.interest.propagation" StartDate="2011-05-20 20:52:03.934 CEST" StructureHandle="/org.eclipse.mylyn.team.ui/src/org/eclipse/mylyn/internal" StructureKind="resource"/><InteractionEvent Delta="null" EndDate="2011-05-20 20:52:37.182 CEST" Interest="1.0" Kind="propagation" Navigation="org.eclipse.mylyn.core.model.edges.containment" OriginId="org.eclipse.mylyn.core.model.interest.propagation" StartDate="2011-05-20 20:52:37.182 CEST" StructureHandle="/" StructureKind="resource"/><InteractionEvent Delta="null" EndDate="2011-05-20 20:52:37.181 CEST" Interest="1.0" Kind="propagation" Navigation="org.eclipse.mylyn.core.model.edges.containment" OriginId="org.eclipse.mylyn.core.model.interest.propagation" StartDate="2011-05-20 20:52:37.181 CEST" StructureHandle="/org.eclipse.mylyn.team.ui/src/org/eclipse/mylyn/internal" StructureKind="resource"/><InteractionEvent Delta="null" EndDate="2011-05-20 20:52:07.649 CEST" Interest="1.0" Kind="propagation" Navigation="org.eclipse.mylyn.core.model.edges.containment" OriginId="org.eclipse.mylyn.core.model.interest.propagation" StartDate="2011-05-20 20:52:07.649 CEST" StructureHandle="=org.eclipse.mylyn.team.ui" StructureKind="resource"/><InteractionEvent Delta="null" EndDate="2011-05-20 20:52:30.321 CEST" Interest="1.0000002" Kind="propagation" Navigation="org.eclipse.mylyn.core.model.edges.containment" OriginId="org.eclipse.mylyn.core.model.interest.propagation" StartDate="2011-05-20 20:52:30.321 CEST" StructureHandle="/org.eclipse.mylyn.team.ui/src/org/eclipse/mylyn/internal/team/ui/actions" StructureKind="resource"/><InteractionEvent Delta="null" EndDate="2011-05-20 20:52:30.321 CEST" Interest="0.99999976" Kind="propagation" Navigation="org.eclipse.mylyn.core.model.edges.containment" OriginId="org.eclipse.mylyn.core.model.interest.propagation" StartDate="2011-05-20 20:52:30.321 CEST" StructureHandle="=org.eclipse.mylyn.team.ui/src&amp;lt;org.eclipse.mylyn.internal.team.ui.actions" StructureKind="java"/><InteractionEvent Delta="null" EndDate="2011-05-20 20:52:37.181 CEST" Interest="1.0" Kind="propagation" Navigation="org.eclipse.mylyn.core.model.edges.containment" OriginId="org.eclipse.mylyn.core.model.interest.propagation" StartDate="2011-05-20 20:52:37.181 CEST" StructureHandle="=org.eclipse.mylyn.team.ui" StructureKind="resource"/><InteractionEvent Delta="null" EndDate="2011-05-20 20:52:07.649 CEST" Interest="1.0" Kind="propagation" Navigation="org.eclipse.mylyn.core.model.edges.containment" OriginId="org.eclipse.mylyn.core.model.interest.propagation" StartDate="2011-05-20 20:52:07.649 CEST" StructureHandle="/" StructureKind="resource"/><InteractionEvent Delta="null" EndDate="2011-05-20 20:52:03.934 CEST" Interest="1.0" Kind="propagation" Navigation="org.eclipse.mylyn.core.model.edges.containment" OriginId="org.eclipse.mylyn.core.model.interest.propagation" StartDate="2011-05-20 20:52:03.934 CEST" StructureHandle="=org.eclipse.mylyn.team.ui" StructureKind="resource"/><InteractionEvent Delta="null" EndDate="2011-05-20 20:52:04.190 CEST" Interest="1.0" Kind="propagation" Navigation="org.eclipse.mylyn.core.model.edges.containment" OriginId="org.eclipse.mylyn.core.model.interest.propagation" StartDate="2011-05-20 20:52:04.190 CEST" StructureHandle="/" StructureKind="resource"/><InteractionEvent Delta="null" EndDate="2011-05-20 20:52:03.934 CEST" Interest="1.0" Kind="propagation" Navigation="org.eclipse.mylyn.core.model.edges.containment" OriginId="org.eclipse.mylyn.core.model.interest.propagation" StartDate="2011-05-20 20:52:03.934 CEST" StructureHandle="/org.eclipse.mylyn.team.ui/src/org/eclipse/mylyn/internal/team/ui/actions" StructureKind="resource"/><InteractionEvent Delta="null" EndDate="2011-05-20 20:52:03.934 CEST" Interest="1.0" Kind="propagation" Navigation="org.eclipse.mylyn.core.model.edges.containment" OriginId="org.eclipse.mylyn.core.model.interest.propagation" StartDate="2011-05-20 20:52:03.934 CEST" StructureHandle="/" StructureKind="resource"/><InteractionEvent Delta="null" EndDate="2011-05-20 20:52:07.648 CEST" Interest="1.0" Kind="propagation" Navigation="org.eclipse.mylyn.core.model.edges.containment" OriginId="org.eclipse.mylyn.core.model.interest.propagation" StartDate="2011-05-20 20:52:07.648 CEST" StructureHandle="/org.eclipse.mylyn.team.ui/src/org/eclipse/mylyn/internal/team/ui/actions" StructureKind="resource"/><InteractionEvent Delta="null" EndDate="2011-05-20 20:52:03.933 CEST" Interest="1.0" Kind="selection" Navigation="null" OriginId="org.eclipse.jdt.ui.CompilationUnitEditor" StartDate="2011-05-20 20:52:03.933 CEST" StructureHandle="=org.eclipse.mylyn.team.ui/src&amp;lt;org.eclipse.mylyn.internal.team.ui.actions{TaskFinder.java" StructureKind="java"/><InteractionEvent Delta="null" EndDate="2011-05-20 20:52:07.649 CEST" Interest="1.0" Kind="propagation" Navigation="org.eclipse.mylyn.core.model.edges.containment" OriginId="org.eclipse.mylyn.core.model.interest.propagation" StartDate="2011-05-20 20:52:07.649 CEST" StructureHandle="/org.eclipse.mylyn.team.ui/src/org/eclipse/mylyn" StructureKind="resource"/><InteractionEvent Delta="null" EndDate="2011-05-20 20:52:30.321 CEST" Interest="1.0000002" Kind="propagation" Navigation="org.eclipse.mylyn.core.model.edges.containment" OriginId="org.eclipse.mylyn.core.model.interest.propagation" StartDate="2011-05-20 20:52:30.321 CEST" StructureHandle="/org.eclipse.mylyn.team.ui/src/org/eclipse" StructureKind="resource"/><InteractionEvent Delta="null" EndDate="2011-05-20 20:52:30.321 CEST" Interest="1.0000002" Kind="propagation" Navigation="org.eclipse.mylyn.core.model.edges.containment" OriginId="org.eclipse.mylyn.core.model.interest.propagation" StartDate="2011-05-20 20:52:30.321 CEST" StructureHandle="/org.eclipse.mylyn.team.ui/src/org/eclipse/mylyn" StructureKind="resource"/><InteractionEvent Delta="null" EndDate="2011-05-20 20:52:30.321 CEST" Interest="1.0" Kind="selection" Navigation="null" OriginId="org.eclipse.jdt.ui.PackageExplorer" StartDate="2011-05-20 20:52:30.321 CEST" StructureHandle="=org.eclipse.mylyn.team.ui/src&amp;lt;org.eclipse.mylyn.internal.team.ui.actions{TaskFinder.java" StructureKind="java"/><InteractionEvent Delta="null" EndDate="2011-05-20 20:52:03.934 CEST" Interest="1.0" Kind="propagation" Navigation="org.eclipse.mylyn.core.model.edges.containment" OriginId="org.eclipse.mylyn.core.model.interest.propagation" StartDate="2011-05-20 20:52:03.934 CEST" StructureHandle="/org.eclipse.mylyn.team.ui/src/org/eclipse/mylyn/internal/team/ui" StructureKind="resource"/><InteractionEvent Delta="null" EndDate="2011-05-20 20:52:04.190 CEST" Interest="1.0" Kind="propagation" Navigation="org.eclipse.mylyn.core.model.edges.containment" OriginId="org.eclipse.mylyn.core.model.interest.propagation" StartDate="2011-05-20 20:52:04.190 CEST" StructureHandle="=org.eclipse.mylyn.team.ui" StructureKind="resource"/><InteractionEvent Delta="null" EndDate="2011-05-20 20:52:04.737 CEST" Interest="1.0000001" Kind="propagation" Navigation="org.eclipse.mylyn.core.model.edges.containment" OriginId="org.eclipse.mylyn.core.model.interest.propagation" StartDate="2011-05-20 20:52:04.737 CEST" StructureHandle="/org.eclipse.mylyn.team.ui/src/org" StructureKind="resource"/><InteractionEvent Delta="null" EndDate="2011-05-20 20:52:04.737 CEST" Interest="1.0000001" Kind="propagation" Navigation="org.eclipse.mylyn.core.model.edges.containment" OriginId="org.eclipse.mylyn.core.model.interest.propagation" StartDate="2011-05-20 20:52:04.737 CEST" StructureHandle="=org.eclipse.mylyn.team.ui" StructureKind="resource"/><InteractionEvent Delta="null" EndDate="2011-05-20 20:52:04.190 CEST" Interest="1.0" Kind="propagation" Navigation="org.eclipse.mylyn.core.model.edges.containment" OriginId="org.eclipse.mylyn.core.model.interest.propagation" StartDate="2011-05-20 20:52:04.190 CEST" StructureHandle="/org.eclipse.mylyn.team.ui/src/org/eclipse/mylyn" StructureKind="resource"/><InteractionEvent Delta="null" EndDate="2011-05-20 20:52:04.737 CEST" Interest="1.0" Kind="propagation" Navigation="null" OriginId="org.eclipse.jdt.ui.CompilationUnitEditor" StartDate="2011-05-20 20:52:04.737 CEST" StructureHandle="/org.eclipse.mylyn.team.ui/src/org/eclipse/mylyn/internal/team/ui/actions/TaskFinder.java" StructureKind="resource"/><InteractionEvent Delta="null" EndDate="2011-05-20 20:52:04.737 CEST" Interest="1.0000001" Kind="propagation" Navigation="org.eclipse.mylyn.core.model.edges.containment" OriginId="org.eclipse.mylyn.core.model.interest.propagation" StartDate="2011-05-20 20:52:04.737 CEST" StructureHandle="/org.eclipse.mylyn.team.ui/src/org/eclipse/mylyn/internal/team" StructureKind="resource"/><InteractionEvent Delta="null" EndDate="2011-05-20 20:52:07.648 CEST" Interest="1.0" Kind="selection" Navigation="null" OriginId="org.eclipse.jdt.ui.CompilationUnitEditor" StartDate="2011-05-20 20:52:07.648 CEST" StructureHandle="=org.eclipse.mylyn.team.ui/src&amp;lt;org.eclipse.mylyn.internal.team.ui.actions{TaskFinder.java[TaskFinder~reconcile~QAbstractTaskReference;" StructureKind="java"/><InteractionEvent Delta="null" EndDate="2011-05-20 20:52:30.321 CEST" Interest="1.0" Kind="propagation" Navigation="null" OriginId="org.eclipse.jdt.ui.PackageExplorer" StartDate="2011-05-20 20:52:30.321 CEST" StructureHandle="/org.eclipse.mylyn.team.ui/src/org/eclipse/mylyn/internal/team/ui/actions/TaskFinder.java" StructureKind="resource"/><InteractionEvent Delta="null" EndDate="2011-05-20 20:52:04.190 CEST" Interest="1.0" Kind="propagation" Navigation="org.eclipse.mylyn.core.model.edges.containment" OriginId="org.eclipse.mylyn.core.model.interest.propagation" StartDate="2011-05-20 20:52:04.190 CEST" StructureHandle="=org.eclipse.mylyn.team.ui/src&amp;lt;org.eclipse.mylyn.internal.team.ui.actions" StructureKind="java"/><InteractionEvent Delta="null" EndDate="2011-05-20 20:52:04.737 CEST" Interest="1.0" Kind="edit" Navigation="null" OriginId="org.eclipse.jdt.ui.CompilationUnitEditor" StartDate="2011-05-20 20:52:04.737 CEST" StructureHandle="=org.eclipse.mylyn.team.ui/src&amp;lt;org.eclipse.mylyn.internal.team.ui.actions{TaskFinder.java" StructureKind="java"/><InteractionEvent Delta="null" EndDate="2011-05-20 20:52:07.649 CEST" Interest="1.0" Kind="propagation" Navigation="org.eclipse.mylyn.core.model.edges.containment" OriginId="org.eclipse.mylyn.core.model.interest.propagation" StartDate="2011-05-20 20:52:07.649 CEST" StructureHandle="/org.eclipse.mylyn.team.ui/src" StructureKind="resource"/><InteractionEvent Delta="null" EndDate="2011-05-20 20:52:03.934 CEST" Interest="1.0" Kind="propagation" Navigation="org.eclipse.mylyn.core.model.edges.containment" OriginId="org.eclipse.mylyn.core.model.interest.propagation" StartDate="2011-05-20 20:52:03.934 CEST" StructureHandle="/org.eclipse.mylyn.team.ui/src/org" StructureKind="resource"/><InteractionEvent Delta="null" EndDate="2011-05-20 20:52:37.181 CEST" Interest="1.0" Kind="propagation" Navigation="org.eclipse.mylyn.core.model.edges.containment" OriginId="org.eclipse.mylyn.core.model.interest.propagation" StartDate="2011-05-20 20:52:37.181 CEST" StructureHandle="/org.eclipse.mylyn.team.ui/src/org" StructureKind="resource"/><InteractionEvent Delta="null" EndDate="2011-05-20 20:52:30.321 CEST" Interest="1.0000002" Kind="propagation" Navigation="org.eclipse.mylyn.core.model.edges.containment" OriginId="org.eclipse.mylyn.core.model.interest.propagation" StartDate="2011-05-20 20:52:30.321 CEST" StructureHandle="/org.eclipse.mylyn.team.ui/src/org/eclipse/mylyn/internal" StructureKind="resource"/><InteractionEvent Delta="null" EndDate="2011-05-20 20:52:04.737 CEST" Interest="1.0000001" Kind="propagation" Navigation="org.eclipse.mylyn.core.model.edges.containment" OriginId="org.eclipse.mylyn.core.model.interest.propagation" StartDate="2011-05-20 20:52:04.737 CEST" StructureHandle="/org.eclipse.mylyn.team.ui/src/org/eclipse" StructureKind="resource"/><InteractionEvent Delta="null" EndDate="2011-05-20 20:52:37.179 CEST" Interest="1.0" Kind="prediction" Navigation="null" OriginId="org.eclipse.mylyn.resources.ui.interest.updater" StartDate="2011-05-20 20:52:37.179 CEST" StructureHandle="=org.eclipse.mylyn.team.ui/src&amp;lt;org.eclipse.mylyn.internal.team.ui{LinkedTaskInfo.java" StructureKind="java"/><InteractionEvent Delta="null" EndDate="2011-05-20 20:52:30.321 CEST" Interest="1.0000002" Kind="propagation" Navigation="org.eclipse.mylyn.core.model.edges.containment" OriginId="org.eclipse.mylyn.core.model.interest.propagation" StartDate="2011-05-20 20:52:30.321 CEST" StructureHandle="=org.eclipse.mylyn.team.ui" StructureKind="resource"/><InteractionEvent Delta="null" EndDate="2011-05-20 20:52:37.181 CEST" Interest="1.0" Kind="propagation" Navigation="org.eclipse.mylyn.core.model.edges.containment" OriginId="org.eclipse.mylyn.core.model.interest.propagation" StartDate="2011-05-20 20:52:37.181 CEST" StructureHandle="/org.eclipse.mylyn.team.ui/src/org/eclipse/mylyn" StructureKind="resource"/><InteractionEvent Delta="null" EndDate="2011-05-20 20:52:37.181 CEST" Interest="1.0" Kind="propagation" Navigation="org.eclipse.mylyn.core.model.edges.containment" OriginId="org.eclipse.mylyn.core.model.interest.propagation" StartDate="2011-05-20 20:52:37.181 CEST" StructureHandle="=org.eclipse.mylyn.team.ui/src&amp;lt;org.eclipse.mylyn.internal.team.ui" StructureKind="java"/><InteractionEvent Delta="null" EndDate="2011-05-20 20:52:07.648 CEST" Interest="1.0" Kind="propagation" Navigation="org.eclipse.mylyn.core.model.edges.containment" OriginId="org.eclipse.mylyn.core.model.interest.propagation" StartDate="2011-05-20 20:52:07.648 CEST" StructureHandle="=org.eclipse.mylyn.team.ui/src&amp;lt;org.eclipse.mylyn.internal.team.ui.actions{TaskFinder.java[TaskFinder" StructureKind="java"/><InteractionEvent Delta="null" EndDate="2011-05-20 20:52:30.321 CEST" Interest="1.0000002" Kind="propagation" Navigation="org.eclipse.mylyn.core.model.edges.containment" OriginId="org.eclipse.mylyn.core.model.interest.propagation" StartDate="2011-05-20 20:52:30.321 CEST" StructureHandle="/org.eclipse.mylyn.team.ui/src/org/eclipse/mylyn/internal/team" StructureKind="resource"/><InteractionEvent Delta="null" EndDate="2011-05-20 20:52:04.737 CEST" Interest="1.0000001" Kind="propagation" Navigation="org.eclipse.mylyn.core.model.edges.containment" OriginId="org.eclipse.mylyn.core.model.interest.propagation" StartDate="2011-05-20 20:52:04.737 CEST" StructureHandle="/org.eclipse.mylyn.team.ui/src" StructureKind="resource"/><InteractionEvent Delta="null" EndDate="2011-05-20 20:52:04.190 CEST" Interest="1.0" Kind="propagation" Navigation="org.eclipse.mylyn.core.model.edges.containment" OriginId="org.eclipse.mylyn.core.model.interest.propagation" StartDate="2011-05-20 20:52:04.190 CEST" StructureHandle="/org.eclipse.mylyn.team.ui/src/org/eclipse" StructureKind="resource"/><InteractionEvent Delta="null" EndDate="2011-05-20 20:52:03.935 CEST" Interest="1.0" Kind="propagation" Navigation="org.eclipse.mylyn.core.model.edges.containment" OriginId="org.eclipse.mylyn.core.model.interest.propagation" StartDate="2011-05-20 20:52:03.935 CEST" StructureHandle="=org.eclipse.mylyn.team.ui/src&amp;lt;org.eclipse.mylyn.internal.team.ui.actions" StructureKind="java"/><InteractionEvent Delta="null" EndDate="2011-05-20 20:52:04.191 CEST" Interest="1.0" Kind="propagation" Navigation="org.eclipse.mylyn.core.model.edges.containment" OriginId="org.eclipse.mylyn.core.model.interest.propagation" StartDate="2011-05-20 20:52:04.191 CEST" StructureHandle="=org.eclipse.mylyn.team.ui/src" StructureKind="java"/><InteractionEvent Delta="null" EndDate="2011-05-20 20:52:07.648 CEST" Interest="1.0" Kind="propagation" Navigation="org.eclipse.mylyn.core.model.edges.containment" OriginId="org.eclipse.mylyn.core.model.interest.propagation" StartDate="2011-05-20 20:52:07.648 CEST" StructureHandle="/org.eclipse.mylyn.team.ui/src/org/eclipse/mylyn/internal/team/ui" StructureKind="resource"/><InteractionEvent Delta="null" EndDate="2011-05-20 20:52:30.322 CEST" Interest="0.99999976" Kind="propagation" Navigation="org.eclipse.mylyn.core.model.edges.containment" OriginId="org.eclipse.mylyn.core.model.interest.propagation" StartDate="2011-05-20 20:52:30.322 CEST" StructureHandle="=org.eclipse.mylyn.team.ui/src" StructureKind="java"/></InteractionHistory>