<?xml version="1.0" encoding="UTF-8"?><InteractionHistory Id="https://bugs.eclipse.org/bugs-343173" Version="1"><InteractionEvent Delta="null" EndDate="2011-05-06 09:42:11.686 PDT" Interest="1.0" Kind="propagation" Navigation="null" OriginId="org.eclipse.jdt.ui.CompilationUnitEditor" StartDate="2011-05-06 09:42:11.686 PDT" StructureHandle="/org.eclipse.mylyn.cdt.ui/src/org/eclipse/mylyn/internal/cdt/ui/contentassist" StructureKind="resource"/><InteractionEvent Delta="null" EndDate="2011-05-06 09:41:55.22 PDT" Interest="1.0000001" Kind="propagation" Navigation="org.eclipse.mylyn.core.model.edges.containment" OriginId="org.eclipse.mylyn.core.model.interest.propagation" StartDate="2011-05-06 09:41:55.22 PDT" StructureHandle="/org.eclipse.mylyn.cdt.ui/src/org" StructureKind="resource"/><InteractionEvent Delta="null" EndDate="2011-05-06 09:41:55.22 PDT" Interest="1.0000001" Kind="propagation" Navigation="org.eclipse.mylyn.core.model.edges.containment" OriginId="org.eclipse.mylyn.core.model.interest.propagation" StartDate="2011-05-06 09:41:55.22 PDT" StructureHandle="/org.eclipse.mylyn.cdt.ui/src/org/eclipse/mylyn/internal/cdt/ui/contentassist" StructureKind="resource"/><InteractionEvent Delta="null" EndDate="2011-05-06 09:41:55.23 PDT" Interest="1.0000001" Kind="propagation" Navigation="org.eclipse.mylyn.core.model.edges.containment" OriginId="org.eclipse.mylyn.core.model.interest.propagation" StartDate="2011-05-06 09:41:55.23 PDT" StructureHandle="/" StructureKind="resource"/><InteractionEvent Delta="null" EndDate="2011-05-06 09:42:12.259 PDT" Interest="1.0" Kind="propagation" Navigation="org.eclipse.mylyn.core.model.edges.containment" OriginId="org.eclipse.mylyn.core.model.interest.propagation" StartDate="2011-05-06 09:42:12.259 PDT" StructureHandle="=org.eclipse.mylyn.cdt.ui/src&amp;lt;org.eclipse.mylyn.internal.cdt.ui.contentassist{FocusedDOMCompletionProposalComputer.java[FocusedDOMCompletionProposalComputer" StructureKind="java"/><InteractionEvent Delta="null" EndDate="2011-05-06 09:44:41.333 PDT" Interest="0.01699996" Kind="propagation" Navigation="org.eclipse.mylyn.core.model.edges.containment" OriginId="org.eclipse.mylyn.core.model.interest.propagation" StartDate="2011-05-06 09:44:41.333 PDT" StructureHandle="=org.eclipse.mylyn.cdt.ui/C:\/Eclipse\/eclipse-SDK-3.5M7-win32\/eclipse\/plugins\/org.eclipse.cdt.core_5.1.2.201002161416.jar" StructureKind="java"/><InteractionEvent Delta="null" EndDate="2011-05-06 09:44:36.963 PDT" Interest="1.0" Kind="selection" Navigation="null" OriginId="org.eclipse.jdt.ui.CompilationUnitEditor" StartDate="2011-05-06 09:44:36.963 PDT" StructureHandle="=org.eclipse.mylyn.cdt.ui/src&amp;lt;org.eclipse.mylyn.internal.cdt.ui.contentassist{DOMCompletionProposalComputer.java" StructureKind="java"/><InteractionEvent Delta="null" EndDate="2011-05-06 09:43:02.752 PDT" Interest="1.0000005" Kind="propagation" Navigation="org.eclipse.mylyn.core.model.edges.containment" OriginId="org.eclipse.mylyn.core.model.interest.propagation" StartDate="2011-05-06 09:43:02.752 PDT" StructureHandle="/org.eclipse.mylyn.cdt.ui/src" StructureKind="resource"/><InteractionEvent Delta="null" EndDate="2011-05-06 09:42:11.686 PDT" Interest="1.0000002" Kind="propagation" Navigation="org.eclipse.mylyn.core.model.edges.containment" OriginId="org.eclipse.mylyn.core.model.interest.propagation" StartDate="2011-05-06 09:42:11.686 PDT" StructureHandle="/org.eclipse.mylyn.cdt.ui/src/org" StructureKind="resource"/><InteractionEvent Delta="null" EndDate="2011-05-06 09:44:40.706 PDT" Interest="1.0" Kind="propagation" Navigation="org.eclipse.mylyn.core.model.edges.containment" OriginId="org.eclipse.mylyn.core.model.interest.propagation" StartDate="2011-05-06 09:44:40.706 PDT" StructureHandle="=org.eclipse.mylyn.cdt.ui/C:\/Eclipse\/eclipse-SDK-3.5M7-win32\/eclipse\/plugins\/org.eclipse.cdt.core_5.1.2.201002161416.jar" StructureKind="java"/><InteractionEvent Delta="null" EndDate="2011-05-06 09:44:42.205 PDT" Interest="1.0" Kind="selection" Navigation="null" OriginId="org.eclipse.jdt.ui.CompilationUnitEditor" StartDate="2011-05-06 09:44:42.205 PDT" StructureHandle="=org.eclipse.mylyn.cdt.ui/src&amp;lt;org.eclipse.mylyn.internal.cdt.ui.contentassist{DOMCompletionProposalComputer.java[DOMCompletionProposalComputer~getCElement~QIASTPreprocessorMacroDefinition;" StructureKind="java"/><InteractionEvent Delta="null" EndDate="2011-05-06 09:44:58.970 PDT" Interest="1.0" Kind="propagation" Navigation="org.eclipse.mylyn.core.model.edges.containment" OriginId="org.eclipse.mylyn.core.model.interest.propagation" StartDate="2011-05-06 09:44:58.970 PDT" StructureHandle="=org.eclipse.mylyn.cdt.ui/C:\/Eclipse\/eclipse-SDK-3.5M7-win32\/eclipse\/plugins\/org.eclipse.cdt.core_5.1.2.201002161416.jar&amp;lt;org.eclipse.cdt.core.dom.ast(IASTNode.class" StructureKind="java"/><InteractionEvent Delta="null" EndDate="2011-05-06 09:44:58.969 PDT" Interest="1.0" Kind="propagation" Navigation="org.eclipse.mylyn.core.model.edges.containment" OriginId="org.eclipse.mylyn.core.model.interest.propagation" StartDate="2011-05-06 09:44:58.969 PDT" StructureHandle="=org.eclipse.mylyn.cdt.ui/C:\/Eclipse\/eclipse-SDK-3.5M7-win32\/eclipse\/plugins\/org.eclipse.cdt.core_5.1.2.201002161416.jar&amp;lt;org.eclipse.cdt.core.dom.ast(IASTNode.class" StructureKind="java"/><InteractionEvent Delta="null" EndDate="2011-05-06 09:44:42.204 PDT" Interest="1.0" Kind="propagation" Navigation="null" OriginId="org.eclipse.jdt.ui.CompilationUnitEditor" StartDate="2011-05-06 09:44:42.204 PDT" StructureHandle="/org.eclipse.mylyn.cdt.ui/src/org/eclipse/mylyn/internal/cdt/ui/contentassist" StructureKind="resource"/><InteractionEvent Delta="null" EndDate="2011-05-06 09:43:02.716 PDT" Interest="1.0" Kind="propagation" Navigation="org.eclipse.mylyn.core.model.edges.containment" OriginId="org.eclipse.mylyn.core.model.interest.propagation" StartDate="2011-05-06 09:43:02.716 PDT" StructureHandle="=org.eclipse.mylyn.cdt.ui" StructureKind="resource"/><InteractionEvent Delta="null" EndDate="2011-05-06 09:43:02.715 PDT" Interest="1.0" Kind="propagation" Navigation="org.eclipse.mylyn.core.model.edges.containment" OriginId="org.eclipse.mylyn.core.model.interest.propagation" StartDate="2011-05-06 09:43:02.715 PDT" StructureHandle="/org.eclipse.mylyn.cdt.ui/src/org/eclipse/mylyn/internal/cdt/ui" StructureKind="resource"/><InteractionEvent Delta="null" EndDate="2011-05-06 09:44:42.206 PDT" Interest="1.0" Kind="propagation" Navigation="null" OriginId="org.eclipse.jdt.ui.CompilationUnitEditor" StartDate="2011-05-06 09:44:42.206 PDT" StructureHandle="/org.eclipse.mylyn.cdt.ui/src/org/eclipse/mylyn/internal/cdt/ui/contentassist" StructureKind="resource"/><InteractionEvent Delta="null" EndDate="2011-05-06 09:42:11.685 PDT" Interest="1.0" Kind="propagation" Navigation="null" OriginId="org.eclipse.jdt.ui.CompilationUnitEditor" StartDate="2011-05-06 09:42:11.685 PDT" StructureHandle="/org.eclipse.mylyn.cdt.ui/src/org/eclipse/mylyn/internal/cdt/ui/contentassist/FocusedDOMCompletionProposalComputer.java" StructureKind="resource"/><InteractionEvent Delta="null" EndDate="2011-05-06 09:42:11.686 PDT" Interest="1.0000002" Kind="propagation" Navigation="org.eclipse.mylyn.core.model.edges.containment" OriginId="org.eclipse.mylyn.core.model.interest.propagation" StartDate="2011-05-06 09:42:11.686 PDT" StructureHandle="=org.eclipse.mylyn.cdt.ui" StructureKind="resource"/><InteractionEvent Delta="null" EndDate="2011-05-06 09:41:53.661 PDT" Interest="1.0" Kind="propagation" Navigation="org.eclipse.mylyn.core.model.edges.containment" OriginId="org.eclipse.mylyn.core.model.interest.propagation" StartDate="2011-05-06 09:41:53.661 PDT" StructureHandle="/org.eclipse.mylyn.cdt.ui/src/org/eclipse/mylyn/internal/cdt/ui" StructureKind="resource"/><InteractionEvent Delta="null" EndDate="2011-05-06 09:44:38.909 PDT" Interest="1.0" Kind="propagation" Navigation="org.eclipse.mylyn.core.model.edges.containment" OriginId="org.eclipse.mylyn.core.model.interest.propagation" StartDate="2011-05-06 09:44:38.909 PDT" StructureHandle="/org.eclipse.mylyn.cdt.ui/src/org/eclipse/mylyn" StructureKind="resource"/><InteractionEvent Delta="null" EndDate="2011-05-06 09:43:02.752 PDT" Interest="1.0000005" Kind="propagation" Navigation="org.eclipse.mylyn.core.model.edges.containment" OriginId="org.eclipse.mylyn.core.model.interest.propagation" StartDate="2011-05-06 09:43:02.752 PDT" StructureHandle="/org.eclipse.mylyn.cdt.ui/src/org/eclipse" StructureKind="resource"/><InteractionEvent Delta="null" EndDate="2011-05-06 09:42:11.636 PDT" Interest="1.0" Kind="propagation" Navigation="org.eclipse.mylyn.core.model.edges.containment" OriginId="org.eclipse.mylyn.core.model.interest.propagation" StartDate="2011-05-06 09:42:11.636 PDT" StructureHandle="/org.eclipse.mylyn.cdt.ui/src/org/eclipse/mylyn/internal/cdt" StructureKind="resource"/><InteractionEvent Delta="null" EndDate="2011-05-06 09:42:12.260 PDT" Interest="1.0" Kind="propagation" Navigation="org.eclipse.mylyn.core.model.edges.containment" OriginId="org.eclipse.mylyn.core.model.interest.propagation" StartDate="2011-05-06 09:42:12.260 PDT" StructureHandle="/org.eclipse.mylyn.cdt.ui/src/org/eclipse/mylyn" StructureKind="resource"/><InteractionEvent Delta="null" EndDate="2011-05-06 09:41:53.789 PDT" Interest="1.0" Kind="propagation" Navigation="null" OriginId="org.eclipse.jdt.ui.CompilationUnitEditor" StartDate="2011-05-06 09:41:53.789 PDT" StructureHandle="/org.eclipse.mylyn.cdt.ui/src/org/eclipse/mylyn/internal/cdt/ui/contentassist/DOMCompletionProposalComputer.java" StructureKind="resource"/><InteractionEvent Delta="null" EndDate="2011-05-06 09:41:55.22 PDT" Interest="1.0000001" Kind="propagation" Navigation="org.eclipse.mylyn.core.model.edges.containment" OriginId="org.eclipse.mylyn.core.model.interest.propagation" StartDate="2011-05-06 09:41:55.22 PDT" StructureHandle="/org.eclipse.mylyn.cdt.ui/src/org/eclipse/mylyn" StructureKind="resource"/><InteractionEvent Delta="null" EndDate="2011-05-06 09:44:36.963 PDT" Interest="1.0" Kind="propagation" Navigation="org.eclipse.mylyn.core.model.edges.containment" OriginId="org.eclipse.mylyn.core.model.interest.propagation" StartDate="2011-05-06 09:44:36.963 PDT" StructureHandle="/org.eclipse.mylyn.cdt.ui/src/org/eclipse/mylyn/internal/cdt" StructureKind="resource"/><InteractionEvent Delta="null" EndDate="2011-05-06 09:44:41.333 PDT" Interest="0.01700002" Kind="propagation" Navigation="org.eclipse.mylyn.core.model.edges.containment" OriginId="org.eclipse.mylyn.core.model.interest.propagation" StartDate="2011-05-06 09:44:41.333 PDT" StructureHandle="=org.eclipse.mylyn.cdt.ui/C:\/Eclipse\/eclipse-SDK-3.5M7-win32\/eclipse\/plugins\/org.eclipse.cdt.core_5.1.2.201002161416.jar&amp;lt;org.eclipse.cdt.core.dom.ast" StructureKind="java"/><InteractionEvent Delta="null" EndDate="2011-05-06 09:42:12.260 PDT" Interest="1.0" Kind="propagation" Navigation="org.eclipse.mylyn.core.model.edges.containment" OriginId="org.eclipse.mylyn.core.model.interest.propagation" StartDate="2011-05-06 09:42:12.260 PDT" StructureHandle="/org.eclipse.mylyn.cdt.ui/src/org/eclipse" StructureKind="resource"/><InteractionEvent Delta="null" EndDate="2011-05-06 09:44:42.158 PDT" Interest="1.0" Kind="propagation" Navigation="org.eclipse.mylyn.core.model.edges.containment" OriginId="org.eclipse.mylyn.core.model.interest.propagation" StartDate="2011-05-06 09:44:42.158 PDT" StructureHandle="/org.eclipse.mylyn.cdt.ui/src/org/eclipse/mylyn/internal/cdt" StructureKind="resource"/><InteractionEvent Delta="null" EndDate="2011-05-06 09:42:12.260 PDT" Interest="1.0" Kind="propagation" Navigation="org.eclipse.mylyn.core.model.edges.containment" OriginId="org.eclipse.mylyn.core.model.interest.propagation" StartDate="2011-05-06 09:42:12.260 PDT" StructureHandle="=org.eclipse.mylyn.cdt.ui" StructureKind="resource"/><InteractionEvent Delta="null" EndDate="2011-05-06 09:41:53.662 PDT" Interest="1.0" Kind="propagation" Navigation="org.eclipse.mylyn.core.model.edges.containment" OriginId="org.eclipse.mylyn.core.model.interest.propagation" StartDate="2011-05-06 09:41:53.662 PDT" StructureHandle="=org.eclipse.mylyn.cdt.ui/src&amp;lt;org.eclipse.mylyn.internal.cdt.ui.contentassist" StructureKind="java"/><InteractionEvent Delta="null" EndDate="2011-05-06 09:44:42.158 PDT" Interest="1.0" Kind="propagation" Navigation="org.eclipse.mylyn.core.model.edges.containment" OriginId="org.eclipse.mylyn.core.model.interest.propagation" StartDate="2011-05-06 09:44:42.158 PDT" StructureHandle="/org.eclipse.mylyn.cdt.ui/src/org" StructureKind="resource"/><InteractionEvent Delta="null" EndDate="2011-05-06 09:43:02.752 PDT" Interest="1.0000005" Kind="propagation" Navigation="org.eclipse.mylyn.core.model.edges.containment" OriginId="org.eclipse.mylyn.core.model.interest.propagation" StartDate="2011-05-06 09:43:02.752 PDT" StructureHandle="/org.eclipse.mylyn.cdt.ui/src/org/eclipse/mylyn" StructureKind="resource"/><InteractionEvent Delta="null" EndDate="2011-05-06 09:44:38.908 PDT" Interest="1.0" Kind="propagation" Navigation="null" OriginId="org.eclipse.jdt.ui.CompilationUnitEditor" StartDate="2011-05-06 09:44:38.908 PDT" StructureHandle="/org.eclipse.mylyn.cdt.ui/src/org/eclipse/mylyn/internal/cdt/ui/contentassist/DOMCompletionProposalComputer.java" StructureKind="resource"/><InteractionEvent Delta="null" EndDate="2011-05-06 09:42:29.851 PDT" Interest="1.0" Kind="selection" Navigation="null" OriginId="org.eclipse.compare.CompareEditor" StartDate="2011-05-06 09:42:29.851 PDT" StructureHandle="=org.eclipse.mylyn.cdt.ui/src&amp;lt;org.eclipse.mylyn.internal.cdt.ui.contentassist{DOMCompletionProposalComputer.java" StructureKind="java"/><InteractionEvent Delta="null" EndDate="2011-05-06 09:44:37.5 PDT" Interest="1.0" Kind="propagation" Navigation="org.eclipse.mylyn.core.model.edges.containment" OriginId="org.eclipse.mylyn.core.model.interest.propagation" StartDate="2011-05-06 09:44:37.5 PDT" StructureHandle="/org.eclipse.mylyn.cdt.ui/src/org" StructureKind="resource"/><InteractionEvent Delta="null" EndDate="2011-05-06 09:42:29.851 PDT" Interest="1.0" Kind="propagation" Navigation="org.eclipse.mylyn.core.model.edges.containment" OriginId="org.eclipse.mylyn.core.model.interest.propagation" StartDate="2011-05-06 09:42:29.851 PDT" StructureHandle="=org.eclipse.mylyn.cdt.ui" StructureKind="resource"/><InteractionEvent Delta="null" EndDate="2011-05-06 09:43:02.752 PDT" Interest="1.0000005" Kind="propagation" Navigation="org.eclipse.mylyn.core.model.edges.containment" OriginId="org.eclipse.mylyn.core.model.interest.propagation" StartDate="2011-05-06 09:43:02.752 PDT" StructureHandle="/org.eclipse.mylyn.cdt.ui/src/org/eclipse/mylyn/internal" StructureKind="resource"/><InteractionEvent Delta="null" EndDate="2011-05-06 09:43:02.752 PDT" Interest="1.0000005" Kind="propagation" Navigation="org.eclipse.mylyn.core.model.edges.containment" OriginId="org.eclipse.mylyn.core.model.interest.propagation" StartDate="2011-05-06 09:43:02.752 PDT" StructureHandle="/" StructureKind="resource"/><InteractionEvent Delta="null" EndDate="2011-05-06 09:42:29.851 PDT" Interest="1.0" Kind="propagation" Navigation="null" OriginId="org.eclipse.compare.CompareEditor" StartDate="2011-05-06 09:42:29.851 PDT" StructureHandle="/org.eclipse.mylyn.cdt.ui/src/org/eclipse/mylyn/internal/cdt/ui/contentassist" StructureKind="resource"/><InteractionEvent Delta="null" EndDate="2011-05-06 09:44:42.158 PDT" Interest="1.0" Kind="propagation" Navigation="org.eclipse.mylyn.core.model.edges.containment" OriginId="org.eclipse.mylyn.core.model.interest.propagation" StartDate="2011-05-06 09:44:42.158 PDT" StructureHandle="/org.eclipse.mylyn.cdt.ui/src/org/eclipse/mylyn/internal/cdt/ui" StructureKind="resource"/><InteractionEvent Delta="null" EndDate="2011-05-06 09:44:36.964 PDT" Interest="1.0" Kind="propagation" Navigation="org.eclipse.mylyn.core.model.edges.containment" OriginId="org.eclipse.mylyn.core.model.interest.propagation" StartDate="2011-05-06 09:44:36.964 PDT" StructureHandle="/org.eclipse.mylyn.cdt.ui/src/org/eclipse/mylyn/internal" StructureKind="resource"/><InteractionEvent Delta="null" EndDate="2011-05-06 09:44:38.908 PDT" Interest="1.0" Kind="propagation" Navigation="org.eclipse.mylyn.core.model.edges.containment" OriginId="org.eclipse.mylyn.core.model.interest.propagation" StartDate="2011-05-06 09:44:38.908 PDT" StructureHandle="/org.eclipse.mylyn.cdt.ui/src/org/eclipse/mylyn/internal/cdt" StructureKind="resource"/><InteractionEvent Delta="null" EndDate="2011-05-06 09:41:55.22 PDT" Interest="1.0000001" Kind="propagation" Navigation="org.eclipse.mylyn.core.model.edges.containment" OriginId="org.eclipse.mylyn.core.model.interest.propagation" StartDate="2011-05-06 09:41:55.22 PDT" StructureHandle="/org.eclipse.mylyn.cdt.ui/src" StructureKind="resource"/><InteractionEvent Delta="null" EndDate="2011-05-06 09:42:12.260 PDT" Interest="1.0" Kind="propagation" Navigation="org.eclipse.mylyn.core.model.edges.containment" OriginId="org.eclipse.mylyn.core.model.interest.propagation" StartDate="2011-05-06 09:42:12.260 PDT" StructureHandle="/org.eclipse.mylyn.cdt.ui/src/org/eclipse/mylyn/internal/cdt/ui" StructureKind="resource"/><InteractionEvent Delta="null" EndDate="2011-05-06 09:44:36.963 PDT" Interest="1.0" Kind="propagation" Navigation="null" OriginId="org.eclipse.jdt.ui.CompilationUnitEditor" StartDate="2011-05-06 09:44:36.963 PDT" StructureHandle="/org.eclipse.mylyn.cdt.ui/src/org/eclipse/mylyn/internal/cdt/ui/contentassist/DOMCompletionProposalComputer.java" StructureKind="resource"/><InteractionEvent Delta="null" EndDate="2011-05-06 09:41:53.660 PDT" Interest="1.0" Kind="selection" Navigation="null" OriginId="org.eclipse.jdt.ui.CompilationUnitEditor" StartDate="2011-05-06 09:41:53.660 PDT" StructureHandle="=org.eclipse.mylyn.cdt.ui/src&amp;lt;org.eclipse.mylyn.internal.cdt.ui.contentassist{DOMCompletionProposalComputer.java" StructureKind="java"/><InteractionEvent Delta="null" EndDate="2011-05-06 09:41:53.661 PDT" Interest="1.0" Kind="propagation" Navigation="org.eclipse.mylyn.core.model.edges.containment" OriginId="org.eclipse.mylyn.core.model.interest.propagation" StartDate="2011-05-06 09:41:53.661 PDT" StructureHandle="/org.eclipse.mylyn.cdt.ui/src" StructureKind="resource"/><InteractionEvent Delta="null" EndDate="2011-05-06 09:44:42.204 PDT" Interest="1.0" Kind="propagation" Navigation="org.eclipse.mylyn.core.model.edges.containment" OriginId="org.eclipse.mylyn.core.model.interest.propagation" StartDate="2011-05-06 09:44:42.204 PDT" StructureHandle="/org.eclipse.mylyn.cdt.ui/src/org/eclipse/mylyn/internal" StructureKind="resource"/><InteractionEvent Delta="null" EndDate="2011-05-06 09:44:42.206 PDT" Interest="1.0" Kind="propagation" Navigation="org.eclipse.mylyn.core.model.edges.containment" OriginId="org.eclipse.mylyn.core.model.interest.propagation" StartDate="2011-05-06 09:44:42.206 PDT" StructureHandle="/org.eclipse.mylyn.cdt.ui/src/org/eclipse/mylyn/internal" StructureKind="resource"/><InteractionEvent Delta="null" EndDate="2011-05-06 09:41:53.661 PDT" Interest="1.0" Kind="propagation" Navigation="org.eclipse.mylyn.core.model.edges.containment" OriginId="org.eclipse.mylyn.core.model.interest.propagation" StartDate="2011-05-06 09:41:53.661 PDT" StructureHandle="/org.eclipse.mylyn.cdt.ui/src/org/eclipse/mylyn/internal" StructureKind="resource"/><InteractionEvent Delta="null" EndDate="2011-05-06 09:44:38.908 PDT" Interest="1.0" Kind="propagation" Navigation="org.eclipse.mylyn.core.model.edges.containment" OriginId="org.eclipse.mylyn.core.model.interest.propagation" StartDate="2011-05-06 09:44:38.908 PDT" StructureHandle="/org.eclipse.mylyn.cdt.ui/src/org/eclipse/mylyn/internal" StructureKind="resource"/><InteractionEvent Delta="null" EndDate="2011-05-06 09:42:11.636 PDT" Interest="1.0" Kind="propagation" Navigation="org.eclipse.mylyn.core.model.edges.containment" OriginId="org.eclipse.mylyn.core.model.interest.propagation" StartDate="2011-05-06 09:42:11.636 PDT" StructureHandle="=org.eclipse.mylyn.cdt.ui" StructureKind="resource"/><InteractionEvent Delta="null" EndDate="2011-05-06 09:42:29.851 PDT" Interest="1.0" Kind="propagation" Navigation="org.eclipse.mylyn.core.model.edges.containment" OriginId="org.eclipse.mylyn.core.model.interest.propagation" StartDate="2011-05-06 09:42:29.851 PDT" StructureHandle="/org.eclipse.mylyn.cdt.ui/src/org/eclipse/mylyn/internal" StructureKind="resource"/><InteractionEvent Delta="null" EndDate="2011-05-06 09:41:53.661 PDT" Interest="1.0" Kind="propagation" Navigation="org.eclipse.mylyn.core.model.edges.containment" OriginId="org.eclipse.mylyn.core.model.interest.propagation" StartDate="2011-05-06 09:41:53.661 PDT" StructureHandle="=org.eclipse.mylyn.cdt.ui" StructureKind="resource"/><InteractionEvent Delta="null" EndDate="2011-05-06 09:42:11.635 PDT" Interest="1.0" Kind="propagation" Navigation="null" OriginId="org.eclipse.jdt.ui.CompilationUnitEditor" StartDate="2011-05-06 09:42:11.635 PDT" StructureHandle="/org.eclipse.mylyn.cdt.ui/src/org/eclipse/mylyn/internal/cdt/ui/contentassist/FocusedDOMCompletionProposalComputer.java" StructureKind="resource"/><InteractionEvent Delta="null" EndDate="2011-05-06 09:44:37.6 PDT" Interest="1.0" Kind="propagation" Navigation="org.eclipse.mylyn.core.model.edges.containment" OriginId="org.eclipse.mylyn.core.model.interest.propagation" StartDate="2011-05-06 09:44:37.6 PDT" StructureHandle="/" StructureKind="resource"/><InteractionEvent Delta="null" EndDate="2011-05-06 09:42:12.260 PDT" Interest="1.0" Kind="propagation" Navigation="org.eclipse.mylyn.core.model.edges.containment" OriginId="org.eclipse.mylyn.core.model.interest.propagation" StartDate="2011-05-06 09:42:12.260 PDT" StructureHandle="/" StructureKind="resource"/><InteractionEvent Delta="null" EndDate="2011-05-06 09:42:11.636 PDT" Interest="1.0" Kind="propagation" Navigation="org.eclipse.mylyn.core.model.edges.containment" OriginId="org.eclipse.mylyn.core.model.interest.propagation" StartDate="2011-05-06 09:42:11.636 PDT" StructureHandle="/org.eclipse.mylyn.cdt.ui/src/org/eclipse" StructureKind="resource"/><InteractionEvent Delta="null" EndDate="2011-05-06 09:44:37.5 PDT" Interest="1.0" Kind="propagation" Navigation="org.eclipse.mylyn.core.model.edges.containment" OriginId="org.eclipse.mylyn.core.model.interest.propagation" StartDate="2011-05-06 09:44:37.5 PDT" StructureHandle="=org.eclipse.mylyn.cdt.ui" StructureKind="resource"/><InteractionEvent Delta="null" EndDate="2011-05-06 09:42:29.851 PDT" Interest="0.9489999" Kind="propagation" Navigation="org.eclipse.mylyn.core.model.edges.containment" OriginId="org.eclipse.mylyn.core.model.interest.propagation" StartDate="2011-05-06 09:42:29.851 PDT" StructureHandle="=org.eclipse.mylyn.cdt.ui/src&amp;lt;org.eclipse.mylyn.internal.cdt.ui.contentassist" StructureKind="java"/><InteractionEvent Delta="null" EndDate="2011-05-06 09:41:55.22 PDT" Interest="1.0000001" Kind="propagation" Navigation="org.eclipse.mylyn.core.model.edges.containment" OriginId="org.eclipse.mylyn.core.model.interest.propagation" StartDate="2011-05-06 09:41:55.22 PDT" StructureHandle="/org.eclipse.mylyn.cdt.ui/src/org/eclipse/mylyn/internal/cdt/ui" StructureKind="resource"/><InteractionEvent Delta="null" EndDate="2011-05-06 09:44:42.157 PDT" Interest="1.0" Kind="propagation" Navigation="null" OriginId="org.eclipse.jdt.ui.CompilationUnitEditor" StartDate="2011-05-06 09:44:42.157 PDT" StructureHandle="/org.eclipse.mylyn.cdt.ui/src/org/eclipse/mylyn/internal/cdt/ui/contentassist/DOMCompletionProposalComputer.java" StructureKind="resource"/><InteractionEvent Delta="null" EndDate="2011-05-06 09:42:11.636 PDT" Interest="1.0" Kind="propagation" Navigation="org.eclipse.mylyn.core.model.edges.containment" OriginId="org.eclipse.mylyn.core.model.interest.propagation" StartDate="2011-05-06 09:42:11.636 PDT" StructureHandle="/org.eclipse.mylyn.cdt.ui/src/org/eclipse/mylyn" StructureKind="resource"/><InteractionEvent Delta="null" EndDate="2011-05-06 09:41:53.789 PDT" Interest="1.0" Kind="propagation" Navigation="org.eclipse.mylyn.core.model.edges.containment" OriginId="org.eclipse.mylyn.core.model.interest.propagation" StartDate="2011-05-06 09:41:53.789 PDT" StructureHandle="/org.eclipse.mylyn.cdt.ui/src/org/eclipse/mylyn/internal/cdt/ui/contentassist" StructureKind="resource"/><InteractionEvent Delta="null" EndDate="2011-05-06 09:43:02.752 PDT" Interest="1.0000005" Kind="propagation" Navigation="org.eclipse.mylyn.core.model.edges.containment" OriginId="org.eclipse.mylyn.core.model.interest.propagation" StartDate="2011-05-06 09:43:02.752 PDT" StructureHandle="/org.eclipse.mylyn.cdt.ui/src/org/eclipse/mylyn/internal/cdt/ui" StructureKind="resource"/><InteractionEvent Delta="null" EndDate="2011-05-06 09:44:36.964 PDT" Interest="1.0" Kind="propagation" Navigation="org.eclipse.mylyn.core.model.edges.containment" OriginId="org.eclipse.mylyn.core.model.interest.propagation" StartDate="2011-05-06 09:44:36.964 PDT" StructureHandle="/org.eclipse.mylyn.cdt.ui/src" StructureKind="resource"/><InteractionEvent Delta="null" EndDate="2011-05-06 09:44:41.333 PDT" Interest="0.01700002" Kind="propagation" Navigation="org.eclipse.mylyn.core.model.edges.containment" OriginId="org.eclipse.mylyn.core.model.interest.propagation" StartDate="2011-05-06 09:44:41.333 PDT" StructureHandle="=org.eclipse.mylyn.cdt.ui/C:\/Eclipse\/eclipse-SDK-3.5M7-win32\/eclipse\/plugins\/org.eclipse.cdt.core_5.1.2.201002161416.jar&amp;lt;org.eclipse.cdt.core.dom.ast(IASTNode.class" StructureKind="java"/><InteractionEvent Delta="null" EndDate="2011-05-06 09:41:53.789 PDT" Interest="1.0" Kind="propagation" Navigation="org.eclipse.mylyn.core.model.edges.containment" OriginId="org.eclipse.mylyn.core.model.interest.propagation" StartDate="2011-05-06 09:41:53.789 PDT" StructureHandle="/org.eclipse.mylyn.cdt.ui/src/org" StructureKind="resource"/><InteractionEvent Delta="null" EndDate="2011-05-06 09:44:42.206 PDT" Interest="1.0" Kind="propagation" Navigation="org.eclipse.mylyn.core.model.edges.containment" OriginId="org.eclipse.mylyn.core.model.interest.propagation" StartDate="2011-05-06 09:44:42.206 PDT" StructureHandle="/org.eclipse.mylyn.cdt.ui/src/org/eclipse/mylyn" StructureKind="resource"/><InteractionEvent Delta="null" EndDate="2011-05-06 09:42:11.686 PDT" Interest="1.0000002" Kind="propagation" Navigation="org.eclipse.mylyn.core.model.edges.containment" OriginId="org.eclipse.mylyn.core.model.interest.propagation" StartDate="2011-05-06 09:42:11.686 PDT" StructureHandle="/org.eclipse.mylyn.cdt.ui/src/org/eclipse/mylyn/internal/cdt" StructureKind="resource"/><InteractionEvent Delta="null" EndDate="2011-05-06 09:41:53.788 PDT" Interest="1.0" Kind="selection" Navigation="null" OriginId="org.eclipse.jdt.ui.CompilationUnitEditor" StartDate="2011-05-06 09:41:53.788 PDT" StructureHandle="=org.eclipse.mylyn.cdt.ui/src&amp;lt;org.eclipse.mylyn.internal.cdt.ui.contentassist{DOMCompletionProposalComputer.java" StructureKind="java"/><InteractionEvent Delta="null" EndDate="2011-05-06 09:44:37.4 PDT" Interest="1.0" Kind="propagation" Navigation="null" OriginId="org.eclipse.jdt.ui.CompilationUnitEditor" StartDate="2011-05-06 09:44:37.4 PDT" StructureHandle="/org.eclipse.mylyn.cdt.ui/src/org/eclipse/mylyn/internal/cdt/ui/contentassist/DOMCompletionProposalComputer.java" StructureKind="resource"/><InteractionEvent Delta="null" EndDate="2011-05-06 09:44:42.204 PDT" Interest="1.0" Kind="propagation" Navigation="org.eclipse.mylyn.core.model.edges.containment" OriginId="org.eclipse.mylyn.core.model.interest.propagation" StartDate="2011-05-06 09:44:42.204 PDT" StructureHandle="/org.eclipse.mylyn.cdt.ui/src/org/eclipse/mylyn" StructureKind="resource"/><InteractionEvent Delta="null" EndDate="2011-05-06 09:41:53.789 PDT" Interest="1.0" Kind="propagation" Navigation="org.eclipse.mylyn.core.model.edges.containment" OriginId="org.eclipse.mylyn.core.model.interest.propagation" StartDate="2011-05-06 09:41:53.789 PDT" StructureHandle="/org.eclipse.mylyn.cdt.ui/src/org/eclipse/mylyn" StructureKind="resource"/><InteractionEvent Delta="null" EndDate="2011-05-06 09:42:29.851 PDT" Interest="1.0" Kind="propagation" Navigation="org.eclipse.mylyn.core.model.edges.containment" OriginId="org.eclipse.mylyn.core.model.interest.propagation" StartDate="2011-05-06 09:42:29.851 PDT" StructureHandle="/" StructureKind="resource"/><InteractionEvent Delta="null" EndDate="2011-05-06 09:44:36.963 PDT" Interest="1.0" Kind="propagation" Navigation="org.eclipse.mylyn.core.model.edges.containment" OriginId="org.eclipse.mylyn.core.model.interest.propagation" StartDate="2011-05-06 09:44:36.963 PDT" StructureHandle="/org.eclipse.mylyn.cdt.ui/src/org/eclipse/mylyn/internal/cdt/ui" StructureKind="resource"/><InteractionEvent Delta="null" EndDate="2011-05-06 09:42:11.636 PDT" Interest="1.0" Kind="propagation" Navigation="null" OriginId="org.eclipse.jdt.ui.CompilationUnitEditor" StartDate="2011-05-06 09:42:11.636 PDT" StructureHandle="/org.eclipse.mylyn.cdt.ui/src/org/eclipse/mylyn/internal/cdt/ui/contentassist" StructureKind="resource"/><InteractionEvent Delta="null" EndDate="2011-05-06 09:43:02.752 PDT" Interest="1.0000005" Kind="propagation" Navigation="org.eclipse.mylyn.core.model.edges.containment" OriginId="org.eclipse.mylyn.core.model.interest.propagation" StartDate="2011-05-06 09:43:02.752 PDT" StructureHandle="=org.eclipse.mylyn.cdt.ui" StructureKind="resource"/><InteractionEvent Delta="null" EndDate="2011-05-06 09:42:11.636 PDT" Interest="1.0" Kind="propagation" Navigation="org.eclipse.mylyn.core.model.edges.containment" OriginId="org.eclipse.mylyn.core.model.interest.propagation" StartDate="2011-05-06 09:42:11.636 PDT" StructureHandle="/org.eclipse.mylyn.cdt.ui/src/org" StructureKind="resource"/><InteractionEvent Delta="null" EndDate="2011-05-06 09:44:42.158 PDT" Interest="1.0" Kind="propagation" Navigation="org.eclipse.mylyn.core.model.edges.containment" OriginId="org.eclipse.mylyn.core.model.interest.propagation" StartDate="2011-05-06 09:44:42.158 PDT" StructureHandle="/org.eclipse.mylyn.cdt.ui/src/org/eclipse" StructureKind="resource"/><InteractionEvent Delta="null" EndDate="2011-05-06 09:41:53.789 PDT" Interest="1.0" Kind="propagation" Navigation="org.eclipse.mylyn.core.model.edges.containment" OriginId="org.eclipse.mylyn.core.model.interest.propagation" StartDate="2011-05-06 09:41:53.789 PDT" StructureHandle="/org.eclipse.mylyn.cdt.ui/src/org/eclipse/mylyn/internal/cdt" StructureKind="resource"/><InteractionEvent Delta="null" EndDate="2011-05-06 09:41:55.23 PDT" Interest="1.0000001" Kind="propagation" Navigation="org.eclipse.mylyn.core.model.edges.containment" OriginId="org.eclipse.mylyn.core.model.interest.propagation" StartDate="2011-05-06 09:41:55.23 PDT" StructureHandle="=org.eclipse.mylyn.cdt.ui" StructureKind="resource"/><InteractionEvent Delta="null" EndDate="2011-05-06 09:42:29.851 PDT" Interest="1.0" Kind="propagation" Navigation="org.eclipse.mylyn.core.model.edges.containment" OriginId="org.eclipse.mylyn.core.model.interest.propagation" StartDate="2011-05-06 09:42:29.851 PDT" StructureHandle="/org.eclipse.mylyn.cdt.ui/src/org/eclipse/mylyn/internal/cdt" StructureKind="resource"/><InteractionEvent Delta="null" EndDate="2011-05-06 09:44:37.5 PDT" Interest="1.0" Kind="propagation" Navigation="org.eclipse.mylyn.core.model.edges.containment" OriginId="org.eclipse.mylyn.core.model.interest.propagation" StartDate="2011-05-06 09:44:37.5 PDT" StructureHandle="/org.eclipse.mylyn.cdt.ui/src/org/eclipse" StructureKind="resource"/><InteractionEvent Delta="null" EndDate="2011-05-06 09:44:38.908 PDT" Interest="1.0" Kind="propagation" Navigation="org.eclipse.mylyn.core.model.edges.containment" OriginId="org.eclipse.mylyn.core.model.interest.propagation" StartDate="2011-05-06 09:44:38.908 PDT" StructureHandle="/org.eclipse.mylyn.cdt.ui/src/org/eclipse/mylyn/internal/cdt/ui" StructureKind="resource"/><InteractionEvent Delta="null" EndDate="2011-05-06 09:41:53.789 PDT" Interest="1.0" Kind="propagation" Navigation="org.eclipse.mylyn.core.model.edges.containment" OriginId="org.eclipse.mylyn.core.model.interest.propagation" StartDate="2011-05-06 09:41:53.789 PDT" StructureHandle="/" StructureKind="resource"/><InteractionEvent Delta="null" EndDate="2011-05-06 09:43:02.716 PDT" Interest="1.0" Kind="propagation" Navigation="org.eclipse.mylyn.core.model.edges.containment" OriginId="org.eclipse.mylyn.core.model.interest.propagation" StartDate="2011-05-06 09:43:02.716 PDT" StructureHandle="/org.eclipse.mylyn.cdt.ui/src/org/eclipse/mylyn/internal" StructureKind="resource"/><InteractionEvent Delta="null" EndDate="2011-05-06 09:41:53.789 PDT" Interest="1.0" Kind="propagation" Navigation="org.eclipse.mylyn.core.model.edges.containment" OriginId="org.eclipse.mylyn.core.model.interest.propagation" StartDate="2011-05-06 09:41:53.789 PDT" StructureHandle="/org.eclipse.mylyn.cdt.ui/src/org/eclipse" StructureKind="resource"/><InteractionEvent Delta="null" EndDate="2011-05-06 09:43:02.716 PDT" Interest="1.0" Kind="propagation" Navigation="org.eclipse.mylyn.core.model.edges.containment" OriginId="org.eclipse.mylyn.core.model.interest.propagation" StartDate="2011-05-06 09:43:02.716 PDT" StructureHandle="/" StructureKind="resource"/><InteractionEvent Delta="null" EndDate="2011-05-06 09:44:58.969 PDT" Interest="1.0" Kind="propagation" Navigation="org.eclipse.mylyn.core.model.edges.containment" OriginId="org.eclipse.mylyn.core.model.interest.propagation" StartDate="2011-05-06 09:44:58.969 PDT" StructureHandle="=org.eclipse.mylyn.cdt.ui/C:\/Eclipse\/eclipse-SDK-3.5M7-win32\/eclipse\/plugins\/org.eclipse.cdt.core_5.1.2.201002161416.jar&amp;lt;org.eclipse.cdt.core.dom.ast(IASTNode.class[IASTNode" StructureKind="java"/><InteractionEvent Delta="null" EndDate="2011-05-06 09:44:58.970 PDT" Interest="1.0" Kind="propagation" Navigation="org.eclipse.mylyn.core.model.edges.containment" OriginId="org.eclipse.mylyn.core.model.interest.propagation" StartDate="2011-05-06 09:44:58.970 PDT" StructureHandle="=org.eclipse.mylyn.cdt.ui/C:\/Eclipse\/eclipse-SDK-3.5M7-win32\/eclipse\/plugins\/org.eclipse.cdt.core_5.1.2.201002161416.jar&amp;lt;org.eclipse.cdt.core.dom.ast(IASTNode.class[IASTNode" StructureKind="java"/><InteractionEvent Delta="null" EndDate="2011-05-06 09:44:38.908 PDT" Interest="1.0" Kind="propagation" Navigation="null" OriginId="org.eclipse.jdt.ui.CompilationUnitEditor" StartDate="2011-05-06 09:44:38.908 PDT" StructureHandle="/org.eclipse.mylyn.cdt.ui/src/org/eclipse/mylyn/internal/cdt/ui/contentassist" StructureKind="resource"/><InteractionEvent Delta="null" EndDate="2011-05-06 09:42:29.852 PDT" Interest="0.9489999" Kind="propagation" Navigation="org.eclipse.mylyn.core.model.edges.containment" OriginId="org.eclipse.mylyn.core.model.interest.propagation" StartDate="2011-05-06 09:42:29.852 PDT" StructureHandle="=org.eclipse.mylyn.cdt.ui/src" StructureKind="java"/><InteractionEvent Delta="null" EndDate="2011-05-06 09:41:55.22 PDT" Interest="1.0" Kind="selection" Navigation="null" OriginId="org.eclipse.jdt.ui.CompilationUnitEditor" StartDate="2011-05-06 09:41:55.22 PDT" StructureHandle="=org.eclipse.mylyn.cdt.ui/src&amp;lt;org.eclipse.mylyn.internal.cdt.ui.contentassist{DOMCompletionProposalComputer.java[DOMCompletionProposalComputer~getCElement~QIASTPreprocessorMacroDefinition;" StructureKind="java"/><InteractionEvent Delta="null" EndDate="2011-05-06 09:44:42.158 PDT" Interest="1.0" Kind="propagation" Navigation="org.eclipse.mylyn.core.model.edges.containment" OriginId="org.eclipse.mylyn.core.model.interest.propagation" StartDate="2011-05-06 09:44:42.158 PDT" StructureHandle="/" StructureKind="resource"/><InteractionEvent Delta="null" EndDate="2011-05-06 09:44:42.158 PDT" Interest="1.0" Kind="propagation" Navigation="org.eclipse.mylyn.core.model.edges.containment" OriginId="org.eclipse.mylyn.core.model.interest.propagation" StartDate="2011-05-06 09:44:42.158 PDT" StructureHandle="/org.eclipse.mylyn.cdt.ui/src" StructureKind="resource"/><InteractionEvent Delta="null" EndDate="2011-05-06 09:44:41.333 PDT" Interest="1.0" Kind="propagation" Navigation="org.eclipse.mylyn.core.model.edges.containment" OriginId="org.eclipse.mylyn.core.model.interest.propagation" StartDate="2011-05-06 09:44:41.333 PDT" StructureHandle="=org.eclipse.mylyn.cdt.ui/C:\/Eclipse\/eclipse-SDK-3.5M7-win32\/eclipse\/plugins\/org.eclipse.cdt.core_5.1.2.201002161416.jar&amp;lt;org.eclipse.cdt.core.dom.ast(IASTNode.class[IASTNode" StructureKind="java"/><InteractionEvent Delta="null" EndDate="2011-05-06 09:42:12.260 PDT" Interest="1.0" Kind="propagation" Navigation="org.eclipse.mylyn.core.model.edges.containment" OriginId="org.eclipse.mylyn.core.model.interest.propagation" StartDate="2011-05-06 09:42:12.260 PDT" StructureHandle="/org.eclipse.mylyn.cdt.ui/src/org/eclipse/mylyn/internal" StructureKind="resource"/><InteractionEvent Delta="null" EndDate="2011-05-06 09:44:42.158 PDT" Interest="1.0" Kind="propagation" Navigation="org.eclipse.mylyn.core.model.edges.containment" OriginId="org.eclipse.mylyn.core.model.interest.propagation" StartDate="2011-05-06 09:44:42.158 PDT" StructureHandle="=org.eclipse.mylyn.cdt.ui" StructureKind="resource"/><InteractionEvent Delta="null" EndDate="2011-05-06 09:41:53.789 PDT" Interest="1.0" Kind="propagation" Navigation="org.eclipse.mylyn.core.model.edges.containment" OriginId="org.eclipse.mylyn.core.model.interest.propagation" StartDate="2011-05-06 09:41:53.789 PDT" StructureHandle="=org.eclipse.mylyn.cdt.ui/src&amp;lt;org.eclipse.mylyn.internal.cdt.ui.contentassist" StructureKind="java"/><InteractionEvent Delta="null" EndDate="2011-05-06 09:43:02.751 PDT" Interest="1.0" Kind="edit" Navigation="null" OriginId="org.eclipse.jdt.ui.CompilationUnitEditor" StartDate="2011-05-06 09:43:02.751 PDT" StructureHandle="=org.eclipse.mylyn.cdt.ui/src&amp;lt;org.eclipse.mylyn.internal.cdt.ui.contentassist{FocusedDOMCompletionProposalComputer.java[FocusedDOMCompletionProposalComputer~computeCompletionProposals~QContentAssistInvocationContext;~QIProgressMonitor;" StructureKind="java"/><InteractionEvent Delta="null" EndDate="2011-05-06 09:43:02.715 PDT" Interest="0.05099988" Kind="propagation" Navigation="org.eclipse.mylyn.core.model.edges.containment" OriginId="org.eclipse.mylyn.core.model.interest.propagation" StartDate="2011-05-06 09:43:02.715 PDT" StructureHandle="=org.eclipse.mylyn.cdt.ui/src&amp;lt;org.eclipse.mylyn.internal.cdt.ui.contentassist" StructureKind="java"/><InteractionEvent Delta="null" EndDate="2011-05-06 09:44:36.963 PDT" Interest="1.0" Kind="propagation" Navigation="null" OriginId="org.eclipse.jdt.ui.CompilationUnitEditor" StartDate="2011-05-06 09:44:36.963 PDT" StructureHandle="/org.eclipse.mylyn.cdt.ui/src/org/eclipse/mylyn/internal/cdt/ui/contentassist" StructureKind="resource"/><InteractionEvent Delta="null" EndDate="2011-05-06 09:44:38.909 PDT" Interest="1.0" Kind="propagation" Navigation="org.eclipse.mylyn.core.model.edges.containment" OriginId="org.eclipse.mylyn.core.model.interest.propagation" StartDate="2011-05-06 09:44:38.909 PDT" StructureHandle="/org.eclipse.mylyn.cdt.ui/src" StructureKind="resource"/><InteractionEvent Delta="null" EndDate="2011-05-06 09:44:38.909 PDT" Interest="1.0" Kind="propagation" Navigation="org.eclipse.mylyn.core.model.edges.containment" OriginId="org.eclipse.mylyn.core.model.interest.propagation" StartDate="2011-05-06 09:44:38.909 PDT" StructureHandle="/" StructureKind="resource"/><InteractionEvent Delta="null" EndDate="2011-05-06 09:41:53.662 PDT" Interest="1.0" Kind="propagation" Navigation="org.eclipse.mylyn.core.model.edges.containment" OriginId="org.eclipse.mylyn.core.model.interest.propagation" StartDate="2011-05-06 09:41:53.662 PDT" StructureHandle="=org.eclipse.mylyn.cdt.ui/src" StructureKind="java"/><InteractionEvent Delta="null" EndDate="2011-05-06 09:42:11.685 PDT" Interest="1.0" Kind="selection" Navigation="null" OriginId="org.eclipse.jdt.ui.CompilationUnitEditor" StartDate="2011-05-06 09:42:11.685 PDT" StructureHandle="=org.eclipse.mylyn.cdt.ui/src&amp;lt;org.eclipse.mylyn.internal.cdt.ui.contentassist{FocusedDOMCompletionProposalComputer.java" StructureKind="java"/><InteractionEvent Delta="null" EndDate="2011-05-06 09:41:53.661 PDT" Interest="1.0" Kind="propagation" Navigation="null" OriginId="org.eclipse.jdt.ui.CompilationUnitEditor" StartDate="2011-05-06 09:41:53.661 PDT" StructureHandle="/org.eclipse.mylyn.cdt.ui/src/org/eclipse/mylyn/internal/cdt/ui/contentassist/DOMCompletionProposalComputer.java" StructureKind="resource"/><InteractionEvent Delta="null" EndDate="2011-05-06 09:42:11.686 PDT" Interest="1.0000002" Kind="propagation" Navigation="org.eclipse.mylyn.core.model.edges.containment" OriginId="org.eclipse.mylyn.core.model.interest.propagation" StartDate="2011-05-06 09:42:11.686 PDT" StructureHandle="/org.eclipse.mylyn.cdt.ui/src" StructureKind="resource"/><InteractionEvent Delta="null" EndDate="2011-05-06 09:44:42.158 PDT" Interest="1.0" Kind="propagation" Navigation="org.eclipse.mylyn.core.model.edges.containment" OriginId="org.eclipse.mylyn.core.model.interest.propagation" StartDate="2011-05-06 09:44:42.158 PDT" StructureHandle="/org.eclipse.mylyn.cdt.ui/src/org/eclipse/mylyn" StructureKind="resource"/><InteractionEvent Delta="null" EndDate="2011-05-06 09:44:36.964 PDT" Interest="1.0" Kind="propagation" Navigation="org.eclipse.mylyn.core.model.edges.containment" OriginId="org.eclipse.mylyn.core.model.interest.propagation" StartDate="2011-05-06 09:44:36.964 PDT" StructureHandle="/" StructureKind="resource"/><InteractionEvent Delta="null" EndDate="2011-05-06 09:42:29.851 PDT" Interest="1.0" Kind="propagation" Navigation="org.eclipse.mylyn.core.model.edges.containment" OriginId="org.eclipse.mylyn.core.model.interest.propagation" StartDate="2011-05-06 09:42:29.851 PDT" StructureHandle="/org.eclipse.mylyn.cdt.ui/src/org/eclipse/mylyn" StructureKind="resource"/><InteractionEvent Delta="null" EndDate="2011-05-06 09:44:42.158 PDT" Interest="1.0" Kind="propagation" Navigation="org.eclipse.mylyn.core.model.edges.containment" OriginId="org.eclipse.mylyn.core.model.interest.propagation" StartDate="2011-05-06 09:44:42.158 PDT" StructureHandle="/org.eclipse.mylyn.cdt.ui/src/org/eclipse/mylyn/internal" StructureKind="resource"/><InteractionEvent Delta="null" EndDate="2011-05-06 09:43:02.716 PDT" Interest="0.05099988" Kind="propagation" Navigation="org.eclipse.mylyn.core.model.edges.containment" OriginId="org.eclipse.mylyn.core.model.interest.propagation" StartDate="2011-05-06 09:43:02.716 PDT" StructureHandle="=org.eclipse.mylyn.cdt.ui/src" StructureKind="java"/><InteractionEvent Delta="null" EndDate="2011-05-06 09:44:37.5 PDT" Interest="1.0" Kind="propagation" Navigation="org.eclipse.mylyn.core.model.edges.containment" OriginId="org.eclipse.mylyn.core.model.interest.propagation" StartDate="2011-05-06 09:44:37.5 PDT" StructureHandle="/org.eclipse.mylyn.cdt.ui/src/org/eclipse/mylyn/internal" StructureKind="resource"/><InteractionEvent Delta="null" EndDate="2011-05-06 09:44:38.909 PDT" Interest="1.0" Kind="propagation" Navigation="org.eclipse.mylyn.core.model.edges.containment" OriginId="org.eclipse.mylyn.core.model.interest.propagation" StartDate="2011-05-06 09:44:38.909 PDT" StructureHandle="=org.eclipse.mylyn.cdt.ui" StructureKind="resource"/><InteractionEvent Delta="null" EndDate="2011-05-06 09:42:29.851 PDT" Interest="1.0" Kind="propagation" Navigation="null" OriginId="org.eclipse.compare.CompareEditor" StartDate="2011-05-06 09:42:29.851 PDT" StructureHandle="/org.eclipse.mylyn.cdt.ui/src/org/eclipse/mylyn/internal/cdt/ui/contentassist/DOMCompletionProposalComputer.java" StructureKind="resource"/><InteractionEvent Delta="null" EndDate="2011-05-06 09:44:42.206 PDT" Interest="1.0" Kind="propagation" Navigation="org.eclipse.mylyn.core.model.edges.containment" OriginId="org.eclipse.mylyn.core.model.interest.propagation" StartDate="2011-05-06 09:44:42.206 PDT" StructureHandle="/org.eclipse.mylyn.cdt.ui/src/org" StructureKind="resource"/><InteractionEvent Delta="null" EndDate="2011-05-06 09:44:42.205 PDT" Interest="1.0" Kind="propagation" Navigation="org.eclipse.mylyn.core.model.edges.containment" OriginId="org.eclipse.mylyn.core.model.interest.propagation" StartDate="2011-05-06 09:44:42.205 PDT" StructureHandle="/org.eclipse.mylyn.cdt.ui/src/org" StructureKind="resource"/><InteractionEvent Delta="null" EndDate="2011-05-06 09:43:02.715 PDT" Interest="1.0" Kind="selection" Navigation="null" OriginId="org.eclipse.jdt.ui.CompilationUnitEditor" StartDate="2011-05-06 09:43:02.715 PDT" StructureHandle="=org.eclipse.mylyn.cdt.ui/src&amp;lt;org.eclipse.mylyn.internal.cdt.ui.contentassist{FocusedDOMCompletionProposalComputer.java" StructureKind="java"/><InteractionEvent Delta="null" EndDate="2011-05-06 09:42:11.636 PDT" Interest="1.0" Kind="propagation" Navigation="org.eclipse.mylyn.core.model.edges.containment" OriginId="org.eclipse.mylyn.core.model.interest.propagation" StartDate="2011-05-06 09:42:11.636 PDT" StructureHandle="/org.eclipse.mylyn.cdt.ui/src" StructureKind="resource"/><InteractionEvent Delta="null" EndDate="2011-05-06 09:44:42.205 PDT" Interest="1.0" Kind="propagation" Navigation="org.eclipse.mylyn.core.model.edges.containment" OriginId="org.eclipse.mylyn.core.model.interest.propagation" StartDate="2011-05-06 09:44:42.205 PDT" StructureHandle="/org.eclipse.mylyn.cdt.ui/src" StructureKind="resource"/><InteractionEvent Delta="null" EndDate="2011-05-06 09:44:42.206 PDT" Interest="1.0" Kind="propagation" Navigation="org.eclipse.mylyn.core.model.edges.containment" OriginId="org.eclipse.mylyn.core.model.interest.propagation" StartDate="2011-05-06 09:44:42.206 PDT" StructureHandle="/org.eclipse.mylyn.cdt.ui/src" StructureKind="resource"/><InteractionEvent Delta="null" EndDate="2011-05-06 09:42:29.851 PDT" Interest="1.0" Kind="propagation" Navigation="org.eclipse.mylyn.core.model.edges.containment" OriginId="org.eclipse.mylyn.core.model.interest.propagation" StartDate="2011-05-06 09:42:29.851 PDT" StructureHandle="/org.eclipse.mylyn.cdt.ui/src/org" StructureKind="resource"/><InteractionEvent Delta="null" EndDate="2011-05-06 09:44:40.705 PDT" Interest="1.0" Kind="propagation" Navigation="org.eclipse.mylyn.core.model.edges.containment" OriginId="org.eclipse.mylyn.core.model.interest.propagation" StartDate="2011-05-06 09:44:40.705 PDT" StructureHandle="=org.eclipse.mylyn.cdt.ui/C:\/Eclipse\/eclipse-SDK-3.5M7-win32\/eclipse\/plugins\/org.eclipse.cdt.core_5.1.2.201002161416.jar&amp;lt;org.eclipse.cdt.core.dom.ast" StructureKind="java"/><InteractionEvent Delta="null" EndDate="2011-05-06 09:43:02.716 PDT" Interest="1.0" Kind="propagation" Navigation="org.eclipse.mylyn.core.model.edges.containment" OriginId="org.eclipse.mylyn.core.model.interest.propagation" StartDate="2011-05-06 09:43:02.716 PDT" StructureHandle="/org.eclipse.mylyn.cdt.ui/src/org/eclipse/mylyn/internal/cdt" StructureKind="resource"/><InteractionEvent Delta="null" EndDate="2011-05-06 09:44:37.4 PDT" Interest="1.0" Kind="propagation" Navigation="org.eclipse.mylyn.core.model.edges.containment" OriginId="org.eclipse.mylyn.core.model.interest.propagation" StartDate="2011-05-06 09:44:37.4 PDT" StructureHandle="=org.eclipse.mylyn.cdt.ui/src&amp;lt;org.eclipse.mylyn.internal.cdt.ui.contentassist{DOMCompletionProposalComputer.java[DOMCompletionProposalComputer" StructureKind="java"/><InteractionEvent Delta="null" EndDate="2011-05-06 09:44:42.158 PDT" Interest="1.0" Kind="propagation" Navigation="null" OriginId="org.eclipse.jdt.ui.CompilationUnitEditor" StartDate="2011-05-06 09:44:42.158 PDT" StructureHandle="/org.eclipse.mylyn.cdt.ui/src/org/eclipse/mylyn/internal/cdt/ui/contentassist" StructureKind="resource"/><InteractionEvent Delta="null" EndDate="2011-05-06 09:44:42.158 PDT" Interest="1.0" Kind="propagation" Navigation="org.eclipse.mylyn.core.model.edges.containment" OriginId="org.eclipse.mylyn.core.model.interest.propagation" StartDate="2011-05-06 09:44:42.158 PDT" StructureHandle="=org.eclipse.mylyn.cdt.ui/src" StructureKind="java"/><InteractionEvent Delta="null" EndDate="2011-05-06 09:44:36.964 PDT" Interest="1.0" Kind="propagation" Navigation="org.eclipse.mylyn.core.model.edges.containment" OriginId="org.eclipse.mylyn.core.model.interest.propagation" StartDate="2011-05-06 09:44:36.964 PDT" StructureHandle="=org.eclipse.mylyn.cdt.ui" StructureKind="resource"/><InteractionEvent Delta="null" EndDate="2011-05-06 09:42:11.686 PDT" Interest="0.05100012" Kind="propagation" Navigation="org.eclipse.mylyn.core.model.edges.containment" OriginId="org.eclipse.mylyn.core.model.interest.propagation" StartDate="2011-05-06 09:42:11.686 PDT" StructureHandle="=org.eclipse.mylyn.cdt.ui/src" StructureKind="java"/><InteractionEvent Delta="null" EndDate="2011-05-06 09:42:12.258 PDT" Interest="1.0" Kind="selection" Navigation="null" OriginId="org.eclipse.jdt.ui.CompilationUnitEditor" StartDate="2011-05-06 09:42:12.258 PDT" StructureHandle="=org.eclipse.mylyn.cdt.ui/src&amp;lt;org.eclipse.mylyn.internal.cdt.ui.contentassist{FocusedDOMCompletionProposalComputer.java[FocusedDOMCompletionProposalComputer~computeCompletionProposals~QContentAssistInvocationContext;~QIProgressMonitor;" StructureKind="java"/><InteractionEvent Delta="null" EndDate="2011-05-06 09:42:11.686 PDT" Interest="1.0000002" Kind="propagation" Navigation="org.eclipse.mylyn.core.model.edges.containment" OriginId="org.eclipse.mylyn.core.model.interest.propagation" StartDate="2011-05-06 09:42:11.686 PDT" StructureHandle="/org.eclipse.mylyn.cdt.ui/src/org/eclipse" StructureKind="resource"/><InteractionEvent Delta="null" EndDate="2011-05-06 09:42:11.636 PDT" Interest="1.0" Kind="propagation" Navigation="org.eclipse.mylyn.core.model.edges.containment" OriginId="org.eclipse.mylyn.core.model.interest.propagation" StartDate="2011-05-06 09:42:11.636 PDT" StructureHandle="/org.eclipse.mylyn.cdt.ui/src/org/eclipse/mylyn/internal/cdt/ui" StructureKind="resource"/><InteractionEvent Delta="null" EndDate="2011-05-06 09:42:11.686 PDT" Interest="1.0000002" Kind="propagation" Navigation="org.eclipse.mylyn.core.model.edges.containment" OriginId="org.eclipse.mylyn.core.model.interest.propagation" StartDate="2011-05-06 09:42:11.686 PDT" StructureHandle="/org.eclipse.mylyn.cdt.ui/src/org/eclipse/mylyn/internal" StructureKind="resource"/><InteractionEvent Delta="null" EndDate="2011-05-06 09:44:37.5 PDT" Interest="1.0" Kind="propagation" Navigation="null" OriginId="org.eclipse.jdt.ui.CompilationUnitEditor" StartDate="2011-05-06 09:44:37.5 PDT" StructureHandle="/org.eclipse.mylyn.cdt.ui/src/org/eclipse/mylyn/internal/cdt/ui/contentassist" StructureKind="resource"/><InteractionEvent Delta="null" EndDate="2011-05-06 09:44:42.158 PDT" Interest="1.0" Kind="propagation" Navigation="org.eclipse.mylyn.core.model.edges.containment" OriginId="org.eclipse.mylyn.core.model.interest.propagation" StartDate="2011-05-06 09:44:42.158 PDT" StructureHandle="=org.eclipse.mylyn.cdt.ui/src&amp;lt;org.eclipse.mylyn.internal.cdt.ui.contentassist" StructureKind="java"/><InteractionEvent Delta="null" EndDate="2011-05-06 09:44:42.204 PDT" Interest="1.0" Kind="propagation" Navigation="org.eclipse.mylyn.core.model.edges.containment" OriginId="org.eclipse.mylyn.core.model.interest.propagation" StartDate="2011-05-06 09:44:42.204 PDT" StructureHandle="/org.eclipse.mylyn.cdt.ui/src/org/eclipse" StructureKind="resource"/><InteractionEvent Delta="null" EndDate="2011-05-06 09:44:37.5 PDT" Interest="1.0" Kind="propagation" Navigation="org.eclipse.mylyn.core.model.edges.containment" OriginId="org.eclipse.mylyn.core.model.interest.propagation" StartDate="2011-05-06 09:44:37.5 PDT" StructureHandle="/org.eclipse.mylyn.cdt.ui/src/org/eclipse/mylyn" StructureKind="resource"/><InteractionEvent Delta="null" EndDate="2011-05-06 09:42:11.686 PDT" Interest="1.0000002" Kind="propagation" Navigation="org.eclipse.mylyn.core.model.edges.containment" OriginId="org.eclipse.mylyn.core.model.interest.propagation" StartDate="2011-05-06 09:42:11.686 PDT" StructureHandle="/org.eclipse.mylyn.cdt.ui/src/org/eclipse/mylyn" StructureKind="resource"/><InteractionEvent Delta="null" EndDate="2011-05-06 09:41:53.789 PDT" Interest="1.0" Kind="propagation" Navigation="org.eclipse.mylyn.core.model.edges.containment" OriginId="org.eclipse.mylyn.core.model.interest.propagation" StartDate="2011-05-06 09:41:53.789 PDT" StructureHandle="/org.eclipse.mylyn.cdt.ui/src" StructureKind="resource"/><InteractionEvent Delta="null" EndDate="2011-05-06 09:44:42.206 PDT" Interest="1.0" Kind="propagation" Navigation="org.eclipse.mylyn.core.model.edges.containment" OriginId="org.eclipse.mylyn.core.model.interest.propagation" StartDate="2011-05-06 09:44:42.206 PDT" StructureHandle="/org.eclipse.mylyn.cdt.ui/src/org/eclipse" StructureKind="resource"/><InteractionEvent Delta="null" EndDate="2011-05-06 09:44:58.969 PDT" Interest="1.0" Kind="selection" Navigation="org.eclipse.mylyn.java.relation.references" OriginId="org.eclipse.jdt.ui.ClassFileEditor" StartDate="2011-05-06 09:44:58.969 PDT" StructureHandle="=org.eclipse.mylyn.cdt.ui/C:\/Eclipse\/eclipse-SDK-3.5M7-win32\/eclipse\/plugins\/org.eclipse.cdt.core_5.1.2.201002161416.jar&amp;lt;org.eclipse.cdt.core.dom.ast(IASTNode.class[IASTNode~getFileLocation" StructureKind="java"/><InteractionEvent Delta="null" EndDate="2011-05-06 09:42:12.260 PDT" Interest="1.0" Kind="propagation" Navigation="org.eclipse.mylyn.core.model.edges.containment" OriginId="org.eclipse.mylyn.core.model.interest.propagation" StartDate="2011-05-06 09:42:12.260 PDT" StructureHandle="/org.eclipse.mylyn.cdt.ui/src/org/eclipse/mylyn/internal/cdt" StructureKind="resource"/><InteractionEvent Delta="null" EndDate="2011-05-06 09:41:53.789 PDT" Interest="1.0" Kind="propagation" Navigation="org.eclipse.mylyn.core.model.edges.containment" OriginId="org.eclipse.mylyn.core.model.interest.propagation" StartDate="2011-05-06 09:41:53.789 PDT" StructureHandle="/org.eclipse.mylyn.cdt.ui/src/org/eclipse/mylyn/internal" StructureKind="resource"/><InteractionEvent Delta="null" EndDate="2011-05-06 09:42:11.686 PDT" Interest="0.051" Kind="propagation" Navigation="org.eclipse.mylyn.core.model.edges.containment" OriginId="org.eclipse.mylyn.core.model.interest.propagation" StartDate="2011-05-06 09:42:11.686 PDT" StructureHandle="=org.eclipse.mylyn.cdt.ui/src&amp;lt;org.eclipse.mylyn.internal.cdt.ui.contentassist" StructureKind="java"/><InteractionEvent Delta="null" EndDate="2011-05-06 09:42:11.636 PDT" Interest="1.0" Kind="propagation" Navigation="org.eclipse.mylyn.core.model.edges.containment" OriginId="org.eclipse.mylyn.core.model.interest.propagation" StartDate="2011-05-06 09:42:11.636 PDT" StructureHandle="/org.eclipse.mylyn.cdt.ui/src/org/eclipse/mylyn/internal" StructureKind="resource"/><InteractionEvent Delta="null" EndDate="2011-05-06 09:44:37.5 PDT" Interest="1.0" Kind="propagation" Navigation="org.eclipse.mylyn.core.model.edges.containment" OriginId="org.eclipse.mylyn.core.model.interest.propagation" StartDate="2011-05-06 09:44:37.5 PDT" StructureHandle="/org.eclipse.mylyn.cdt.ui/src/org/eclipse/mylyn/internal/cdt/ui" StructureKind="resource"/><InteractionEvent Delta="null" EndDate="2011-05-06 09:44:42.204 PDT" Interest="1.0" Kind="propagation" Navigation="org.eclipse.mylyn.core.model.edges.containment" OriginId="org.eclipse.mylyn.core.model.interest.propagation" StartDate="2011-05-06 09:44:42.204 PDT" StructureHandle="/org.eclipse.mylyn.cdt.ui/src/org/eclipse/mylyn/internal/cdt/ui" StructureKind="resource"/><InteractionEvent Delta="null" EndDate="2011-05-06 09:42:29.851 PDT" Interest="1.0" Kind="propagation" Navigation="org.eclipse.mylyn.core.model.edges.containment" OriginId="org.eclipse.mylyn.core.model.interest.propagation" StartDate="2011-05-06 09:42:29.851 PDT" StructureHandle="/org.eclipse.mylyn.cdt.ui/src" StructureKind="resource"/><InteractionEvent Delta="null" EndDate="2011-05-06 09:42:11.635 PDT" Interest="1.0" Kind="selection" Navigation="null" OriginId="org.eclipse.jdt.ui.CompilationUnitEditor" StartDate="2011-05-06 09:42:11.635 PDT" StructureHandle="=org.eclipse.mylyn.cdt.ui/src&amp;lt;org.eclipse.mylyn.internal.cdt.ui.contentassist{FocusedDOMCompletionProposalComputer.java" StructureKind="java"/><InteractionEvent Delta="null" EndDate="2011-05-06 09:43:02.751 PDT" Interest="1.0" Kind="propagation" Navigation="null" OriginId="org.eclipse.jdt.ui.CompilationUnitEditor" StartDate="2011-05-06 09:43:02.751 PDT" StructureHandle="/org.eclipse.mylyn.cdt.ui/src/org/eclipse/mylyn/internal/cdt/ui/contentassist/FocusedDOMCompletionProposalComputer.java" StructureKind="resource"/><InteractionEvent Delta="null" EndDate="2011-05-06 09:43:02.716 PDT" Interest="1.0" Kind="propagation" Navigation="org.eclipse.mylyn.core.model.edges.containment" OriginId="org.eclipse.mylyn.core.model.interest.propagation" StartDate="2011-05-06 09:43:02.716 PDT" StructureHandle="/org.eclipse.mylyn.cdt.ui/src/org" StructureKind="resource"/><InteractionEvent Delta="null" EndDate="2011-05-06 09:42:29.851 PDT" Interest="1.0" Kind="propagation" Navigation="org.eclipse.mylyn.core.model.edges.containment" OriginId="org.eclipse.mylyn.core.model.interest.propagation" StartDate="2011-05-06 09:42:29.851 PDT" StructureHandle="/org.eclipse.mylyn.cdt.ui/src/org/eclipse" StructureKind="resource"/><InteractionEvent Delta="null" EndDate="2011-05-06 09:44:36.963 PDT" Interest="0.9490001" Kind="propagation" Navigation="org.eclipse.mylyn.core.model.edges.containment" OriginId="org.eclipse.mylyn.core.model.interest.propagation" StartDate="2011-05-06 09:44:36.963 PDT" StructureHandle="=org.eclipse.mylyn.cdt.ui/src&amp;lt;org.eclipse.mylyn.internal.cdt.ui.contentassist" StructureKind="java"/><InteractionEvent Delta="null" EndDate="2011-05-06 09:44:42.206 PDT" Interest="1.0" Kind="propagation" Navigation="org.eclipse.mylyn.core.model.edges.containment" OriginId="org.eclipse.mylyn.core.model.interest.propagation" StartDate="2011-05-06 09:44:42.206 PDT" StructureHandle="/org.eclipse.mylyn.cdt.ui/src/org/eclipse/mylyn/internal/cdt/ui" StructureKind="resource"/><InteractionEvent Delta="null" EndDate="2011-05-06 09:44:38.907 PDT" Interest="1.0" Kind="edit" Navigation="null" OriginId="org.eclipse.jdt.ui.CompilationUnitEditor" StartDate="2011-05-06 09:44:38.907 PDT" StructureHandle="=org.eclipse.mylyn.cdt.ui/src&amp;lt;org.eclipse.mylyn.internal.cdt.ui.contentassist{DOMCompletionProposalComputer.java[DOMCompletionProposalComputer~getCElement~QIASTPreprocessorMacroDefinition;" StructureKind="java"/><InteractionEvent Delta="null" EndDate="2011-05-06 09:44:38.909 PDT" Interest="1.0" Kind="propagation" Navigation="org.eclipse.mylyn.core.model.edges.containment" OriginId="org.eclipse.mylyn.core.model.interest.propagation" StartDate="2011-05-06 09:44:38.909 PDT" StructureHandle="/org.eclipse.mylyn.cdt.ui/src/org" StructureKind="resource"/><InteractionEvent Delta="null" EndDate="2011-05-06 09:42:11.686 PDT" Interest="1.0000002" Kind="propagation" Navigation="org.eclipse.mylyn.core.model.edges.containment" OriginId="org.eclipse.mylyn.core.model.interest.propagation" StartDate="2011-05-06 09:42:11.686 PDT" StructureHandle="/" StructureKind="resource"/><InteractionEvent Delta="null" EndDate="2011-05-06 09:43:02.752 PDT" Interest="1.0" Kind="propagation" Navigation="null" OriginId="org.eclipse.jdt.ui.CompilationUnitEditor" StartDate="2011-05-06 09:43:02.752 PDT" StructureHandle="/org.eclipse.mylyn.cdt.ui/src/org/eclipse/mylyn/internal/cdt/ui/contentassist" StructureKind="resource"/><InteractionEvent Delta="null" EndDate="2011-05-06 09:42:12.260 PDT" Interest="1.0" Kind="propagation" Navigation="org.eclipse.mylyn.core.model.edges.containment" OriginId="org.eclipse.mylyn.core.model.interest.propagation" StartDate="2011-05-06 09:42:12.260 PDT" StructureHandle="/org.eclipse.mylyn.cdt.ui/src/org" StructureKind="resource"/><InteractionEvent Delta="null" EndDate="2011-05-06 09:43:02.716 PDT" Interest="1.0" Kind="propagation" Navigation="org.eclipse.mylyn.core.model.edges.containment" OriginId="org.eclipse.mylyn.core.model.interest.propagation" StartDate="2011-05-06 09:43:02.716 PDT" StructureHandle="/org.eclipse.mylyn.cdt.ui/src" StructureKind="resource"/><InteractionEvent Delta="null" EndDate="2011-05-06 09:41:53.662 PDT" Interest="1.0" Kind="propagation" Navigation="org.eclipse.mylyn.core.model.edges.containment" OriginId="org.eclipse.mylyn.core.model.interest.propagation" StartDate="2011-05-06 09:41:53.662 PDT" StructureHandle="/" StructureKind="resource"/><InteractionEvent Delta="null" EndDate="2011-05-06 09:42:11.686 PDT" Interest="1.0000002" Kind="propagation" Navigation="org.eclipse.mylyn.core.model.edges.containment" OriginId="org.eclipse.mylyn.core.model.interest.propagation" StartDate="2011-05-06 09:42:11.686 PDT" StructureHandle="/org.eclipse.mylyn.cdt.ui/src/org/eclipse/mylyn/internal/cdt/ui" StructureKind="resource"/><InteractionEvent Delta="null" EndDate="2011-05-06 09:44:38.909 PDT" Interest="1.0" Kind="propagation" Navigation="org.eclipse.mylyn.core.model.edges.containment" OriginId="org.eclipse.mylyn.core.model.interest.propagation" StartDate="2011-05-06 09:44:38.909 PDT" StructureHandle="/org.eclipse.mylyn.cdt.ui/src/org/eclipse" StructureKind="resource"/><InteractionEvent Delta="null" EndDate="2011-05-06 09:41:55.22 PDT" Interest="1.0" Kind="propagation" Navigation="org.eclipse.mylyn.core.model.edges.containment" OriginId="org.eclipse.mylyn.core.model.interest.propagation" StartDate="2011-05-06 09:41:55.22 PDT" StructureHandle="=org.eclipse.mylyn.cdt.ui/src&amp;lt;org.eclipse.mylyn.internal.cdt.ui.contentassist{DOMCompletionProposalComputer.java[DOMCompletionProposalComputer" StructureKind="java"/><InteractionEvent Delta="null" EndDate="2011-05-06 09:44:42.206 PDT" Interest="1.0" Kind="propagation" Navigation="org.eclipse.mylyn.core.model.edges.containment" OriginId="org.eclipse.mylyn.core.model.interest.propagation" StartDate="2011-05-06 09:44:42.206 PDT" StructureHandle="/org.eclipse.mylyn.cdt.ui/src/org/eclipse/mylyn/internal/cdt" StructureKind="resource"/><InteractionEvent Delta="null" EndDate="2011-05-06 09:41:53.661 PDT" Interest="1.0" Kind="propagation" Navigation="org.eclipse.mylyn.core.model.edges.containment" OriginId="org.eclipse.mylyn.core.model.interest.propagation" StartDate="2011-05-06 09:41:53.661 PDT" StructureHandle="/org.eclipse.mylyn.cdt.ui/src/org/eclipse/mylyn/internal/cdt" StructureKind="resource"/><InteractionEvent Delta="null" EndDate="2011-05-06 09:44:42.204 PDT" Interest="1.0" Kind="propagation" Navigation="org.eclipse.mylyn.core.model.edges.containment" OriginId="org.eclipse.mylyn.core.model.interest.propagation" StartDate="2011-05-06 09:44:42.204 PDT" StructureHandle="/org.eclipse.mylyn.cdt.ui/src/org/eclipse/mylyn/internal/cdt" StructureKind="resource"/><InteractionEvent Delta="null" EndDate="2011-05-06 09:41:53.661 PDT" Interest="1.0" Kind="propagation" Navigation="org.eclipse.mylyn.core.model.edges.containment" OriginId="org.eclipse.mylyn.core.model.interest.propagation" StartDate="2011-05-06 09:41:53.661 PDT" StructureHandle="/org.eclipse.mylyn.cdt.ui/src/org/eclipse" StructureKind="resource"/><InteractionEvent Delta="null" EndDate="2011-05-06 09:41:55.22 PDT" Interest="1.0000001" Kind="propagation" Navigation="org.eclipse.mylyn.core.model.edges.containment" OriginId="org.eclipse.mylyn.core.model.interest.propagation" StartDate="2011-05-06 09:41:55.22 PDT" StructureHandle="/org.eclipse.mylyn.cdt.ui/src/org/eclipse/mylyn/internal/cdt" StructureKind="resource"/><InteractionEvent Delta="null" EndDate="2011-05-06 09:44:42.203 PDT" Interest="1.0" Kind="selection" Navigation="org.eclipse.mylyn.java.relation.references" OriginId="org.eclipse.jdt.ui.CompilationUnitEditor" StartDate="2011-05-06 09:44:42.203 PDT" StructureHandle="=org.eclipse.mylyn.cdt.ui/src&amp;lt;org.eclipse.mylyn.internal.cdt.ui.contentassist{DOMCompletionProposalComputer.java[DOMCompletionProposalComputer~getCElement~QIASTPreprocessorMacroDefinition;" StructureKind="java"/><InteractionEvent Delta="null" EndDate="2011-05-06 09:42:11.636 PDT" Interest="1.0" Kind="propagation" Navigation="org.eclipse.mylyn.core.model.edges.containment" OriginId="org.eclipse.mylyn.core.model.interest.propagation" StartDate="2011-05-06 09:42:11.636 PDT" StructureHandle="/" StructureKind="resource"/><InteractionEvent Delta="null" EndDate="2011-05-06 09:41:53.661 PDT" Interest="1.0" Kind="propagation" Navigation="org.eclipse.mylyn.core.model.edges.containment" OriginId="org.eclipse.mylyn.core.model.interest.propagation" StartDate="2011-05-06 09:41:53.661 PDT" StructureHandle="/org.eclipse.mylyn.cdt.ui/src/org/eclipse/mylyn" StructureKind="resource"/><InteractionEvent Delta="null" EndDate="2011-05-06 09:43:02.715 PDT" Interest="1.0" Kind="propagation" Navigation="null" OriginId="org.eclipse.jdt.ui.CompilationUnitEditor" StartDate="2011-05-06 09:43:02.715 PDT" StructureHandle="/org.eclipse.mylyn.cdt.ui/src/org/eclipse/mylyn/internal/cdt/ui/contentassist/FocusedDOMCompletionProposalComputer.java" StructureKind="resource"/><InteractionEvent Delta="null" EndDate="2011-05-06 09:43:02.716 PDT" Interest="1.0" Kind="propagation" Navigation="org.eclipse.mylyn.core.model.edges.containment" OriginId="org.eclipse.mylyn.core.model.interest.propagation" StartDate="2011-05-06 09:43:02.716 PDT" StructureHandle="/org.eclipse.mylyn.cdt.ui/src/org/eclipse" StructureKind="resource"/><InteractionEvent Delta="null" EndDate="2011-05-06 09:43:02.752 PDT" Interest="1.0000005" Kind="propagation" Navigation="org.eclipse.mylyn.core.model.edges.containment" OriginId="org.eclipse.mylyn.core.model.interest.propagation" StartDate="2011-05-06 09:43:02.752 PDT" StructureHandle="/org.eclipse.mylyn.cdt.ui/src/org/eclipse/mylyn/internal/cdt" StructureKind="resource"/><InteractionEvent Delta="null" EndDate="2011-05-06 09:44:36.964 PDT" Interest="1.0" Kind="propagation" Navigation="org.eclipse.mylyn.core.model.edges.containment" OriginId="org.eclipse.mylyn.core.model.interest.propagation" StartDate="2011-05-06 09:44:36.964 PDT" StructureHandle="/org.eclipse.mylyn.cdt.ui/src/org/eclipse" StructureKind="resource"/><InteractionEvent Delta="null" EndDate="2011-05-06 09:41:53.661 PDT" Interest="1.0" Kind="propagation" Navigation="org.eclipse.mylyn.core.model.edges.containment" OriginId="org.eclipse.mylyn.core.model.interest.propagation" StartDate="2011-05-06 09:41:53.661 PDT" StructureHandle="/org.eclipse.mylyn.cdt.ui/src/org/eclipse/mylyn/internal/cdt/ui/contentassist" StructureKind="resource"/><InteractionEvent Delta="null" EndDate="2011-05-06 09:41:53.789 PDT" Interest="1.0" Kind="propagation" Navigation="org.eclipse.mylyn.core.model.edges.containment" OriginId="org.eclipse.mylyn.core.model.interest.propagation" StartDate="2011-05-06 09:41:53.789 PDT" StructureHandle="=org.eclipse.mylyn.cdt.ui/src" StructureKind="java"/><InteractionEvent Delta="null" EndDate="2011-05-06 09:42:29.851 PDT" Interest="1.0" Kind="propagation" Navigation="org.eclipse.mylyn.core.model.edges.containment" OriginId="org.eclipse.mylyn.core.model.interest.propagation" StartDate="2011-05-06 09:42:29.851 PDT" StructureHandle="/org.eclipse.mylyn.cdt.ui/src/org/eclipse/mylyn/internal/cdt/ui" StructureKind="resource"/><InteractionEvent Delta="null" EndDate="2011-05-06 09:44:41.333 PDT" Interest="1.0" Kind="selection" Navigation="null" OriginId="org.eclipse.jdt.ui.ClassFileEditor" StartDate="2011-05-06 09:44:41.333 PDT" StructureHandle="=org.eclipse.mylyn.cdt.ui/C:\/Eclipse\/eclipse-SDK-3.5M7-win32\/eclipse\/plugins\/org.eclipse.cdt.core_5.1.2.201002161416.jar&amp;lt;org.eclipse.cdt.core.dom.ast(IASTNode.class[IASTNode~getFileLocation" StructureKind="java"/><InteractionEvent Delta="null" EndDate="2011-05-06 09:44:37.4 PDT" Interest="1.0" Kind="selection" Navigation="null" OriginId="org.eclipse.jdt.ui.CompilationUnitEditor" StartDate="2011-05-06 09:44:37.4 PDT" StructureHandle="=org.eclipse.mylyn.cdt.ui/src&amp;lt;org.eclipse.mylyn.internal.cdt.ui.contentassist{DOMCompletionProposalComputer.java[DOMCompletionProposalComputer~getCElement~QIASTPreprocessorMacroDefinition;" StructureKind="java"/><InteractionEvent Delta="null" EndDate="2011-05-06 09:44:40.705 PDT" Interest="1.0" Kind="selection" Navigation="null" OriginId="org.eclipse.jdt.ui.ClassFileEditor" StartDate="2011-05-06 09:44:40.705 PDT" StructureHandle="=org.eclipse.mylyn.cdt.ui/C:\/Eclipse\/eclipse-SDK-3.5M7-win32\/eclipse\/plugins\/org.eclipse.cdt.core_5.1.2.201002161416.jar&amp;lt;org.eclipse.cdt.core.dom.ast(IASTNode.class" StructureKind="java"/><InteractionEvent Delta="null" EndDate="2011-05-06 09:41:55.22 PDT" Interest="1.0000001" Kind="propagation" Navigation="org.eclipse.mylyn.core.model.edges.containment" OriginId="org.eclipse.mylyn.core.model.interest.propagation" StartDate="2011-05-06 09:41:55.22 PDT" StructureHandle="/org.eclipse.mylyn.cdt.ui/src/org/eclipse" StructureKind="resource"/><InteractionEvent Delta="null" EndDate="2011-05-06 09:44:37.5 PDT" Interest="1.0" Kind="propagation" Navigation="org.eclipse.mylyn.core.model.edges.containment" OriginId="org.eclipse.mylyn.core.model.interest.propagation" StartDate="2011-05-06 09:44:37.5 PDT" StructureHandle="/org.eclipse.mylyn.cdt.ui/src/org/eclipse/mylyn/internal/cdt" StructureKind="resource"/><InteractionEvent Delta="null" EndDate="2011-05-06 09:44:58.969 PDT" Interest="1.0" Kind="propagation" Navigation="org.eclipse.mylyn.core.model.edges.containment" OriginId="org.eclipse.mylyn.core.model.interest.propagation" StartDate="2011-05-06 09:44:58.969 PDT" StructureHandle="=org.eclipse.mylyn.cdt.ui/C:\/Eclipse\/eclipse-SDK-3.5M7-win32\/eclipse\/plugins\/org.eclipse.cdt.core_5.1.2.201002161416.jar&amp;lt;org.eclipse.cdt.core.dom.ast" StructureKind="java"/><InteractionEvent Delta="null" EndDate="2011-05-06 09:44:58.970 PDT" Interest="1.0" Kind="propagation" Navigation="org.eclipse.mylyn.core.model.edges.containment" OriginId="org.eclipse.mylyn.core.model.interest.propagation" StartDate="2011-05-06 09:44:58.970 PDT" StructureHandle="=org.eclipse.mylyn.cdt.ui/C:\/Eclipse\/eclipse-SDK-3.5M7-win32\/eclipse\/plugins\/org.eclipse.cdt.core_5.1.2.201002161416.jar&amp;lt;org.eclipse.cdt.core.dom.ast" StructureKind="java"/><InteractionEvent Delta="null" EndDate="2011-05-06 09:44:58.970 PDT" Interest="1.0" Kind="selection" Navigation="null" OriginId="org.eclipse.jdt.ui.ClassFileEditor" StartDate="2011-05-06 09:44:58.970 PDT" StructureHandle="=org.eclipse.mylyn.cdt.ui/C:\/Eclipse\/eclipse-SDK-3.5M7-win32\/eclipse\/plugins\/org.eclipse.cdt.core_5.1.2.201002161416.jar&amp;lt;org.eclipse.cdt.core.dom.ast(IASTNode.class[IASTNode~getFileLocation" StructureKind="java"/><InteractionEvent Delta="null" EndDate="2011-05-06 09:41:53.661 PDT" Interest="1.0" Kind="propagation" Navigation="org.eclipse.mylyn.core.model.edges.containment" OriginId="org.eclipse.mylyn.core.model.interest.propagation" StartDate="2011-05-06 09:41:53.661 PDT" StructureHandle="/org.eclipse.mylyn.cdt.ui/src/org" StructureKind="resource"/><InteractionEvent Delta="null" EndDate="2011-05-06 09:44:42.205 PDT" Interest="1.0" Kind="propagation" Navigation="org.eclipse.mylyn.core.model.edges.containment" OriginId="org.eclipse.mylyn.core.model.interest.propagation" StartDate="2011-05-06 09:44:42.205 PDT" StructureHandle="=org.eclipse.mylyn.cdt.ui" StructureKind="resource"/><InteractionEvent Delta="null" EndDate="2011-05-06 09:42:12.260 PDT" Interest="1.0" Kind="propagation" Navigation="org.eclipse.mylyn.core.model.edges.containment" OriginId="org.eclipse.mylyn.core.model.interest.propagation" StartDate="2011-05-06 09:42:12.260 PDT" StructureHandle="/org.eclipse.mylyn.cdt.ui/src" StructureKind="resource"/><InteractionEvent Delta="null" EndDate="2011-05-06 09:44:42.204 PDT" Interest="1.0000002" Kind="propagation" Navigation="org.eclipse.mylyn.core.model.edges.containment" OriginId="org.eclipse.mylyn.core.model.interest.propagation" StartDate="2011-05-06 09:44:42.204 PDT" StructureHandle="=org.eclipse.mylyn.cdt.ui/src&amp;lt;org.eclipse.mylyn.internal.cdt.ui.contentassist{DOMCompletionProposalComputer.java[DOMCompletionProposalComputer" StructureKind="java"/><InteractionEvent Delta="null" EndDate="2011-05-06 09:41:55.22 PDT" Interest="1.0" Kind="propagation" Navigation="null" OriginId="org.eclipse.jdt.ui.CompilationUnitEditor" StartDate="2011-05-06 09:41:55.22 PDT" StructureHandle="/org.eclipse.mylyn.cdt.ui/src/org/eclipse/mylyn/internal/cdt/ui/contentassist/DOMCompletionProposalComputer.java" StructureKind="resource"/><InteractionEvent Delta="null" EndDate="2011-05-06 09:44:36.964 PDT" Interest="1.0" Kind="propagation" Navigation="org.eclipse.mylyn.core.model.edges.containment" OriginId="org.eclipse.mylyn.core.model.interest.propagation" StartDate="2011-05-06 09:44:36.964 PDT" StructureHandle="/org.eclipse.mylyn.cdt.ui/src/org" StructureKind="resource"/><InteractionEvent Delta="null" EndDate="2011-05-06 09:44:42.205 PDT" Interest="0.99999976" Kind="propagation" Navigation="org.eclipse.mylyn.core.model.edges.containment" OriginId="org.eclipse.mylyn.core.model.interest.propagation" StartDate="2011-05-06 09:44:42.205 PDT" StructureHandle="=org.eclipse.mylyn.cdt.ui/src&amp;lt;org.eclipse.mylyn.internal.cdt.ui.contentassist{DOMCompletionProposalComputer.java[DOMCompletionProposalComputer" StructureKind="java"/><InteractionEvent Delta="null" EndDate="2011-05-06 09:43:02.716 PDT" Interest="1.0" Kind="propagation" Navigation="org.eclipse.mylyn.core.model.edges.containment" OriginId="org.eclipse.mylyn.core.model.interest.propagation" StartDate="2011-05-06 09:43:02.716 PDT" StructureHandle="/org.eclipse.mylyn.cdt.ui/src/org/eclipse/mylyn" StructureKind="resource"/><InteractionEvent Delta="null" EndDate="2011-05-06 09:44:36.964 PDT" Interest="1.0" Kind="propagation" Navigation="org.eclipse.mylyn.core.model.edges.containment" OriginId="org.eclipse.mylyn.core.model.interest.propagation" StartDate="2011-05-06 09:44:36.964 PDT" StructureHandle="/org.eclipse.mylyn.cdt.ui/src/org/eclipse/mylyn" StructureKind="resource"/><InteractionEvent Delta="null" EndDate="2011-05-06 09:44:42.204 PDT" Interest="1.0" Kind="propagation" Navigation="null" OriginId="org.eclipse.jdt.ui.CompilationUnitEditor" StartDate="2011-05-06 09:44:42.204 PDT" StructureHandle="/org.eclipse.mylyn.cdt.ui/src/org/eclipse/mylyn/internal/cdt/ui/contentassist/DOMCompletionProposalComputer.java" StructureKind="resource"/><InteractionEvent Delta="null" EndDate="2011-05-06 09:44:42.205 PDT" Interest="1.0" Kind="propagation" Navigation="null" OriginId="org.eclipse.jdt.ui.CompilationUnitEditor" StartDate="2011-05-06 09:44:42.205 PDT" StructureHandle="/org.eclipse.mylyn.cdt.ui/src/org/eclipse/mylyn/internal/cdt/ui/contentassist/DOMCompletionProposalComputer.java" StructureKind="resource"/><InteractionEvent Delta="null" EndDate="2011-05-06 09:44:36.964 PDT" Interest="0.9490001" Kind="propagation" Navigation="org.eclipse.mylyn.core.model.edges.containment" OriginId="org.eclipse.mylyn.core.model.interest.propagation" StartDate="2011-05-06 09:44:36.964 PDT" StructureHandle="=org.eclipse.mylyn.cdt.ui/src" StructureKind="java"/><InteractionEvent Delta="null" EndDate="2011-05-06 09:44:37.5 PDT" Interest="1.0" Kind="propagation" Navigation="org.eclipse.mylyn.core.model.edges.containment" OriginId="org.eclipse.mylyn.core.model.interest.propagation" StartDate="2011-05-06 09:44:37.5 PDT" StructureHandle="/org.eclipse.mylyn.cdt.ui/src" StructureKind="resource"/><InteractionEvent Delta="null" EndDate="2011-05-06 09:42:12.260 PDT" Interest="1.0" Kind="propagation" Navigation="null" OriginId="org.eclipse.jdt.ui.CompilationUnitEditor" StartDate="2011-05-06 09:42:12.260 PDT" StructureHandle="/org.eclipse.mylyn.cdt.ui/src/org/eclipse/mylyn/internal/cdt/ui/contentassist" StructureKind="resource"/><InteractionEvent Delta="null" EndDate="2011-05-06 09:44:42.206 PDT" Interest="1.0" Kind="propagation" Navigation="org.eclipse.mylyn.core.model.edges.containment" OriginId="org.eclipse.mylyn.core.model.interest.propagation" StartDate="2011-05-06 09:44:42.206 PDT" StructureHandle="=org.eclipse.mylyn.cdt.ui" StructureKind="resource"/><InteractionEvent Delta="null" EndDate="2011-05-06 09:44:58.970 PDT" Interest="1.0" Kind="propagation" Navigation="org.eclipse.mylyn.core.model.edges.containment" OriginId="org.eclipse.mylyn.core.model.interest.propagation" StartDate="2011-05-06 09:44:58.970 PDT" StructureHandle="=org.eclipse.mylyn.cdt.ui/C:\/Eclipse\/eclipse-SDK-3.5M7-win32\/eclipse\/plugins\/org.eclipse.cdt.core_5.1.2.201002161416.jar" StructureKind="java"/><InteractionEvent Delta="null" EndDate="2011-05-06 09:43:02.715 PDT" Interest="1.0" Kind="propagation" Navigation="null" OriginId="org.eclipse.jdt.ui.CompilationUnitEditor" StartDate="2011-05-06 09:43:02.715 PDT" StructureHandle="/org.eclipse.mylyn.cdt.ui/src/org/eclipse/mylyn/internal/cdt/ui/contentassist" StructureKind="resource"/><InteractionEvent Delta="null" EndDate="2011-05-06 09:41:53.789 PDT" Interest="1.0" Kind="propagation" Navigation="org.eclipse.mylyn.core.model.edges.containment" OriginId="org.eclipse.mylyn.core.model.interest.propagation" StartDate="2011-05-06 09:41:53.789 PDT" StructureHandle="/org.eclipse.mylyn.cdt.ui/src/org/eclipse/mylyn/internal/cdt/ui" StructureKind="resource"/><InteractionEvent Delta="null" EndDate="2011-05-06 09:44:38.908 PDT" Interest="0.6999999" Kind="propagation" Navigation="org.eclipse.mylyn.core.model.edges.containment" OriginId="org.eclipse.mylyn.core.model.interest.propagation" StartDate="2011-05-06 09:44:38.908 PDT" StructureHandle="=org.eclipse.mylyn.cdt.ui/src&amp;lt;org.eclipse.mylyn.internal.cdt.ui.contentassist{DOMCompletionProposalComputer.java[DOMCompletionProposalComputer" StructureKind="java"/><InteractionEvent Delta="null" EndDate="2011-05-06 09:43:02.752 PDT" Interest="1.0000005" Kind="propagation" Navigation="org.eclipse.mylyn.core.model.edges.containment" OriginId="org.eclipse.mylyn.core.model.interest.propagation" StartDate="2011-05-06 09:43:02.752 PDT" StructureHandle="/org.eclipse.mylyn.cdt.ui/src/org" StructureKind="resource"/><InteractionEvent Delta="null" EndDate="2011-05-06 09:42:12.259 PDT" Interest="1.0" Kind="propagation" Navigation="null" OriginId="org.eclipse.jdt.ui.CompilationUnitEditor" StartDate="2011-05-06 09:42:12.259 PDT" StructureHandle="/org.eclipse.mylyn.cdt.ui/src/org/eclipse/mylyn/internal/cdt/ui/contentassist/FocusedDOMCompletionProposalComputer.java" StructureKind="resource"/><InteractionEvent Delta="null" EndDate="2011-05-06 09:43:02.751 PDT" Interest="0.70000005" Kind="propagation" Navigation="org.eclipse.mylyn.core.model.edges.containment" OriginId="org.eclipse.mylyn.core.model.interest.propagation" StartDate="2011-05-06 09:43:02.751 PDT" StructureHandle="=org.eclipse.mylyn.cdt.ui/src&amp;lt;org.eclipse.mylyn.internal.cdt.ui.contentassist{FocusedDOMCompletionProposalComputer.java[FocusedDOMCompletionProposalComputer" StructureKind="java"/><InteractionEvent Delta="null" EndDate="2011-05-06 09:44:42.206 PDT" Interest="1.0" Kind="propagation" Navigation="org.eclipse.mylyn.core.model.edges.containment" OriginId="org.eclipse.mylyn.core.model.interest.propagation" StartDate="2011-05-06 09:44:42.206 PDT" StructureHandle="/" StructureKind="resource"/><InteractionEvent Delta="null" EndDate="2011-05-06 09:44:42.205 PDT" Interest="1.0" Kind="propagation" Navigation="org.eclipse.mylyn.core.model.edges.containment" OriginId="org.eclipse.mylyn.core.model.interest.propagation" StartDate="2011-05-06 09:44:42.205 PDT" StructureHandle="/" StructureKind="resource"/><InteractionEvent Delta="null" EndDate="2011-05-06 09:41:53.789 PDT" Interest="1.0" Kind="propagation" Navigation="org.eclipse.mylyn.core.model.edges.containment" OriginId="org.eclipse.mylyn.core.model.interest.propagation" StartDate="2011-05-06 09:41:53.789 PDT" StructureHandle="=org.eclipse.mylyn.cdt.ui" StructureKind="resource"/><InteractionEvent Delta="null" EndDate="2011-05-06 09:41:55.22 PDT" Interest="1.0000001" Kind="propagation" Navigation="org.eclipse.mylyn.core.model.edges.containment" OriginId="org.eclipse.mylyn.core.model.interest.propagation" StartDate="2011-05-06 09:41:55.22 PDT" StructureHandle="/org.eclipse.mylyn.cdt.ui/src/org/eclipse/mylyn/internal" StructureKind="resource"/><InteractionEvent Delta="null" EndDate="2011-05-06 09:44:42.157 PDT" Interest="1.0" Kind="selection" Navigation="null" OriginId="org.eclipse.jdt.ui.CompilationUnitEditor" StartDate="2011-05-06 09:44:42.157 PDT" StructureHandle="=org.eclipse.mylyn.cdt.ui/src&amp;lt;org.eclipse.mylyn.internal.cdt.ui.contentassist{DOMCompletionProposalComputer.java" StructureKind="java"/></InteractionHistory>