<?xml version="1.0" encoding="UTF-8"?><InteractionHistory Id="https://bugs.eclipse.org/bugs-406729" Version="1"><InteractionEvent Delta="null" EndDate="2013-04-27 17:02:14.385 CEST" Interest="6.4680004" Kind="propagation" Navigation="org.eclipse.mylyn.core.model.edges.containment" OriginId="org.eclipse.mylyn.core.model.interest.propagation" StartDate="2013-04-27 15:32:16.619 CEST" StructureHandle="" StructureKind="java" NumEvents="21" CreationCount="1"/><InteractionEvent Delta="null" EndDate="2013-04-27 15:46:26.107 CEST" Interest="2.0" Kind="propagation" Navigation="org.eclipse.mylyn.core.model.edges.containment" OriginId="org.eclipse.mylyn.core.model.interest.propagation" StartDate="2013-04-27 15:32:43.580 CEST" StructureHandle="/org.eclipse.mylyn.bugzilla.tests/src/org/eclipse" StructureKind="resource" NumEvents="2" CreationCount="34"/><InteractionEvent Delta="null" EndDate="2013-04-27 17:01:56.565 CEST" Interest="0.01700002" Kind="propagation" Navigation="org.eclipse.mylyn.core.model.edges.containment" OriginId="org.eclipse.mylyn.core.model.interest.propagation" StartDate="2013-04-27 17:01:56.565 CEST" StructureHandle="=org.eclipse.mylyn.gerrit.ui/\/home\/spingel\/workspace-e_4_x_m_3_x\/.metadata\/.plugins\/org.eclipse.pde.core\/.bundle_pool\/plugins\/org.eclipse.egit.ui_2.3.1.201302201838-r.jar&amp;lt;org.eclipse.egit.ui.internal.credentials(EGitCredentialsProvider.class[EGitCredentialsProvider" StructureKind="java"/><InteractionEvent Delta="null" EndDate="2013-04-27 17:02:14.384 CEST" Interest="3.0" Kind="selection" Navigation="null" OriginId="org.eclipse.jdt.ui.ClassFileEditor" StartDate="2013-04-27 17:01:49.434 CEST" StructureHandle="=org.eclipse.mylyn.gerrit.ui/\/home\/spingel\/workspace-e_4_x_m_3_x\/.metadata\/.plugins\/org.eclipse.pde.core\/.bundle_pool\/plugins\/org.eclipse.egit.ui_2.3.1.201302201838-r.jar&amp;lt;org.eclipse.egit.ui.internal.credentials(EGitCredentialsProvider.class[EGitCredentialsProvider" StructureKind="java" NumEvents="3" CreationCount="204"/><InteractionEvent Delta="null" EndDate="2013-04-27 17:03:11.519 CEST" Interest="1.0" Kind="propagation" Navigation="org.eclipse.mylyn.core.model.edges.containment" OriginId="org.eclipse.mylyn.core.model.interest.propagation" StartDate="2013-04-27 17:03:11.519 CEST" StructureHandle="=org.eclipse.mylyn.tests.util/src&amp;lt;org.eclipse.mylyn.tests.util{TestFixture.java[TestFixture" StructureKind="java"/><InteractionEvent Delta="null" EndDate="2013-04-27 16:58:51.760 CEST" Interest="127.0" Kind="propagation" Navigation="org.eclipse.mylyn.core.model.edges.containment" OriginId="org.eclipse.mylyn.core.model.interest.propagation" StartDate="2013-04-27 15:32:16.643 CEST" StructureHandle="/org.eclipse.mylyn.debug.tests/src" StructureKind="resource" NumEvents="127" CreationCount="28"/><InteractionEvent Delta="null" EndDate="2013-04-27 16:53:28.674 CEST" Interest="1.0" Kind="edit" Navigation="null" OriginId="org.eclipse.jdt.ui.CompilationUnitEditor" StartDate="2013-04-27 16:53:28.674 CEST" StructureHandle="=org.eclipse.mylyn.debug.tests/src&amp;lt;org.eclipse.mylyn.internal.debug.ui{Test.java[Test~testXMLIdentical" StructureKind="java"/><InteractionEvent Delta="null" EndDate="2013-04-27 16:53:27.996 CEST" Interest="1.0" Kind="selection" Navigation="null" OriginId="org.eclipse.jdt.ui.CompilationUnitEditor" StartDate="2013-04-27 16:53:27.996 CEST" StructureHandle="=org.eclipse.mylyn.debug.tests/src&amp;lt;org.eclipse.mylyn.internal.debug.ui{Test.java[Test~testXMLIdentical" StructureKind="java"/><InteractionEvent Delta="null" EndDate="2013-04-27 15:46:26.86 CEST" Interest="1.0" Kind="prediction" Navigation="null" OriginId="org.eclipse.mylyn.resources.ui.interest.updater" StartDate="2013-04-27 15:46:26.86 CEST" StructureHandle="=org.eclipse.mylyn.bugzilla.tests/src&amp;lt;org.eclipse.mylyn.bugzilla.tests.core{BugzillaXmlRpcClientTest.java" StructureKind="java"/><InteractionEvent Delta="null" EndDate="2013-04-27 15:46:26.137 CEST" Interest="1.0" Kind="propagation" Navigation="org.eclipse.mylyn.core.model.edges.containment" OriginId="org.eclipse.mylyn.core.model.interest.propagation" StartDate="2013-04-27 15:46:26.137 CEST" StructureHandle="/org.eclipse.mylyn.tasks.tests/src/org" StructureKind="resource"/><InteractionEvent Delta="null" EndDate="2013-04-27 17:03:10.903 CEST" Interest="2.7000003" Kind="propagation" Navigation="org.eclipse.mylyn.core.model.edges.containment" OriginId="org.eclipse.mylyn.core.model.interest.propagation" StartDate="2013-04-27 17:03:10.839 CEST" StructureHandle="=org.eclipse.mylyn.tests.util/src" StructureKind="java" NumEvents="3" CreationCount="225"/><InteractionEvent Delta="null" EndDate="2013-04-27 15:46:26.104 CEST" Interest="1.0" Kind="propagation" Navigation="org.eclipse.mylyn.core.model.edges.containment" OriginId="org.eclipse.mylyn.core.model.interest.propagation" StartDate="2013-04-27 15:46:26.104 CEST" StructureHandle="=org.eclipse.mylyn.bugzilla.releng" StructureKind="java"/><InteractionEvent Delta="null" EndDate="2013-04-27 15:32:16.626 CEST" Interest="2.0" Kind="selection" Navigation="null" OriginId="org.eclipse.mylyn.internal.context.ui.ContextPopulationStrategy" StartDate="2013-04-27 15:32:16.621 CEST" StructureHandle="=org.eclipse.mylyn.bugzilla.tests/\/home\/spingel\/workspace-e_4_x_m_3_x\/.metadata\/.plugins\/org.eclipse.pde.core\/.bundle_pool\/plugins\/org.junit_4.11.0.v201303080030\/junit.jar&amp;lt;org.junit(Assert.class[Assert~assertEquals~Ljava.lang.String;~D~D~D" StructureKind="java" NumEvents="2" CreationCount="5"/><InteractionEvent Delta="null" EndDate="2013-04-27 15:46:26.137 CEST" Interest="1.0" Kind="propagation" Navigation="org.eclipse.mylyn.core.model.edges.containment" OriginId="org.eclipse.mylyn.core.model.interest.propagation" StartDate="2013-04-27 15:46:26.137 CEST" StructureHandle="=org.eclipse.mylyn.tasks.tests" StructureKind="resource"/><InteractionEvent Delta="null" EndDate="2013-04-27 17:02:17.13 CEST" Interest="2.0" Kind="selection" Navigation="null" OriginId="org.eclipse.jdt.ui.ClassFileEditor" StartDate="2013-04-27 17:01:56.565 CEST" StructureHandle="=org.eclipse.mylyn.gerrit.ui/\/home\/spingel\/workspace-e_4_x_m_3_x\/.metadata\/.plugins\/org.eclipse.pde.core\/.bundle_pool\/plugins\/org.eclipse.egit.ui_2.3.1.201302201838-r.jar&amp;lt;org.eclipse.egit.ui.internal.credentials(EGitCredentialsProvider.class[EGitCredentialsProvider~supports~\[Lorg.eclipse.jgit.transport.CredentialItem;" StructureKind="java" NumEvents="2" CreationCount="205"/><InteractionEvent Delta="null" EndDate="2013-04-27 16:58:51.759 CEST" Interest="91.0" Kind="propagation" Navigation="null" OriginId="org.eclipse.jdt.ui.CompilationUnitEditor" StartDate="2013-04-27 15:32:16.636 CEST" StructureHandle="/org.eclipse.mylyn.debug.tests/src/org/eclipse/mylyn/internal/debug/ui/BreakpointsContextUtilTest.java" StructureKind="resource" NumEvents="91" CreationCount="28"/><InteractionEvent Delta="null" EndDate="2013-04-27 17:03:11.519 CEST" Interest="4.0" Kind="propagation" Navigation="org.eclipse.mylyn.core.model.edges.containment" OriginId="org.eclipse.mylyn.core.model.interest.propagation" StartDate="2013-04-27 17:03:10.839 CEST" StructureHandle="/org.eclipse.mylyn.tests.util/src/org/eclipse/mylyn" StructureKind="resource" NumEvents="4" CreationCount="225"/><InteractionEvent Delta="null" EndDate="2013-04-27 15:32:16.625 CEST" Interest="2.0" Kind="selection" Navigation="null" OriginId="org.eclipse.mylyn.internal.context.ui.ContextPopulationStrategy" StartDate="2013-04-27 15:32:16.619 CEST" StructureHandle="=org.eclipse.mylyn.bugzilla.tests/\/home\/spingel\/workspace-e_4_x_m_3_x\/.metadata\/.plugins\/org.eclipse.pde.core\/.bundle_pool\/plugins\/org.junit_4.11.0.v201303080030\/junit.jar&amp;lt;org.junit(Assert.class[Assert" StructureKind="java" NumEvents="2" CreationCount="2"/><InteractionEvent Delta="null" EndDate="2013-04-27 15:32:16.625 CEST" Interest="0.204" Kind="propagation" Navigation="org.eclipse.mylyn.core.model.edges.containment" OriginId="org.eclipse.mylyn.core.model.interest.propagation" StartDate="2013-04-27 15:32:16.620 CEST" StructureHandle="=org.eclipse.mylyn.bugzilla.tests/\/home\/spingel\/workspace-e_4_x_m_3_x\/.metadata\/.plugins\/org.eclipse.pde.core\/.bundle_pool\/plugins\/org.junit_4.11.0.v201303080030\/junit.jar&amp;lt;org.junit(Assert.class[Assert" StructureKind="java" NumEvents="12" CreationCount="2"/><InteractionEvent Delta="null" EndDate="2013-04-27 16:52:10.796 CEST" Interest="11.0" Kind="edit" Navigation="null" OriginId="org.eclipse.pde.ui.manifestEditor" StartDate="2013-04-27 16:51:56.671 CEST" StructureHandle="/org.eclipse.mylyn.debug.tests/META-INF/MANIFEST.MF" StructureKind="resource" NumEvents="11" CreationCount="62"/><InteractionEvent Delta="null" EndDate="2013-04-27 16:51:57.151 CEST" Interest="4.0" Kind="selection" Navigation="null" OriginId="org.eclipse.jdt.ui.PackageExplorer" StartDate="2013-04-27 16:51:56.515 CEST" StructureHandle="/org.eclipse.mylyn.debug.tests/META-INF/MANIFEST.MF" StructureKind="resource" NumEvents="4" CreationCount="62"/><InteractionEvent Delta="null" EndDate="2013-04-27 17:03:22.558 CEST" Interest="50.0" Kind="propagation" Navigation="org.eclipse.mylyn.core.model.edges.containment" OriginId="org.eclipse.mylyn.core.model.interest.propagation" StartDate="2013-04-27 16:57:32.667 CEST" StructureHandle="/org.eclipse.mylyn.gerrit.tests/src/org/eclipse/mylyn/gerrit/tests/support" StructureKind="resource" NumEvents="50" CreationCount="166"/><InteractionEvent Delta="null" EndDate="2013-04-27 16:09:01.728 CEST" Interest="3.1" Kind="propagation" Navigation="org.eclipse.mylyn.core.model.edges.containment" OriginId="org.eclipse.mylyn.core.model.interest.propagation" StartDate="2013-04-27 16:08:47.601 CEST" StructureHandle="=org.eclipse.mylyn.tasks.ide-feature" StructureKind="java" NumEvents="4" CreationCount="37"/><InteractionEvent Delta="null" EndDate="2013-04-27 17:02:11.707 CEST" Interest="1.0" Kind="selection" Navigation="null" OriginId="org.eclipse.jdt.ui.ClassFileEditorNoSource" StartDate="2013-04-27 17:02:11.707 CEST" StructureHandle="=org.eclipse.mylyn.gerrit.core/\/home\/spingel\/workspace-e_4_x_m_3_x\/.metadata\/.plugins\/org.eclipse.pde.core\/.bundle_pool\/plugins\/org.eclipse.jgit_2.3.1.201302201838-r.jar&amp;lt;org.eclipse.jgit.transport(UsernamePasswordCredentialsProvider.class" StructureKind="java"/><InteractionEvent Delta="null" EndDate="2013-04-27 15:46:26.137 CEST" Interest="1.0" Kind="propagation" Navigation="null" OriginId="org.eclipse.mylyn.resources.ui.interest.updater" StartDate="2013-04-27 15:46:26.137 CEST" StructureHandle="/org.eclipse.mylyn.tasks.tests/src/org/eclipse/mylyn/tasks/tests/data/TaskDataExternalizerTest.java" StructureKind="resource"/><InteractionEvent Delta="null" EndDate="2013-04-27 17:03:11.519 CEST" Interest="4.0" Kind="propagation" Navigation="org.eclipse.mylyn.core.model.edges.containment" OriginId="org.eclipse.mylyn.core.model.interest.propagation" StartDate="2013-04-27 17:03:10.839 CEST" StructureHandle="/org.eclipse.mylyn.tests.util/src/org" StructureKind="resource" NumEvents="4" CreationCount="225"/><InteractionEvent Delta="null" EndDate="2013-04-27 17:03:22.558 CEST" Interest="50.0" Kind="propagation" Navigation="org.eclipse.mylyn.core.model.edges.containment" OriginId="org.eclipse.mylyn.core.model.interest.propagation" StartDate="2013-04-27 16:57:32.667 CEST" StructureHandle="/org.eclipse.mylyn.gerrit.tests/src/org/eclipse/mylyn" StructureKind="resource" NumEvents="50" CreationCount="166"/><InteractionEvent Delta="null" EndDate="2013-04-27 16:52:10.805 CEST" Interest="9.734" Kind="propagation" Navigation="org.eclipse.mylyn.core.model.edges.containment" OriginId="org.eclipse.mylyn.core.model.interest.propagation" StartDate="2013-04-27 16:51:56.657 CEST" StructureHandle="/org.eclipse.mylyn.debug.tests/META-INF" StructureKind="resource" NumEvents="14" CreationCount="60"/><InteractionEvent Delta="null" EndDate="2013-04-27 16:51:55.798 CEST" Interest="2.0" Kind="selection" Navigation="null" OriginId="org.eclipse.jdt.ui.PackageExplorer" StartDate="2013-04-27 16:51:54.48 CEST" StructureHandle="/org.eclipse.mylyn.debug.tests/META-INF" StructureKind="resource" NumEvents="2" CreationCount="60"/><InteractionEvent Delta="null" EndDate="2013-04-27 17:02:11.707 CEST" Interest="1.255" Kind="propagation" Navigation="org.eclipse.mylyn.core.model.edges.containment" OriginId="org.eclipse.mylyn.core.model.interest.propagation" StartDate="2013-04-27 17:00:35.496 CEST" StructureHandle="=org.eclipse.mylyn.gerrit.core/\/home\/spingel\/workspace-e_4_x_m_3_x\/.metadata\/.plugins\/org.eclipse.pde.core\/.bundle_pool\/plugins\/org.eclipse.jgit_2.3.1.201302201838-r.jar&amp;lt;org.eclipse.jgit.transport" StructureKind="java" NumEvents="2" CreationCount="193"/><InteractionEvent Delta="null" EndDate="2013-04-27 17:02:17.14 CEST" Interest="135.45901" Kind="propagation" Navigation="null" OriginId="org.eclipse.jdt.ui.ClassFileEditor" StartDate="2013-04-27 15:32:16.619 CEST" StructureHandle="/" StructureKind="resource" NumEvents="137" CreationCount="1"/><InteractionEvent Delta="null" EndDate="2013-04-27 16:58:51.760 CEST" Interest="127.0" Kind="propagation" Navigation="org.eclipse.mylyn.core.model.edges.containment" OriginId="org.eclipse.mylyn.core.model.interest.propagation" StartDate="2013-04-27 15:32:16.643 CEST" StructureHandle="/org.eclipse.mylyn.debug.tests/src/org" StructureKind="resource" NumEvents="127" CreationCount="28"/><InteractionEvent Delta="null" EndDate="2013-04-27 15:46:26.104 CEST" Interest="1.0" Kind="propagation" Navigation="org.eclipse.mylyn.core.model.edges.containment" OriginId="org.eclipse.mylyn.core.model.interest.propagation" StartDate="2013-04-27 15:46:26.104 CEST" StructureHandle="/org.eclipse.mylyn.bugzilla.releng/modules" StructureKind="resource"/><InteractionEvent Delta="null" EndDate="2013-04-27 17:00:35.495 CEST" Interest="1.0" Kind="selection" Navigation="null" OriginId="org.eclipse.jdt.ui.ClassFileEditorNoSource" StartDate="2013-04-27 17:00:35.495 CEST" StructureHandle="=org.eclipse.mylyn.gerrit.core/\/home\/spingel\/workspace-e_4_x_m_3_x\/.metadata\/.plugins\/org.eclipse.pde.core\/.bundle_pool\/plugins\/org.eclipse.jgit_2.3.1.201302201838-r.jar&amp;lt;org.eclipse.jgit.transport(HttpAuthMethod.class" StructureKind="java"/><InteractionEvent Delta="null" EndDate="2013-04-27 17:03:11.519 CEST" Interest="1.0" Kind="selection" Navigation="null" OriginId="org.eclipse.jdt.ui.CompilationUnitEditor" StartDate="2013-04-27 17:03:11.519 CEST" StructureHandle="=org.eclipse.mylyn.tests.util/src&amp;lt;org.eclipse.mylyn.tests.util{TestFixture.java[TestFixture~location" StructureKind="java"/><InteractionEvent Delta="null" EndDate="2013-04-27 15:46:26.137 CEST" Interest="1.0" Kind="propagation" Navigation="null" OriginId="org.eclipse.mylyn.resources.ui.interest.updater" StartDate="2013-04-27 15:46:26.137 CEST" StructureHandle="/org.eclipse.mylyn.bugzilla.tests/src/org/eclipse/mylyn/bugzilla/tests/core/BugzillaClientTest.java" StructureKind="resource"/><InteractionEvent Delta="null" EndDate="2013-04-27 17:02:14.385 CEST" Interest="3.034" Kind="propagation" Navigation="org.eclipse.mylyn.core.model.edges.containment" OriginId="org.eclipse.mylyn.core.model.interest.propagation" StartDate="2013-04-27 17:01:48.794 CEST" StructureHandle="=org.eclipse.mylyn.gerrit.ui/\/home\/spingel\/workspace-e_4_x_m_3_x\/.metadata\/.plugins\/org.eclipse.pde.core\/.bundle_pool\/plugins\/org.eclipse.egit.ui_2.3.1.201302201838-r.jar&amp;lt;org.eclipse.egit.ui.internal.credentials" StructureKind="java" NumEvents="6" CreationCount="203"/><InteractionEvent Delta="null" EndDate="2013-04-27 15:46:26.138 CEST" Interest="33.0" Kind="propagation" Navigation="null" OriginId="org.eclipse.mylyn.resources.ui.interest.updater" StartDate="2013-04-27 15:32:16.617 CEST" StructureHandle="/org.eclipse.mylyn.bugzilla.tests" StructureKind="resource" NumEvents="33" CreationCount="1"/><InteractionEvent Delta="null" EndDate="2013-04-27 15:32:16.634 CEST" Interest="2.0" Kind="selection" Navigation="null" OriginId="org.eclipse.mylyn.internal.context.ui.ContextPopulationStrategy" StartDate="2013-04-27 15:32:16.623 CEST" StructureHandle="=org.eclipse.mylyn.bugzilla.tests/\/home\/spingel\/workspace-e_4_x_m_3_x\/.metadata\/.plugins\/org.eclipse.pde.core\/.bundle_pool\/plugins\/org.junit_4.11.0.v201303080030\/junit.jar&amp;lt;org.junit(Assert.class[Assert~assertEquals~D~D" StructureKind="java" NumEvents="2" CreationCount="9"/><InteractionEvent Delta="null" EndDate="2013-04-27 15:32:16.634 CEST" Interest="2.0" Kind="selection" Navigation="null" OriginId="org.eclipse.mylyn.internal.context.ui.ContextPopulationStrategy" StartDate="2013-04-27 15:32:16.623 CEST" StructureHandle="=org.eclipse.mylyn.bugzilla.tests/\/home\/spingel\/workspace-e_4_x_m_3_x\/.metadata\/.plugins\/org.eclipse.pde.core\/.bundle_pool\/plugins\/org.junit_4.11.0.v201303080030\/junit.jar&amp;lt;org.junit(Assert.class[Assert~assertEquals~Ljava.lang.String;~D~D" StructureKind="java" NumEvents="2" CreationCount="10"/><InteractionEvent Delta="null" EndDate="2013-04-27 15:46:26.96 CEST" Interest="1.0" Kind="propagation" Navigation="org.eclipse.mylyn.core.model.edges.containment" OriginId="org.eclipse.mylyn.core.model.interest.propagation" StartDate="2013-04-27 15:46:26.96 CEST" StructureHandle="/org.eclipse.mylyn.bugzilla.tests/META-INF" StructureKind="resource"/><InteractionEvent Delta="null" EndDate="2013-04-27 15:46:26.138 CEST" Interest="2.0" Kind="propagation" Navigation="null" OriginId="org.eclipse.mylyn.resources.ui.interest.updater" StartDate="2013-04-27 15:46:26.105 CEST" StructureHandle="/org.eclipse.mylyn.bugzilla.tests/src/org/eclipse/mylyn/bugzilla/tests/core" StructureKind="resource" NumEvents="2" CreationCount="34"/><InteractionEvent Delta="null" EndDate="2013-04-27 15:32:43.580 CEST" Interest="1.0" Kind="propagation" Navigation="org.eclipse.mylyn.core.model.edges.containment" OriginId="org.eclipse.mylyn.core.model.interest.propagation" StartDate="2013-04-27 15:32:43.580 CEST" StructureHandle="=org.eclipse.mylyn.bugzilla.tests/src&amp;lt;org.eclipse.mylyn.bugzilla.tests.ui" StructureKind="java"/><InteractionEvent Delta="null" EndDate="2013-04-27 15:46:26.86 CEST" Interest="1.0" Kind="prediction" Navigation="null" OriginId="org.eclipse.mylyn.resources.ui.interest.updater" StartDate="2013-04-27 15:46:26.86 CEST" StructureHandle="=org.eclipse.mylyn.bugzilla.tests/src&amp;lt;org.eclipse.mylyn.bugzilla.tests{BugzillaRepositoryConnectorTest.java" StructureKind="java"/><InteractionEvent Delta="null" EndDate="2013-04-27 15:46:26.105 CEST" Interest="1.0" Kind="propagation" Navigation="org.eclipse.mylyn.core.model.edges.containment" OriginId="org.eclipse.mylyn.core.model.interest.propagation" StartDate="2013-04-27 15:46:26.105 CEST" StructureHandle="/org.eclipse.mylyn.bugzilla.tests/src/org/eclipse/mylyn/bugzilla/tests/support" StructureKind="resource"/><InteractionEvent Delta="null" EndDate="2013-04-27 17:02:11.708 CEST" Interest="2.0" Kind="propagation" Navigation="null" OriginId="org.eclipse.jdt.ui.ClassFileEditorNoSource" StartDate="2013-04-27 17:00:35.496 CEST" StructureHandle="/org.eclipse.mylyn.gerrit.core" StructureKind="resource" NumEvents="2" CreationCount="193"/><InteractionEvent Delta="null" EndDate="2013-04-27 16:52:28.636 CEST" Interest="1.0" Kind="propagation" Navigation="org.eclipse.mylyn.core.model.edges.containment" OriginId="org.eclipse.mylyn.core.model.interest.propagation" StartDate="2013-04-27 16:52:28.636 CEST" StructureHandle="=org.eclipse.mylyn.debug.tests/\/home\/spingel\/workspace-e_4_x_m_3_x\/.metadata\/.plugins\/org.eclipse.pde.core\/.bundle_pool\/plugins\/org.junit_4.8.2.v4_8_2_v20110321-1705\/junit.jar&amp;lt;org.junit.runner.manipulation" StructureKind="java"/><InteractionEvent Delta="null" EndDate="2013-04-27 15:46:26.106 CEST" Interest="1.0" Kind="propagation" Navigation="org.eclipse.mylyn.core.model.edges.containment" OriginId="org.eclipse.mylyn.core.model.interest.propagation" StartDate="2013-04-27 15:46:26.106 CEST" StructureHandle="=org.eclipse.mylyn.bugzilla.tests/src&amp;lt;org.eclipse.mylyn.bugzilla.tests" StructureKind="java"/><InteractionEvent Delta="null" EndDate="2013-04-27 15:46:26.137 CEST" Interest="1.0" Kind="propagation" Navigation="org.eclipse.mylyn.core.model.edges.containment" OriginId="org.eclipse.mylyn.core.model.interest.propagation" StartDate="2013-04-27 15:46:26.137 CEST" StructureHandle="/org.eclipse.mylyn.tasks.tests/src/org/eclipse/mylyn/tasks/tests" StructureKind="resource"/><InteractionEvent Delta="null" EndDate="2013-04-27 17:02:14.385 CEST" Interest="3.034" Kind="propagation" Navigation="org.eclipse.mylyn.core.model.edges.containment" OriginId="org.eclipse.mylyn.core.model.interest.propagation" StartDate="2013-04-27 17:01:48.794 CEST" StructureHandle="=org.eclipse.mylyn.gerrit.ui/\/home\/spingel\/workspace-e_4_x_m_3_x\/.metadata\/.plugins\/org.eclipse.pde.core\/.bundle_pool\/plugins\/org.eclipse.egit.ui_2.3.1.201302201838-r.jar" StructureKind="java" NumEvents="5" CreationCount="203"/><InteractionEvent Delta="null" EndDate="2013-04-27 16:58:51.759 CEST" Interest="3.0" Kind="edit" Navigation="null" OriginId="org.eclipse.jdt.ui.CompilationUnitEditor" StartDate="2013-04-27 16:57:55.726 CEST" StructureHandle="=org.eclipse.mylyn.debug.tests/src&amp;lt;org.eclipse.mylyn.internal.debug.ui{BreakpointsContextUtilTest.java[BreakpointsContextUtilTest~tearDown" StructureKind="java" NumEvents="3" CreationCount="137"/><InteractionEvent Delta="null" EndDate="2013-04-27 16:58:21.471 CEST" Interest="3.0" Kind="selection" Navigation="null" OriginId="org.eclipse.jdt.ui.CompilationUnitEditor" StartDate="2013-04-27 16:55:26.608 CEST" StructureHandle="=org.eclipse.mylyn.debug.tests/src&amp;lt;org.eclipse.mylyn.internal.debug.ui{BreakpointsContextUtilTest.java[BreakpointsContextUtilTest~tearDown" StructureKind="java" NumEvents="3" CreationCount="137"/><InteractionEvent Delta="null" EndDate="2013-04-27 17:03:11.519 CEST" Interest="4.0" Kind="propagation" Navigation="org.eclipse.mylyn.core.model.edges.containment" OriginId="org.eclipse.mylyn.core.model.interest.propagation" StartDate="2013-04-27 17:03:10.839 CEST" StructureHandle="/org.eclipse.mylyn.tests.util/src/org/eclipse" StructureKind="resource" NumEvents="4" CreationCount="225"/><InteractionEvent Delta="null" EndDate="2013-04-27 16:56:37.182 CEST" Interest="23.0" Kind="edit" Navigation="null" OriginId="org.eclipse.jdt.ui.CompilationUnitEditor" StartDate="2013-04-27 16:50:34.121 CEST" StructureHandle="=org.eclipse.mylyn.debug.tests/src&amp;lt;org.eclipse.mylyn.internal.debug.ui{BreakpointsContextUtilTest.java[BreakpointsContextUtilTest~testExportBreakpoints" StructureKind="java" NumEvents="23" CreationCount="23"/><InteractionEvent Delta="null" EndDate="2013-04-27 16:57:46.85 CEST" Interest="9.0" Kind="selection" Navigation="null" OriginId="org.eclipse.jdt.ui.CompilationUnitEditor" StartDate="2013-04-27 15:32:16.646 CEST" StructureHandle="=org.eclipse.mylyn.debug.tests/src&amp;lt;org.eclipse.mylyn.internal.debug.ui{BreakpointsContextUtilTest.java[BreakpointsContextUtilTest~testExportBreakpoints" StructureKind="java" NumEvents="9" CreationCount="23"/><InteractionEvent Delta="null" EndDate="2013-04-27 15:46:26.138 CEST" Interest="5.0" Kind="propagation" Navigation="null" OriginId="org.eclipse.mylyn.resources.ui.interest.updater" StartDate="2013-04-27 15:32:43.580 CEST" StructureHandle="/org.eclipse.mylyn.bugzilla.tests/src" StructureKind="resource" NumEvents="5" CreationCount="34"/><InteractionEvent Delta="null" EndDate="2013-04-27 17:03:22.558 CEST" Interest="50.0" Kind="propagation" Navigation="org.eclipse.mylyn.core.model.edges.containment" OriginId="org.eclipse.mylyn.core.model.interest.propagation" StartDate="2013-04-27 16:57:32.667 CEST" StructureHandle="=org.eclipse.mylyn.gerrit.tests" StructureKind="resource" NumEvents="50" CreationCount="166"/><InteractionEvent Delta="null" EndDate="2013-04-27 17:03:11.519 CEST" Interest="4.0" Kind="propagation" Navigation="org.eclipse.mylyn.core.model.edges.containment" OriginId="org.eclipse.mylyn.core.model.interest.propagation" StartDate="2013-04-27 17:03:10.839 CEST" StructureHandle="/org.eclipse.mylyn.tests.util/src/org/eclipse/mylyn/tests/util" StructureKind="resource" NumEvents="4" CreationCount="225"/><InteractionEvent Delta="null" EndDate="2013-04-27 15:46:26.86 CEST" Interest="1.0" Kind="prediction" Navigation="null" OriginId="org.eclipse.mylyn.resources.ui.interest.updater" StartDate="2013-04-27 15:46:26.86 CEST" StructureHandle="=org.eclipse.mylyn.bugzilla.tests/src&amp;lt;org.eclipse.mylyn.bugzilla.tests.support{BugzillaFixture.java" StructureKind="java"/><InteractionEvent Delta="null" EndDate="2013-04-27 16:55:28.255 CEST" Interest="1.0" Kind="selection" Navigation="null" OriginId="org.eclipse.jdt.ui.CompilationUnitEditor" StartDate="2013-04-27 16:55:28.255 CEST" StructureHandle="=org.eclipse.mylyn.debug.tests/src&amp;lt;org.eclipse.mylyn.internal.debug.ui{BreakpointsContextUtilTest.java[BreakpointsContextUtilTest~testImportBreakpoints" StructureKind="java"/><InteractionEvent Delta="null" EndDate="2013-04-27 15:46:26.105 CEST" Interest="1.0" Kind="propagation" Navigation="null" OriginId="org.eclipse.mylyn.resources.ui.interest.updater" StartDate="2013-04-27 15:46:26.105 CEST" StructureHandle="/org.eclipse.mylyn.bugzilla.tests/src/org/eclipse/mylyn/bugzilla/tests/core/BugzillaXmlRpcClientTest.java" StructureKind="resource"/><InteractionEvent Delta="null" EndDate="2013-04-27 15:46:26.138 CEST" Interest="4.561" Kind="propagation" Navigation="org.eclipse.mylyn.core.model.edges.containment" OriginId="org.eclipse.mylyn.core.model.interest.propagation" StartDate="2013-04-27 15:32:16.613 CEST" StructureHandle="=org.eclipse.mylyn.bugzilla.tests" StructureKind="resource" NumEvents="19" CreationCount="1"/><InteractionEvent Delta="null" EndDate="2013-04-27 17:03:11.519 CEST" Interest="4.0" Kind="propagation" Navigation="org.eclipse.mylyn.core.model.edges.containment" OriginId="org.eclipse.mylyn.core.model.interest.propagation" StartDate="2013-04-27 17:03:10.839 CEST" StructureHandle="=org.eclipse.mylyn.tests.util" StructureKind="resource" NumEvents="4" CreationCount="225"/><InteractionEvent Delta="null" EndDate="2013-04-27 17:03:20.90 CEST" Interest="11.867002" Kind="propagation" Navigation="org.eclipse.mylyn.core.model.edges.containment" OriginId="org.eclipse.mylyn.core.model.interest.propagation" StartDate="2013-04-27 16:57:32.667 CEST" StructureHandle="=org.eclipse.mylyn.gerrit.tests/src" StructureKind="java" NumEvents="18" CreationCount="166"/><InteractionEvent Delta="null" EndDate="2013-04-27 15:46:26.137 CEST" Interest="1.0" Kind="propagation" Navigation="org.eclipse.mylyn.core.model.edges.containment" OriginId="org.eclipse.mylyn.core.model.interest.propagation" StartDate="2013-04-27 15:46:26.137 CEST" StructureHandle="/org.eclipse.mylyn.tasks.tests/src" StructureKind="resource"/><InteractionEvent Delta="null" EndDate="2013-04-27 17:03:22.558 CEST" Interest="50.0" Kind="propagation" Navigation="org.eclipse.mylyn.core.model.edges.containment" OriginId="org.eclipse.mylyn.core.model.interest.propagation" StartDate="2013-04-27 16:57:32.667 CEST" StructureHandle="/org.eclipse.mylyn.gerrit.tests/src/org/eclipse/mylyn/gerrit" StructureKind="resource" NumEvents="50" CreationCount="166"/><InteractionEvent Delta="null" EndDate="2013-04-27 17:02:11.707 CEST" Interest="1.255" Kind="propagation" Navigation="org.eclipse.mylyn.core.model.edges.containment" OriginId="org.eclipse.mylyn.core.model.interest.propagation" StartDate="2013-04-27 17:00:35.496 CEST" StructureHandle="=org.eclipse.mylyn.gerrit.core/\/home\/spingel\/workspace-e_4_x_m_3_x\/.metadata\/.plugins\/org.eclipse.pde.core\/.bundle_pool\/plugins\/org.eclipse.jgit_2.3.1.201302201838-r.jar" StructureKind="java" NumEvents="2" CreationCount="193"/><InteractionEvent Delta="null" EndDate="2013-04-27 17:02:14.385 CEST" Interest="1.0339999" Kind="propagation" Navigation="org.eclipse.mylyn.core.model.edges.containment" OriginId="org.eclipse.mylyn.core.model.interest.propagation" StartDate="2013-04-27 17:01:49.434 CEST" StructureHandle="=org.eclipse.mylyn.gerrit.ui/\/home\/spingel\/workspace-e_4_x_m_3_x\/.metadata\/.plugins\/org.eclipse.pde.core\/.bundle_pool\/plugins\/org.eclipse.egit.ui_2.3.1.201302201838-r.jar&amp;lt;org.eclipse.egit.ui.internal.credentials(EGitCredentialsProvider.class" StructureKind="java" NumEvents="3" CreationCount="203"/><InteractionEvent Delta="null" EndDate="2013-04-27 17:01:59.422 CEST" Interest="2.0" Kind="selection" Navigation="null" OriginId="org.eclipse.jdt.ui.ClassFileEditor" StartDate="2013-04-27 17:01:48.793 CEST" StructureHandle="=org.eclipse.mylyn.gerrit.ui/\/home\/spingel\/workspace-e_4_x_m_3_x\/.metadata\/.plugins\/org.eclipse.pde.core\/.bundle_pool\/plugins\/org.eclipse.egit.ui_2.3.1.201302201838-r.jar&amp;lt;org.eclipse.egit.ui.internal.credentials(EGitCredentialsProvider.class" StructureKind="java" NumEvents="2" CreationCount="203"/><InteractionEvent Delta="null" EndDate="2013-04-27 15:32:43.586 CEST" Interest="1.0" Kind="propagation" Navigation="org.eclipse.mylyn.core.model.edges.containment" OriginId="org.eclipse.mylyn.core.model.interest.propagation" StartDate="2013-04-27 15:32:43.586 CEST" StructureHandle="=org.eclipse.mylyn.bugzilla.tests/src" StructureKind="java"/><InteractionEvent Delta="null" EndDate="2013-04-27 16:55:23.648 CEST" Interest="1.0" Kind="selection" Navigation="null" OriginId="org.eclipse.jdt.ui.CompilationUnitEditor" StartDate="2013-04-27 16:55:23.648 CEST" StructureHandle="=org.eclipse.mylyn.debug.tests/src&amp;lt;org.eclipse.mylyn.internal.debug.ui{BreakpointsContextUtilTest.java[BreakpointsContextUtilTest~testImportBreakpointsWithMissingProject" StructureKind="java"/><InteractionEvent Delta="null" EndDate="2013-04-27 16:58:13.356 CEST" Interest="27.715006" Kind="propagation" Navigation="org.eclipse.mylyn.core.model.edges.containment" OriginId="org.eclipse.mylyn.core.model.interest.propagation" StartDate="2013-04-27 15:32:16.644 CEST" StructureHandle="=org.eclipse.mylyn.debug.tests/src" StructureKind="java" NumEvents="38" CreationCount="28"/><InteractionEvent Delta="null" EndDate="2013-04-27 15:46:26.107 CEST" Interest="2.0" Kind="propagation" Navigation="org.eclipse.mylyn.core.model.edges.containment" OriginId="org.eclipse.mylyn.core.model.interest.propagation" StartDate="2013-04-27 15:32:43.580 CEST" StructureHandle="/org.eclipse.mylyn.bugzilla.tests/src/org/eclipse/mylyn" StructureKind="resource" NumEvents="2" CreationCount="34"/><InteractionEvent Delta="null" EndDate="2013-04-27 15:32:16.627 CEST" Interest="2.0" Kind="selection" Navigation="null" OriginId="org.eclipse.mylyn.internal.context.ui.ContextPopulationStrategy" StartDate="2013-04-27 15:32:16.622 CEST" StructureHandle="=org.eclipse.mylyn.bugzilla.tests/\/home\/spingel\/workspace-e_4_x_m_3_x\/.metadata\/.plugins\/org.eclipse.pde.core\/.bundle_pool\/plugins\/org.junit_4.11.0.v201303080030\/junit.jar&amp;lt;org.junit(Assert.class[Assert~assertEquals~J~J" StructureKind="java" NumEvents="2" CreationCount="7"/><InteractionEvent Delta="null" EndDate="2013-04-27 17:02:22.27 CEST" Interest="2.0" Kind="selection" Navigation="null" OriginId="org.eclipse.jdt.ui.CompilationUnitEditor" StartDate="2013-04-27 17:01:34.311 CEST" StructureHandle="=org.eclipse.mylyn.gerrit.tests/src&amp;lt;org.eclipse.mylyn.gerrit.tests.support{GerritProject.java[GerritProject[GerritProjectTest~testCommitAndPushFile" StructureKind="java" NumEvents="2" CreationCount="202"/><InteractionEvent Delta="null" EndDate="2013-04-27 16:53:10.640 CEST" Interest="1.0" Kind="selection" Navigation="null" OriginId="org.eclipse.jdt.ui.PackageExplorer" StartDate="2013-04-27 16:53:10.640 CEST" StructureHandle="=org.eclipse.mylyn.debug.tests/src&amp;lt;org.eclipse.mylyn.internal.debug.ui" StructureKind="java"/><InteractionEvent Delta="null" EndDate="2013-04-27 16:58:13.356 CEST" Interest="26.715004" Kind="propagation" Navigation="org.eclipse.mylyn.core.model.edges.containment" OriginId="org.eclipse.mylyn.core.model.interest.propagation" StartDate="2013-04-27 15:32:16.643 CEST" StructureHandle="=org.eclipse.mylyn.debug.tests/src&amp;lt;org.eclipse.mylyn.internal.debug.ui" StructureKind="java" NumEvents="37" CreationCount="28"/><InteractionEvent Delta="null" EndDate="2013-04-27 16:52:42.972 CEST" Interest="1.0" Kind="edit" Navigation="null" OriginId="org.eclipse.jdt.ui.CompilationUnitEditor" StartDate="2013-04-27 16:52:42.972 CEST" StructureHandle="=org.eclipse.mylyn.debug.tests/src&amp;lt;org.eclipse.mylyn.internal.debug.ui{BreakpointsContextUtilTest.java" StructureKind="java"/><InteractionEvent Delta="null" EndDate="2013-04-27 16:56:44.316 CEST" Interest="9.015001" Kind="propagation" Navigation="org.eclipse.mylyn.core.model.edges.containment" OriginId="org.eclipse.mylyn.core.model.interest.propagation" StartDate="2013-04-27 15:32:16.643 CEST" StructureHandle="=org.eclipse.mylyn.debug.tests/src&amp;lt;org.eclipse.mylyn.internal.debug.ui{BreakpointsContextUtilTest.java" StructureKind="java" NumEvents="17" CreationCount="28"/><InteractionEvent Delta="null" EndDate="2013-04-27 16:57:46.70 CEST" Interest="18.0" Kind="selection" Navigation="null" OriginId="org.eclipse.jdt.ui.CompilationUnitEditor" StartDate="2013-04-27 15:32:22.871 CEST" StructureHandle="=org.eclipse.mylyn.debug.tests/src&amp;lt;org.eclipse.mylyn.internal.debug.ui{BreakpointsContextUtilTest.java" StructureKind="java" NumEvents="18" CreationCount="28"/><InteractionEvent Delta="null" EndDate="2013-04-27 15:46:26.137 CEST" Interest="1.0" Kind="propagation" Navigation="org.eclipse.mylyn.core.model.edges.containment" OriginId="org.eclipse.mylyn.core.model.interest.propagation" StartDate="2013-04-27 15:46:26.137 CEST" StructureHandle="=org.eclipse.mylyn.tasks.tests/src&amp;lt;org.eclipse.mylyn.tasks.tests.data" StructureKind="java"/><InteractionEvent Delta="null" EndDate="2013-04-27 15:46:26.107 CEST" Interest="2.0" Kind="propagation" Navigation="org.eclipse.mylyn.core.model.edges.containment" OriginId="org.eclipse.mylyn.core.model.interest.propagation" StartDate="2013-04-27 15:32:43.580 CEST" StructureHandle="/org.eclipse.mylyn.bugzilla.tests/src/org" StructureKind="resource" NumEvents="2" CreationCount="34"/><InteractionEvent Delta="null" EndDate="2013-04-27 15:46:26.137 CEST" Interest="1.0" Kind="propagation" Navigation="org.eclipse.mylyn.core.model.edges.containment" OriginId="org.eclipse.mylyn.core.model.interest.propagation" StartDate="2013-04-27 15:46:26.137 CEST" StructureHandle="/org.eclipse.mylyn.tasks.tests/src/org/eclipse/mylyn/tasks" StructureKind="resource"/><InteractionEvent Delta="null" EndDate="2013-04-27 17:02:11.708 CEST" Interest="1.255" Kind="propagation" Navigation="org.eclipse.mylyn.core.model.edges.containment" OriginId="org.eclipse.mylyn.core.model.interest.propagation" StartDate="2013-04-27 17:00:35.496 CEST" StructureHandle="=org.eclipse.mylyn.gerrit.core" StructureKind="java" NumEvents="2" CreationCount="193"/><InteractionEvent Delta="null" EndDate="2013-04-27 16:53:28.674 CEST" Interest="0.71700007" Kind="propagation" Navigation="org.eclipse.mylyn.core.model.edges.containment" OriginId="org.eclipse.mylyn.core.model.interest.propagation" StartDate="2013-04-27 16:53:27.996 CEST" StructureHandle="=org.eclipse.mylyn.debug.tests/src&amp;lt;org.eclipse.mylyn.internal.debug.ui{Test.java[Test" StructureKind="java" NumEvents="2" CreationCount="102"/><InteractionEvent Delta="null" EndDate="2013-04-27 16:53:36.987 CEST" Interest="2.0" Kind="selection" Navigation="null" OriginId="org.eclipse.jdt.ui.CompilationUnitEditor" StartDate="2013-04-27 16:53:23.407 CEST" StructureHandle="=org.eclipse.mylyn.debug.tests/src&amp;lt;org.eclipse.mylyn.internal.debug.ui{Test.java[Test2" StructureKind="java" NumEvents="2" CreationCount="102"/><InteractionEvent Delta="null" EndDate="2013-04-27 16:52:28.636 CEST" Interest="1.0" Kind="propagation" Navigation="org.eclipse.mylyn.core.model.edges.containment" OriginId="org.eclipse.mylyn.core.model.interest.propagation" StartDate="2013-04-27 16:52:28.636 CEST" StructureHandle="=org.eclipse.mylyn.debug.tests/\/home\/spingel\/workspace-e_4_x_m_3_x\/.metadata\/.plugins\/org.eclipse.pde.core\/.bundle_pool\/plugins\/org.junit_4.8.2.v4_8_2_v20110321-1705\/junit.jar" StructureKind="java"/><InteractionEvent Delta="null" EndDate="2013-04-27 15:46:26.136 CEST" Interest="2.0" Kind="propagation" Navigation="null" OriginId="org.eclipse.mylyn.resources.ui.interest.updater" StartDate="2013-04-27 15:46:26.104 CEST" StructureHandle="/org.eclipse.mylyn.bugzilla.releng" StructureKind="resource" NumEvents="2" CreationCount="34"/><InteractionEvent Delta="null" EndDate="2013-04-27 17:02:37.798 CEST" Interest="2.0" Kind="edit" Navigation="null" OriginId="org.eclipse.jdt.ui.CompilationUnitEditor" StartDate="2013-04-27 17:02:36.950 CEST" StructureHandle="=org.eclipse.mylyn.gerrit.tests/src&amp;lt;org.eclipse.mylyn.gerrit.tests.support{GerritProject.java[GerritProject" StructureKind="java" NumEvents="2" CreationCount="168"/><InteractionEvent Delta="null" EndDate="2013-04-27 17:03:17.680 CEST" Interest="7.4330006" Kind="propagation" Navigation="org.eclipse.mylyn.core.model.edges.containment" OriginId="org.eclipse.mylyn.core.model.interest.propagation" StartDate="2013-04-27 16:57:39.382 CEST" StructureHandle="=org.eclipse.mylyn.gerrit.tests/src&amp;lt;org.eclipse.mylyn.gerrit.tests.support{GerritProject.java[GerritProject" StructureKind="java" NumEvents="12" CreationCount="168"/><InteractionEvent Delta="null" EndDate="2013-04-27 17:03:19.351 CEST" Interest="3.0" Kind="selection" Navigation="null" OriginId="org.eclipse.jdt.ui.CompilationUnitEditor" StartDate="2013-04-27 16:57:33.416 CEST" StructureHandle="=org.eclipse.mylyn.gerrit.tests/src&amp;lt;org.eclipse.mylyn.gerrit.tests.support{GerritProject.java[GerritProject" StructureKind="java" NumEvents="3" CreationCount="168"/><InteractionEvent Delta="null" EndDate="2013-04-27 15:46:26.137 CEST" Interest="1.0" Kind="propagation" Navigation="org.eclipse.mylyn.core.model.edges.containment" OriginId="org.eclipse.mylyn.core.model.interest.propagation" StartDate="2013-04-27 15:46:26.137 CEST" StructureHandle="/org.eclipse.mylyn.tasks.tests/src/org/eclipse/mylyn" StructureKind="resource"/><InteractionEvent Delta="null" EndDate="2013-04-27 16:58:51.760 CEST" Interest="127.0" Kind="propagation" Navigation="org.eclipse.mylyn.core.model.edges.containment" OriginId="org.eclipse.mylyn.core.model.interest.propagation" StartDate="2013-04-27 15:32:16.643 CEST" StructureHandle="/org.eclipse.mylyn.debug.tests/src/org/eclipse" StructureKind="resource" NumEvents="127" CreationCount="28"/><InteractionEvent Delta="null" EndDate="2013-04-27 15:32:16.626 CEST" Interest="2.0" Kind="selection" Navigation="null" OriginId="org.eclipse.mylyn.internal.context.ui.ContextPopulationStrategy" StartDate="2013-04-27 15:32:16.620 CEST" StructureHandle="=org.eclipse.mylyn.bugzilla.tests/\/home\/spingel\/workspace-e_4_x_m_3_x\/.metadata\/.plugins\/org.eclipse.pde.core\/.bundle_pool\/plugins\/org.junit_4.11.0.v201303080030\/junit.jar&amp;lt;org.junit(Assert.class[Assert~assertEquals~Ljava.lang.Object;~Ljava.lang.Object;" StructureKind="java" NumEvents="2" CreationCount="4"/><InteractionEvent Delta="null" EndDate="2013-04-27 17:03:20.90 CEST" Interest="11.867002" Kind="propagation" Navigation="org.eclipse.mylyn.core.model.edges.containment" OriginId="org.eclipse.mylyn.core.model.interest.propagation" StartDate="2013-04-27 16:57:32.667 CEST" StructureHandle="=org.eclipse.mylyn.gerrit.tests/src&amp;lt;org.eclipse.mylyn.gerrit.tests.support" StructureKind="java" NumEvents="18" CreationCount="166"/><InteractionEvent Delta="null" EndDate="2013-04-27 16:08:47.600 CEST" Interest="1.0" Kind="selection" Navigation="null" OriginId="org.eclipse.pde.ui.featureEditor" StartDate="2013-04-27 16:08:47.600 CEST" StructureHandle="/org.eclipse.mylyn.tasks.ide-feature/feature.xml" StructureKind="resource"/><InteractionEvent Delta="null" EndDate="2013-04-27 16:09:01.728 CEST" Interest="3.0" Kind="edit" Navigation="null" OriginId="org.eclipse.pde.ui.featureEditor" StartDate="2013-04-27 16:08:47.636 CEST" StructureHandle="/org.eclipse.mylyn.tasks.ide-feature/feature.xml" StructureKind="resource" NumEvents="3" CreationCount="37"/><InteractionEvent Delta="null" EndDate="2013-04-27 16:58:51.760 CEST" Interest="127.0" Kind="propagation" Navigation="org.eclipse.mylyn.core.model.edges.containment" OriginId="org.eclipse.mylyn.core.model.interest.propagation" StartDate="2013-04-27 15:32:16.643 CEST" StructureHandle="/org.eclipse.mylyn.debug.tests/src/org/eclipse/mylyn/internal/debug" StructureKind="resource" NumEvents="127" CreationCount="28"/><InteractionEvent Delta="null" EndDate="2013-04-27 15:46:26.106 CEST" Interest="1.0" Kind="propagation" Navigation="null" OriginId="org.eclipse.mylyn.resources.ui.interest.updater" StartDate="2013-04-27 15:46:26.106 CEST" StructureHandle="/org.eclipse.mylyn.bugzilla.tests/src/org/eclipse/mylyn/bugzilla/tests/BugzillaRepositoryConnectorTest.java" StructureKind="resource"/><InteractionEvent Delta="null" EndDate="2013-04-27 15:46:26.107 CEST" Interest="2.0" Kind="propagation" Navigation="null" OriginId="org.eclipse.mylyn.resources.ui.interest.updater" StartDate="2013-04-27 15:32:43.580 CEST" StructureHandle="/org.eclipse.mylyn.bugzilla.tests/src/org/eclipse/mylyn/bugzilla/tests" StructureKind="resource" NumEvents="2" CreationCount="34"/><InteractionEvent Delta="null" EndDate="2013-04-27 16:56:50.677 CEST" Interest="24.0" Kind="propagation" Navigation="null" OriginId="org.eclipse.jdt.ui.PackageExplorer" StartDate="2013-04-27 16:53:40.472 CEST" StructureHandle="/org.eclipse.mylyn.debug.tests/src/org/eclipse/mylyn/internal/debug/ui/Test2.java" StructureKind="resource" NumEvents="24" CreationCount="106"/><InteractionEvent Delta="null" EndDate="2013-04-27 15:32:16.635 CEST" Interest="2.0" Kind="selection" Navigation="null" OriginId="org.eclipse.mylyn.internal.context.ui.ContextPopulationStrategy" StartDate="2013-04-27 15:32:16.625 CEST" StructureHandle="=org.eclipse.mylyn.bugzilla.tests/\/home\/spingel\/workspace-e_4_x_m_3_x\/.metadata\/.plugins\/org.eclipse.pde.core\/.bundle_pool\/plugins\/org.junit_4.11.0.v201303080030\/junit.jar&amp;lt;org.junit(Assert.class[Assert~assertEquals~\[Ljava.lang.Object;~\[Ljava.lang.Object;" StructureKind="java" NumEvents="2" CreationCount="14"/><InteractionEvent Delta="null" EndDate="2013-04-27 16:53:36.987 CEST" Interest="11.0" Kind="propagation" Navigation="null" OriginId="org.eclipse.jdt.ui.CompilationUnitEditor" StartDate="2013-04-27 16:53:16.57 CEST" StructureHandle="/org.eclipse.mylyn.debug.tests/src/org/eclipse/mylyn/internal/debug/ui/Test.java" StructureKind="resource" NumEvents="11" CreationCount="93"/><InteractionEvent Delta="null" EndDate="2013-04-27 15:46:26.106 CEST" Interest="1.0" Kind="propagation" Navigation="org.eclipse.mylyn.core.model.edges.containment" OriginId="org.eclipse.mylyn.core.model.interest.propagation" StartDate="2013-04-27 15:46:26.106 CEST" StructureHandle="=org.eclipse.mylyn.bugzilla.tests/src&amp;lt;org.eclipse.mylyn.bugzilla.tests.support" StructureKind="java"/><InteractionEvent Delta="null" EndDate="2013-04-27 15:32:16.587 CEST" Interest="1.0" Kind="selection" Navigation="null" OriginId="org.eclipse.mylyn.internal.context.ui.ContextPopulationStrategy" StartDate="2013-04-27 15:32:16.587 CEST" StructureHandle="=org.eclipse.mylyn.bugzilla.tests/\/home\/spingel\/workspace-e_4_x_m_3_x\/.metadata\/.plugins\/org.eclipse.pde.core\/.bundle_pool\/plugins\/org.junit_4.11.0.v201303080030\/junit.jar&amp;lt;org.junit(ComparisonFailure.class[ComparisonFailure" StructureKind="java"/><InteractionEvent Delta="null" EndDate="2013-04-27 15:32:16.625 CEST" Interest="2.204" Kind="propagation" Navigation="org.eclipse.mylyn.core.model.edges.containment" OriginId="org.eclipse.mylyn.core.model.interest.propagation" StartDate="2013-04-27 15:32:16.619 CEST" StructureHandle="=org.eclipse.mylyn.bugzilla.tests/\/home\/spingel\/workspace-e_4_x_m_3_x\/.metadata\/.plugins\/org.eclipse.pde.core\/.bundle_pool\/plugins\/org.junit_4.11.0.v201303080030\/junit.jar&amp;lt;org.junit(Assert.class" StructureKind="java" NumEvents="14" CreationCount="2"/><InteractionEvent Delta="null" EndDate="2013-04-27 17:03:11.519 CEST" Interest="4.0" Kind="propagation" Navigation="org.eclipse.mylyn.core.model.edges.containment" OriginId="org.eclipse.mylyn.core.model.interest.propagation" StartDate="2013-04-27 17:03:10.839 CEST" StructureHandle="/org.eclipse.mylyn.tests.util/src" StructureKind="resource" NumEvents="4" CreationCount="225"/><InteractionEvent Delta="null" EndDate="2013-04-27 17:02:22.27 CEST" Interest="2.0" Kind="propagation" Navigation="org.eclipse.mylyn.core.model.edges.containment" OriginId="org.eclipse.mylyn.core.model.interest.propagation" StartDate="2013-04-27 17:01:34.311 CEST" StructureHandle="=org.eclipse.mylyn.gerrit.tests/src&amp;lt;org.eclipse.mylyn.gerrit.tests.support{GerritProject.java[GerritProject[GerritProjectTest" StructureKind="java" NumEvents="2" CreationCount="202"/><InteractionEvent Delta="null" EndDate="2013-04-27 16:58:13.355 CEST" Interest="2.0" Kind="selection" Navigation="null" OriginId="org.eclipse.jdt.ui.CompilationUnitEditor" StartDate="2013-04-27 16:57:46.803 CEST" StructureHandle="=org.eclipse.mylyn.debug.tests/src&amp;lt;org.eclipse.mylyn.internal.debug.ui{BreakpointsContextUtilTest.java[BreakpointsContextUtilTest~setUp" StructureKind="java" NumEvents="2" CreationCount="174"/><InteractionEvent Delta="null" EndDate="2013-04-27 16:55:21.431 CEST" Interest="16.0" Kind="edit" Navigation="null" OriginId="org.eclipse.jdt.ui.CompilationUnitEditor" StartDate="2013-04-27 16:53:53.763 CEST" StructureHandle="=org.eclipse.mylyn.debug.tests/src&amp;lt;org.eclipse.mylyn.internal.debug.ui{Test2.java[Test2~testXMLIdentical" StructureKind="java" NumEvents="16" CreationCount="109"/><InteractionEvent Delta="null" EndDate="2013-04-27 16:55:17.316 CEST" Interest="2.0" Kind="selection" Navigation="null" OriginId="org.eclipse.jdt.ui.CompilationUnitEditor" StartDate="2013-04-27 16:53:53.337 CEST" StructureHandle="=org.eclipse.mylyn.debug.tests/src&amp;lt;org.eclipse.mylyn.internal.debug.ui{Test2.java[Test2~testXMLIdentical" StructureKind="java" NumEvents="2" CreationCount="109"/><InteractionEvent Delta="null" EndDate="2013-04-27 15:46:26.100 CEST" Interest="1.0" Kind="propagation" Navigation="org.eclipse.mylyn.core.model.edges.containment" OriginId="org.eclipse.mylyn.core.model.interest.propagation" StartDate="2013-04-27 15:46:26.100 CEST" StructureHandle="/org.eclipse.mylyn.bugzilla.releng/modules/bugzilla/manifests" StructureKind="resource"/><InteractionEvent Delta="null" EndDate="2013-04-27 15:46:26.137 CEST" Interest="1.0" Kind="propagation" Navigation="org.eclipse.mylyn.core.model.edges.containment" OriginId="org.eclipse.mylyn.core.model.interest.propagation" StartDate="2013-04-27 15:46:26.137 CEST" StructureHandle="=org.eclipse.mylyn.tasks.tests/src" StructureKind="java"/><InteractionEvent Delta="null" EndDate="2013-04-27 15:32:16.625 CEST" Interest="2.2210002" Kind="propagation" Navigation="org.eclipse.mylyn.core.model.edges.containment" OriginId="org.eclipse.mylyn.core.model.interest.propagation" StartDate="2013-04-27 15:32:16.613 CEST" StructureHandle="=org.eclipse.mylyn.bugzilla.tests/\/home\/spingel\/workspace-e_4_x_m_3_x\/.metadata\/.plugins\/org.eclipse.pde.core\/.bundle_pool\/plugins\/org.junit_4.11.0.v201303080030\/junit.jar&amp;lt;org.junit" StructureKind="java" NumEvents="15" CreationCount="1"/><InteractionEvent Delta="null" EndDate="2013-04-27 17:03:22.558 CEST" Interest="50.0" Kind="propagation" Navigation="org.eclipse.mylyn.core.model.edges.containment" OriginId="org.eclipse.mylyn.core.model.interest.propagation" StartDate="2013-04-27 16:57:32.667 CEST" StructureHandle="/org.eclipse.mylyn.gerrit.tests/src" StructureKind="resource" NumEvents="50" CreationCount="166"/><InteractionEvent Delta="null" EndDate="2013-04-27 17:03:22.558 CEST" Interest="50.0" Kind="propagation" Navigation="org.eclipse.mylyn.core.model.edges.containment" OriginId="org.eclipse.mylyn.core.model.interest.propagation" StartDate="2013-04-27 16:57:32.667 CEST" StructureHandle="/org.eclipse.mylyn.gerrit.tests/src/org/eclipse/mylyn/gerrit/tests" StructureKind="resource" NumEvents="50" CreationCount="166"/><InteractionEvent Delta="null" EndDate="2013-04-27 15:46:26.85 CEST" Interest="1.0" Kind="prediction" Navigation="null" OriginId="org.eclipse.mylyn.resources.ui.interest.updater" StartDate="2013-04-27 15:46:26.85 CEST" StructureHandle="/org.eclipse.mylyn.bugzilla.releng/modules/bugzilla/manifests/defaultsites.pp" StructureKind="resource"/><InteractionEvent Delta="null" EndDate="2013-04-27 15:32:16.635 CEST" Interest="2.0" Kind="selection" Navigation="null" OriginId="org.eclipse.mylyn.internal.context.ui.ContextPopulationStrategy" StartDate="2013-04-27 15:32:16.623 CEST" StructureHandle="=org.eclipse.mylyn.bugzilla.tests/\/home\/spingel\/workspace-e_4_x_m_3_x\/.metadata\/.plugins\/org.eclipse.pde.core\/.bundle_pool\/plugins\/org.junit_4.11.0.v201303080030\/junit.jar&amp;lt;org.junit(Assert.class[Assert~assertEquals~D~D~D" StructureKind="java" NumEvents="2" CreationCount="11"/><InteractionEvent Delta="null" EndDate="2013-04-27 15:46:26.107 CEST" Interest="2.0" Kind="propagation" Navigation="org.eclipse.mylyn.core.model.edges.containment" OriginId="org.eclipse.mylyn.core.model.interest.propagation" StartDate="2013-04-27 15:32:43.580 CEST" StructureHandle="/org.eclipse.mylyn.bugzilla.tests/src/org/eclipse/mylyn/bugzilla" StructureKind="resource" NumEvents="2" CreationCount="34"/><InteractionEvent Delta="null" EndDate="2013-04-27 17:03:11.519 CEST" Interest="4.0" Kind="propagation" Navigation="null" OriginId="org.eclipse.jdt.ui.CompilationUnitEditor" StartDate="2013-04-27 17:03:10.839 CEST" StructureHandle="/org.eclipse.mylyn.tests.util/src/org/eclipse/mylyn/tests/util/TestFixture.java" StructureKind="resource" NumEvents="4" CreationCount="225"/><InteractionEvent Delta="null" EndDate="2013-04-27 17:02:14.385 CEST" Interest="3.034" Kind="propagation" Navigation="org.eclipse.mylyn.core.model.edges.containment" OriginId="org.eclipse.mylyn.core.model.interest.propagation" StartDate="2013-04-27 17:01:48.794 CEST" StructureHandle="=org.eclipse.mylyn.gerrit.ui" StructureKind="java" NumEvents="5" CreationCount="203"/><InteractionEvent Delta="null" EndDate="2013-04-27 15:46:26.137 CEST" Interest="1.0" Kind="propagation" Navigation="org.eclipse.mylyn.core.model.edges.containment" OriginId="org.eclipse.mylyn.core.model.interest.propagation" StartDate="2013-04-27 15:46:26.137 CEST" StructureHandle="/org.eclipse.mylyn.tasks.tests/src/org/eclipse" StructureKind="resource"/><InteractionEvent Delta="null" EndDate="2013-04-27 15:46:26.87 CEST" Interest="1.0" Kind="prediction" Navigation="null" OriginId="org.eclipse.mylyn.resources.ui.interest.updater" StartDate="2013-04-27 15:46:26.87 CEST" StructureHandle="=org.eclipse.mylyn.bugzilla.tests/src&amp;lt;org.eclipse.mylyn.bugzilla.tests.core{BugzillaClientTest.java" StructureKind="java"/><InteractionEvent Delta="null" EndDate="2013-04-27 17:01:31.537 CEST" Interest="8.0" Kind="edit" Navigation="null" OriginId="org.eclipse.jdt.ui.CompilationUnitEditor" StartDate="2013-04-27 16:59:40.918 CEST" StructureHandle="=org.eclipse.mylyn.gerrit.tests/src&amp;lt;org.eclipse.mylyn.gerrit.tests.support{GerritProject.java[GerritProject~commitAndPush~QCommitCommand;" StructureKind="java" NumEvents="8" CreationCount="185"/><InteractionEvent Delta="null" EndDate="2013-04-27 17:01:25.930 CEST" Interest="2.0" Kind="selection" Navigation="null" OriginId="org.eclipse.jdt.ui.CompilationUnitEditor" StartDate="2013-04-27 16:59:40.71 CEST" StructureHandle="=org.eclipse.mylyn.gerrit.tests/src&amp;lt;org.eclipse.mylyn.gerrit.tests.support{GerritProject.java[GerritProject~commitAndPush~QCommitCommand;" StructureKind="java" NumEvents="2" CreationCount="185"/><InteractionEvent Delta="null" EndDate="2013-04-27 16:58:51.760 CEST" Interest="127.0" Kind="propagation" Navigation="org.eclipse.mylyn.core.model.edges.containment" OriginId="org.eclipse.mylyn.core.model.interest.propagation" StartDate="2013-04-27 15:32:16.643 CEST" StructureHandle="/org.eclipse.mylyn.debug.tests/src/org/eclipse/mylyn/internal" StructureKind="resource" NumEvents="127" CreationCount="28"/><InteractionEvent Delta="null" EndDate="2013-04-27 15:32:16.635 CEST" Interest="2.0" Kind="selection" Navigation="null" OriginId="org.eclipse.mylyn.internal.context.ui.ContextPopulationStrategy" StartDate="2013-04-27 15:32:16.624 CEST" StructureHandle="=org.eclipse.mylyn.bugzilla.tests/\/home\/spingel\/workspace-e_4_x_m_3_x\/.metadata\/.plugins\/org.eclipse.pde.core\/.bundle_pool\/plugins\/org.junit_4.11.0.v201303080030\/junit.jar&amp;lt;org.junit(Assert.class[Assert~assertEquals~Ljava.lang.String;~\[Ljava.lang.Object;~\[Ljava.lang.Object;" StructureKind="java" NumEvents="2" CreationCount="13"/><InteractionEvent Delta="null" EndDate="2013-04-27 15:32:43.580 CEST" Interest="1.0" Kind="propagation" Navigation="org.eclipse.mylyn.core.model.edges.containment" OriginId="org.eclipse.mylyn.core.model.interest.propagation" StartDate="2013-04-27 15:32:43.580 CEST" StructureHandle="/org.eclipse.mylyn.bugzilla.tests/src/org/eclipse/mylyn/bugzilla/tests/ui" StructureKind="resource"/><InteractionEvent Delta="null" EndDate="2013-04-27 17:03:22.558 CEST" Interest="50.0" Kind="propagation" Navigation="org.eclipse.mylyn.core.model.edges.containment" OriginId="org.eclipse.mylyn.core.model.interest.propagation" StartDate="2013-04-27 16:57:32.667 CEST" StructureHandle="/org.eclipse.mylyn.gerrit.tests/src/org/eclipse" StructureKind="resource" NumEvents="50" CreationCount="166"/><InteractionEvent Delta="null" EndDate="2013-04-27 15:32:43.580 CEST" Interest="1.0" Kind="prediction" Navigation="null" OriginId="org.eclipse.mylyn.resources.ui.interest.updater" StartDate="2013-04-27 15:32:43.580 CEST" StructureHandle="=org.eclipse.mylyn.bugzilla.tests/src&amp;lt;org.eclipse.mylyn.bugzilla.tests.ui{BugzillaTaskEditorTest.java" StructureKind="java"/><InteractionEvent Delta="null" EndDate="2013-04-27 15:32:16.603 CEST" Interest="1.0" Kind="propagation" Navigation="org.eclipse.mylyn.core.model.edges.containment" OriginId="org.eclipse.mylyn.core.model.interest.propagation" StartDate="2013-04-27 15:32:16.603 CEST" StructureHandle="=org.eclipse.mylyn.bugzilla.tests/\/home\/spingel\/workspace-e_4_x_m_3_x\/.metadata\/.plugins\/org.eclipse.pde.core\/.bundle_pool\/plugins\/org.junit_4.11.0.v201303080030\/junit.jar&amp;lt;org.junit(ComparisonFailure.class" StructureKind="java"/><InteractionEvent Delta="null" EndDate="2013-04-27 17:02:31.590 CEST" Interest="1.0" Kind="selection" Navigation="null" OriginId="org.eclipse.jdt.ui.CompilationUnitEditor" StartDate="2013-04-27 17:02:31.590 CEST" StructureHandle="=org.eclipse.mylyn.gerrit.tests/src&amp;lt;org.eclipse.mylyn.gerrit.tests.support{GerritProject.java[GerritProject~getFolder" StructureKind="java"/><InteractionEvent Delta="null" EndDate="2013-04-27 15:46:26.87 CEST" Interest="1.0" Kind="prediction" Navigation="null" OriginId="org.eclipse.mylyn.resources.ui.interest.updater" StartDate="2013-04-27 15:46:26.87 CEST" StructureHandle="=org.eclipse.mylyn.tasks.tests/src&amp;lt;org.eclipse.mylyn.tasks.tests.data{TaskDataExternalizerTest.java" StructureKind="java"/><InteractionEvent Delta="null" EndDate="2013-04-27 17:03:22.558 CEST" Interest="50.0" Kind="propagation" Navigation="org.eclipse.mylyn.core.model.edges.containment" OriginId="org.eclipse.mylyn.core.model.interest.propagation" StartDate="2013-04-27 16:57:32.667 CEST" StructureHandle="/org.eclipse.mylyn.gerrit.tests/src/org" StructureKind="resource" NumEvents="50" CreationCount="166"/><InteractionEvent Delta="null" EndDate="2013-04-27 17:00:03.824 CEST" Interest="1.0" Kind="selection" Navigation="null" OriginId="org.eclipse.jdt.ui.CompilationUnitEditor" StartDate="2013-04-27 17:00:03.824 CEST" StructureHandle="=org.eclipse.mylyn.gerrit.tests/src&amp;lt;org.eclipse.mylyn.gerrit.tests.support{GerritProject.java[GerritProject^git" StructureKind="java"/><InteractionEvent Delta="null" EndDate="2013-04-27 17:03:22.558 CEST" Interest="50.0" Kind="propagation" Navigation="null" OriginId="org.eclipse.jdt.ui.CompilationUnitEditor" StartDate="2013-04-27 16:57:32.667 CEST" StructureHandle="/org.eclipse.mylyn.gerrit.tests/src/org/eclipse/mylyn/gerrit/tests/support/GerritProject.java" StructureKind="resource" NumEvents="50" CreationCount="166"/><InteractionEvent Delta="null" EndDate="2013-04-27 15:46:26.105 CEST" Interest="1.0" Kind="propagation" Navigation="null" OriginId="org.eclipse.mylyn.resources.ui.interest.updater" StartDate="2013-04-27 15:46:26.105 CEST" StructureHandle="/org.eclipse.mylyn.bugzilla.tests/src/org/eclipse/mylyn/bugzilla/tests/support/BugzillaFixture.java" StructureKind="resource"/><InteractionEvent Delta="null" EndDate="2013-04-27 16:58:14.249 CEST" Interest="7.0" Kind="selection" Navigation="null" OriginId="org.eclipse.jdt.ui.CompilationUnitEditor" StartDate="2013-04-27 15:32:16.636 CEST" StructureHandle="=org.eclipse.mylyn.debug.tests/src&amp;lt;org.eclipse.mylyn.internal.debug.ui{BreakpointsContextUtilTest.java[BreakpointsContextUtilTest" StructureKind="java" NumEvents="7" CreationCount="20"/><InteractionEvent Delta="null" EndDate="2013-04-27 16:57:46.86 CEST" Interest="17.050999" Kind="propagation" Navigation="org.eclipse.mylyn.core.model.edges.containment" OriginId="org.eclipse.mylyn.core.model.interest.propagation" StartDate="2013-04-27 15:32:16.646 CEST" StructureHandle="=org.eclipse.mylyn.debug.tests/src&amp;lt;org.eclipse.mylyn.internal.debug.ui{BreakpointsContextUtilTest.java[BreakpointsContextUtilTest" StructureKind="java" NumEvents="26" CreationCount="20"/><InteractionEvent Delta="null" EndDate="2013-04-27 16:58:16.159 CEST" Interest="4.0" Kind="edit" Navigation="null" OriginId="org.eclipse.jdt.ui.CompilationUnitEditor" StartDate="2013-04-27 15:32:24.737 CEST" StructureHandle="=org.eclipse.mylyn.debug.tests/src&amp;lt;org.eclipse.mylyn.internal.debug.ui{BreakpointsContextUtilTest.java[BreakpointsContextUtilTest" StructureKind="java" NumEvents="4" CreationCount="20"/><InteractionEvent Delta="null" EndDate="2013-04-27 15:46:26.105 CEST" Interest="1.0" Kind="propagation" Navigation="org.eclipse.mylyn.core.model.edges.containment" OriginId="org.eclipse.mylyn.core.model.interest.propagation" StartDate="2013-04-27 15:46:26.105 CEST" StructureHandle="=org.eclipse.mylyn.bugzilla.tests/src&amp;lt;org.eclipse.mylyn.bugzilla.tests.core" StructureKind="java"/><InteractionEvent Delta="null" EndDate="2013-04-27 16:09:01.728 CEST" Interest="4.0" Kind="propagation" Navigation="null" OriginId="org.eclipse.pde.ui.featureEditor" StartDate="2013-04-27 16:08:47.601 CEST" StructureHandle="/org.eclipse.mylyn.tasks.ide-feature" StructureKind="resource" NumEvents="4" CreationCount="37"/><InteractionEvent Delta="null" EndDate="2013-04-27 15:32:16.626 CEST" Interest="2.0" Kind="selection" Navigation="null" OriginId="org.eclipse.mylyn.internal.context.ui.ContextPopulationStrategy" StartDate="2013-04-27 15:32:16.621 CEST" StructureHandle="=org.eclipse.mylyn.bugzilla.tests/\/home\/spingel\/workspace-e_4_x_m_3_x\/.metadata\/.plugins\/org.eclipse.pde.core\/.bundle_pool\/plugins\/org.junit_4.11.0.v201303080030\/junit.jar&amp;lt;org.junit(Assert.class[Assert~assertEquals~Ljava.lang.String;~F~F~F" StructureKind="java" NumEvents="2" CreationCount="6"/><InteractionEvent Delta="null" EndDate="2013-04-27 17:03:10.902 CEST" Interest="1.0" Kind="edit" Navigation="null" OriginId="org.eclipse.jdt.ui.CompilationUnitEditor" StartDate="2013-04-27 17:03:10.902 CEST" StructureHandle="=org.eclipse.mylyn.tests.util/src&amp;lt;org.eclipse.mylyn.tests.util{TestFixture.java" StructureKind="java"/><InteractionEvent Delta="null" EndDate="2013-04-27 17:03:10.899 CEST" Interest="2.0" Kind="selection" Navigation="null" OriginId="org.eclipse.jdt.ui.CompilationUnitEditor" StartDate="2013-04-27 17:03:10.839 CEST" StructureHandle="=org.eclipse.mylyn.tests.util/src&amp;lt;org.eclipse.mylyn.tests.util{TestFixture.java" StructureKind="java" NumEvents="2" CreationCount="225"/><InteractionEvent Delta="null" EndDate="2013-04-27 16:55:21.431 CEST" Interest="10.551" Kind="propagation" Navigation="org.eclipse.mylyn.core.model.edges.containment" OriginId="org.eclipse.mylyn.core.model.interest.propagation" StartDate="2013-04-27 16:53:56.221 CEST" StructureHandle="=org.eclipse.mylyn.debug.tests/src&amp;lt;org.eclipse.mylyn.internal.debug.ui{Test2.java[Test2" StructureKind="java" NumEvents="15" CreationCount="106"/><InteractionEvent Delta="null" EndDate="2013-04-27 16:53:52.727 CEST" Interest="1.0" Kind="edit" Navigation="null" OriginId="org.eclipse.jdt.ui.CompilationUnitEditor" StartDate="2013-04-27 16:53:52.727 CEST" StructureHandle="=org.eclipse.mylyn.debug.tests/src&amp;lt;org.eclipse.mylyn.internal.debug.ui{Test2.java[Test2" StructureKind="java"/><InteractionEvent Delta="null" EndDate="2013-04-27 16:53:40.474 CEST" Interest="2.0" Kind="selection" Navigation="null" OriginId="org.eclipse.jdt.ui.CompilationUnitEditor" StartDate="2013-04-27 16:53:40.472 CEST" StructureHandle="=org.eclipse.mylyn.debug.tests/src&amp;lt;org.eclipse.mylyn.internal.debug.ui{Test2.java[Test2" StructureKind="java" NumEvents="2" CreationCount="106"/><InteractionEvent Delta="null" EndDate="2013-04-27 15:32:16.635 CEST" Interest="2.0" Kind="selection" Navigation="null" OriginId="org.eclipse.mylyn.internal.context.ui.ContextPopulationStrategy" StartDate="2013-04-27 15:32:16.624 CEST" StructureHandle="=org.eclipse.mylyn.bugzilla.tests/\/home\/spingel\/workspace-e_4_x_m_3_x\/.metadata\/.plugins\/org.eclipse.pde.core\/.bundle_pool\/plugins\/org.junit_4.11.0.v201303080030\/junit.jar&amp;lt;org.junit(Assert.class[Assert~assertEquals~F~F~F" StructureKind="java" NumEvents="2" CreationCount="12"/><InteractionEvent Delta="null" EndDate="2013-04-27 16:58:51.760 CEST" Interest="127.0" Kind="propagation" Navigation="org.eclipse.mylyn.core.model.edges.containment" OriginId="org.eclipse.mylyn.core.model.interest.propagation" StartDate="2013-04-27 15:32:16.643 CEST" StructureHandle="/org.eclipse.mylyn.debug.tests/src/org/eclipse/mylyn" StructureKind="resource" NumEvents="127" CreationCount="28"/><InteractionEvent Delta="null" EndDate="2013-04-27 15:46:26.86 CEST" Interest="1.0" Kind="prediction" Navigation="null" OriginId="org.eclipse.mylyn.resources.ui.interest.updater" StartDate="2013-04-27 15:46:26.86 CEST" StructureHandle="/org.eclipse.mylyn.bugzilla.releng/modules/bugzilla/manifests/site.pp" StructureKind="resource"/><InteractionEvent Delta="null" EndDate="2013-04-27 16:52:28.636 CEST" Interest="1.0" Kind="selection" Navigation="null" OriginId="org.eclipse.jdt.ui.ClassFileEditor" StartDate="2013-04-27 16:52:28.636 CEST" StructureHandle="=org.eclipse.mylyn.debug.tests/\/home\/spingel\/workspace-e_4_x_m_3_x\/.metadata\/.plugins\/org.eclipse.pde.core\/.bundle_pool\/plugins\/org.junit_4.8.2.v4_8_2_v20110321-1705\/junit.jar&amp;lt;org.junit.runner.manipulation(Filter.class" StructureKind="java"/><InteractionEvent Delta="null" EndDate="2013-04-27 15:46:26.102 CEST" Interest="1.0" Kind="propagation" Navigation="org.eclipse.mylyn.core.model.edges.containment" OriginId="org.eclipse.mylyn.core.model.interest.propagation" StartDate="2013-04-27 15:46:26.102 CEST" StructureHandle="/org.eclipse.mylyn.bugzilla.releng/modules/bugzilla" StructureKind="resource"/><InteractionEvent Delta="null" EndDate="2013-04-27 15:46:26.137 CEST" Interest="1.0" Kind="propagation" Navigation="org.eclipse.mylyn.core.model.edges.containment" OriginId="org.eclipse.mylyn.core.model.interest.propagation" StartDate="2013-04-27 15:46:26.137 CEST" StructureHandle="/org.eclipse.mylyn.tasks.tests/src/org/eclipse/mylyn/tasks/tests/data" StructureKind="resource"/><InteractionEvent Delta="null" EndDate="2013-04-27 15:32:43.580 CEST" Interest="1.0" Kind="propagation" Navigation="null" OriginId="org.eclipse.mylyn.resources.ui.interest.updater" StartDate="2013-04-27 15:32:43.580 CEST" StructureHandle="/org.eclipse.mylyn.bugzilla.tests/src/org/eclipse/mylyn/bugzilla/tests/ui/BugzillaTaskEditorTest.java" StructureKind="resource"/><InteractionEvent Delta="null" EndDate="2013-04-27 16:57:41.656 CEST" Interest="1.0" Kind="edit" Navigation="null" OriginId="org.eclipse.jdt.ui.CompilationUnitEditor" StartDate="2013-04-27 16:57:41.656 CEST" StructureHandle="=org.eclipse.mylyn.gerrit.tests/src&amp;lt;org.eclipse.mylyn.gerrit.tests.support{GerritProject.java[GerritProject~commitAndPushFile~QString;~QString;" StructureKind="java"/><InteractionEvent Delta="null" EndDate="2013-04-27 16:59:34.832 CEST" Interest="2.0" Kind="selection" Navigation="null" OriginId="org.eclipse.jdt.ui.CompilationUnitEditor" StartDate="2013-04-27 16:57:40.425 CEST" StructureHandle="=org.eclipse.mylyn.gerrit.tests/src&amp;lt;org.eclipse.mylyn.gerrit.tests.support{GerritProject.java[GerritProject~commitAndPushFile~QString;~QString;" StructureKind="java" NumEvents="2" CreationCount="170"/><InteractionEvent Delta="null" EndDate="2013-04-27 15:32:16.626 CEST" Interest="2.0" Kind="selection" Navigation="null" OriginId="org.eclipse.mylyn.internal.context.ui.ContextPopulationStrategy" StartDate="2013-04-27 15:32:16.620 CEST" StructureHandle="=org.eclipse.mylyn.bugzilla.tests/\/home\/spingel\/workspace-e_4_x_m_3_x\/.metadata\/.plugins\/org.eclipse.pde.core\/.bundle_pool\/plugins\/org.junit_4.11.0.v201303080030\/junit.jar&amp;lt;org.junit(Assert.class[Assert~assertEquals~Ljava.lang.String;~Ljava.lang.Object;~Ljava.lang.Object;" StructureKind="java" NumEvents="2" CreationCount="3"/><InteractionEvent Delta="null" EndDate="2013-04-27 17:03:10.903 CEST" Interest="2.7000003" Kind="propagation" Navigation="org.eclipse.mylyn.core.model.edges.containment" OriginId="org.eclipse.mylyn.core.model.interest.propagation" StartDate="2013-04-27 17:03:10.839 CEST" StructureHandle="=org.eclipse.mylyn.tests.util/src&amp;lt;org.eclipse.mylyn.tests.util" StructureKind="java" NumEvents="3" CreationCount="225"/><InteractionEvent Delta="null" EndDate="2013-04-27 17:03:17.679 CEST" Interest="10.0" Kind="edit" Navigation="null" OriginId="org.eclipse.jdt.ui.CompilationUnitEditor" StartDate="2013-04-27 17:02:48.752 CEST" StructureHandle="=org.eclipse.mylyn.gerrit.tests/src&amp;lt;org.eclipse.mylyn.gerrit.tests.support{GerritProject.java[GerritProject~getCredentialsProvider" StructureKind="java" NumEvents="10" CreationCount="217"/><InteractionEvent Delta="null" EndDate="2013-04-27 17:03:12.770 CEST" Interest="3.0" Kind="selection" Navigation="null" OriginId="org.eclipse.jdt.ui.CompilationUnitEditor" StartDate="2013-04-27 17:02:42.407 CEST" StructureHandle="=org.eclipse.mylyn.gerrit.tests/src&amp;lt;org.eclipse.mylyn.gerrit.tests.support{GerritProject.java[GerritProject~getCredentialsProvider" StructureKind="java" NumEvents="3" CreationCount="217"/><InteractionEvent Delta="null" EndDate="2013-04-27 17:02:17.14 CEST" Interest="7.0" Kind="propagation" Navigation="null" OriginId="org.eclipse.jdt.ui.ClassFileEditor" StartDate="2013-04-27 17:01:48.794 CEST" StructureHandle="/org.eclipse.mylyn.gerrit.ui" StructureKind="resource" NumEvents="7" CreationCount="203"/><InteractionEvent Delta="null" EndDate="2013-04-27 17:03:20.89 CEST" Interest="5.867001" Kind="propagation" Navigation="org.eclipse.mylyn.core.model.edges.containment" OriginId="org.eclipse.mylyn.core.model.interest.propagation" StartDate="2013-04-27 16:59:55.860 CEST" StructureHandle="=org.eclipse.mylyn.gerrit.tests/src&amp;lt;org.eclipse.mylyn.gerrit.tests.support{GerritProject.java" StructureKind="java" NumEvents="11" CreationCount="166"/><InteractionEvent Delta="null" EndDate="2013-04-27 17:03:12.834 CEST" Interest="6.0" Kind="selection" Navigation="null" OriginId="org.eclipse.jdt.ui.CompilationUnitEditor" StartDate="2013-04-27 16:57:32.667 CEST" StructureHandle="=org.eclipse.mylyn.gerrit.tests/src&amp;lt;org.eclipse.mylyn.gerrit.tests.support{GerritProject.java" StructureKind="java" NumEvents="6" CreationCount="166"/><InteractionEvent Delta="null" EndDate="2013-04-27 17:03:11.519 CEST" Interest="4.0" Kind="propagation" Navigation="org.eclipse.mylyn.core.model.edges.containment" OriginId="org.eclipse.mylyn.core.model.interest.propagation" StartDate="2013-04-27 17:03:10.839 CEST" StructureHandle="/org.eclipse.mylyn.tests.util/src/org/eclipse/mylyn/tests" StructureKind="resource" NumEvents="4" CreationCount="225"/><InteractionEvent Delta="null" EndDate="2013-04-27 15:32:16.627 CEST" Interest="2.0" Kind="selection" Navigation="null" OriginId="org.eclipse.mylyn.internal.context.ui.ContextPopulationStrategy" StartDate="2013-04-27 15:32:16.622 CEST" StructureHandle="=org.eclipse.mylyn.bugzilla.tests/\/home\/spingel\/workspace-e_4_x_m_3_x\/.metadata\/.plugins\/org.eclipse.pde.core\/.bundle_pool\/plugins\/org.junit_4.11.0.v201303080030\/junit.jar&amp;lt;org.junit(Assert.class[Assert~assertEquals~Ljava.lang.String;~J~J" StructureKind="java" NumEvents="2" CreationCount="8"/><InteractionEvent Delta="null" EndDate="2013-04-27 15:32:16.625 CEST" Interest="2.2210002" Kind="propagation" Navigation="org.eclipse.mylyn.core.model.edges.containment" OriginId="org.eclipse.mylyn.core.model.interest.propagation" StartDate="2013-04-27 15:32:16.613 CEST" StructureHandle="=org.eclipse.mylyn.bugzilla.tests/\/home\/spingel\/workspace-e_4_x_m_3_x\/.metadata\/.plugins\/org.eclipse.pde.core\/.bundle_pool\/plugins\/org.junit_4.11.0.v201303080030\/junit.jar" StructureKind="java" NumEvents="15" CreationCount="1"/><InteractionEvent Delta="null" EndDate="2013-04-27 15:46:26.85 CEST" Interest="1.0" Kind="prediction" Navigation="null" OriginId="org.eclipse.mylyn.resources.ui.interest.updater" StartDate="2013-04-27 15:46:26.85 CEST" StructureHandle="/org.eclipse.mylyn.bugzilla.tests/META-INF/MANIFEST.MF" StructureKind="resource"/><InteractionEvent Delta="null" EndDate="2013-04-27 16:55:29.999 CEST" Interest="2.0" Kind="selection" Navigation="null" OriginId="org.eclipse.jdt.ui.CompilationUnitEditor" StartDate="2013-04-27 16:55:25.743 CEST" StructureHandle="=org.eclipse.mylyn.debug.tests/src&amp;lt;org.eclipse.mylyn.internal.debug.ui{BreakpointsContextUtilTest.java[BreakpointsContextUtilTest~testRemoveBreakpoints" StructureKind="java" NumEvents="2" CreationCount="136"/><InteractionEvent Delta="null" EndDate="2013-04-27 16:58:51.759 CEST" Interest="127.0" Kind="propagation" Navigation="null" OriginId="org.eclipse.jdt.ui.CompilationUnitEditor" StartDate="2013-04-27 15:32:16.643 CEST" StructureHandle="/org.eclipse.mylyn.debug.tests/src/org/eclipse/mylyn/internal/debug/ui" StructureKind="resource" NumEvents="127" CreationCount="28"/><InteractionEvent Delta="null" EndDate="2013-04-27 16:51:52.208 CEST" Interest="1.0" Kind="selection" Navigation="null" OriginId="org.eclipse.jdt.ui.PackageExplorer" StartDate="2013-04-27 16:51:52.208 CEST" StructureHandle="=org.eclipse.mylyn.debug.tests" StructureKind="java"/><InteractionEvent Delta="null" EndDate="2013-04-27 16:58:51.760 CEST" Interest="126.0" Kind="propagation" Navigation="org.eclipse.mylyn.core.model.edges.containment" OriginId="org.eclipse.mylyn.core.model.interest.propagation" StartDate="2013-04-27 15:32:16.643 CEST" StructureHandle="=org.eclipse.mylyn.debug.tests" StructureKind="resource" NumEvents="126" CreationCount="28"/><InteractionEvent Delta="null" EndDate="2013-04-27 16:57:39.382 CEST" Interest="1.0" Kind="selection" Navigation="null" OriginId="org.eclipse.jdt.ui.CompilationUnitEditor" StartDate="2013-04-27 16:57:39.382 CEST" StructureHandle="=org.eclipse.mylyn.gerrit.tests/src&amp;lt;org.eclipse.mylyn.gerrit.tests.support{GerritProject.java[GerritProject~commitAndPushFile~QString;" StructureKind="java"/><InteractionEvent Delta="null" EndDate="2013-04-27 17:03:22.558 CEST" Interest="3.0" Kind="edit" Navigation="null" OriginId="org.eclipse.jdt.ui.CompilationUnitEditor" StartDate="2013-04-27 17:00:40.202 CEST" StructureHandle="=org.eclipse.mylyn.gerrit.tests/src&amp;lt;org.eclipse.mylyn.gerrit.tests.support{GerritProject.java[GerritProject~getGitProject" StructureKind="java" NumEvents="3" CreationCount="192"/><InteractionEvent Delta="null" EndDate="2013-04-27 17:03:20.89 CEST" Interest="4.0" Kind="selection" Navigation="null" OriginId="org.eclipse.jdt.ui.CompilationUnitEditor" StartDate="2013-04-27 17:00:12.553 CEST" StructureHandle="=org.eclipse.mylyn.gerrit.tests/src&amp;lt;org.eclipse.mylyn.gerrit.tests.support{GerritProject.java[GerritProject~getGitProject" StructureKind="java" NumEvents="4" CreationCount="192"/></InteractionHistory>