<?xml version="1.0" encoding="UTF-8"?><InteractionHistory Id="https://bugs.eclipse.org/bugs-302015" Version="1"><InteractionEvent Delta="null" EndDate="2011-02-13 16:15:03.918 PST" Interest="1.0000019" Kind="propagation" Navigation="org.eclipse.mylyn.core.model.edges.containment" OriginId="org.eclipse.mylyn.core.model.interest.propagation" StartDate="2011-02-13 16:15:03.918 PST" StructureHandle="/org.eclipse.mylyn.context.ui/src/org/eclipse/mylyn/context" StructureKind="resource"/><InteractionEvent Delta="null" EndDate="2011-02-13 16:23:30.376 PST" Interest="1.0" Kind="edit" Navigation="null" OriginId="org.eclipse.jdt.ui.CompilationUnitEditor" StartDate="2011-02-13 16:23:30.376 PST" StructureHandle="=org.eclipse.mylyn.context.ui/src&amp;lt;org.eclipse.mylyn.context.ui{InterestFilter.java[InterestFilter~addTemporarilyUnfiltered~QObject;" StructureKind="java"/><InteractionEvent Delta="null" EndDate="2011-02-13 16:23:00.504 PST" Interest="1.0" Kind="propagation" Navigation="null" OriginId="org.eclipse.jdt.ui.CompilationUnitEditor" StartDate="2011-02-13 16:23:00.504 PST" StructureHandle="/org.eclipse.mylyn.context.ui/src" StructureKind="resource"/><InteractionEvent Delta="null" EndDate="2011-02-13 16:20:43.907 PST" Interest="1.0" Kind="propagation" Navigation="org.eclipse.mylyn.core.model.edges.containment" OriginId="org.eclipse.mylyn.core.model.interest.propagation" StartDate="2011-02-13 16:20:43.907 PST" StructureHandle="/org.eclipse.mylyn.context.ui/src/org/eclipse/mylyn/internal/context" StructureKind="resource"/><InteractionEvent Delta="null" EndDate="2011-02-13 16:23:24.371 PST" Interest="1.0" Kind="edit" Navigation="null" OriginId="org.eclipse.jdt.ui.CompilationUnitEditor" StartDate="2011-02-13 16:23:24.371 PST" StructureHandle="=org.eclipse.mylyn.context.ui/src&amp;lt;org.eclipse.mylyn.context.ui{InterestFilter.java[InterestFilter~addTemporarilyUnfiltered~QObject;" StructureKind="java"/><InteractionEvent Delta="null" EndDate="2011-02-13 16:03:17.687 PST" Interest="32.0" Kind="propagation" Navigation="org.eclipse.mylyn.core.model.edges.containment" OriginId="org.eclipse.mylyn.core.model.interest.propagation" StartDate="2011-02-13 16:01:35.92 PST" StructureHandle="/org.eclipse.mylyn.context.ui/src/org/eclipse/mylyn" StructureKind="resource" NumEvents="32" CreationCount="1"/><InteractionEvent Delta="null" EndDate="2011-02-13 16:01:24.50 PST" Interest="1.0" Kind="propagation" Navigation="null" OriginId="org.eclipse.mylyn.resources.ui.interest.updater" StartDate="2011-02-13 16:01:24.50 PST" StructureHandle="/org.eclipse.mylyn.htmltext/OSGI-INF" StructureKind="resource"/><InteractionEvent Delta="null" EndDate="2011-02-13 16:23:28.350 PST" Interest="1.0" Kind="propagation" Navigation="org.eclipse.mylyn.core.model.edges.containment" OriginId="org.eclipse.mylyn.core.model.interest.propagation" StartDate="2011-02-13 16:23:28.350 PST" StructureHandle="/org.eclipse.mylyn.context.ui/src/org/eclipse/mylyn" StructureKind="resource"/><InteractionEvent Delta="null" EndDate="2011-02-13 16:01:35.92 PST" Interest="1.0" Kind="prediction" Navigation="null" OriginId="org.eclipse.mylyn.resources.ui.interest.updater" StartDate="2011-02-13 16:01:35.92 PST" StructureHandle="=org.eclipse.mylyn.context.ui/src&amp;lt;org.eclipse.mylyn.context.ui{InterestFilter.java" StructureKind="java"/><InteractionEvent Delta="null" EndDate="2011-02-13 16:23:25.774 PST" Interest="1.0" Kind="propagation" Navigation="org.eclipse.mylyn.core.model.edges.containment" OriginId="org.eclipse.mylyn.core.model.interest.propagation" StartDate="2011-02-13 16:23:25.774 PST" StructureHandle="/org.eclipse.mylyn.context.ui/src/org/eclipse/mylyn/context/ui" StructureKind="resource"/><InteractionEvent Delta="null" EndDate="2011-02-13 16:20:43.907 PST" Interest="1.0" Kind="propagation" Navigation="org.eclipse.mylyn.core.model.edges.containment" OriginId="org.eclipse.mylyn.core.model.interest.propagation" StartDate="2011-02-13 16:20:43.907 PST" StructureHandle="/org.eclipse.mylyn.context.ui/src/org/eclipse/mylyn/internal/context/ui" StructureKind="resource"/><InteractionEvent Delta="null" EndDate="2011-02-13 16:23:08.542 PST" Interest="1.0" Kind="propagation" Navigation="null" OriginId="org.eclipse.jdt.ui.CompilationUnitEditor" StartDate="2011-02-13 16:23:08.542 PST" StructureHandle="/org.eclipse.mylyn.context.ui/src" StructureKind="resource"/><InteractionEvent Delta="null" EndDate="2011-02-13 16:03:10.614 PST" Interest="2.0" Kind="selection" Navigation="null" OriginId="org.eclipse.jdt.ui.CompilationUnitEditor" StartDate="2011-02-13 16:01:59.64 PST" StructureHandle="=org.eclipse.mylyn.context.ui/src&amp;lt;org.eclipse.mylyn.context.ui{InterestFilter.java[InterestFilter~addTemporarilyUnfiltered~QObject;" StructureKind="java" NumEvents="2" CreationCount="4"/><InteractionEvent Delta="null" EndDate="2011-02-13 16:01:35.92 PST" Interest="1.0" Kind="propagation" Navigation="null" OriginId="org.eclipse.mylyn.resources.ui.interest.updater" StartDate="2011-02-13 16:01:35.92 PST" StructureHandle="/org.eclipse.mylyn.context.ui/src/org/eclipse/mylyn/internal/context/ui/BrowseFilteredListener.java" StructureKind="resource"/><InteractionEvent Delta="null" EndDate="2011-02-13 16:23:28.350 PST" Interest="1.0" Kind="propagation" Navigation="org.eclipse.mylyn.core.model.edges.containment" OriginId="org.eclipse.mylyn.core.model.interest.propagation" StartDate="2011-02-13 16:23:28.350 PST" StructureHandle="/org.eclipse.mylyn.context.ui/src/org/eclipse" StructureKind="resource"/><InteractionEvent Delta="null" EndDate="2011-02-13 16:23:00.479 PST" Interest="1.0" Kind="propagation" Navigation="org.eclipse.mylyn.core.model.edges.containment" OriginId="org.eclipse.mylyn.core.model.interest.propagation" StartDate="2011-02-13 16:23:00.479 PST" StructureHandle="/org.eclipse.mylyn.context.ui/src/org" StructureKind="resource"/><InteractionEvent Delta="null" EndDate="2011-02-13 16:20:32.844 PST" Interest="1.0" Kind="propagation" Navigation="null" OriginId="org.eclipse.jdt.ui.CompilationUnitEditor" StartDate="2011-02-13 16:20:32.844 PST" StructureHandle="/org.eclipse.mylyn.context.ui/src" StructureKind="resource"/><InteractionEvent Delta="null" EndDate="2011-02-13 16:23:00.503 PST" Interest="1.0" Kind="propagation" Navigation="null" OriginId="org.eclipse.jdt.ui.CompilationUnitEditor" StartDate="2011-02-13 16:23:00.503 PST" StructureHandle="/org.eclipse.mylyn.context.ui/src/org/eclipse/mylyn/context/ui/InterestFilter.java" StructureKind="resource"/><InteractionEvent Delta="null" EndDate="2011-02-13 16:23:09.616 PST" Interest="1.0" Kind="propagation" Navigation="null" OriginId="org.eclipse.jdt.ui.CompilationUnitEditor" StartDate="2011-02-13 16:23:09.616 PST" StructureHandle="/org.eclipse.mylyn.context.ui/src/org/eclipse/mylyn/context/ui/InterestFilter.java" StructureKind="resource"/><InteractionEvent Delta="null" EndDate="2011-02-13 16:23:30.377 PST" Interest="1.0" Kind="propagation" Navigation="org.eclipse.mylyn.core.model.edges.containment" OriginId="org.eclipse.mylyn.core.model.interest.propagation" StartDate="2011-02-13 16:23:30.377 PST" StructureHandle="/org.eclipse.mylyn.context.ui/src/org/eclipse/mylyn/context/ui" StructureKind="resource"/><InteractionEvent Delta="null" EndDate="2011-02-13 16:23:09.615 PST" Interest="1.0" Kind="edit" Navigation="null" OriginId="org.eclipse.jdt.ui.CompilationUnitEditor" StartDate="2011-02-13 16:23:09.615 PST" StructureHandle="=org.eclipse.mylyn.context.ui/src&amp;lt;org.eclipse.mylyn.context.ui{InterestFilter.java[InterestFilter~addTemporarilyUnfiltered~QObject;" StructureKind="java"/><InteractionEvent Delta="null" EndDate="2011-02-13 16:23:43.291 PST" Interest="1.0" Kind="propagation" Navigation="org.eclipse.mylyn.core.model.edges.containment" OriginId="org.eclipse.mylyn.core.model.interest.propagation" StartDate="2011-02-13 16:23:43.291 PST" StructureHandle="/org.eclipse.mylyn.context.ui/src/org/eclipse/mylyn" StructureKind="resource"/><InteractionEvent Delta="null" EndDate="2011-02-13 16:23:18.989 PST" Interest="1.0" Kind="propagation" Navigation="org.eclipse.mylyn.core.model.edges.containment" OriginId="org.eclipse.mylyn.core.model.interest.propagation" StartDate="2011-02-13 16:23:18.989 PST" StructureHandle="/org.eclipse.mylyn.context.ui/src/org/eclipse/mylyn/context" StructureKind="resource"/><InteractionEvent Delta="null" EndDate="2011-02-13 16:23:30.377 PST" Interest="1.0" Kind="propagation" Navigation="org.eclipse.mylyn.core.model.edges.containment" OriginId="org.eclipse.mylyn.core.model.interest.propagation" StartDate="2011-02-13 16:23:30.377 PST" StructureHandle="/org.eclipse.mylyn.context.ui/src/org/eclipse/mylyn/context" StructureKind="resource"/><InteractionEvent Delta="null" EndDate="2011-02-13 16:01:35.93 PST" Interest="1.0" Kind="propagation" Navigation="org.eclipse.mylyn.core.model.edges.containment" OriginId="org.eclipse.mylyn.core.model.interest.propagation" StartDate="2011-02-13 16:01:35.93 PST" StructureHandle="=org.eclipse.mylyn.context.ui/src&amp;lt;org.eclipse.mylyn.internal.context.ui" StructureKind="java"/><InteractionEvent Delta="null" EndDate="2011-02-13 16:23:00.478 PST" Interest="1.0" Kind="propagation" Navigation="org.eclipse.mylyn.core.model.edges.containment" OriginId="org.eclipse.mylyn.core.model.interest.propagation" StartDate="2011-02-13 16:23:00.478 PST" StructureHandle="/org.eclipse.mylyn.context.ui/src/org/eclipse" StructureKind="resource"/><InteractionEvent Delta="null" EndDate="2011-02-13 16:20:43.908 PST" Interest="1.0" Kind="propagation" Navigation="null" OriginId="org.eclipse.jdt.ui.CompilationUnitEditor" StartDate="2011-02-13 16:20:43.908 PST" StructureHandle="/org.eclipse.mylyn.context.ui/src" StructureKind="resource"/><InteractionEvent Delta="null" EndDate="2011-02-13 16:20:32.790 PST" Interest="1.0" Kind="propagation" Navigation="org.eclipse.mylyn.core.model.edges.containment" OriginId="org.eclipse.mylyn.core.model.interest.propagation" StartDate="2011-02-13 16:20:32.790 PST" StructureHandle="/org.eclipse.mylyn.context.ui/src/org/eclipse/mylyn" StructureKind="resource"/><InteractionEvent Delta="null" EndDate="2011-02-13 16:23:25.775 PST" Interest="9.536743E-7" Kind="propagation" Navigation="org.eclipse.mylyn.core.model.edges.containment" OriginId="org.eclipse.mylyn.core.model.interest.propagation" StartDate="2011-02-13 16:23:25.775 PST" StructureHandle="=org.eclipse.mylyn.context.ui/src" StructureKind="java"/><InteractionEvent Delta="null" EndDate="2011-02-13 16:20:32.843 PST" Interest="1.0" Kind="propagation" Navigation="null" OriginId="org.eclipse.jdt.ui.CompilationUnitEditor" StartDate="2011-02-13 16:20:32.843 PST" StructureHandle="/org.eclipse.mylyn.context.ui/src/org/eclipse/mylyn/context/ui/InterestFilter.java" StructureKind="resource"/><InteractionEvent Delta="null" EndDate="2011-02-13 16:03:17.687 PST" Interest="33.0" Kind="propagation" Navigation="org.eclipse.mylyn.core.model.edges.containment" OriginId="org.eclipse.mylyn.core.model.interest.propagation" StartDate="2011-02-13 16:01:20.753 PST" StructureHandle="/" StructureKind="resource" NumEvents="33" CreationCount="1"/><InteractionEvent Delta="null" EndDate="2011-02-13 16:20:32.844 PST" Interest="1.0" Kind="propagation" Navigation="org.eclipse.mylyn.core.model.edges.containment" OriginId="org.eclipse.mylyn.core.model.interest.propagation" StartDate="2011-02-13 16:20:32.844 PST" StructureHandle="/org.eclipse.mylyn.context.ui/src/org" StructureKind="resource"/><InteractionEvent Delta="null" EndDate="2011-02-13 16:20:33.424 PST" Interest="1.0" Kind="selection" Navigation="null" OriginId="org.eclipse.jdt.ui.CompilationUnitEditor" StartDate="2011-02-13 16:20:33.424 PST" StructureHandle="=org.eclipse.mylyn.context.ui/src&amp;lt;org.eclipse.mylyn.context.ui{InterestFilter.java[InterestFilter" StructureKind="java"/><InteractionEvent Delta="null" EndDate="2011-02-13 16:02:56.621 PST" Interest="3.0" Kind="edit" Navigation="null" OriginId="org.eclipse.jdt.ui.CompilationUnitEditor" StartDate="2011-02-13 16:02:21.68 PST" StructureHandle="=org.eclipse.mylyn.context.ui/src&amp;lt;org.eclipse.mylyn.context.ui{InterestFilter.java[InterestFilter" StructureKind="java" NumEvents="3" CreationCount="4"/><InteractionEvent Delta="null" EndDate="2011-02-13 16:02:02.698 PST" Interest="2.4" Kind="propagation" Navigation="org.eclipse.mylyn.core.model.edges.containment" OriginId="org.eclipse.mylyn.core.model.interest.propagation" StartDate="2011-02-13 16:01:59.65 PST" StructureHandle="=org.eclipse.mylyn.context.ui/src&amp;lt;org.eclipse.mylyn.context.ui{InterestFilter.java[InterestFilter" StructureKind="java" NumEvents="3" CreationCount="4"/><InteractionEvent Delta="null" EndDate="2011-02-13 16:20:44.499 PST" Interest="1.0" Kind="selection" Navigation="null" OriginId="org.eclipse.jdt.ui.CompilationUnitEditor" StartDate="2011-02-13 16:20:44.499 PST" StructureHandle="=org.eclipse.mylyn.context.ui/src&amp;lt;org.eclipse.mylyn.internal.context.ui{BrowseFilteredListener.java[BrowseFilteredListener" StructureKind="java"/><InteractionEvent Delta="null" EndDate="2011-02-13 16:01:24.52 PST" Interest="1.0" Kind="propagation" Navigation="org.eclipse.mylyn.core.model.edges.containment" OriginId="org.eclipse.mylyn.core.model.interest.propagation" StartDate="2011-02-13 16:01:24.52 PST" StructureHandle="=org.eclipse.mylyn.htmltext" StructureKind="java"/><InteractionEvent Delta="null" EndDate="2011-02-13 16:20:32.790 PST" Interest="1.0" Kind="propagation" Navigation="org.eclipse.mylyn.core.model.edges.containment" OriginId="org.eclipse.mylyn.core.model.interest.propagation" StartDate="2011-02-13 16:20:32.790 PST" StructureHandle="/org.eclipse.mylyn.context.ui/src/org/eclipse/mylyn/context" StructureKind="resource"/><InteractionEvent Delta="null" EndDate="2011-02-13 16:20:32.789 PST" Interest="1.0" Kind="propagation" Navigation="null" OriginId="org.eclipse.jdt.ui.CompilationUnitEditor" StartDate="2011-02-13 16:20:32.789 PST" StructureHandle="/org.eclipse.mylyn.context.ui/src/org/eclipse/mylyn/context/ui/InterestFilter.java" StructureKind="resource"/><InteractionEvent Delta="null" EndDate="2011-02-13 16:23:18.990 PST" Interest="1.0" Kind="propagation" Navigation="null" OriginId="org.eclipse.jdt.ui.CompilationUnitEditor" StartDate="2011-02-13 16:23:18.990 PST" StructureHandle="/org.eclipse.mylyn.context.ui/src" StructureKind="resource"/><InteractionEvent Delta="null" EndDate="2011-02-13 16:20:44.500 PST" Interest="1.0" Kind="propagation" Navigation="null" OriginId="org.eclipse.jdt.ui.CompilationUnitEditor" StartDate="2011-02-13 16:20:44.500 PST" StructureHandle="/org.eclipse.mylyn.context.ui/src/org/eclipse/mylyn/internal/context/ui/BrowseFilteredListener.java" StructureKind="resource"/><InteractionEvent Delta="null" EndDate="2011-02-13 16:15:04.936 PST" Interest="1.0" Kind="propagation" Navigation="org.eclipse.mylyn.core.model.edges.containment" OriginId="org.eclipse.mylyn.core.model.interest.propagation" StartDate="2011-02-13 16:15:04.936 PST" StructureHandle="/" StructureKind="resource"/><InteractionEvent Delta="null" EndDate="2011-02-13 16:20:32.790 PST" Interest="1.0" Kind="propagation" Navigation="org.eclipse.mylyn.core.model.edges.containment" OriginId="org.eclipse.mylyn.core.model.interest.propagation" StartDate="2011-02-13 16:20:32.790 PST" StructureHandle="/org.eclipse.mylyn.context.ui/src/org" StructureKind="resource"/><InteractionEvent Delta="null" EndDate="2011-02-13 16:03:14.217 PST" Interest="2.0" Kind="selection" Navigation="null" OriginId="org.eclipse.jdt.ui.CompilationUnitEditor" StartDate="2011-02-13 16:03:06.277 PST" StructureHandle="=org.eclipse.mylyn.context.ui/src&amp;lt;org.eclipse.mylyn.context.ui{InterestFilter.java[InterestFilter~setTemporarilyUnfiltered~QObject;" StructureKind="java" NumEvents="2" CreationCount="26"/><InteractionEvent Delta="null" EndDate="2011-02-13 16:20:33.425 PST" Interest="1.0" Kind="propagation" Navigation="org.eclipse.mylyn.core.model.edges.containment" OriginId="org.eclipse.mylyn.core.model.interest.propagation" StartDate="2011-02-13 16:20:33.425 PST" StructureHandle="/" StructureKind="resource"/><InteractionEvent Delta="null" EndDate="2011-02-13 16:23:00.479 PST" Interest="1.0" Kind="propagation" Navigation="org.eclipse.mylyn.core.model.edges.containment" OriginId="org.eclipse.mylyn.core.model.interest.propagation" StartDate="2011-02-13 16:23:00.479 PST" StructureHandle="=org.eclipse.mylyn.context.ui/src&amp;lt;org.eclipse.mylyn.context.ui" StructureKind="java"/><InteractionEvent Delta="null" EndDate="2011-02-13 16:23:08.541 PST" Interest="1.0" Kind="propagation" Navigation="org.eclipse.mylyn.core.model.edges.containment" OriginId="org.eclipse.mylyn.core.model.interest.propagation" StartDate="2011-02-13 16:23:08.541 PST" StructureHandle="/org.eclipse.mylyn.context.ui/src/org/eclipse/mylyn/context/ui" StructureKind="resource"/><InteractionEvent Delta="null" EndDate="2011-02-13 16:20:43.908 PST" Interest="1.0" Kind="propagation" Navigation="org.eclipse.mylyn.core.model.edges.containment" OriginId="org.eclipse.mylyn.core.model.interest.propagation" StartDate="2011-02-13 16:20:43.908 PST" StructureHandle="/" StructureKind="resource"/><InteractionEvent Delta="null" EndDate="2011-02-13 16:20:32.790 PST" Interest="1.0" Kind="propagation" Navigation="null" OriginId="org.eclipse.jdt.ui.CompilationUnitEditor" StartDate="2011-02-13 16:20:32.790 PST" StructureHandle="/org.eclipse.mylyn.context.ui/src" StructureKind="resource"/><InteractionEvent Delta="null" EndDate="2011-02-13 16:15:03.919 PST" Interest="1.0" Kind="propagation" Navigation="null" OriginId="org.eclipse.jdt.ui.CompilationUnitEditor" StartDate="2011-02-13 16:15:03.919 PST" StructureHandle="/org.eclipse.mylyn.context.ui/src" StructureKind="resource"/><InteractionEvent Delta="null" EndDate="2011-02-13 16:20:43.907 PST" Interest="1.0" Kind="propagation" Navigation="org.eclipse.mylyn.core.model.edges.containment" OriginId="org.eclipse.mylyn.core.model.interest.propagation" StartDate="2011-02-13 16:20:43.907 PST" StructureHandle="/org.eclipse.mylyn.context.ui/src/org/eclipse/mylyn/internal" StructureKind="resource"/><InteractionEvent Delta="null" EndDate="2011-02-13 16:23:18.989 PST" Interest="1.0" Kind="propagation" Navigation="org.eclipse.mylyn.core.model.edges.containment" OriginId="org.eclipse.mylyn.core.model.interest.propagation" StartDate="2011-02-13 16:23:18.989 PST" StructureHandle="/org.eclipse.mylyn.context.ui/src/org/eclipse/mylyn" StructureKind="resource"/><InteractionEvent Delta="null" EndDate="2011-02-13 16:03:17.687 PST" Interest="32.0" Kind="propagation" Navigation="org.eclipse.mylyn.core.model.edges.containment" OriginId="org.eclipse.mylyn.core.model.interest.propagation" StartDate="2011-02-13 16:01:35.93 PST" StructureHandle="/org.eclipse.mylyn.context.ui/src/org/eclipse/mylyn/context/ui" StructureKind="resource" NumEvents="32" CreationCount="1"/><InteractionEvent Delta="null" EndDate="2011-02-13 16:15:03.919 PST" Interest="1.0" Kind="propagation" Navigation="org.eclipse.mylyn.core.model.edges.containment" OriginId="org.eclipse.mylyn.core.model.interest.propagation" StartDate="2011-02-13 16:15:03.919 PST" StructureHandle="=org.eclipse.mylyn.context.ui" StructureKind="resource"/><InteractionEvent Delta="null" EndDate="2011-02-13 16:23:00.504 PST" Interest="1.0" Kind="propagation" Navigation="org.eclipse.mylyn.core.model.edges.containment" OriginId="org.eclipse.mylyn.core.model.interest.propagation" StartDate="2011-02-13 16:23:00.504 PST" StructureHandle="/" StructureKind="resource"/><InteractionEvent Delta="null" EndDate="2011-02-13 16:20:43.845 PST" Interest="1.0" Kind="propagation" Navigation="org.eclipse.mylyn.core.model.edges.containment" OriginId="org.eclipse.mylyn.core.model.interest.propagation" StartDate="2011-02-13 16:20:43.845 PST" StructureHandle="=org.eclipse.mylyn.context.ui/src&amp;lt;org.eclipse.mylyn.internal.context.ui" StructureKind="java"/><InteractionEvent Delta="null" EndDate="2011-02-13 16:23:20.421 PST" Interest="1.0" Kind="propagation" Navigation="org.eclipse.mylyn.core.model.edges.containment" OriginId="org.eclipse.mylyn.core.model.interest.propagation" StartDate="2011-02-13 16:23:20.421 PST" StructureHandle="/org.eclipse.mylyn.context.ui/src/org/eclipse/mylyn/context" StructureKind="resource"/><InteractionEvent Delta="null" EndDate="2011-02-13 16:20:32.844 PST" Interest="1.0" Kind="propagation" Navigation="org.eclipse.mylyn.core.model.edges.containment" OriginId="org.eclipse.mylyn.core.model.interest.propagation" StartDate="2011-02-13 16:20:32.844 PST" StructureHandle="/org.eclipse.mylyn.context.ui/src/org/eclipse" StructureKind="resource"/><InteractionEvent Delta="null" EndDate="2011-02-13 16:23:00.479 PST" Interest="1.0" Kind="propagation" Navigation="org.eclipse.mylyn.core.model.edges.containment" OriginId="org.eclipse.mylyn.core.model.interest.propagation" StartDate="2011-02-13 16:23:00.479 PST" StructureHandle="=org.eclipse.mylyn.context.ui" StructureKind="resource"/><InteractionEvent Delta="null" EndDate="2011-02-13 16:15:04.935 PST" Interest="1.0" Kind="selection" Navigation="null" OriginId="org.eclipse.jdt.ui.PackageExplorer" StartDate="2011-02-13 16:15:04.935 PST" StructureHandle="=org.eclipse.mylyn.context.ui/src&amp;lt;org.eclipse.mylyn.context.ui{InterestFilter.java" StructureKind="java"/><InteractionEvent Delta="null" EndDate="2011-02-13 16:15:04.935 PST" Interest="1.0" Kind="propagation" Navigation="org.eclipse.mylyn.core.model.edges.containment" OriginId="org.eclipse.mylyn.core.model.interest.propagation" StartDate="2011-02-13 16:15:04.935 PST" StructureHandle="/org.eclipse.mylyn.context.ui/src/org/eclipse/mylyn/context" StructureKind="resource"/><InteractionEvent Delta="null" EndDate="2011-02-13 16:01:58.102 PST" Interest="2.0" Kind="selection" Navigation="null" OriginId="org.eclipse.jdt.ui.CompilationUnitEditor" StartDate="2011-02-13 16:01:57.284 PST" StructureHandle="=org.eclipse.mylyn.context.ui/src&amp;lt;org.eclipse.mylyn.context.ui{InterestFilter.java" StructureKind="java" NumEvents="2" CreationCount="1"/><InteractionEvent Delta="null" EndDate="2011-02-13 16:20:43.844 PST" Interest="1.0" Kind="propagation" Navigation="org.eclipse.mylyn.core.model.edges.containment" OriginId="org.eclipse.mylyn.core.model.interest.propagation" StartDate="2011-02-13 16:20:43.844 PST" StructureHandle="/org.eclipse.mylyn.context.ui/src/org/eclipse/mylyn/internal" StructureKind="resource"/><InteractionEvent Delta="null" EndDate="2011-02-13 16:23:28.350 PST" Interest="1.0" Kind="propagation" Navigation="null" OriginId="org.eclipse.jdt.ui.CompilationUnitEditor" StartDate="2011-02-13 16:23:28.350 PST" StructureHandle="/org.eclipse.mylyn.context.ui/src" StructureKind="resource"/><InteractionEvent Delta="null" EndDate="2011-02-13 16:01:20.753 PST" Interest="1.0" Kind="selection" Navigation="null" OriginId="org.eclipse.jdt.ui.PackageExplorer" StartDate="2011-02-13 16:01:20.753 PST" StructureHandle="=org.eclipse.mylyn.commons.screenshots" StructureKind="java"/><InteractionEvent Delta="null" EndDate="2011-02-13 16:22:59.209 PST" Interest="1.0" Kind="propagation" Navigation="null" OriginId="org.eclipse.jdt.ui.CompilationUnitEditor" StartDate="2011-02-13 16:22:59.209 PST" StructureHandle="/org.eclipse.mylyn.context.ui/src/org/eclipse/mylyn/internal/context/ui/BrowseFilteredListener.java" StructureKind="resource"/><InteractionEvent Delta="null" EndDate="2011-02-13 16:20:32.790 PST" Interest="1.0" Kind="propagation" Navigation="org.eclipse.mylyn.core.model.edges.containment" OriginId="org.eclipse.mylyn.core.model.interest.propagation" StartDate="2011-02-13 16:20:32.790 PST" StructureHandle="=org.eclipse.mylyn.context.ui/src" StructureKind="java"/><InteractionEvent Delta="null" EndDate="2011-02-13 16:23:09.616 PST" Interest="1.0" Kind="propagation" Navigation="org.eclipse.mylyn.core.model.edges.containment" OriginId="org.eclipse.mylyn.core.model.interest.propagation" StartDate="2011-02-13 16:23:09.616 PST" StructureHandle="/org.eclipse.mylyn.context.ui/src/org/eclipse/mylyn/context/ui" StructureKind="resource"/><InteractionEvent Delta="null" EndDate="2011-02-13 16:23:12.389 PST" Interest="1.0" Kind="propagation" Navigation="org.eclipse.mylyn.core.model.edges.containment" OriginId="org.eclipse.mylyn.core.model.interest.propagation" StartDate="2011-02-13 16:23:12.389 PST" StructureHandle="=org.eclipse.mylyn.context.ui" StructureKind="resource"/><InteractionEvent Delta="null" EndDate="2011-02-13 16:23:24.372 PST" Interest="1.0" Kind="propagation" Navigation="org.eclipse.mylyn.core.model.edges.containment" OriginId="org.eclipse.mylyn.core.model.interest.propagation" StartDate="2011-02-13 16:23:24.372 PST" StructureHandle="=org.eclipse.mylyn.context.ui" StructureKind="resource"/><InteractionEvent Delta="null" EndDate="2011-02-13 16:22:59.181 PST" Interest="1.0" Kind="propagation" Navigation="null" OriginId="org.eclipse.jdt.ui.CompilationUnitEditor" StartDate="2011-02-13 16:22:59.181 PST" StructureHandle="/org.eclipse.mylyn.context.ui/src" StructureKind="resource"/><InteractionEvent Delta="null" EndDate="2011-02-13 16:15:04.935 PST" Interest="1.0" Kind="propagation" Navigation="org.eclipse.mylyn.core.model.edges.containment" OriginId="org.eclipse.mylyn.core.model.interest.propagation" StartDate="2011-02-13 16:15:04.935 PST" StructureHandle="=org.eclipse.mylyn.context.ui/src" StructureKind="java"/><InteractionEvent Delta="null" EndDate="2011-02-13 16:23:20.420 PST" Interest="1.0" Kind="propagation" Navigation="org.eclipse.mylyn.core.model.edges.containment" OriginId="org.eclipse.mylyn.core.model.interest.propagation" StartDate="2011-02-13 16:23:20.420 PST" StructureHandle="/org.eclipse.mylyn.context.ui/src/org/eclipse/mylyn/context/ui" StructureKind="resource"/><InteractionEvent Delta="null" EndDate="2011-02-13 16:22:59.209 PST" Interest="1.0" Kind="propagation" Navigation="org.eclipse.mylyn.core.model.edges.containment" OriginId="org.eclipse.mylyn.core.model.interest.propagation" StartDate="2011-02-13 16:22:59.209 PST" StructureHandle="/org.eclipse.mylyn.context.ui/src/org/eclipse/mylyn/internal/context" StructureKind="resource"/><InteractionEvent Delta="null" EndDate="2011-02-13 16:20:43.844 PST" Interest="1.0" Kind="selection" Navigation="null" OriginId="org.eclipse.jdt.ui.CompilationUnitEditor" StartDate="2011-02-13 16:20:43.844 PST" StructureHandle="=org.eclipse.mylyn.context.ui/src&amp;lt;org.eclipse.mylyn.internal.context.ui{BrowseFilteredListener.java" StructureKind="java"/><InteractionEvent Delta="null" EndDate="2011-02-13 16:20:32.790 PST" Interest="1.0" Kind="propagation" Navigation="org.eclipse.mylyn.core.model.edges.containment" OriginId="org.eclipse.mylyn.core.model.interest.propagation" StartDate="2011-02-13 16:20:32.790 PST" StructureHandle="/org.eclipse.mylyn.context.ui/src/org/eclipse" StructureKind="resource"/><InteractionEvent Delta="null" EndDate="2011-02-13 16:23:00.504 PST" Interest="1.0" Kind="propagation" Navigation="org.eclipse.mylyn.core.model.edges.containment" OriginId="org.eclipse.mylyn.core.model.interest.propagation" StartDate="2011-02-13 16:23:00.504 PST" StructureHandle="=org.eclipse.mylyn.context.ui" StructureKind="resource"/><InteractionEvent Delta="null" EndDate="2011-02-13 16:23:43.292 PST" Interest="1.0" Kind="propagation" Navigation="org.eclipse.mylyn.core.model.edges.containment" OriginId="org.eclipse.mylyn.core.model.interest.propagation" StartDate="2011-02-13 16:23:43.292 PST" StructureHandle="/org.eclipse.mylyn.context.ui/src/org" StructureKind="resource"/><InteractionEvent Delta="null" EndDate="2011-02-13 16:22:59.181 PST" Interest="1.0" Kind="propagation" Navigation="org.eclipse.mylyn.core.model.edges.containment" OriginId="org.eclipse.mylyn.core.model.interest.propagation" StartDate="2011-02-13 16:22:59.181 PST" StructureHandle="/" StructureKind="resource"/><InteractionEvent Delta="null" EndDate="2011-02-13 16:23:24.371 PST" Interest="1.0" Kind="propagation" Navigation="org.eclipse.mylyn.core.model.edges.containment" OriginId="org.eclipse.mylyn.core.model.interest.propagation" StartDate="2011-02-13 16:23:24.371 PST" StructureHandle="/org.eclipse.mylyn.context.ui/src/org/eclipse" StructureKind="resource"/><InteractionEvent Delta="null" EndDate="2011-02-13 16:23:25.774 PST" Interest="1.0" Kind="edit" Navigation="null" OriginId="org.eclipse.jdt.ui.CompilationUnitEditor" StartDate="2011-02-13 16:23:25.774 PST" StructureHandle="=org.eclipse.mylyn.context.ui/src&amp;lt;org.eclipse.mylyn.context.ui{InterestFilter.java[InterestFilter~addTemporarilyUnfiltered~QObject;" StructureKind="java"/><InteractionEvent Delta="null" EndDate="2011-02-13 16:20:32.843 PST" Interest="1.0" Kind="edit" Navigation="null" OriginId="org.eclipse.jdt.ui.CompilationUnitEditor" StartDate="2011-02-13 16:20:32.843 PST" StructureHandle="=org.eclipse.mylyn.context.ui/src&amp;lt;org.eclipse.mylyn.context.ui{InterestFilter.java" StructureKind="java"/><InteractionEvent Delta="null" EndDate="2011-02-13 16:02:02.698 PST" Interest="2.0" Kind="edit" Navigation="null" OriginId="org.eclipse.jdt.ui.CompilationUnitEditor" StartDate="2011-02-13 16:02:00.576 PST" StructureHandle="=org.eclipse.mylyn.context.ui/src&amp;lt;org.eclipse.mylyn.context.ui{InterestFilter.java[InterestFilter~addTemporarilyUnfiltered~QObject;" StructureKind="java" NumEvents="2" CreationCount="4"/><InteractionEvent Delta="null" EndDate="2011-02-13 16:23:09.616 PST" Interest="1.0" Kind="propagation" Navigation="org.eclipse.mylyn.core.model.edges.containment" OriginId="org.eclipse.mylyn.core.model.interest.propagation" StartDate="2011-02-13 16:23:09.616 PST" StructureHandle="/org.eclipse.mylyn.context.ui/src/org/eclipse/mylyn/context" StructureKind="resource"/><InteractionEvent Delta="null" EndDate="2011-02-13 16:23:24.371 PST" Interest="1.0" Kind="propagation" Navigation="null" OriginId="org.eclipse.jdt.ui.CompilationUnitEditor" StartDate="2011-02-13 16:23:24.371 PST" StructureHandle="/org.eclipse.mylyn.context.ui/src/org/eclipse/mylyn/context/ui/InterestFilter.java" StructureKind="resource"/><InteractionEvent Delta="null" EndDate="2011-02-13 16:23:00.503 PST" Interest="1.0" Kind="propagation" Navigation="org.eclipse.mylyn.core.model.edges.containment" OriginId="org.eclipse.mylyn.core.model.interest.propagation" StartDate="2011-02-13 16:23:00.503 PST" StructureHandle="/org.eclipse.mylyn.context.ui/src/org/eclipse/mylyn" StructureKind="resource"/><InteractionEvent Delta="null" EndDate="2011-02-13 16:23:00.478 PST" Interest="1.0" Kind="propagation" Navigation="org.eclipse.mylyn.core.model.edges.containment" OriginId="org.eclipse.mylyn.core.model.interest.propagation" StartDate="2011-02-13 16:23:00.478 PST" StructureHandle="/org.eclipse.mylyn.context.ui/src/org/eclipse/mylyn/context/ui" StructureKind="resource"/><InteractionEvent Delta="null" EndDate="2011-02-13 16:01:35.92 PST" Interest="1.0" Kind="propagation" Navigation="org.eclipse.mylyn.core.model.edges.containment" OriginId="org.eclipse.mylyn.core.model.interest.propagation" StartDate="2011-02-13 16:01:35.92 PST" StructureHandle="/org.eclipse.mylyn.context.ui/src/org/eclipse/mylyn/internal/context" StructureKind="resource"/><InteractionEvent Delta="null" EndDate="2011-02-13 16:23:43.292 PST" Interest="1.0" Kind="propagation" Navigation="org.eclipse.mylyn.core.model.edges.containment" OriginId="org.eclipse.mylyn.core.model.interest.propagation" StartDate="2011-02-13 16:23:43.292 PST" StructureHandle="/" StructureKind="resource"/><InteractionEvent Delta="null" EndDate="2011-02-13 16:02:53.812 PST" Interest="5.0" Kind="selection" Navigation="null" OriginId="org.eclipse.jdt.ui.CompilationUnitEditor" StartDate="2011-02-13 16:02:08.801 PST" StructureHandle="=org.eclipse.mylyn.context.ui/src&amp;lt;org.eclipse.mylyn.context.ui{InterestFilter.java[InterestFilter" StructureKind="java" NumEvents="5" CreationCount="4"/><InteractionEvent Delta="null" EndDate="2011-02-13 16:01:20.754 PST" Interest="1.0" Kind="propagation" Navigation="org.eclipse.mylyn.core.model.edges.containment" OriginId="org.eclipse.mylyn.core.model.interest.propagation" StartDate="2011-02-13 16:01:20.754 PST" StructureHandle="" StructureKind="java"/><InteractionEvent Delta="null" EndDate="2011-02-13 16:20:44.500 PST" Interest="1.0" Kind="propagation" Navigation="org.eclipse.mylyn.core.model.edges.containment" OriginId="org.eclipse.mylyn.core.model.interest.propagation" StartDate="2011-02-13 16:20:44.500 PST" StructureHandle="/org.eclipse.mylyn.context.ui/src/org/eclipse/mylyn/internal/context/ui" StructureKind="resource"/><InteractionEvent Delta="null" EndDate="2011-02-13 16:20:44.500 PST" Interest="1.0" Kind="propagation" Navigation="org.eclipse.mylyn.core.model.edges.containment" OriginId="org.eclipse.mylyn.core.model.interest.propagation" StartDate="2011-02-13 16:20:44.500 PST" StructureHandle="/org.eclipse.mylyn.context.ui/src/org/eclipse/mylyn/internal" StructureKind="resource"/><InteractionEvent Delta="null" EndDate="2011-02-13 16:23:12.389 PST" Interest="1.0" Kind="propagation" Navigation="org.eclipse.mylyn.core.model.edges.containment" OriginId="org.eclipse.mylyn.core.model.interest.propagation" StartDate="2011-02-13 16:23:12.389 PST" StructureHandle="/" StructureKind="resource"/><InteractionEvent Delta="null" EndDate="2011-02-13 16:23:24.371 PST" Interest="1.0" Kind="propagation" Navigation="org.eclipse.mylyn.core.model.edges.containment" OriginId="org.eclipse.mylyn.core.model.interest.propagation" StartDate="2011-02-13 16:23:24.371 PST" StructureHandle="/org.eclipse.mylyn.context.ui/src/org/eclipse/mylyn/context" StructureKind="resource"/><InteractionEvent Delta="null" EndDate="2011-02-13 16:20:44.501 PST" Interest="1.0" Kind="propagation" Navigation="org.eclipse.mylyn.core.model.edges.containment" OriginId="org.eclipse.mylyn.core.model.interest.propagation" StartDate="2011-02-13 16:20:44.501 PST" StructureHandle="/" StructureKind="resource"/><InteractionEvent Delta="null" EndDate="2011-02-13 16:23:00.478 PST" Interest="1.0" Kind="selection" Navigation="null" OriginId="org.eclipse.jdt.ui.CompilationUnitEditor" StartDate="2011-02-13 16:23:00.478 PST" StructureHandle="=org.eclipse.mylyn.context.ui/src&amp;lt;org.eclipse.mylyn.context.ui{InterestFilter.java" StructureKind="java"/><InteractionEvent Delta="null" EndDate="2011-02-13 16:23:09.616 PST" Interest="1.0" Kind="propagation" Navigation="org.eclipse.mylyn.core.model.edges.containment" OriginId="org.eclipse.mylyn.core.model.interest.propagation" StartDate="2011-02-13 16:23:09.616 PST" StructureHandle="/org.eclipse.mylyn.context.ui/src/org/eclipse" StructureKind="resource"/><InteractionEvent Delta="null" EndDate="2011-02-13 16:23:28.350 PST" Interest="1.0" Kind="propagation" Navigation="org.eclipse.mylyn.core.model.edges.containment" OriginId="org.eclipse.mylyn.core.model.interest.propagation" StartDate="2011-02-13 16:23:28.350 PST" StructureHandle="=org.eclipse.mylyn.context.ui" StructureKind="resource"/><InteractionEvent Delta="null" EndDate="2011-02-13 16:22:59.209 PST" Interest="1.0" Kind="propagation" Navigation="null" OriginId="org.eclipse.jdt.ui.CompilationUnitEditor" StartDate="2011-02-13 16:22:59.209 PST" StructureHandle="/org.eclipse.mylyn.context.ui/src" StructureKind="resource"/><InteractionEvent Delta="null" EndDate="2011-02-13 16:15:04.935 PST" Interest="1.0" Kind="propagation" Navigation="org.eclipse.mylyn.core.model.edges.containment" OriginId="org.eclipse.mylyn.core.model.interest.propagation" StartDate="2011-02-13 16:15:04.935 PST" StructureHandle="/org.eclipse.mylyn.context.ui/src/org/eclipse/mylyn" StructureKind="resource"/><InteractionEvent Delta="null" EndDate="2011-02-13 16:23:43.292 PST" Interest="1.0" Kind="propagation" Navigation="org.eclipse.mylyn.core.model.edges.containment" OriginId="org.eclipse.mylyn.core.model.interest.propagation" StartDate="2011-02-13 16:23:43.292 PST" StructureHandle="/org.eclipse.mylyn.context.ui/src/org/eclipse" StructureKind="resource"/><InteractionEvent Delta="null" EndDate="2011-02-13 16:03:17.686 PST" Interest="4.0" Kind="edit" Navigation="null" OriginId="org.eclipse.jdt.ui.CompilationUnitEditor" StartDate="2011-02-13 16:03:07.291 PST" StructureHandle="=org.eclipse.mylyn.context.ui/src&amp;lt;org.eclipse.mylyn.context.ui{InterestFilter.java[InterestFilter~setTemporarilyUnfiltered~QObject;" StructureKind="java" NumEvents="4" CreationCount="26"/><InteractionEvent Delta="null" EndDate="2011-02-13 16:02:40.468 PST" Interest="5.0" Kind="edit" Navigation="null" OriginId="org.eclipse.jdt.ui.CompilationUnitEditor" StartDate="2011-02-13 16:02:26.39 PST" StructureHandle="=org.eclipse.mylyn.context.ui/src&amp;lt;org.eclipse.mylyn.context.ui{InterestFilter.java[InterestFilter~getTemporarilyUnfiltered" StructureKind="java" NumEvents="5" CreationCount="13"/><InteractionEvent Delta="null" EndDate="2011-02-13 16:03:17.687 PST" Interest="32.0" Kind="propagation" Navigation="org.eclipse.mylyn.core.model.edges.containment" OriginId="org.eclipse.mylyn.core.model.interest.propagation" StartDate="2011-02-13 16:01:35.92 PST" StructureHandle="/org.eclipse.mylyn.context.ui/src/org/eclipse" StructureKind="resource" NumEvents="32" CreationCount="1"/><InteractionEvent Delta="null" EndDate="2011-02-13 16:23:28.350 PST" Interest="1.0" Kind="propagation" Navigation="org.eclipse.mylyn.core.model.edges.containment" OriginId="org.eclipse.mylyn.core.model.interest.propagation" StartDate="2011-02-13 16:23:28.350 PST" StructureHandle="/" StructureKind="resource"/><InteractionEvent Delta="null" EndDate="2011-02-13 16:20:33.425 PST" Interest="1.0" Kind="propagation" Navigation="null" OriginId="org.eclipse.jdt.ui.CompilationUnitEditor" StartDate="2011-02-13 16:20:33.425 PST" StructureHandle="/org.eclipse.mylyn.context.ui/src" StructureKind="resource"/><InteractionEvent Delta="null" EndDate="2011-02-13 16:20:33.425 PST" Interest="1.0" Kind="propagation" Navigation="org.eclipse.mylyn.core.model.edges.containment" OriginId="org.eclipse.mylyn.core.model.interest.propagation" StartDate="2011-02-13 16:20:33.425 PST" StructureHandle="=org.eclipse.mylyn.context.ui" StructureKind="resource"/><InteractionEvent Delta="null" EndDate="2011-02-13 16:15:04.935 PST" Interest="1.0" Kind="propagation" Navigation="org.eclipse.mylyn.core.model.edges.containment" OriginId="org.eclipse.mylyn.core.model.interest.propagation" StartDate="2011-02-13 16:15:04.935 PST" StructureHandle="=org.eclipse.mylyn.context.ui" StructureKind="resource"/><InteractionEvent Delta="null" EndDate="2011-02-13 16:20:32.789 PST" Interest="1.0" Kind="selection" Navigation="null" OriginId="org.eclipse.jdt.ui.CompilationUnitEditor" StartDate="2011-02-13 16:20:32.789 PST" StructureHandle="=org.eclipse.mylyn.context.ui/src&amp;lt;org.eclipse.mylyn.context.ui{InterestFilter.java" StructureKind="java"/><InteractionEvent Delta="null" EndDate="2011-02-13 16:23:08.541 PST" Interest="1.0" Kind="selection" Navigation="null" OriginId="org.eclipse.jdt.ui.CompilationUnitEditor" StartDate="2011-02-13 16:23:08.541 PST" StructureHandle="=org.eclipse.mylyn.context.ui/src&amp;lt;org.eclipse.mylyn.context.ui{InterestFilter.java[InterestFilter~addTemporarilyUnfiltered~QObject;" StructureKind="java"/><InteractionEvent Delta="null" EndDate="2011-02-13 16:23:30.377 PST" Interest="1.0" Kind="propagation" Navigation="org.eclipse.mylyn.core.model.edges.containment" OriginId="org.eclipse.mylyn.core.model.interest.propagation" StartDate="2011-02-13 16:23:30.377 PST" StructureHandle="/org.eclipse.mylyn.context.ui/src/org" StructureKind="resource"/><InteractionEvent Delta="null" EndDate="2011-02-13 16:20:32.844 PST" Interest="1.0" Kind="propagation" Navigation="org.eclipse.mylyn.core.model.edges.containment" OriginId="org.eclipse.mylyn.core.model.interest.propagation" StartDate="2011-02-13 16:20:32.844 PST" StructureHandle="/org.eclipse.mylyn.context.ui/src/org/eclipse/mylyn" StructureKind="resource"/><InteractionEvent Delta="null" EndDate="2011-02-13 16:20:44.501 PST" Interest="1.0" Kind="propagation" Navigation="null" OriginId="org.eclipse.jdt.ui.CompilationUnitEditor" StartDate="2011-02-13 16:20:44.501 PST" StructureHandle="/org.eclipse.mylyn.context.ui/src" StructureKind="resource"/><InteractionEvent Delta="null" EndDate="2011-02-13 16:23:30.377 PST" Interest="1.0" Kind="propagation" Navigation="null" OriginId="org.eclipse.jdt.ui.CompilationUnitEditor" StartDate="2011-02-13 16:23:30.377 PST" StructureHandle="/org.eclipse.mylyn.context.ui/src/org/eclipse/mylyn/context/ui/InterestFilter.java" StructureKind="resource"/><InteractionEvent Delta="null" EndDate="2011-02-13 16:23:43.292 PST" Interest="1.0" Kind="propagation" Navigation="null" OriginId="org.eclipse.jdt.ui.CompilationUnitEditor" StartDate="2011-02-13 16:23:43.292 PST" StructureHandle="/org.eclipse.mylyn.context.ui/src" StructureKind="resource"/><InteractionEvent Delta="null" EndDate="2011-02-13 16:20:32.844 PST" Interest="1.0" Kind="propagation" Navigation="org.eclipse.mylyn.core.model.edges.containment" OriginId="org.eclipse.mylyn.core.model.interest.propagation" StartDate="2011-02-13 16:20:32.844 PST" StructureHandle="=org.eclipse.mylyn.context.ui" StructureKind="resource"/><InteractionEvent Delta="null" EndDate="2011-02-13 16:23:25.774 PST" Interest="1.0" Kind="propagation" Navigation="org.eclipse.mylyn.core.model.edges.containment" OriginId="org.eclipse.mylyn.core.model.interest.propagation" StartDate="2011-02-13 16:23:25.774 PST" StructureHandle="/org.eclipse.mylyn.context.ui/src/org/eclipse/mylyn/context" StructureKind="resource"/><InteractionEvent Delta="null" EndDate="2011-02-13 16:15:03.918 PST" Interest="1.0000019" Kind="propagation" Navigation="org.eclipse.mylyn.core.model.edges.containment" OriginId="org.eclipse.mylyn.core.model.interest.propagation" StartDate="2011-02-13 16:15:03.918 PST" StructureHandle="/org.eclipse.mylyn.context.ui/src/org" StructureKind="resource"/><InteractionEvent Delta="null" EndDate="2011-02-13 16:03:17.686 PST" Interest="32.0" Kind="propagation" Navigation="null" OriginId="org.eclipse.jdt.ui.CompilationUnitEditor" StartDate="2011-02-13 16:01:35.93 PST" StructureHandle="/org.eclipse.mylyn.context.ui/src/org/eclipse/mylyn/context/ui/InterestFilter.java" StructureKind="resource" NumEvents="32" CreationCount="1"/><InteractionEvent Delta="null" EndDate="2011-02-13 16:23:09.616 PST" Interest="1.0" Kind="propagation" Navigation="org.eclipse.mylyn.core.model.edges.containment" OriginId="org.eclipse.mylyn.core.model.interest.propagation" StartDate="2011-02-13 16:23:09.616 PST" StructureHandle="/org.eclipse.mylyn.context.ui/src/org/eclipse/mylyn" StructureKind="resource"/><InteractionEvent Delta="null" EndDate="2011-02-13 16:23:18.989 PST" Interest="1.0" Kind="edit" Navigation="null" OriginId="org.eclipse.jdt.ui.CompilationUnitEditor" StartDate="2011-02-13 16:23:18.989 PST" StructureHandle="=org.eclipse.mylyn.context.ui/src&amp;lt;org.eclipse.mylyn.context.ui{InterestFilter.java[InterestFilter~addTemporarilyUnfiltered~QObject;" StructureKind="java"/><InteractionEvent Delta="null" EndDate="2011-02-13 16:22:59.209 PST" Interest="1.0" Kind="propagation" Navigation="org.eclipse.mylyn.core.model.edges.containment" OriginId="org.eclipse.mylyn.core.model.interest.propagation" StartDate="2011-02-13 16:22:59.209 PST" StructureHandle="/org.eclipse.mylyn.context.ui/src/org/eclipse/mylyn/internal" StructureKind="resource"/><InteractionEvent Delta="null" EndDate="2011-02-13 16:20:44.500 PST" Interest="1.0" Kind="propagation" Navigation="org.eclipse.mylyn.core.model.edges.containment" OriginId="org.eclipse.mylyn.core.model.interest.propagation" StartDate="2011-02-13 16:20:44.500 PST" StructureHandle="/org.eclipse.mylyn.context.ui/src/org/eclipse/mylyn/internal/context" StructureKind="resource"/><InteractionEvent Delta="null" EndDate="2011-02-13 16:23:24.372 PST" Interest="1.0" Kind="propagation" Navigation="org.eclipse.mylyn.core.model.edges.containment" OriginId="org.eclipse.mylyn.core.model.interest.propagation" StartDate="2011-02-13 16:23:24.372 PST" StructureHandle="/" StructureKind="resource"/><InteractionEvent Delta="null" EndDate="2011-02-13 16:22:59.181 PST" Interest="1.0" Kind="propagation" Navigation="org.eclipse.mylyn.core.model.edges.containment" OriginId="org.eclipse.mylyn.core.model.interest.propagation" StartDate="2011-02-13 16:22:59.181 PST" StructureHandle="/org.eclipse.mylyn.context.ui/src/org/eclipse/mylyn/internal/context/ui" StructureKind="resource"/><InteractionEvent Delta="null" EndDate="2011-02-13 16:23:09.616 PST" Interest="1.0" Kind="propagation" Navigation="org.eclipse.mylyn.core.model.edges.containment" OriginId="org.eclipse.mylyn.core.model.interest.propagation" StartDate="2011-02-13 16:23:09.616 PST" StructureHandle="=org.eclipse.mylyn.context.ui" StructureKind="resource"/><InteractionEvent Delta="null" EndDate="2011-02-13 16:20:44.501 PST" Interest="1.0" Kind="propagation" Navigation="org.eclipse.mylyn.core.model.edges.containment" OriginId="org.eclipse.mylyn.core.model.interest.propagation" StartDate="2011-02-13 16:20:44.501 PST" StructureHandle="=org.eclipse.mylyn.context.ui" StructureKind="resource"/><InteractionEvent Delta="null" EndDate="2011-02-13 16:15:04.935 PST" Interest="1.0" Kind="propagation" Navigation="null" OriginId="org.eclipse.jdt.ui.PackageExplorer" StartDate="2011-02-13 16:15:04.935 PST" StructureHandle="/org.eclipse.mylyn.context.ui/src/org/eclipse/mylyn/context/ui/InterestFilter.java" StructureKind="resource"/><InteractionEvent Delta="null" EndDate="2011-02-13 16:02:05.786 PST" Interest="1.0" Kind="edit" Navigation="null" OriginId="org.eclipse.jdt.ui.CompilationUnitEditor" StartDate="2011-02-13 16:02:05.786 PST" StructureHandle="=org.eclipse.mylyn.context.ui/src&amp;lt;org.eclipse.mylyn.context.ui{InterestFilter.java[InterestFilter~getLastTemporarilyUnfiltered" StructureKind="java"/><InteractionEvent Delta="null" EndDate="2011-02-13 16:23:00.478 PST" Interest="1.0" Kind="propagation" Navigation="null" OriginId="org.eclipse.jdt.ui.CompilationUnitEditor" StartDate="2011-02-13 16:23:00.478 PST" StructureHandle="/org.eclipse.mylyn.context.ui/src/org/eclipse/mylyn/context/ui/InterestFilter.java" StructureKind="resource"/><InteractionEvent Delta="null" EndDate="2011-02-13 16:23:20.420 PST" Interest="1.0" Kind="propagation" Navigation="null" OriginId="org.eclipse.jdt.ui.CompilationUnitEditor" StartDate="2011-02-13 16:23:20.420 PST" StructureHandle="/org.eclipse.mylyn.context.ui/src/org/eclipse/mylyn/context/ui/InterestFilter.java" StructureKind="resource"/><InteractionEvent Delta="null" EndDate="2011-02-13 16:23:25.775 PST" Interest="1.0" Kind="propagation" Navigation="org.eclipse.mylyn.core.model.edges.containment" OriginId="org.eclipse.mylyn.core.model.interest.propagation" StartDate="2011-02-13 16:23:25.775 PST" StructureHandle="/" StructureKind="resource"/><InteractionEvent Delta="null" EndDate="2011-02-13 16:20:32.844 PST" Interest="1.0" Kind="propagation" Navigation="org.eclipse.mylyn.core.model.edges.containment" OriginId="org.eclipse.mylyn.core.model.interest.propagation" StartDate="2011-02-13 16:20:32.844 PST" StructureHandle="/" StructureKind="resource"/><InteractionEvent Delta="null" EndDate="2011-02-13 16:23:25.775 PST" Interest="9.536743E-7" Kind="propagation" Navigation="org.eclipse.mylyn.core.model.edges.containment" OriginId="org.eclipse.mylyn.core.model.interest.propagation" StartDate="2011-02-13 16:23:25.775 PST" StructureHandle="=org.eclipse.mylyn.context.ui/src&amp;lt;org.eclipse.mylyn.context.ui" StructureKind="java"/><InteractionEvent Delta="null" EndDate="2011-02-13 16:22:59.181 PST" Interest="1.0" Kind="propagation" Navigation="null" OriginId="org.eclipse.jdt.ui.CompilationUnitEditor" StartDate="2011-02-13 16:22:59.181 PST" StructureHandle="/org.eclipse.mylyn.context.ui/src/org/eclipse/mylyn/internal/context/ui/BrowseFilteredListener.java" StructureKind="resource"/><InteractionEvent Delta="null" EndDate="2011-02-13 16:23:12.388 PST" Interest="1.0" Kind="propagation" Navigation="null" OriginId="org.eclipse.jdt.ui.CompilationUnitEditor" StartDate="2011-02-13 16:23:12.388 PST" StructureHandle="/org.eclipse.mylyn.context.ui/src/org/eclipse/mylyn/context/ui/InterestFilter.java" StructureKind="resource"/><InteractionEvent Delta="null" EndDate="2011-02-13 16:22:59.181 PST" Interest="1.0" Kind="propagation" Navigation="org.eclipse.mylyn.core.model.edges.containment" OriginId="org.eclipse.mylyn.core.model.interest.propagation" StartDate="2011-02-13 16:22:59.181 PST" StructureHandle="/org.eclipse.mylyn.context.ui/src/org/eclipse/mylyn/internal" StructureKind="resource"/><InteractionEvent Delta="null" EndDate="2011-02-13 16:15:03.919 PST" Interest="1.0" Kind="propagation" Navigation="org.eclipse.mylyn.core.model.edges.containment" OriginId="org.eclipse.mylyn.core.model.interest.propagation" StartDate="2011-02-13 16:15:03.919 PST" StructureHandle="/" StructureKind="resource"/><InteractionEvent Delta="null" EndDate="2011-02-13 16:03:17.687 PST" Interest="33.0" Kind="propagation" Navigation="null" OriginId="org.eclipse.jdt.ui.CompilationUnitEditor" StartDate="2011-02-13 16:01:35.92 PST" StructureHandle="/org.eclipse.mylyn.context.ui/src" StructureKind="resource" NumEvents="33" CreationCount="1"/><InteractionEvent Delta="null" EndDate="2011-02-13 16:23:24.372 PST" Interest="1.0" Kind="propagation" Navigation="null" OriginId="org.eclipse.jdt.ui.CompilationUnitEditor" StartDate="2011-02-13 16:23:24.372 PST" StructureHandle="/org.eclipse.mylyn.context.ui/src" StructureKind="resource"/><InteractionEvent Delta="null" EndDate="2011-02-13 16:23:18.990 PST" Interest="1.0" Kind="propagation" Navigation="org.eclipse.mylyn.core.model.edges.containment" OriginId="org.eclipse.mylyn.core.model.interest.propagation" StartDate="2011-02-13 16:23:18.990 PST" StructureHandle="=org.eclipse.mylyn.context.ui" StructureKind="resource"/><InteractionEvent Delta="null" EndDate="2011-02-13 16:23:28.350 PST" Interest="1.0" Kind="propagation" Navigation="org.eclipse.mylyn.core.model.edges.containment" OriginId="org.eclipse.mylyn.core.model.interest.propagation" StartDate="2011-02-13 16:23:28.350 PST" StructureHandle="/org.eclipse.mylyn.context.ui/src/org" StructureKind="resource"/><InteractionEvent Delta="null" EndDate="2011-02-13 16:23:12.389 PST" Interest="1.0" Kind="propagation" Navigation="null" OriginId="org.eclipse.jdt.ui.CompilationUnitEditor" StartDate="2011-02-13 16:23:12.389 PST" StructureHandle="/org.eclipse.mylyn.context.ui/src" StructureKind="resource"/><InteractionEvent Delta="null" EndDate="2011-02-13 16:23:20.420 PST" Interest="1.0" Kind="edit" Navigation="null" OriginId="org.eclipse.jdt.ui.CompilationUnitEditor" StartDate="2011-02-13 16:23:20.420 PST" StructureHandle="=org.eclipse.mylyn.context.ui/src&amp;lt;org.eclipse.mylyn.context.ui{InterestFilter.java[InterestFilter~addTemporarilyUnfiltered~QObject;" StructureKind="java"/><InteractionEvent Delta="null" EndDate="2011-02-13 16:20:43.844 PST" Interest="1.0" Kind="propagation" Navigation="null" OriginId="org.eclipse.jdt.ui.CompilationUnitEditor" StartDate="2011-02-13 16:20:43.844 PST" StructureHandle="/org.eclipse.mylyn.context.ui/src/org/eclipse/mylyn/internal/context/ui/BrowseFilteredListener.java" StructureKind="resource"/><InteractionEvent Delta="null" EndDate="2011-02-13 16:15:03.918 PST" Interest="1.0000019" Kind="propagation" Navigation="org.eclipse.mylyn.core.model.edges.containment" OriginId="org.eclipse.mylyn.core.model.interest.propagation" StartDate="2011-02-13 16:15:03.918 PST" StructureHandle="/org.eclipse.mylyn.context.ui/src/org/eclipse" StructureKind="resource"/><InteractionEvent Delta="null" EndDate="2011-02-13 16:15:04.935 PST" Interest="1.0" Kind="propagation" Navigation="null" OriginId="org.eclipse.jdt.ui.PackageExplorer" StartDate="2011-02-13 16:15:04.935 PST" StructureHandle="/org.eclipse.mylyn.context.ui/src" StructureKind="resource"/><InteractionEvent Delta="null" EndDate="2011-02-13 16:23:08.541 PST" Interest="1.0" Kind="propagation" Navigation="null" OriginId="org.eclipse.jdt.ui.CompilationUnitEditor" StartDate="2011-02-13 16:23:08.541 PST" StructureHandle="/org.eclipse.mylyn.context.ui/src/org/eclipse/mylyn/context/ui/InterestFilter.java" StructureKind="resource"/><InteractionEvent Delta="null" EndDate="2011-02-13 16:20:33.424 PST" Interest="1.0" Kind="propagation" Navigation="org.eclipse.mylyn.core.model.edges.containment" OriginId="org.eclipse.mylyn.core.model.interest.propagation" StartDate="2011-02-13 16:20:33.424 PST" StructureHandle="/org.eclipse.mylyn.context.ui/src/org/eclipse" StructureKind="resource"/><InteractionEvent Delta="null" EndDate="2011-02-13 16:23:09.616 PST" Interest="1.0" Kind="propagation" Navigation="null" OriginId="org.eclipse.jdt.ui.CompilationUnitEditor" StartDate="2011-02-13 16:23:09.616 PST" StructureHandle="/org.eclipse.mylyn.context.ui/src" StructureKind="resource"/><InteractionEvent Delta="null" EndDate="2011-02-13 16:23:43.291 PST" Interest="1.0" Kind="propagation" Navigation="org.eclipse.mylyn.core.model.edges.containment" OriginId="org.eclipse.mylyn.core.model.interest.propagation" StartDate="2011-02-13 16:23:43.291 PST" StructureHandle="/org.eclipse.mylyn.context.ui/src/org/eclipse/mylyn/context/ui" StructureKind="resource"/><InteractionEvent Delta="null" EndDate="2011-02-13 16:23:20.421 PST" Interest="1.0" Kind="propagation" Navigation="org.eclipse.mylyn.core.model.edges.containment" OriginId="org.eclipse.mylyn.core.model.interest.propagation" StartDate="2011-02-13 16:23:20.421 PST" StructureHandle="/org.eclipse.mylyn.context.ui/src/org/eclipse/mylyn" StructureKind="resource"/><InteractionEvent Delta="null" EndDate="2011-02-13 16:23:20.421 PST" Interest="1.0" Kind="propagation" Navigation="org.eclipse.mylyn.core.model.edges.containment" OriginId="org.eclipse.mylyn.core.model.interest.propagation" StartDate="2011-02-13 16:23:20.421 PST" StructureHandle="/org.eclipse.mylyn.context.ui/src/org/eclipse" StructureKind="resource"/><InteractionEvent Delta="null" EndDate="2011-02-13 16:20:32.790 PST" Interest="1.0" Kind="propagation" Navigation="org.eclipse.mylyn.core.model.edges.containment" OriginId="org.eclipse.mylyn.core.model.interest.propagation" StartDate="2011-02-13 16:20:32.790 PST" StructureHandle="=org.eclipse.mylyn.context.ui/src&amp;lt;org.eclipse.mylyn.context.ui" StructureKind="java"/><InteractionEvent Delta="null" EndDate="2011-02-13 16:15:03.918 PST" Interest="1.0000019" Kind="propagation" Navigation="org.eclipse.mylyn.core.model.edges.containment" OriginId="org.eclipse.mylyn.core.model.interest.propagation" StartDate="2011-02-13 16:15:03.918 PST" StructureHandle="/org.eclipse.mylyn.context.ui/src/org/eclipse/mylyn" StructureKind="resource"/><InteractionEvent Delta="null" EndDate="2011-02-13 16:01:20.753 PST" Interest="1.0" Kind="propagation" Navigation="null" OriginId="org.eclipse.jdt.ui.PackageExplorer" StartDate="2011-02-13 16:01:20.753 PST" StructureHandle="/org.eclipse.mylyn.commons.screenshots" StructureKind="resource"/><InteractionEvent Delta="null" EndDate="2011-02-13 16:22:59.208 PST" Interest="1.0" Kind="edit" Navigation="null" OriginId="org.eclipse.jdt.ui.CompilationUnitEditor" StartDate="2011-02-13 16:22:59.208 PST" StructureHandle="=org.eclipse.mylyn.context.ui/src&amp;lt;org.eclipse.mylyn.internal.context.ui{BrowseFilteredListener.java[BrowseFilteredListener" StructureKind="java"/><InteractionEvent Delta="null" EndDate="2011-02-13 16:23:00.503 PST" Interest="1.0" Kind="selection" Navigation="null" OriginId="org.eclipse.jdt.ui.CompilationUnitEditor" StartDate="2011-02-13 16:23:00.503 PST" StructureHandle="=org.eclipse.mylyn.context.ui/src&amp;lt;org.eclipse.mylyn.context.ui{InterestFilter.java[InterestFilter" StructureKind="java"/><InteractionEvent Delta="null" EndDate="2011-02-13 16:23:25.774 PST" Interest="1.0" Kind="propagation" Navigation="org.eclipse.mylyn.core.model.edges.containment" OriginId="org.eclipse.mylyn.core.model.interest.propagation" StartDate="2011-02-13 16:23:25.774 PST" StructureHandle="/org.eclipse.mylyn.context.ui/src/org/eclipse" StructureKind="resource"/><InteractionEvent Delta="null" EndDate="2011-02-13 16:22:59.209 PST" Interest="1.0" Kind="propagation" Navigation="org.eclipse.mylyn.core.model.edges.containment" OriginId="org.eclipse.mylyn.core.model.interest.propagation" StartDate="2011-02-13 16:22:59.209 PST" StructureHandle="/" StructureKind="resource"/><InteractionEvent Delta="null" EndDate="2011-02-13 16:03:10.615 PST" Interest="9.551001" Kind="propagation" Navigation="org.eclipse.mylyn.core.model.edges.containment" OriginId="org.eclipse.mylyn.core.model.interest.propagation" StartDate="2011-02-13 16:01:35.94 PST" StructureHandle="=org.eclipse.mylyn.context.ui/src&amp;lt;org.eclipse.mylyn.context.ui" StructureKind="java" NumEvents="15" CreationCount="1"/><InteractionEvent Delta="null" EndDate="2011-02-13 16:22:59.181 PST" Interest="1.0" Kind="propagation" Navigation="org.eclipse.mylyn.core.model.edges.containment" OriginId="org.eclipse.mylyn.core.model.interest.propagation" StartDate="2011-02-13 16:22:59.181 PST" StructureHandle="=org.eclipse.mylyn.context.ui" StructureKind="resource"/><InteractionEvent Delta="null" EndDate="2011-02-13 16:20:33.424 PST" Interest="1.0" Kind="propagation" Navigation="org.eclipse.mylyn.core.model.edges.containment" OriginId="org.eclipse.mylyn.core.model.interest.propagation" StartDate="2011-02-13 16:20:33.424 PST" StructureHandle="/org.eclipse.mylyn.context.ui/src/org/eclipse/mylyn/context" StructureKind="resource"/><InteractionEvent Delta="null" EndDate="2011-02-13 16:23:28.350 PST" Interest="1.0" Kind="propagation" Navigation="org.eclipse.mylyn.core.model.edges.containment" OriginId="org.eclipse.mylyn.core.model.interest.propagation" StartDate="2011-02-13 16:23:28.350 PST" StructureHandle="/org.eclipse.mylyn.context.ui/src/org/eclipse/mylyn/context" StructureKind="resource"/><InteractionEvent Delta="null" EndDate="2011-02-13 16:03:17.687 PST" Interest="32.0" Kind="propagation" Navigation="org.eclipse.mylyn.core.model.edges.containment" OriginId="org.eclipse.mylyn.core.model.interest.propagation" StartDate="2011-02-13 16:01:35.92 PST" StructureHandle="/org.eclipse.mylyn.context.ui/src/org" StructureKind="resource" NumEvents="32" CreationCount="1"/><InteractionEvent Delta="null" EndDate="2011-02-13 16:23:12.388 PST" Interest="1.0" Kind="propagation" Navigation="org.eclipse.mylyn.core.model.edges.containment" OriginId="org.eclipse.mylyn.core.model.interest.propagation" StartDate="2011-02-13 16:23:12.388 PST" StructureHandle="/org.eclipse.mylyn.context.ui/src/org/eclipse/mylyn/context/ui" StructureKind="resource"/><InteractionEvent Delta="null" EndDate="2011-02-13 16:23:12.389 PST" Interest="1.0" Kind="propagation" Navigation="org.eclipse.mylyn.core.model.edges.containment" OriginId="org.eclipse.mylyn.core.model.interest.propagation" StartDate="2011-02-13 16:23:12.389 PST" StructureHandle="/org.eclipse.mylyn.context.ui/src/org" StructureKind="resource"/><InteractionEvent Delta="null" EndDate="2011-02-13 16:23:25.774 PST" Interest="1.0" Kind="propagation" Navigation="org.eclipse.mylyn.core.model.edges.containment" OriginId="org.eclipse.mylyn.core.model.interest.propagation" StartDate="2011-02-13 16:23:25.774 PST" StructureHandle="/org.eclipse.mylyn.context.ui/src/org" StructureKind="resource"/><InteractionEvent Delta="null" EndDate="2011-02-13 16:23:24.371 PST" Interest="1.0" Kind="propagation" Navigation="org.eclipse.mylyn.core.model.edges.containment" OriginId="org.eclipse.mylyn.core.model.interest.propagation" StartDate="2011-02-13 16:23:24.371 PST" StructureHandle="/org.eclipse.mylyn.context.ui/src/org/eclipse/mylyn" StructureKind="resource"/><InteractionEvent Delta="null" EndDate="2011-02-13 16:15:04.935 PST" Interest="1.0" Kind="propagation" Navigation="org.eclipse.mylyn.core.model.edges.containment" OriginId="org.eclipse.mylyn.core.model.interest.propagation" StartDate="2011-02-13 16:15:04.935 PST" StructureHandle="/org.eclipse.mylyn.context.ui/src/org" StructureKind="resource"/><InteractionEvent Delta="null" EndDate="2011-02-13 16:23:28.349 PST" Interest="1.0" Kind="propagation" Navigation="null" OriginId="org.eclipse.jdt.ui.CompilationUnitEditor" StartDate="2011-02-13 16:23:28.349 PST" StructureHandle="/org.eclipse.mylyn.context.ui/src/org/eclipse/mylyn/context/ui/InterestFilter.java" StructureKind="resource"/><InteractionEvent Delta="null" EndDate="2011-02-13 16:23:00.478 PST" Interest="1.0" Kind="propagation" Navigation="org.eclipse.mylyn.core.model.edges.containment" OriginId="org.eclipse.mylyn.core.model.interest.propagation" StartDate="2011-02-13 16:23:00.478 PST" StructureHandle="/org.eclipse.mylyn.context.ui/src/org/eclipse/mylyn/context" StructureKind="resource"/><InteractionEvent Delta="null" EndDate="2011-02-13 16:03:10.615 PST" Interest="6.5510006" Kind="propagation" Navigation="org.eclipse.mylyn.core.model.edges.containment" OriginId="org.eclipse.mylyn.core.model.interest.propagation" StartDate="2011-02-13 16:02:08.801 PST" StructureHandle="=org.eclipse.mylyn.context.ui/src&amp;lt;org.eclipse.mylyn.context.ui{InterestFilter.java" StructureKind="java" NumEvents="10" CreationCount="1"/><InteractionEvent Delta="null" EndDate="2011-02-13 16:20:43.908 PST" Interest="1.0" Kind="propagation" Navigation="org.eclipse.mylyn.core.model.edges.containment" OriginId="org.eclipse.mylyn.core.model.interest.propagation" StartDate="2011-02-13 16:20:43.908 PST" StructureHandle="=org.eclipse.mylyn.context.ui" StructureKind="resource"/><InteractionEvent Delta="null" EndDate="2011-02-13 16:23:28.350 PST" Interest="1.0" Kind="propagation" Navigation="org.eclipse.mylyn.core.model.edges.containment" OriginId="org.eclipse.mylyn.core.model.interest.propagation" StartDate="2011-02-13 16:23:28.350 PST" StructureHandle="/org.eclipse.mylyn.context.ui/src/org/eclipse/mylyn/context/ui" StructureKind="resource"/><InteractionEvent Delta="null" EndDate="2011-02-13 16:20:32.844 PST" Interest="0.6999998" Kind="propagation" Navigation="org.eclipse.mylyn.core.model.edges.containment" OriginId="org.eclipse.mylyn.core.model.interest.propagation" StartDate="2011-02-13 16:20:32.844 PST" StructureHandle="=org.eclipse.mylyn.context.ui/src&amp;lt;org.eclipse.mylyn.context.ui" StructureKind="java"/><InteractionEvent Delta="null" EndDate="2011-02-13 16:23:00.503 PST" Interest="1.0" Kind="propagation" Navigation="org.eclipse.mylyn.core.model.edges.containment" OriginId="org.eclipse.mylyn.core.model.interest.propagation" StartDate="2011-02-13 16:23:00.503 PST" StructureHandle="/org.eclipse.mylyn.context.ui/src/org" StructureKind="resource"/><InteractionEvent Delta="null" EndDate="2011-02-13 16:01:24.53 PST" Interest="2.0" Kind="propagation" Navigation="null" OriginId="org.eclipse.mylyn.resources.ui.interest.updater" StartDate="2011-02-13 16:01:24.52 PST" StructureHandle="/org.eclipse.mylyn.htmltext" StructureKind="resource" NumEvents="2" CreationCount="1"/><InteractionEvent Delta="null" EndDate="2011-02-13 16:22:59.181 PST" Interest="1.0" Kind="propagation" Navigation="org.eclipse.mylyn.core.model.edges.containment" OriginId="org.eclipse.mylyn.core.model.interest.propagation" StartDate="2011-02-13 16:22:59.181 PST" StructureHandle="=org.eclipse.mylyn.context.ui/src&amp;lt;org.eclipse.mylyn.internal.context.ui" StructureKind="java"/><InteractionEvent Delta="null" EndDate="2011-02-13 16:23:00.479 PST" Interest="1.0" Kind="propagation" Navigation="null" OriginId="org.eclipse.jdt.ui.CompilationUnitEditor" StartDate="2011-02-13 16:23:00.479 PST" StructureHandle="/org.eclipse.mylyn.context.ui/src" StructureKind="resource"/><InteractionEvent Delta="null" EndDate="2011-02-13 16:23:18.990 PST" Interest="1.0" Kind="propagation" Navigation="org.eclipse.mylyn.core.model.edges.containment" OriginId="org.eclipse.mylyn.core.model.interest.propagation" StartDate="2011-02-13 16:23:18.990 PST" StructureHandle="/org.eclipse.mylyn.context.ui/src/org/eclipse" StructureKind="resource"/><InteractionEvent Delta="null" EndDate="2011-02-13 16:15:03.918 PST" Interest="1.0" Kind="edit" Navigation="null" OriginId="org.eclipse.jdt.ui.CompilationUnitEditor" StartDate="2011-02-13 16:15:03.918 PST" StructureHandle="=org.eclipse.mylyn.context.ui/src&amp;lt;org.eclipse.mylyn.context.ui{InterestFilter.java[InterestFilter~setTemporarilyUnfiltered~QObject;" StructureKind="java"/><InteractionEvent Delta="null" EndDate="2011-02-13 16:23:12.388 PST" Interest="1.0" Kind="edit" Navigation="null" OriginId="org.eclipse.jdt.ui.CompilationUnitEditor" StartDate="2011-02-13 16:23:12.388 PST" StructureHandle="=org.eclipse.mylyn.context.ui/src&amp;lt;org.eclipse.mylyn.context.ui{InterestFilter.java[InterestFilter~addTemporarilyUnfiltered~QObject;" StructureKind="java"/><InteractionEvent Delta="null" EndDate="2011-02-13 16:03:17.687 PST" Interest="32.0" Kind="propagation" Navigation="org.eclipse.mylyn.core.model.edges.containment" OriginId="org.eclipse.mylyn.core.model.interest.propagation" StartDate="2011-02-13 16:01:35.93 PST" StructureHandle="/org.eclipse.mylyn.context.ui/src/org/eclipse/mylyn/context" StructureKind="resource" NumEvents="32" CreationCount="1"/><InteractionEvent Delta="null" EndDate="2011-02-13 16:23:30.377 PST" Interest="1.0" Kind="propagation" Navigation="org.eclipse.mylyn.core.model.edges.containment" OriginId="org.eclipse.mylyn.core.model.interest.propagation" StartDate="2011-02-13 16:23:30.377 PST" StructureHandle="/org.eclipse.mylyn.context.ui/src/org/eclipse" StructureKind="resource"/><InteractionEvent Delta="null" EndDate="2011-02-13 16:01:35.92 PST" Interest="1.0" Kind="propagation" Navigation="org.eclipse.mylyn.core.model.edges.containment" OriginId="org.eclipse.mylyn.core.model.interest.propagation" StartDate="2011-02-13 16:01:35.92 PST" StructureHandle="/org.eclipse.mylyn.context.ui/src/org/eclipse/mylyn/internal" StructureKind="resource"/><InteractionEvent Delta="null" EndDate="2011-02-13 16:23:30.377 PST" Interest="1.0" Kind="propagation" Navigation="null" OriginId="org.eclipse.jdt.ui.CompilationUnitEditor" StartDate="2011-02-13 16:23:30.377 PST" StructureHandle="/org.eclipse.mylyn.context.ui/src" StructureKind="resource"/><InteractionEvent Delta="null" EndDate="2011-02-13 16:20:43.907 PST" Interest="0.9999999" Kind="propagation" Navigation="org.eclipse.mylyn.core.model.edges.containment" OriginId="org.eclipse.mylyn.core.model.interest.propagation" StartDate="2011-02-13 16:20:43.907 PST" StructureHandle="=org.eclipse.mylyn.context.ui/src&amp;lt;org.eclipse.mylyn.internal.context.ui" StructureKind="java"/><InteractionEvent Delta="null" EndDate="2011-02-13 16:15:04.935 PST" Interest="1.0" Kind="propagation" Navigation="org.eclipse.mylyn.core.model.edges.containment" OriginId="org.eclipse.mylyn.core.model.interest.propagation" StartDate="2011-02-13 16:15:04.935 PST" StructureHandle="/org.eclipse.mylyn.context.ui/src/org/eclipse/mylyn/context/ui" StructureKind="resource"/><InteractionEvent Delta="null" EndDate="2011-02-13 16:23:43.291 PST" Interest="1.0" Kind="propagation" Navigation="null" OriginId="org.eclipse.jdt.ui.CompilationUnitEditor" StartDate="2011-02-13 16:23:43.291 PST" StructureHandle="/org.eclipse.mylyn.context.ui/src/org/eclipse/mylyn/context/ui/InterestFilter.java" StructureKind="resource"/><InteractionEvent Delta="null" EndDate="2011-02-13 16:23:18.990 PST" Interest="1.0" Kind="propagation" Navigation="org.eclipse.mylyn.core.model.edges.containment" OriginId="org.eclipse.mylyn.core.model.interest.propagation" StartDate="2011-02-13 16:23:18.990 PST" StructureHandle="/" StructureKind="resource"/><InteractionEvent Delta="null" EndDate="2011-02-13 16:15:03.918 PST" Interest="1.0" Kind="propagation" Navigation="null" OriginId="org.eclipse.jdt.ui.CompilationUnitEditor" StartDate="2011-02-13 16:15:03.918 PST" StructureHandle="/org.eclipse.mylyn.context.ui/src/org/eclipse/mylyn/context/ui/InterestFilter.java" StructureKind="resource"/><InteractionEvent Delta="null" EndDate="2011-02-13 16:20:32.790 PST" Interest="1.0" Kind="propagation" Navigation="org.eclipse.mylyn.core.model.edges.containment" OriginId="org.eclipse.mylyn.core.model.interest.propagation" StartDate="2011-02-13 16:20:32.790 PST" StructureHandle="=org.eclipse.mylyn.context.ui" StructureKind="resource"/><InteractionEvent Delta="null" EndDate="2011-02-13 16:23:08.541 PST" Interest="1.0" Kind="propagation" Navigation="org.eclipse.mylyn.core.model.edges.containment" OriginId="org.eclipse.mylyn.core.model.interest.propagation" StartDate="2011-02-13 16:23:08.541 PST" StructureHandle="/org.eclipse.mylyn.context.ui/src/org/eclipse" StructureKind="resource"/><InteractionEvent Delta="null" EndDate="2011-02-13 16:23:00.503 PST" Interest="1.0" Kind="propagation" Navigation="org.eclipse.mylyn.core.model.edges.containment" OriginId="org.eclipse.mylyn.core.model.interest.propagation" StartDate="2011-02-13 16:23:00.503 PST" StructureHandle="/org.eclipse.mylyn.context.ui/src/org/eclipse" StructureKind="resource"/><InteractionEvent Delta="null" EndDate="2011-02-13 16:23:08.542 PST" Interest="1.0" Kind="propagation" Navigation="org.eclipse.mylyn.core.model.edges.containment" OriginId="org.eclipse.mylyn.core.model.interest.propagation" StartDate="2011-02-13 16:23:08.542 PST" StructureHandle="=org.eclipse.mylyn.context.ui" StructureKind="resource"/><InteractionEvent Delta="null" EndDate="2011-02-13 16:23:25.775 PST" Interest="1.0" Kind="propagation" Navigation="org.eclipse.mylyn.core.model.edges.containment" OriginId="org.eclipse.mylyn.core.model.interest.propagation" StartDate="2011-02-13 16:23:25.775 PST" StructureHandle="=org.eclipse.mylyn.context.ui" StructureKind="resource"/><InteractionEvent Delta="null" EndDate="2011-02-13 16:20:43.845 PST" Interest="1.0" Kind="propagation" Navigation="org.eclipse.mylyn.core.model.edges.containment" OriginId="org.eclipse.mylyn.core.model.interest.propagation" StartDate="2011-02-13 16:20:43.845 PST" StructureHandle="/" StructureKind="resource"/><InteractionEvent Delta="null" EndDate="2011-02-13 16:03:10.615 PST" Interest="9.551001" Kind="propagation" Navigation="org.eclipse.mylyn.core.model.edges.containment" OriginId="org.eclipse.mylyn.core.model.interest.propagation" StartDate="2011-02-13 16:01:35.93 PST" StructureHandle="=org.eclipse.mylyn.context.ui/src" StructureKind="java" NumEvents="15" CreationCount="1"/><InteractionEvent Delta="null" EndDate="2011-02-13 16:23:00.478 PST" Interest="1.0" Kind="propagation" Navigation="org.eclipse.mylyn.core.model.edges.containment" OriginId="org.eclipse.mylyn.core.model.interest.propagation" StartDate="2011-02-13 16:23:00.478 PST" StructureHandle="/org.eclipse.mylyn.context.ui/src/org/eclipse/mylyn" StructureKind="resource"/><InteractionEvent Delta="null" EndDate="2011-02-13 16:20:32.844 PST" Interest="1.0" Kind="propagation" Navigation="org.eclipse.mylyn.core.model.edges.containment" OriginId="org.eclipse.mylyn.core.model.interest.propagation" StartDate="2011-02-13 16:20:32.844 PST" StructureHandle="/org.eclipse.mylyn.context.ui/src/org/eclipse/mylyn/context/ui" StructureKind="resource"/><InteractionEvent Delta="null" EndDate="2011-02-13 16:15:04.935 PST" Interest="1.0" Kind="propagation" Navigation="org.eclipse.mylyn.core.model.edges.containment" OriginId="org.eclipse.mylyn.core.model.interest.propagation" StartDate="2011-02-13 16:15:04.935 PST" StructureHandle="/org.eclipse.mylyn.context.ui/src/org/eclipse" StructureKind="resource"/><InteractionEvent Delta="null" EndDate="2011-02-13 16:01:35.91 PST" Interest="1.0" Kind="prediction" Navigation="null" OriginId="org.eclipse.mylyn.resources.ui.interest.updater" StartDate="2011-02-13 16:01:35.91 PST" StructureHandle="=org.eclipse.mylyn.context.ui/src&amp;lt;org.eclipse.mylyn.internal.context.ui{BrowseFilteredListener.java" StructureKind="java"/><InteractionEvent Delta="null" EndDate="2011-02-13 16:15:04.935 PST" Interest="1.0" Kind="propagation" Navigation="org.eclipse.mylyn.core.model.edges.containment" OriginId="org.eclipse.mylyn.core.model.interest.propagation" StartDate="2011-02-13 16:15:04.935 PST" StructureHandle="=org.eclipse.mylyn.context.ui/src&amp;lt;org.eclipse.mylyn.context.ui" StructureKind="java"/><InteractionEvent Delta="null" EndDate="2011-02-13 16:01:24.51 PST" Interest="1.0" Kind="propagation" Navigation="null" OriginId="org.eclipse.mylyn.resources.ui.interest.updater" StartDate="2011-02-13 16:01:24.51 PST" StructureHandle="/org.eclipse.mylyn.htmltext/OSGI-INF/l10n" StructureKind="resource"/><InteractionEvent Delta="null" EndDate="2011-02-13 16:23:00.479 PST" Interest="1.0" Kind="propagation" Navigation="org.eclipse.mylyn.core.model.edges.containment" OriginId="org.eclipse.mylyn.core.model.interest.propagation" StartDate="2011-02-13 16:23:00.479 PST" StructureHandle="/" StructureKind="resource"/><InteractionEvent Delta="null" EndDate="2011-02-13 16:20:32.844 PST" Interest="0.6999998" Kind="propagation" Navigation="org.eclipse.mylyn.core.model.edges.containment" OriginId="org.eclipse.mylyn.core.model.interest.propagation" StartDate="2011-02-13 16:20:32.844 PST" StructureHandle="=org.eclipse.mylyn.context.ui/src" StructureKind="java"/><InteractionEvent Delta="null" EndDate="2011-02-13 16:02:39.636 PST" Interest="3.0" Kind="selection" Navigation="null" OriginId="org.eclipse.jdt.ui.CompilationUnitEditor" StartDate="2011-02-13 16:02:22.108 PST" StructureHandle="=org.eclipse.mylyn.context.ui/src&amp;lt;org.eclipse.mylyn.context.ui{InterestFilter.java[InterestFilter~getTemporarilyUnfiltered" StructureKind="java" NumEvents="3" CreationCount="13"/><InteractionEvent Delta="null" EndDate="2011-02-13 16:22:59.181 PST" Interest="1.0" Kind="selection" Navigation="null" OriginId="org.eclipse.jdt.ui.CompilationUnitEditor" StartDate="2011-02-13 16:22:59.181 PST" StructureHandle="=org.eclipse.mylyn.context.ui/src&amp;lt;org.eclipse.mylyn.internal.context.ui{BrowseFilteredListener.java" StructureKind="java"/><InteractionEvent Delta="null" EndDate="2011-02-13 16:23:20.421 PST" Interest="1.0" Kind="propagation" Navigation="org.eclipse.mylyn.core.model.edges.containment" OriginId="org.eclipse.mylyn.core.model.interest.propagation" StartDate="2011-02-13 16:23:20.421 PST" StructureHandle="/" StructureKind="resource"/><InteractionEvent Delta="null" EndDate="2011-02-13 16:22:59.209 PST" Interest="1.0" Kind="propagation" Navigation="org.eclipse.mylyn.core.model.edges.containment" OriginId="org.eclipse.mylyn.core.model.interest.propagation" StartDate="2011-02-13 16:22:59.209 PST" StructureHandle="/org.eclipse.mylyn.context.ui/src/org/eclipse/mylyn/internal/context/ui" StructureKind="resource"/><InteractionEvent Delta="null" EndDate="2011-02-13 16:23:00.503 PST" Interest="1.0" Kind="propagation" Navigation="org.eclipse.mylyn.core.model.edges.containment" OriginId="org.eclipse.mylyn.core.model.interest.propagation" StartDate="2011-02-13 16:23:00.503 PST" StructureHandle="/org.eclipse.mylyn.context.ui/src/org/eclipse/mylyn/context/ui" StructureKind="resource"/><InteractionEvent Delta="null" EndDate="2011-02-13 16:23:25.774 PST" Interest="1.0" Kind="propagation" Navigation="null" OriginId="org.eclipse.jdt.ui.CompilationUnitEditor" StartDate="2011-02-13 16:23:25.774 PST" StructureHandle="/org.eclipse.mylyn.context.ui/src/org/eclipse/mylyn/context/ui/InterestFilter.java" StructureKind="resource"/><InteractionEvent Delta="null" EndDate="2011-02-13 16:01:35.92 PST" Interest="1.0" Kind="propagation" Navigation="org.eclipse.mylyn.core.model.edges.containment" OriginId="org.eclipse.mylyn.core.model.interest.propagation" StartDate="2011-02-13 16:01:35.92 PST" StructureHandle="/org.eclipse.mylyn.context.ui/src/org/eclipse/mylyn/internal/context/ui" StructureKind="resource"/><InteractionEvent Delta="null" EndDate="2011-02-13 16:20:33.424 PST" Interest="1.0" Kind="propagation" Navigation="org.eclipse.mylyn.core.model.edges.containment" OriginId="org.eclipse.mylyn.core.model.interest.propagation" StartDate="2011-02-13 16:20:33.424 PST" StructureHandle="/org.eclipse.mylyn.context.ui/src/org/eclipse/mylyn" StructureKind="resource"/><InteractionEvent Delta="null" EndDate="2011-02-13 16:23:00.479 PST" Interest="1.0" Kind="propagation" Navigation="org.eclipse.mylyn.core.model.edges.containment" OriginId="org.eclipse.mylyn.core.model.interest.propagation" StartDate="2011-02-13 16:23:00.479 PST" StructureHandle="=org.eclipse.mylyn.context.ui/src" StructureKind="java"/><InteractionEvent Delta="null" EndDate="2011-02-13 16:23:30.377 PST" Interest="1.0" Kind="propagation" Navigation="org.eclipse.mylyn.core.model.edges.containment" OriginId="org.eclipse.mylyn.core.model.interest.propagation" StartDate="2011-02-13 16:23:30.377 PST" StructureHandle="=org.eclipse.mylyn.context.ui" StructureKind="resource"/><InteractionEvent Delta="null" EndDate="2011-02-13 16:20:33.424 PST" Interest="1.0" Kind="propagation" Navigation="org.eclipse.mylyn.core.model.edges.containment" OriginId="org.eclipse.mylyn.core.model.interest.propagation" StartDate="2011-02-13 16:20:33.424 PST" StructureHandle="/org.eclipse.mylyn.context.ui/src/org/eclipse/mylyn/context/ui" StructureKind="resource"/><InteractionEvent Delta="null" EndDate="2011-02-13 16:20:43.907 PST" Interest="1.0" Kind="selection" Navigation="null" OriginId="org.eclipse.jdt.ui.CompilationUnitEditor" StartDate="2011-02-13 16:20:43.907 PST" StructureHandle="=org.eclipse.mylyn.context.ui/src&amp;lt;org.eclipse.mylyn.internal.context.ui{BrowseFilteredListener.java" StructureKind="java"/><InteractionEvent Delta="null" EndDate="2011-02-13 16:23:08.541 PST" Interest="1.0" Kind="propagation" Navigation="org.eclipse.mylyn.core.model.edges.containment" OriginId="org.eclipse.mylyn.core.model.interest.propagation" StartDate="2011-02-13 16:23:08.541 PST" StructureHandle="/org.eclipse.mylyn.context.ui/src/org/eclipse/mylyn/context" StructureKind="resource"/><InteractionEvent Delta="null" EndDate="2011-02-13 16:23:09.616 PST" Interest="1.0" Kind="propagation" Navigation="org.eclipse.mylyn.core.model.edges.containment" OriginId="org.eclipse.mylyn.core.model.interest.propagation" StartDate="2011-02-13 16:23:09.616 PST" StructureHandle="/org.eclipse.mylyn.context.ui/src/org" StructureKind="resource"/><InteractionEvent Delta="null" EndDate="2011-02-13 16:23:43.291 PST" Interest="1.0" Kind="edit" Navigation="null" OriginId="org.eclipse.jdt.ui.CompilationUnitEditor" StartDate="2011-02-13 16:23:43.291 PST" StructureHandle="=org.eclipse.mylyn.context.ui/src&amp;lt;org.eclipse.mylyn.context.ui{InterestFilter.java[InterestFilter~addTemporarilyUnfiltered~QObject;" StructureKind="java"/><InteractionEvent Delta="null" EndDate="2011-02-13 16:20:43.907 PST" Interest="1.0" Kind="propagation" Navigation="null" OriginId="org.eclipse.jdt.ui.CompilationUnitEditor" StartDate="2011-02-13 16:20:43.907 PST" StructureHandle="/org.eclipse.mylyn.context.ui/src/org/eclipse/mylyn/internal/context/ui/BrowseFilteredListener.java" StructureKind="resource"/><InteractionEvent Delta="null" EndDate="2011-02-13 16:20:43.844 PST" Interest="1.0" Kind="propagation" Navigation="org.eclipse.mylyn.core.model.edges.containment" OriginId="org.eclipse.mylyn.core.model.interest.propagation" StartDate="2011-02-13 16:20:43.844 PST" StructureHandle="/org.eclipse.mylyn.context.ui/src/org/eclipse/mylyn/internal/context" StructureKind="resource"/><InteractionEvent Delta="null" EndDate="2011-02-13 16:23:12.389 PST" Interest="1.0" Kind="propagation" Navigation="org.eclipse.mylyn.core.model.edges.containment" OriginId="org.eclipse.mylyn.core.model.interest.propagation" StartDate="2011-02-13 16:23:12.389 PST" StructureHandle="/org.eclipse.mylyn.context.ui/src/org/eclipse/mylyn/context" StructureKind="resource"/><InteractionEvent Delta="null" EndDate="2011-02-13 16:23:00.503 PST" Interest="1.0" Kind="propagation" Navigation="org.eclipse.mylyn.core.model.edges.containment" OriginId="org.eclipse.mylyn.core.model.interest.propagation" StartDate="2011-02-13 16:23:00.503 PST" StructureHandle="/org.eclipse.mylyn.context.ui/src/org/eclipse/mylyn/context" StructureKind="resource"/><InteractionEvent Delta="null" EndDate="2011-02-13 16:23:20.421 PST" Interest="1.0" Kind="propagation" Navigation="null" OriginId="org.eclipse.jdt.ui.CompilationUnitEditor" StartDate="2011-02-13 16:23:20.421 PST" StructureHandle="/org.eclipse.mylyn.context.ui/src" StructureKind="resource"/><InteractionEvent Delta="null" EndDate="2011-02-13 16:23:08.541 PST" Interest="1.0" Kind="propagation" Navigation="org.eclipse.mylyn.core.model.edges.containment" OriginId="org.eclipse.mylyn.core.model.interest.propagation" StartDate="2011-02-13 16:23:08.541 PST" StructureHandle="/org.eclipse.mylyn.context.ui/src/org/eclipse/mylyn" StructureKind="resource"/><InteractionEvent Delta="null" EndDate="2011-02-13 16:23:18.989 PST" Interest="1.0" Kind="propagation" Navigation="null" OriginId="org.eclipse.jdt.ui.CompilationUnitEditor" StartDate="2011-02-13 16:23:18.989 PST" StructureHandle="/org.eclipse.mylyn.context.ui/src/org/eclipse/mylyn/context/ui/InterestFilter.java" StructureKind="resource"/><InteractionEvent Delta="null" EndDate="2011-02-13 16:23:18.990 PST" Interest="1.0" Kind="propagation" Navigation="org.eclipse.mylyn.core.model.edges.containment" OriginId="org.eclipse.mylyn.core.model.interest.propagation" StartDate="2011-02-13 16:23:18.990 PST" StructureHandle="/org.eclipse.mylyn.context.ui/src/org" StructureKind="resource"/><InteractionEvent Delta="null" EndDate="2011-02-13 16:20:43.845 PST" Interest="1.0" Kind="propagation" Navigation="null" OriginId="org.eclipse.jdt.ui.CompilationUnitEditor" StartDate="2011-02-13 16:20:43.845 PST" StructureHandle="/org.eclipse.mylyn.context.ui/src" StructureKind="resource"/><InteractionEvent Delta="null" EndDate="2011-02-13 16:23:24.371 PST" Interest="1.0" Kind="propagation" Navigation="org.eclipse.mylyn.core.model.edges.containment" OriginId="org.eclipse.mylyn.core.model.interest.propagation" StartDate="2011-02-13 16:23:24.371 PST" StructureHandle="/org.eclipse.mylyn.context.ui/src/org" StructureKind="resource"/><InteractionEvent Delta="null" EndDate="2011-02-13 16:23:12.389 PST" Interest="1.0" Kind="propagation" Navigation="org.eclipse.mylyn.core.model.edges.containment" OriginId="org.eclipse.mylyn.core.model.interest.propagation" StartDate="2011-02-13 16:23:12.389 PST" StructureHandle="/org.eclipse.mylyn.context.ui/src/org/eclipse" StructureKind="resource"/><InteractionEvent Delta="null" EndDate="2011-02-13 16:23:43.291 PST" Interest="1.0" Kind="propagation" Navigation="org.eclipse.mylyn.core.model.edges.containment" OriginId="org.eclipse.mylyn.core.model.interest.propagation" StartDate="2011-02-13 16:23:43.291 PST" StructureHandle="/org.eclipse.mylyn.context.ui/src/org/eclipse/mylyn/context" StructureKind="resource"/><InteractionEvent Delta="null" EndDate="2011-02-13 16:23:09.616 PST" Interest="1.0" Kind="propagation" Navigation="org.eclipse.mylyn.core.model.edges.containment" OriginId="org.eclipse.mylyn.core.model.interest.propagation" StartDate="2011-02-13 16:23:09.616 PST" StructureHandle="/" StructureKind="resource"/><InteractionEvent Delta="null" EndDate="2011-02-13 16:22:59.181 PST" Interest="1.0" Kind="propagation" Navigation="org.eclipse.mylyn.core.model.edges.containment" OriginId="org.eclipse.mylyn.core.model.interest.propagation" StartDate="2011-02-13 16:22:59.181 PST" StructureHandle="/org.eclipse.mylyn.context.ui/src/org/eclipse/mylyn/internal/context" StructureKind="resource"/><InteractionEvent Delta="null" EndDate="2011-02-13 16:23:12.389 PST" Interest="1.0" Kind="propagation" Navigation="org.eclipse.mylyn.core.model.edges.containment" OriginId="org.eclipse.mylyn.core.model.interest.propagation" StartDate="2011-02-13 16:23:12.389 PST" StructureHandle="/org.eclipse.mylyn.context.ui/src/org/eclipse/mylyn" StructureKind="resource"/><InteractionEvent Delta="null" EndDate="2011-02-13 16:23:08.542 PST" Interest="1.0" Kind="propagation" Navigation="org.eclipse.mylyn.core.model.edges.containment" OriginId="org.eclipse.mylyn.core.model.interest.propagation" StartDate="2011-02-13 16:23:08.542 PST" StructureHandle="/" StructureKind="resource"/><InteractionEvent Delta="null" EndDate="2011-02-13 16:23:24.371 PST" Interest="1.0" Kind="propagation" Navigation="org.eclipse.mylyn.core.model.edges.containment" OriginId="org.eclipse.mylyn.core.model.interest.propagation" StartDate="2011-02-13 16:23:24.371 PST" StructureHandle="/org.eclipse.mylyn.context.ui/src/org/eclipse/mylyn/context/ui" StructureKind="resource"/><InteractionEvent Delta="null" EndDate="2011-02-13 16:23:28.349 PST" Interest="1.0" Kind="edit" Navigation="null" OriginId="org.eclipse.jdt.ui.CompilationUnitEditor" StartDate="2011-02-13 16:23:28.349 PST" StructureHandle="=org.eclipse.mylyn.context.ui/src&amp;lt;org.eclipse.mylyn.context.ui{InterestFilter.java[InterestFilter~addTemporarilyUnfiltered~QObject;" StructureKind="java"/><InteractionEvent Delta="null" EndDate="2011-02-13 16:23:25.774 PST" Interest="1.0" Kind="propagation" Navigation="org.eclipse.mylyn.core.model.edges.containment" OriginId="org.eclipse.mylyn.core.model.interest.propagation" StartDate="2011-02-13 16:23:25.774 PST" StructureHandle="/org.eclipse.mylyn.context.ui/src/org/eclipse/mylyn" StructureKind="resource"/><InteractionEvent Delta="null" EndDate="2011-02-13 16:23:18.989 PST" Interest="1.0" Kind="propagation" Navigation="org.eclipse.mylyn.core.model.edges.containment" OriginId="org.eclipse.mylyn.core.model.interest.propagation" StartDate="2011-02-13 16:23:18.989 PST" StructureHandle="/org.eclipse.mylyn.context.ui/src/org/eclipse/mylyn/context/ui" StructureKind="resource"/><InteractionEvent Delta="null" EndDate="2011-02-13 16:23:43.292 PST" Interest="1.0" Kind="propagation" Navigation="org.eclipse.mylyn.core.model.edges.containment" OriginId="org.eclipse.mylyn.core.model.interest.propagation" StartDate="2011-02-13 16:23:43.292 PST" StructureHandle="=org.eclipse.mylyn.context.ui" StructureKind="resource"/><InteractionEvent Delta="null" EndDate="2011-02-13 16:20:32.790 PST" Interest="1.0" Kind="propagation" Navigation="org.eclipse.mylyn.core.model.edges.containment" OriginId="org.eclipse.mylyn.core.model.interest.propagation" StartDate="2011-02-13 16:20:32.790 PST" StructureHandle="/org.eclipse.mylyn.context.ui/src/org/eclipse/mylyn/context/ui" StructureKind="resource"/><InteractionEvent Delta="null" EndDate="2011-02-13 16:20:32.790 PST" Interest="1.0" Kind="propagation" Navigation="org.eclipse.mylyn.core.model.edges.containment" OriginId="org.eclipse.mylyn.core.model.interest.propagation" StartDate="2011-02-13 16:20:32.790 PST" StructureHandle="/" StructureKind="resource"/><InteractionEvent Delta="null" EndDate="2011-02-13 16:02:17.401 PST" Interest="2.0" Kind="selection" Navigation="null" OriginId="org.eclipse.jdt.ui.CompilationUnitEditor" StartDate="2011-02-13 16:02:04.845 PST" StructureHandle="=org.eclipse.mylyn.context.ui/src&amp;lt;org.eclipse.mylyn.context.ui{InterestFilter.java[InterestFilter~getLastTemporarilyUnfiltered" StructureKind="java" NumEvents="2" CreationCount="7"/><InteractionEvent Delta="null" EndDate="2011-02-13 16:20:33.424 PST" Interest="1.0" Kind="propagation" Navigation="org.eclipse.mylyn.core.model.edges.containment" OriginId="org.eclipse.mylyn.core.model.interest.propagation" StartDate="2011-02-13 16:20:33.424 PST" StructureHandle="/org.eclipse.mylyn.context.ui/src/org" StructureKind="resource"/><InteractionEvent Delta="null" EndDate="2011-02-13 16:23:08.541 PST" Interest="1.0" Kind="propagation" Navigation="org.eclipse.mylyn.core.model.edges.containment" OriginId="org.eclipse.mylyn.core.model.interest.propagation" StartDate="2011-02-13 16:23:08.541 PST" StructureHandle="/org.eclipse.mylyn.context.ui/src/org" StructureKind="resource"/><InteractionEvent Delta="null" EndDate="2011-02-13 16:22:59.209 PST" Interest="1.0" Kind="propagation" Navigation="org.eclipse.mylyn.core.model.edges.containment" OriginId="org.eclipse.mylyn.core.model.interest.propagation" StartDate="2011-02-13 16:22:59.209 PST" StructureHandle="=org.eclipse.mylyn.context.ui" StructureKind="resource"/><InteractionEvent Delta="null" EndDate="2011-02-13 16:15:03.918 PST" Interest="1.0000019" Kind="propagation" Navigation="org.eclipse.mylyn.core.model.edges.containment" OriginId="org.eclipse.mylyn.core.model.interest.propagation" StartDate="2011-02-13 16:15:03.918 PST" StructureHandle="/org.eclipse.mylyn.context.ui/src/org/eclipse/mylyn/context/ui" StructureKind="resource"/><InteractionEvent Delta="null" EndDate="2011-02-13 16:20:33.424 PST" Interest="1.0" Kind="propagation" Navigation="null" OriginId="org.eclipse.jdt.ui.CompilationUnitEditor" StartDate="2011-02-13 16:20:33.424 PST" StructureHandle="/org.eclipse.mylyn.context.ui/src/org/eclipse/mylyn/context/ui/InterestFilter.java" StructureKind="resource"/><InteractionEvent Delta="null" EndDate="2011-02-13 16:23:20.421 PST" Interest="1.0" Kind="propagation" Navigation="org.eclipse.mylyn.core.model.edges.containment" OriginId="org.eclipse.mylyn.core.model.interest.propagation" StartDate="2011-02-13 16:23:20.421 PST" StructureHandle="/org.eclipse.mylyn.context.ui/src/org" StructureKind="resource"/><InteractionEvent Delta="null" EndDate="2011-02-13 16:20:43.845 PST" Interest="1.0" Kind="propagation" Navigation="org.eclipse.mylyn.core.model.edges.containment" OriginId="org.eclipse.mylyn.core.model.interest.propagation" StartDate="2011-02-13 16:20:43.845 PST" StructureHandle="=org.eclipse.mylyn.context.ui" StructureKind="resource"/><InteractionEvent Delta="null" EndDate="2011-02-13 16:23:25.775 PST" Interest="1.0" Kind="propagation" Navigation="null" OriginId="org.eclipse.jdt.ui.CompilationUnitEditor" StartDate="2011-02-13 16:23:25.775 PST" StructureHandle="/org.eclipse.mylyn.context.ui/src" StructureKind="resource"/><InteractionEvent Delta="null" EndDate="2011-02-13 16:03:17.687 PST" Interest="33.0" Kind="propagation" Navigation="org.eclipse.mylyn.core.model.edges.containment" OriginId="org.eclipse.mylyn.core.model.interest.propagation" StartDate="2011-02-13 16:01:35.92 PST" StructureHandle="=org.eclipse.mylyn.context.ui" StructureKind="resource" NumEvents="33" CreationCount="1"/><InteractionEvent Delta="null" EndDate="2011-02-13 16:23:30.378 PST" Interest="1.0" Kind="propagation" Navigation="org.eclipse.mylyn.core.model.edges.containment" OriginId="org.eclipse.mylyn.core.model.interest.propagation" StartDate="2011-02-13 16:23:30.378 PST" StructureHandle="/" StructureKind="resource"/><InteractionEvent Delta="null" EndDate="2011-02-13 16:23:20.421 PST" Interest="1.0" Kind="propagation" Navigation="org.eclipse.mylyn.core.model.edges.containment" OriginId="org.eclipse.mylyn.core.model.interest.propagation" StartDate="2011-02-13 16:23:20.421 PST" StructureHandle="=org.eclipse.mylyn.context.ui" StructureKind="resource"/><InteractionEvent Delta="null" EndDate="2011-02-13 16:20:32.844 PST" Interest="1.0" Kind="propagation" Navigation="org.eclipse.mylyn.core.model.edges.containment" OriginId="org.eclipse.mylyn.core.model.interest.propagation" StartDate="2011-02-13 16:20:32.844 PST" StructureHandle="/org.eclipse.mylyn.context.ui/src/org/eclipse/mylyn/context" StructureKind="resource"/><InteractionEvent Delta="null" EndDate="2011-02-13 16:23:30.377 PST" Interest="1.0" Kind="propagation" Navigation="org.eclipse.mylyn.core.model.edges.containment" OriginId="org.eclipse.mylyn.core.model.interest.propagation" StartDate="2011-02-13 16:23:30.377 PST" StructureHandle="/org.eclipse.mylyn.context.ui/src/org/eclipse/mylyn" StructureKind="resource"/><InteractionEvent Delta="null" EndDate="2011-02-13 16:20:43.844 PST" Interest="1.0" Kind="propagation" Navigation="org.eclipse.mylyn.core.model.edges.containment" OriginId="org.eclipse.mylyn.core.model.interest.propagation" StartDate="2011-02-13 16:20:43.844 PST" StructureHandle="/org.eclipse.mylyn.context.ui/src/org/eclipse/mylyn/internal/context/ui" StructureKind="resource"/></InteractionHistory>