<?xml version="1.0" encoding="UTF-8"?><InteractionHistory Id="https://bugs.eclipse.org/bugs-337758" Version="1"><InteractionEvent Delta="null" EndDate="2011-04-07 14:16:44.622 PDT" Interest="1.0" Kind="propagation" Navigation="org.eclipse.mylyn.core.model.edges.containment" OriginId="org.eclipse.mylyn.core.model.interest.propagation" StartDate="2011-04-07 14:16:44.622 PDT" StructureHandle="/org.eclipse.mylyn.cdt.ui/src/org/eclipse" StructureKind="resource"/><InteractionEvent Delta="null" EndDate="2011-04-07 14:16:44.622 PDT" Interest="1.0" Kind="propagation" Navigation="org.eclipse.mylyn.core.model.edges.containment" OriginId="org.eclipse.mylyn.core.model.interest.propagation" StartDate="2011-04-07 14:16:44.622 PDT" StructureHandle="/org.eclipse.mylyn.cdt.ui/src/org" StructureKind="resource"/><InteractionEvent Delta="null" EndDate="2011-04-07 14:16:37.587 PDT" Interest="1.0" Kind="propagation" Navigation="org.eclipse.mylyn.core.model.edges.containment" OriginId="org.eclipse.mylyn.core.model.interest.propagation" StartDate="2011-04-07 14:16:37.587 PDT" StructureHandle="" StructureKind="java"/><InteractionEvent Delta="null" EndDate="2011-04-07 14:16:44.621 PDT" Interest="1.0" Kind="propagation" Navigation="null" OriginId="org.eclipse.mylyn.resources.ui.interest.updater" StartDate="2011-04-07 14:16:44.621 PDT" StructureHandle="/org.eclipse.mylyn.cdt.ui/src/org/eclipse/mylyn/internal/cdt/ui/CDTContextLabelProvider.java" StructureKind="resource"/><InteractionEvent Delta="null" EndDate="2011-04-07 14:16:44.621 PDT" Interest="1.0" Kind="propagation" Navigation="org.eclipse.mylyn.core.model.edges.containment" OriginId="org.eclipse.mylyn.core.model.interest.propagation" StartDate="2011-04-07 14:16:44.621 PDT" StructureHandle="/org.eclipse.mylyn.cdt.ui/src/org/eclipse/mylyn/internal" StructureKind="resource"/><InteractionEvent Delta="null" EndDate="2011-04-07 14:16:44.621 PDT" Interest="1.0" Kind="prediction" Navigation="null" OriginId="org.eclipse.mylyn.resources.ui.interest.updater" StartDate="2011-04-07 14:16:44.621 PDT" StructureHandle="=org.eclipse.mylyn.cdt.ui/src&amp;lt;org.eclipse.mylyn.internal.cdt.ui{CDTContextLabelProvider.java" StructureKind="java"/><InteractionEvent Delta="null" EndDate="2011-04-07 14:16:37.587 PDT" Interest="1.0" Kind="propagation" Navigation="org.eclipse.mylyn.core.model.edges.containment" OriginId="org.eclipse.mylyn.core.model.interest.propagation" StartDate="2011-04-07 14:16:37.587 PDT" StructureHandle="/" StructureKind="resource"/><InteractionEvent Delta="null" EndDate="2011-04-07 14:16:44.622 PDT" Interest="1.0" Kind="propagation" Navigation="org.eclipse.mylyn.core.model.edges.containment" OriginId="org.eclipse.mylyn.core.model.interest.propagation" StartDate="2011-04-07 14:16:44.622 PDT" StructureHandle="=org.eclipse.mylyn.cdt.ui" StructureKind="resource"/><InteractionEvent Delta="null" EndDate="2011-04-07 14:16:44.621 PDT" Interest="1.0" Kind="propagation" Navigation="org.eclipse.mylyn.core.model.edges.containment" OriginId="org.eclipse.mylyn.core.model.interest.propagation" StartDate="2011-04-07 14:16:44.621 PDT" StructureHandle="/org.eclipse.mylyn.cdt.ui/src/org/eclipse/mylyn/internal/cdt/ui" StructureKind="resource"/><InteractionEvent Delta="null" EndDate="2011-04-07 14:16:44.622 PDT" Interest="1.0" Kind="propagation" Navigation="org.eclipse.mylyn.core.model.edges.containment" OriginId="org.eclipse.mylyn.core.model.interest.propagation" StartDate="2011-04-07 14:16:44.622 PDT" StructureHandle="/org.eclipse.mylyn.cdt.ui/src" StructureKind="resource"/><InteractionEvent Delta="null" EndDate="2011-04-07 14:16:44.622 PDT" Interest="1.0" Kind="propagation" Navigation="org.eclipse.mylyn.core.model.edges.containment" OriginId="org.eclipse.mylyn.core.model.interest.propagation" StartDate="2011-04-07 14:16:44.622 PDT" StructureHandle="=org.eclipse.mylyn.cdt.ui/src" StructureKind="java"/><InteractionEvent Delta="null" EndDate="2011-04-07 14:16:37.587 PDT" Interest="1.0" Kind="propagation" Navigation="null" OriginId="org.eclipse.jdt.ui.PackageExplorer" StartDate="2011-04-07 14:16:37.587 PDT" StructureHandle="/org.eclipse.mylyn.cdt-feature" StructureKind="resource"/><InteractionEvent Delta="null" EndDate="2011-04-07 14:16:44.622 PDT" Interest="1.0" Kind="propagation" Navigation="org.eclipse.mylyn.core.model.edges.containment" OriginId="org.eclipse.mylyn.core.model.interest.propagation" StartDate="2011-04-07 14:16:44.622 PDT" StructureHandle="=org.eclipse.mylyn.cdt.ui/src&amp;lt;org.eclipse.mylyn.internal.cdt.ui" StructureKind="java"/><InteractionEvent Delta="null" EndDate="2011-04-07 14:16:37.586 PDT" Interest="1.0" Kind="selection" Navigation="null" OriginId="org.eclipse.jdt.ui.PackageExplorer" StartDate="2011-04-07 14:16:37.586 PDT" StructureHandle="=org.eclipse.mylyn.cdt-feature" StructureKind="java"/><InteractionEvent Delta="null" EndDate="2011-04-07 14:16:44.621 PDT" Interest="1.0" Kind="propagation" Navigation="org.eclipse.mylyn.core.model.edges.containment" OriginId="org.eclipse.mylyn.core.model.interest.propagation" StartDate="2011-04-07 14:16:44.621 PDT" StructureHandle="/org.eclipse.mylyn.cdt.ui/src/org/eclipse/mylyn/internal/cdt" StructureKind="resource"/><InteractionEvent Delta="null" EndDate="2011-04-07 14:16:44.622 PDT" Interest="1.0" Kind="propagation" Navigation="org.eclipse.mylyn.core.model.edges.containment" OriginId="org.eclipse.mylyn.core.model.interest.propagation" StartDate="2011-04-07 14:16:44.622 PDT" StructureHandle="/org.eclipse.mylyn.cdt.ui/src/org/eclipse/mylyn" StructureKind="resource"/></InteractionHistory>