<?xml version="1.0" encoding="UTF-8"?><InteractionHistory Id="https://bugs.eclipse.org/bugs-324487" Version="1"><InteractionEvent Delta="null" EndDate="2010-10-18 16:10:58.526 PDT" Interest="1.0" Kind="propagation" Navigation="org.eclipse.mylyn.core.model.edges.containment" OriginId="org.eclipse.mylyn.core.model.interest.propagation" StartDate="2010-10-18 16:10:58.526 PDT" StructureHandle="/org.eclipse.mylyn.cdt.ui/src/org/eclipse/mylyn" StructureKind="resource"/><InteractionEvent Delta="null" EndDate="2010-09-03 12:49:43.350 PDT" Interest="7.0" Kind="propagation" Navigation="org.eclipse.mylyn.core.model.edges.containment" OriginId="org.eclipse.mylyn.core.model.interest.propagation" StartDate="2010-09-03 12:48:44.782 PDT" StructureHandle="/org.eclipse.mylyn.cdt.ui/src/org/eclipse" StructureKind="resource" NumEvents="7" CreationCount="1"/><InteractionEvent Delta="null" EndDate="2010-10-18 16:10:58.526 PDT" Interest="1.0" Kind="propagation" Navigation="org.eclipse.mylyn.core.model.edges.containment" OriginId="org.eclipse.mylyn.core.model.interest.propagation" StartDate="2010-10-18 16:10:58.526 PDT" StructureHandle="=org.eclipse.mylyn.cdt.ui" StructureKind="resource"/><InteractionEvent Delta="null" EndDate="2010-10-18 16:10:58.526 PDT" Interest="1.0" Kind="propagation" Navigation="org.eclipse.mylyn.core.model.edges.containment" OriginId="org.eclipse.mylyn.core.model.interest.propagation" StartDate="2010-10-18 16:10:58.526 PDT" StructureHandle="/org.eclipse.mylyn.cdt.ui/src/org/eclipse/mylyn/internal/cdt/ui/contentassist" StructureKind="resource"/><InteractionEvent Delta="null" EndDate="2010-09-03 12:49:43.350 PDT" Interest="7.0" Kind="propagation" Navigation="org.eclipse.mylyn.core.model.edges.containment" OriginId="org.eclipse.mylyn.core.model.interest.propagation" StartDate="2010-09-03 12:48:44.782 PDT" StructureHandle="/org.eclipse.mylyn.cdt.ui/src/org/eclipse/mylyn/internal" StructureKind="resource" NumEvents="7" CreationCount="1"/><InteractionEvent Delta="null" EndDate="2010-09-03 12:49:30.952 PDT" Interest="2.0" Kind="selection" Navigation="null" OriginId="org.eclipse.jdt.ui.CompilationUnitEditor" StartDate="2010-09-03 12:48:44.781 PDT" StructureHandle="=org.eclipse.mylyn.cdt.ui/src&amp;lt;org.eclipse.mylyn.internal.cdt.ui.contentassist{DOMCompletionProposalComputer.java" StructureKind="java" NumEvents="2" CreationCount="1"/><InteractionEvent Delta="null" EndDate="2010-10-18 16:10:58.526 PDT" Interest="1.0" Kind="propagation" Navigation="org.eclipse.mylyn.core.model.edges.containment" OriginId="org.eclipse.mylyn.core.model.interest.propagation" StartDate="2010-10-18 16:10:58.526 PDT" StructureHandle="/org.eclipse.mylyn.cdt.ui/src" StructureKind="resource"/><InteractionEvent Delta="null" EndDate="2010-10-18 16:10:58.526 PDT" Interest="1.0" Kind="propagation" Navigation="org.eclipse.mylyn.core.model.edges.containment" OriginId="org.eclipse.mylyn.core.model.interest.propagation" StartDate="2010-10-18 16:10:58.526 PDT" StructureHandle="/org.eclipse.mylyn.cdt.ui/src/org" StructureKind="resource"/><InteractionEvent Delta="null" EndDate="2010-09-03 12:49:43.350 PDT" Interest="7.0" Kind="propagation" Navigation="org.eclipse.mylyn.core.model.edges.containment" OriginId="org.eclipse.mylyn.core.model.interest.propagation" StartDate="2010-09-03 12:48:44.782 PDT" StructureHandle="/" StructureKind="resource" NumEvents="7" CreationCount="1"/><InteractionEvent Delta="null" EndDate="2010-09-03 12:49:43.349 PDT" Interest="3.8" Kind="propagation" Navigation="org.eclipse.mylyn.core.model.edges.containment" OriginId="org.eclipse.mylyn.core.model.interest.propagation" StartDate="2010-09-03 12:49:31.78 PDT" StructureHandle="=org.eclipse.mylyn.cdt.ui/src&amp;lt;org.eclipse.mylyn.internal.cdt.ui.contentassist{DOMCompletionProposalComputer.java[DOMCompletionProposalComputer" StructureKind="java" NumEvents="5" CreationCount="3"/><InteractionEvent Delta="null" EndDate="2010-10-18 16:10:58.526 PDT" Interest="1.0" Kind="propagation" Navigation="org.eclipse.mylyn.core.model.edges.containment" OriginId="org.eclipse.mylyn.core.model.interest.propagation" StartDate="2010-10-18 16:10:58.526 PDT" StructureHandle="/" StructureKind="resource"/><InteractionEvent Delta="null" EndDate="2010-09-03 12:49:43.350 PDT" Interest="7.0" Kind="propagation" Navigation="org.eclipse.mylyn.core.model.edges.containment" OriginId="org.eclipse.mylyn.core.model.interest.propagation" StartDate="2010-09-03 12:48:44.782 PDT" StructureHandle="/org.eclipse.mylyn.cdt.ui/src/org/eclipse/mylyn/internal/cdt/ui/contentassist" StructureKind="resource" NumEvents="7" CreationCount="1"/><InteractionEvent Delta="null" EndDate="2010-09-03 12:49:43.350 PDT" Interest="7.0" Kind="propagation" Navigation="org.eclipse.mylyn.core.model.edges.containment" OriginId="org.eclipse.mylyn.core.model.interest.propagation" StartDate="2010-09-03 12:48:44.782 PDT" StructureHandle="/org.eclipse.mylyn.cdt.ui/src/org/eclipse/mylyn/internal/cdt" StructureKind="resource" NumEvents="7" CreationCount="1"/><InteractionEvent Delta="null" EndDate="2010-09-03 12:49:43.350 PDT" Interest="7.0" Kind="propagation" Navigation="org.eclipse.mylyn.core.model.edges.containment" OriginId="org.eclipse.mylyn.core.model.interest.propagation" StartDate="2010-09-03 12:48:44.782 PDT" StructureHandle="=org.eclipse.mylyn.cdt.ui" StructureKind="resource" NumEvents="7" CreationCount="1"/><InteractionEvent Delta="null" EndDate="2010-09-03 12:49:43.351 PDT" Interest="3.8339999" Kind="propagation" Navigation="org.eclipse.mylyn.core.model.edges.containment" OriginId="org.eclipse.mylyn.core.model.interest.propagation" StartDate="2010-09-03 12:48:44.782 PDT" StructureHandle="=org.eclipse.mylyn.cdt.ui/src" StructureKind="java" NumEvents="5" CreationCount="1"/><InteractionEvent Delta="null" EndDate="2010-10-18 16:10:58.526 PDT" Interest="1.0000002" Kind="propagation" Navigation="org.eclipse.mylyn.core.model.edges.containment" OriginId="org.eclipse.mylyn.core.model.interest.propagation" StartDate="2010-10-18 16:10:58.526 PDT" StructureHandle="=org.eclipse.mylyn.cdt.ui/src&amp;lt;org.eclipse.mylyn.internal.cdt.ui.contentassist{DOMCompletionProposalComputer.java[DOMCompletionProposalComputer" StructureKind="java"/><InteractionEvent Delta="null" EndDate="2010-10-18 16:10:58.525 PDT" Interest="1.0" Kind="selection" Navigation="null" OriginId="org.eclipse.jdt.ui.CompilationUnitEditor" StartDate="2010-10-18 16:10:58.525 PDT" StructureHandle="=org.eclipse.mylyn.cdt.ui/src&amp;lt;org.eclipse.mylyn.internal.cdt.ui.contentassist{DOMCompletionProposalComputer.java[DOMCompletionProposalComputer~getImage~QIBinding;" StructureKind="java"/><InteractionEvent Delta="null" EndDate="2010-09-03 12:49:31.78 PDT" Interest="1.0" Kind="selection" Navigation="null" OriginId="org.eclipse.jdt.ui.CompilationUnitEditor" StartDate="2010-09-03 12:49:31.78 PDT" StructureHandle="=org.eclipse.mylyn.cdt.ui/src&amp;lt;org.eclipse.mylyn.internal.cdt.ui.contentassist{DOMCompletionProposalComputer.java[DOMCompletionProposalComputer~getImage~QIBinding;" StructureKind="java"/><InteractionEvent Delta="null" EndDate="2010-10-18 16:10:58.526 PDT" Interest="1.0000005" Kind="propagation" Navigation="org.eclipse.mylyn.core.model.edges.containment" OriginId="org.eclipse.mylyn.core.model.interest.propagation" StartDate="2010-10-18 16:10:58.526 PDT" StructureHandle="=org.eclipse.mylyn.cdt.ui/src&amp;lt;org.eclipse.mylyn.internal.cdt.ui.contentassist{DOMCompletionProposalComputer.java" StructureKind="java"/><InteractionEvent Delta="null" EndDate="2010-09-03 12:49:43.350 PDT" Interest="7.0" Kind="propagation" Navigation="org.eclipse.mylyn.core.model.edges.containment" OriginId="org.eclipse.mylyn.core.model.interest.propagation" StartDate="2010-09-03 12:48:44.782 PDT" StructureHandle="/org.eclipse.mylyn.cdt.ui/src/org" StructureKind="resource" NumEvents="7" CreationCount="1"/><InteractionEvent Delta="null" EndDate="2010-10-18 16:10:58.526 PDT" Interest="1.0" Kind="propagation" Navigation="org.eclipse.mylyn.core.model.edges.containment" OriginId="org.eclipse.mylyn.core.model.interest.propagation" StartDate="2010-10-18 16:10:58.526 PDT" StructureHandle="/org.eclipse.mylyn.cdt.ui/src/org/eclipse" StructureKind="resource"/><InteractionEvent Delta="null" EndDate="2010-10-18 16:10:58.526 PDT" Interest="1.0" Kind="propagation" Navigation="org.eclipse.mylyn.core.model.edges.containment" OriginId="org.eclipse.mylyn.core.model.interest.propagation" StartDate="2010-10-18 16:10:58.526 PDT" StructureHandle="/org.eclipse.mylyn.cdt.ui/src/org/eclipse/mylyn/internal/cdt" StructureKind="resource"/><InteractionEvent Delta="null" EndDate="2010-09-03 12:49:43.350 PDT" Interest="1.8339998" Kind="propagation" Navigation="org.eclipse.mylyn.core.model.edges.containment" OriginId="org.eclipse.mylyn.core.model.interest.propagation" StartDate="2010-09-03 12:49:36.113 PDT" StructureHandle="=org.eclipse.mylyn.cdt.ui/src&amp;lt;org.eclipse.mylyn.internal.cdt.ui.contentassist{DOMCompletionProposalComputer.java" StructureKind="java" NumEvents="3" CreationCount="1"/><InteractionEvent Delta="null" EndDate="2010-09-03 12:49:43.350 PDT" Interest="7.0" Kind="propagation" Navigation="null" OriginId="org.eclipse.jdt.ui.CompilationUnitEditor" StartDate="2010-09-03 12:48:44.782 PDT" StructureHandle="/org.eclipse.mylyn.cdt.ui/src/org/eclipse/mylyn/internal/cdt/ui/contentassist/DOMCompletionProposalComputer.java" StructureKind="resource" NumEvents="7" CreationCount="1"/><InteractionEvent Delta="null" EndDate="2010-10-18 16:10:58.526 PDT" Interest="1.0" Kind="propagation" Navigation="org.eclipse.mylyn.core.model.edges.containment" OriginId="org.eclipse.mylyn.core.model.interest.propagation" StartDate="2010-10-18 16:10:58.526 PDT" StructureHandle="/org.eclipse.mylyn.cdt.ui/src/org/eclipse/mylyn/internal" StructureKind="resource"/><InteractionEvent Delta="null" EndDate="2010-09-03 12:49:43.349 PDT" Interest="4.0" Kind="edit" Navigation="null" OriginId="org.eclipse.jdt.ui.CompilationUnitEditor" StartDate="2010-09-03 12:49:34.721 PDT" StructureHandle="=org.eclipse.mylyn.cdt.ui/src&amp;lt;org.eclipse.mylyn.internal.cdt.ui.contentassist{DOMCompletionProposalComputer.java[DOMCompletionProposalComputer~getImage~QIBinding;" StructureKind="java" NumEvents="4" CreationCount="3"/><InteractionEvent Delta="null" EndDate="2010-10-18 16:10:58.527 PDT" Interest="1.0000002" Kind="propagation" Navigation="org.eclipse.mylyn.core.model.edges.containment" OriginId="org.eclipse.mylyn.core.model.interest.propagation" StartDate="2010-10-18 16:10:58.527 PDT" StructureHandle="=org.eclipse.mylyn.cdt.ui/src" StructureKind="java"/><InteractionEvent Delta="null" EndDate="2010-09-03 12:49:43.350 PDT" Interest="7.0" Kind="propagation" Navigation="org.eclipse.mylyn.core.model.edges.containment" OriginId="org.eclipse.mylyn.core.model.interest.propagation" StartDate="2010-09-03 12:48:44.782 PDT" StructureHandle="/org.eclipse.mylyn.cdt.ui/src/org/eclipse/mylyn" StructureKind="resource" NumEvents="7" CreationCount="1"/><InteractionEvent Delta="null" EndDate="2010-10-18 16:10:58.526 PDT" Interest="1.0" Kind="propagation" Navigation="null" OriginId="org.eclipse.jdt.ui.CompilationUnitEditor" StartDate="2010-10-18 16:10:58.526 PDT" StructureHandle="/org.eclipse.mylyn.cdt.ui/src/org/eclipse/mylyn/internal/cdt/ui/contentassist/DOMCompletionProposalComputer.java" StructureKind="resource"/><InteractionEvent Delta="null" EndDate="2010-09-03 12:49:43.350 PDT" Interest="7.0" Kind="propagation" Navigation="org.eclipse.mylyn.core.model.edges.containment" OriginId="org.eclipse.mylyn.core.model.interest.propagation" StartDate="2010-09-03 12:48:44.782 PDT" StructureHandle="/org.eclipse.mylyn.cdt.ui/src" StructureKind="resource" NumEvents="7" CreationCount="1"/><InteractionEvent Delta="null" EndDate="2010-10-18 16:10:58.527 PDT" Interest="1.0000002" Kind="propagation" Navigation="org.eclipse.mylyn.core.model.edges.containment" OriginId="org.eclipse.mylyn.core.model.interest.propagation" StartDate="2010-10-18 16:10:58.527 PDT" StructureHandle="=org.eclipse.mylyn.cdt.ui/src&amp;lt;org.eclipse.mylyn.internal.cdt.ui.contentassist" StructureKind="java"/><InteractionEvent Delta="null" EndDate="2010-10-18 16:10:58.526 PDT" Interest="1.0" Kind="propagation" Navigation="org.eclipse.mylyn.core.model.edges.containment" OriginId="org.eclipse.mylyn.core.model.interest.propagation" StartDate="2010-10-18 16:10:58.526 PDT" StructureHandle="/org.eclipse.mylyn.cdt.ui/src/org/eclipse/mylyn/internal/cdt/ui" StructureKind="resource"/><InteractionEvent Delta="null" EndDate="2010-09-03 12:49:43.351 PDT" Interest="3.8339999" Kind="propagation" Navigation="org.eclipse.mylyn.core.model.edges.containment" OriginId="org.eclipse.mylyn.core.model.interest.propagation" StartDate="2010-09-03 12:48:44.782 PDT" StructureHandle="=org.eclipse.mylyn.cdt.ui/src&amp;lt;org.eclipse.mylyn.internal.cdt.ui.contentassist" StructureKind="java" NumEvents="5" CreationCount="1"/><InteractionEvent Delta="null" EndDate="2010-09-03 12:49:43.350 PDT" Interest="7.0" Kind="propagation" Navigation="org.eclipse.mylyn.core.model.edges.containment" OriginId="org.eclipse.mylyn.core.model.interest.propagation" StartDate="2010-09-03 12:48:44.782 PDT" StructureHandle="/org.eclipse.mylyn.cdt.ui/src/org/eclipse/mylyn/internal/cdt/ui" StructureKind="resource" NumEvents="7" CreationCount="1"/></InteractionHistory>