<?xml version="1.0" encoding="UTF-8"?><InteractionHistory Id="https://bugs.eclipse.org/bugs-356914" Version="1"><InteractionEvent Delta="null" EndDate="2012-02-17 11:52:15.923 CET" Interest="0.01700002" Kind="propagation" Navigation="org.eclipse.mylyn.core.model.edges.containment" OriginId="org.eclipse.mylyn.core.model.interest.propagation" StartDate="2012-02-17 11:52:15.923 CET" StructureHandle="=org.eclipse.mylyn.context.tasks.ui/src&amp;lt;org.eclipse.mylyn.internal.context.tasks.ui.editors" StructureKind="java"/><InteractionEvent Delta="null" EndDate="2012-02-17 11:52:42.184 CET" Interest="1.0" Kind="propagation" Navigation="org.eclipse.mylyn.core.model.edges.containment" OriginId="org.eclipse.mylyn.core.model.interest.propagation" StartDate="2012-02-17 11:52:42.184 CET" StructureHandle="/org.eclipse.mylyn.context.tasks.ui/src" StructureKind="resource"/><InteractionEvent Delta="null" EndDate="2012-02-17 11:53:15.119 CET" Interest="1.0" Kind="propagation" Navigation="null" OriginId="org.eclipse.jdt.ui.CompilationUnitEditor" StartDate="2012-02-17 11:53:15.119 CET" StructureHandle="/org.eclipse.mylyn.context.tasks.ui/src/org/eclipse/mylyn/internal/context/tasks/ui/editors/ContextWrapper.java" StructureKind="resource"/><InteractionEvent Delta="null" EndDate="2012-02-17 11:53:09.174 CET" Interest="0.9999995" Kind="propagation" Navigation="org.eclipse.mylyn.core.model.edges.containment" OriginId="org.eclipse.mylyn.core.model.interest.propagation" StartDate="2012-02-17 11:53:09.174 CET" StructureHandle="=org.eclipse.mylyn.context.tasks.ui/src&amp;lt;org.eclipse.mylyn.internal.context.tasks.ui.editors" StructureKind="java"/><InteractionEvent Delta="null" EndDate="2012-02-17 11:53:03.830 CET" Interest="1.0" Kind="propagation" Navigation="org.eclipse.mylyn.core.model.edges.containment" OriginId="org.eclipse.mylyn.core.model.interest.propagation" StartDate="2012-02-17 11:53:03.830 CET" StructureHandle="/org.eclipse.mylyn.context.tasks.ui/src/org/eclipse/mylyn/internal/context/tasks/ui/editors" StructureKind="resource"/><InteractionEvent Delta="null" EndDate="2012-02-17 11:53:23.83 CET" Interest="1.0" Kind="propagation" Navigation="org.eclipse.mylyn.core.model.edges.containment" OriginId="org.eclipse.mylyn.core.model.interest.propagation" StartDate="2012-02-17 11:53:23.83 CET" StructureHandle="/org.eclipse.mylyn.context.tasks.ui/src" StructureKind="resource"/><InteractionEvent Delta="null" EndDate="2012-02-17 11:53:05.20 CET" Interest="1.0" Kind="propagation" Navigation="org.eclipse.mylyn.core.model.edges.containment" OriginId="org.eclipse.mylyn.core.model.interest.propagation" StartDate="2012-02-17 11:53:05.20 CET" StructureHandle="/org.eclipse.mylyn.context.tasks.ui/src" StructureKind="resource"/><InteractionEvent Delta="null" EndDate="2012-02-17 11:52:15.174 CET" Interest="1.0" Kind="propagation" Navigation="org.eclipse.mylyn.core.model.edges.containment" OriginId="org.eclipse.mylyn.core.model.interest.propagation" StartDate="2012-02-17 11:52:15.174 CET" StructureHandle="=org.eclipse.mylyn.context.tasks.ui/src" StructureKind="java"/><InteractionEvent Delta="null" EndDate="2012-02-17 11:53:50.800 CET" Interest="1.0" Kind="propagation" Navigation="null" OriginId="org.eclipse.jdt.ui.CompilationUnitEditor" StartDate="2012-02-17 11:53:50.800 CET" StructureHandle="/org.eclipse.mylyn.context.tasks.ui/src/org/eclipse/mylyn/internal/context/tasks/ui/editors" StructureKind="resource"/><InteractionEvent Delta="null" EndDate="2012-02-17 11:53:09.174 CET" Interest="1.0" Kind="propagation" Navigation="org.eclipse.mylyn.core.model.edges.containment" OriginId="org.eclipse.mylyn.core.model.interest.propagation" StartDate="2012-02-17 11:53:09.174 CET" StructureHandle="=org.eclipse.mylyn.context.tasks.ui" StructureKind="resource"/><InteractionEvent Delta="null" EndDate="2012-02-17 11:53:48.108 CET" Interest="1.0" Kind="propagation" Navigation="null" OriginId="org.eclipse.jdt.ui.CompilationUnitEditor" StartDate="2012-02-17 11:53:48.108 CET" StructureHandle="/org.eclipse.mylyn.context.tasks.ui/src/org/eclipse/mylyn/internal/context/tasks/ui/editors" StructureKind="resource"/><InteractionEvent Delta="null" EndDate="2012-02-17 11:52:42.184 CET" Interest="1.0" Kind="propagation" Navigation="org.eclipse.mylyn.core.model.edges.containment" OriginId="org.eclipse.mylyn.core.model.interest.propagation" StartDate="2012-02-17 11:52:42.184 CET" StructureHandle="/org.eclipse.mylyn.context.tasks.ui/src/org/eclipse/mylyn/internal/context/tasks/ui/editors" StructureKind="resource"/><InteractionEvent Delta="null" EndDate="2012-02-17 11:53:47.796 CET" Interest="1.0" Kind="selection" Navigation="null" OriginId="org.eclipse.jdt.ui.PackageExplorer" StartDate="2012-02-17 11:53:47.796 CET" StructureHandle="=org.eclipse.mylyn.context.tasks.ui/src&amp;lt;org.eclipse.mylyn.internal.context.tasks.ui.editors{ContextPageFactory.java" StructureKind="java"/><InteractionEvent Delta="null" EndDate="2012-02-17 11:54:12.504 CET" Interest="1.0" Kind="propagation" Navigation="org.eclipse.mylyn.core.model.edges.containment" OriginId="org.eclipse.mylyn.core.model.interest.propagation" StartDate="2012-02-17 11:54:12.504 CET" StructureHandle="=org.eclipse.mylyn.context.tasks.ui/src&amp;lt;org.eclipse.mylyn.internal.context.tasks.ui.editors" StructureKind="java"/><InteractionEvent Delta="null" EndDate="2012-02-17 11:53:08.598 CET" Interest="1.0" Kind="propagation" Navigation="org.eclipse.mylyn.core.model.edges.containment" OriginId="org.eclipse.mylyn.core.model.interest.propagation" StartDate="2012-02-17 11:53:08.598 CET" StructureHandle="/org.eclipse.mylyn.context.tasks.ui/src" StructureKind="resource"/><InteractionEvent Delta="null" EndDate="2012-02-17 11:54:09.336 CET" Interest="1.0" Kind="propagation" Navigation="org.eclipse.mylyn.core.model.edges.containment" OriginId="org.eclipse.mylyn.core.model.interest.propagation" StartDate="2012-02-17 11:54:09.336 CET" StructureHandle="/org.eclipse.mylyn.context.tasks.ui/src" StructureKind="resource"/><InteractionEvent Delta="null" EndDate="2012-02-17 11:53:10.783 CET" Interest="0.7000003" Kind="propagation" Navigation="org.eclipse.mylyn.core.model.edges.containment" OriginId="org.eclipse.mylyn.core.model.interest.propagation" StartDate="2012-02-17 11:53:10.783 CET" StructureHandle="=org.eclipse.mylyn.context.tasks.ui/src" StructureKind="java"/><InteractionEvent Delta="null" EndDate="2012-02-17 11:53:35.123 CET" Interest="0.6999998" Kind="propagation" Navigation="org.eclipse.mylyn.core.model.edges.containment" OriginId="org.eclipse.mylyn.core.model.interest.propagation" StartDate="2012-02-17 11:53:35.123 CET" StructureHandle="=org.eclipse.mylyn.context.tasks.ui/src&amp;lt;org.eclipse.mylyn.internal.context.tasks.ui.editors{ContextWrapper.java" StructureKind="java"/><InteractionEvent Delta="null" EndDate="2012-02-17 11:53:23.83 CET" Interest="1.0" Kind="propagation" Navigation="org.eclipse.mylyn.core.model.edges.containment" OriginId="org.eclipse.mylyn.core.model.interest.propagation" StartDate="2012-02-17 11:53:23.83 CET" StructureHandle="/org.eclipse.mylyn.context.tasks.ui/src/org/eclipse/mylyn/internal/context/tasks/ui/editors" StructureKind="resource"/><InteractionEvent Delta="null" EndDate="2012-02-17 11:53:47.796 CET" Interest="1.0" Kind="propagation" Navigation="null" OriginId="org.eclipse.jdt.ui.PackageExplorer" StartDate="2012-02-17 11:53:47.796 CET" StructureHandle="/org.eclipse.mylyn.context.tasks.ui/src/org/eclipse/mylyn/internal/context/tasks/ui/editors/ContextPageFactory.java" StructureKind="resource"/><InteractionEvent Delta="null" EndDate="2012-02-17 11:53:59.591 CET" Interest="1.0" Kind="propagation" Navigation="null" OriginId="org.eclipse.jdt.ui.CompilationUnitEditor" StartDate="2012-02-17 11:53:59.591 CET" StructureHandle="/org.eclipse.mylyn.context.tasks.ui/src/org/eclipse/mylyn/internal/context/tasks/ui/editors" StructureKind="resource"/><InteractionEvent Delta="null" EndDate="2012-02-17 11:52:17.65 CET" Interest="1.0" Kind="propagation" Navigation="null" OriginId="org.eclipse.jdt.ui.CompilationUnitEditor" StartDate="2012-02-17 11:52:17.65 CET" StructureHandle="/org.eclipse.mylyn.context.tasks.ui/src/org/eclipse/mylyn/internal/context/tasks/ui/editors/ContextWrapper.java" StructureKind="resource"/><InteractionEvent Delta="null" EndDate="2012-02-17 11:52:15.923 CET" Interest="0.01700002" Kind="propagation" Navigation="org.eclipse.mylyn.core.model.edges.containment" OriginId="org.eclipse.mylyn.core.model.interest.propagation" StartDate="2012-02-17 11:52:15.923 CET" StructureHandle="=org.eclipse.mylyn.context.tasks.ui/src&amp;lt;org.eclipse.mylyn.internal.context.tasks.ui.editors{ContextWrapper.java" StructureKind="java"/><InteractionEvent Delta="null" EndDate="2012-02-17 11:53:15.120 CET" Interest="0.6999998" Kind="propagation" Navigation="org.eclipse.mylyn.core.model.edges.containment" OriginId="org.eclipse.mylyn.core.model.interest.propagation" StartDate="2012-02-17 11:53:15.120 CET" StructureHandle="=org.eclipse.mylyn.context.tasks.ui/src&amp;lt;org.eclipse.mylyn.internal.context.tasks.ui.editors{ContextWrapper.java" StructureKind="java"/><InteractionEvent Delta="null" EndDate="2012-02-17 11:52:52.606 CET" Interest="1.0" Kind="propagation" Navigation="org.eclipse.mylyn.core.model.edges.containment" OriginId="org.eclipse.mylyn.core.model.interest.propagation" StartDate="2012-02-17 11:52:52.606 CET" StructureHandle="/org.eclipse.mylyn.context.tasks.ui/src" StructureKind="resource"/><InteractionEvent Delta="null" EndDate="2012-02-17 11:54:12.504 CET" Interest="1.0" Kind="propagation" Navigation="org.eclipse.mylyn.core.model.edges.containment" OriginId="org.eclipse.mylyn.core.model.interest.propagation" StartDate="2012-02-17 11:54:12.504 CET" StructureHandle="=org.eclipse.mylyn.context.tasks.ui/src" StructureKind="java"/><InteractionEvent Delta="null" EndDate="2012-02-17 11:52:36.921 CET" Interest="1.0" Kind="propagation" Navigation="org.eclipse.mylyn.core.model.edges.containment" OriginId="org.eclipse.mylyn.core.model.interest.propagation" StartDate="2012-02-17 11:52:36.921 CET" StructureHandle="=org.eclipse.mylyn.context.tasks.ui" StructureKind="resource"/><InteractionEvent Delta="null" EndDate="2012-02-17 11:52:15.174 CET" Interest="1.0" Kind="propagation" Navigation="org.eclipse.mylyn.core.model.edges.containment" OriginId="org.eclipse.mylyn.core.model.interest.propagation" StartDate="2012-02-17 11:52:15.174 CET" StructureHandle="/org.eclipse.mylyn.context.tasks.ui/src" StructureKind="resource"/><InteractionEvent Delta="null" EndDate="2012-02-17 11:53:25.688 CET" Interest="0.69999886" Kind="propagation" Navigation="org.eclipse.mylyn.core.model.edges.containment" OriginId="org.eclipse.mylyn.core.model.interest.propagation" StartDate="2012-02-17 11:53:25.688 CET" StructureHandle="=org.eclipse.mylyn.context.tasks.ui/src&amp;lt;org.eclipse.mylyn.internal.context.tasks.ui.editors{ContextWrapper.java" StructureKind="java"/><InteractionEvent Delta="null" EndDate="2012-02-17 11:52:56.730 CET" Interest="0.70000005" Kind="propagation" Navigation="org.eclipse.mylyn.core.model.edges.containment" OriginId="org.eclipse.mylyn.core.model.interest.propagation" StartDate="2012-02-17 11:52:56.730 CET" StructureHandle="=org.eclipse.mylyn.context.tasks.ui/src&amp;lt;org.eclipse.mylyn.internal.context.tasks.ui.editors{ContextWrapper.java" StructureKind="java"/><InteractionEvent Delta="null" EndDate="2012-02-17 11:53:13.198 CET" Interest="0.6999998" Kind="propagation" Navigation="org.eclipse.mylyn.core.model.edges.containment" OriginId="org.eclipse.mylyn.core.model.interest.propagation" StartDate="2012-02-17 11:53:13.198 CET" StructureHandle="=org.eclipse.mylyn.context.tasks.ui/src" StructureKind="java"/><InteractionEvent Delta="null" EndDate="2012-02-17 11:52:17.67 CET" Interest="0.7000001" Kind="propagation" Navigation="org.eclipse.mylyn.core.model.edges.containment" OriginId="org.eclipse.mylyn.core.model.interest.propagation" StartDate="2012-02-17 11:52:17.67 CET" StructureHandle="=org.eclipse.mylyn.context.tasks.ui/src&amp;lt;org.eclipse.mylyn.internal.context.tasks.ui.editors" StructureKind="java"/><InteractionEvent Delta="null" EndDate="2012-02-17 11:52:15.923 CET" Interest="0.01699996" Kind="propagation" Navigation="org.eclipse.mylyn.core.model.edges.containment" OriginId="org.eclipse.mylyn.core.model.interest.propagation" StartDate="2012-02-17 11:52:15.923 CET" StructureHandle="=org.eclipse.mylyn.context.tasks.ui/src" StructureKind="java"/><InteractionEvent Delta="null" EndDate="2012-02-17 11:53:25.688 CET" Interest="1.0" Kind="propagation" Navigation="org.eclipse.mylyn.core.model.edges.containment" OriginId="org.eclipse.mylyn.core.model.interest.propagation" StartDate="2012-02-17 11:53:25.688 CET" StructureHandle="=org.eclipse.mylyn.context.tasks.ui" StructureKind="resource"/><InteractionEvent Delta="null" EndDate="2012-02-17 11:53:28.293 CET" Interest="0.70000076" Kind="propagation" Navigation="org.eclipse.mylyn.core.model.edges.containment" OriginId="org.eclipse.mylyn.core.model.interest.propagation" StartDate="2012-02-17 11:53:28.293 CET" StructureHandle="=org.eclipse.mylyn.context.tasks.ui/src" StructureKind="java"/><InteractionEvent Delta="null" EndDate="2012-02-17 11:53:19.254 CET" Interest="1.0" Kind="propagation" Navigation="org.eclipse.mylyn.core.model.edges.containment" OriginId="org.eclipse.mylyn.core.model.interest.propagation" StartDate="2012-02-17 11:53:19.254 CET" StructureHandle="/org.eclipse.mylyn.context.tasks.ui/src/org/eclipse/mylyn/internal/context/tasks/ui/editors" StructureKind="resource"/><InteractionEvent Delta="null" EndDate="2012-02-17 11:54:12.504 CET" Interest="1.0" Kind="propagation" Navigation="null" OriginId="org.eclipse.jdt.ui.CompilationUnitEditor" StartDate="2012-02-17 11:54:12.504 CET" StructureHandle="/org.eclipse.mylyn.context.tasks.ui/src/org/eclipse/mylyn/internal/context/tasks/ui/editors" StructureKind="resource"/><InteractionEvent Delta="null" EndDate="2012-02-17 11:53:35.123 CET" Interest="1.0" Kind="propagation" Navigation="org.eclipse.mylyn.core.model.edges.containment" OriginId="org.eclipse.mylyn.core.model.interest.propagation" StartDate="2012-02-17 11:53:35.123 CET" StructureHandle="=org.eclipse.mylyn.context.tasks.ui" StructureKind="resource"/><InteractionEvent Delta="null" EndDate="2012-02-17 11:52:36.920 CET" Interest="1.0" Kind="propagation" Navigation="org.eclipse.mylyn.core.model.edges.containment" OriginId="org.eclipse.mylyn.core.model.interest.propagation" StartDate="2012-02-17 11:52:36.920 CET" StructureHandle="/org.eclipse.mylyn.context.tasks.ui/src/org/eclipse/mylyn/internal/context/tasks/ui/editors" StructureKind="resource"/><InteractionEvent Delta="null" EndDate="2012-02-17 11:54:05.20 CET" Interest="1.0" Kind="edit" Navigation="null" OriginId="org.eclipse.jdt.ui.CompilationUnitEditor" StartDate="2012-02-17 11:54:05.20 CET" StructureHandle="=org.eclipse.mylyn.context.tasks.ui/src&amp;lt;org.eclipse.mylyn.internal.context.tasks.ui.editors{ContextWrapper.java" StructureKind="java"/><InteractionEvent Delta="null" EndDate="2012-02-17 11:53:10.782 CET" Interest="0.7000003" Kind="propagation" Navigation="org.eclipse.mylyn.core.model.edges.containment" OriginId="org.eclipse.mylyn.core.model.interest.propagation" StartDate="2012-02-17 11:53:10.782 CET" StructureHandle="=org.eclipse.mylyn.context.tasks.ui/src&amp;lt;org.eclipse.mylyn.internal.context.tasks.ui.editors{ContextWrapper.java" StructureKind="java"/><InteractionEvent Delta="null" EndDate="2012-02-17 11:53:59.591 CET" Interest="1.0" Kind="propagation" Navigation="org.eclipse.mylyn.core.model.edges.containment" OriginId="org.eclipse.mylyn.core.model.interest.propagation" StartDate="2012-02-17 11:53:59.591 CET" StructureHandle="=org.eclipse.mylyn.context.tasks.ui/src" StructureKind="java"/><InteractionEvent Delta="null" EndDate="2012-02-17 11:54:09.336 CET" Interest="1.0" Kind="propagation" Navigation="null" OriginId="org.eclipse.jdt.ui.CompilationUnitEditor" StartDate="2012-02-17 11:54:09.336 CET" StructureHandle="/org.eclipse.mylyn.context.tasks.ui/src/org/eclipse/mylyn/internal/context/tasks/ui/editors/ContextWrapper.java" StructureKind="resource"/><InteractionEvent Delta="null" EndDate="2012-02-17 11:54:09.336 CET" Interest="1.0" Kind="propagation" Navigation="null" OriginId="org.eclipse.jdt.ui.CompilationUnitEditor" StartDate="2012-02-17 11:54:09.336 CET" StructureHandle="/org.eclipse.mylyn.context.tasks.ui/src/org/eclipse/mylyn/internal/context/tasks/ui/editors" StructureKind="resource"/><InteractionEvent Delta="null" EndDate="2012-02-17 11:53:25.688 CET" Interest="0.6999998" Kind="propagation" Navigation="org.eclipse.mylyn.core.model.edges.containment" OriginId="org.eclipse.mylyn.core.model.interest.propagation" StartDate="2012-02-17 11:53:25.688 CET" StructureHandle="=org.eclipse.mylyn.context.tasks.ui/src&amp;lt;org.eclipse.mylyn.internal.context.tasks.ui.editors" StructureKind="java"/><InteractionEvent Delta="null" EndDate="2012-02-17 11:53:50.712 CET" Interest="1.0" Kind="propagation" Navigation="org.eclipse.mylyn.core.model.edges.containment" OriginId="org.eclipse.mylyn.core.model.interest.propagation" StartDate="2012-02-17 11:53:50.712 CET" StructureHandle="=org.eclipse.mylyn.context.tasks.ui/src&amp;lt;org.eclipse.mylyn.internal.context.tasks.ui.editors" StructureKind="java"/><InteractionEvent Delta="null" EndDate="2012-02-17 11:53:19.254 CET" Interest="1.0" Kind="propagation" Navigation="org.eclipse.mylyn.core.model.edges.containment" OriginId="org.eclipse.mylyn.core.model.interest.propagation" StartDate="2012-02-17 11:53:19.254 CET" StructureHandle="/org.eclipse.mylyn.context.tasks.ui/src" StructureKind="resource"/><InteractionEvent Delta="null" EndDate="2012-02-17 11:53:49.181 CET" Interest="1.0" Kind="propagation" Navigation="null" OriginId="org.eclipse.jdt.ui.CompilationUnitEditor" StartDate="2012-02-17 11:53:49.181 CET" StructureHandle="/org.eclipse.mylyn.context.tasks.ui/src/org/eclipse/mylyn/internal/context/tasks/ui/editors" StructureKind="resource"/><InteractionEvent Delta="null" EndDate="2012-02-17 11:53:28.293 CET" Interest="0.70000076" Kind="propagation" Navigation="org.eclipse.mylyn.core.model.edges.containment" OriginId="org.eclipse.mylyn.core.model.interest.propagation" StartDate="2012-02-17 11:53:28.293 CET" StructureHandle="=org.eclipse.mylyn.context.tasks.ui/src&amp;lt;org.eclipse.mylyn.internal.context.tasks.ui.editors" StructureKind="java"/><InteractionEvent Delta="null" EndDate="2012-02-17 11:53:50.801 CET" Interest="1.0" Kind="propagation" Navigation="org.eclipse.mylyn.core.model.edges.containment" OriginId="org.eclipse.mylyn.core.model.interest.propagation" StartDate="2012-02-17 11:53:50.801 CET" StructureHandle="=org.eclipse.mylyn.context.tasks.ui" StructureKind="resource"/><InteractionEvent Delta="null" EndDate="2012-02-17 11:53:16.516 CET" Interest="0.69999933" Kind="propagation" Navigation="org.eclipse.mylyn.core.model.edges.containment" OriginId="org.eclipse.mylyn.core.model.interest.propagation" StartDate="2012-02-17 11:53:16.516 CET" StructureHandle="=org.eclipse.mylyn.context.tasks.ui/src" StructureKind="java"/><InteractionEvent Delta="null" EndDate="2012-02-17 11:53:05.20 CET" Interest="4.7683716E-7" Kind="propagation" Navigation="org.eclipse.mylyn.core.model.edges.containment" OriginId="org.eclipse.mylyn.core.model.interest.propagation" StartDate="2012-02-17 11:53:05.20 CET" StructureHandle="=org.eclipse.mylyn.context.tasks.ui/src&amp;lt;org.eclipse.mylyn.internal.context.tasks.ui.editors" StructureKind="java"/><InteractionEvent Delta="null" EndDate="2012-02-17 11:52:37.13 CET" Interest="2.3841858E-7" Kind="propagation" Navigation="org.eclipse.mylyn.core.model.edges.containment" OriginId="org.eclipse.mylyn.core.model.interest.propagation" StartDate="2012-02-17 11:52:37.13 CET" StructureHandle="=org.eclipse.mylyn.context.tasks.ui/src&amp;lt;org.eclipse.mylyn.internal.context.tasks.ui.editors" StructureKind="java"/><InteractionEvent Delta="null" EndDate="2012-02-17 11:53:49.182 CET" Interest="1.0" Kind="propagation" Navigation="org.eclipse.mylyn.core.model.edges.containment" OriginId="org.eclipse.mylyn.core.model.interest.propagation" StartDate="2012-02-17 11:53:49.182 CET" StructureHandle="/org.eclipse.mylyn.context.tasks.ui/src" StructureKind="resource"/><InteractionEvent Delta="null" EndDate="2012-02-17 11:52:15.174 CET" Interest="1.0" Kind="propagation" Navigation="org.eclipse.mylyn.core.model.edges.containment" OriginId="org.eclipse.mylyn.core.model.interest.propagation" StartDate="2012-02-17 11:52:15.174 CET" StructureHandle="=org.eclipse.mylyn.context.tasks.ui/src&amp;lt;org.eclipse.mylyn.internal.context.tasks.ui.editors" StructureKind="java"/><InteractionEvent Delta="null" EndDate="2012-02-17 11:52:47.849 CET" Interest="1.0" Kind="propagation" Navigation="org.eclipse.mylyn.core.model.edges.containment" OriginId="org.eclipse.mylyn.core.model.interest.propagation" StartDate="2012-02-17 11:52:47.849 CET" StructureHandle="/org.eclipse.mylyn.context.tasks.ui/src/org/eclipse/mylyn/internal/context/tasks/ui/editors" StructureKind="resource"/><InteractionEvent Delta="null" EndDate="2012-02-17 11:53:50.412 CET" Interest="1.0" Kind="propagation" Navigation="org.eclipse.mylyn.core.model.edges.containment" OriginId="org.eclipse.mylyn.core.model.interest.propagation" StartDate="2012-02-17 11:53:50.412 CET" StructureHandle="/org.eclipse.mylyn.context.tasks.ui/src" StructureKind="resource"/><InteractionEvent Delta="null" EndDate="2012-02-17 11:52:42.866 CET" Interest="1.0" Kind="propagation" Navigation="null" OriginId="org.eclipse.jdt.ui.CompilationUnitEditor" StartDate="2012-02-17 11:52:42.866 CET" StructureHandle="/org.eclipse.mylyn.context.tasks.ui/src/org/eclipse/mylyn/internal/context/tasks/ui/editors/ContextWrapper.java" StructureKind="resource"/><InteractionEvent Delta="null" EndDate="2012-02-17 11:54:12.504 CET" Interest="1.0" Kind="propagation" Navigation="org.eclipse.mylyn.core.model.edges.containment" OriginId="org.eclipse.mylyn.core.model.interest.propagation" StartDate="2012-02-17 11:54:12.504 CET" StructureHandle="=org.eclipse.mylyn.context.tasks.ui" StructureKind="resource"/><InteractionEvent Delta="null" EndDate="2012-02-17 11:53:13.197 CET" Interest="0.6999998" Kind="propagation" Navigation="org.eclipse.mylyn.core.model.edges.containment" OriginId="org.eclipse.mylyn.core.model.interest.propagation" StartDate="2012-02-17 11:53:13.197 CET" StructureHandle="=org.eclipse.mylyn.context.tasks.ui/src&amp;lt;org.eclipse.mylyn.internal.context.tasks.ui.editors" StructureKind="java"/><InteractionEvent Delta="null" EndDate="2012-02-17 11:52:48.639 CET" Interest="0.46799946" Kind="propagation" Navigation="org.eclipse.mylyn.core.model.edges.containment" OriginId="org.eclipse.mylyn.core.model.interest.propagation" StartDate="2012-02-17 11:52:48.639 CET" StructureHandle="=org.eclipse.mylyn.context.tasks.ui/src" StructureKind="java"/><InteractionEvent Delta="null" EndDate="2012-02-17 11:53:13.196 CET" Interest="1.0" Kind="propagation" Navigation="null" OriginId="org.eclipse.jdt.ui.CompilationUnitEditor" StartDate="2012-02-17 11:53:13.196 CET" StructureHandle="/org.eclipse.mylyn.context.tasks.ui/src/org/eclipse/mylyn/internal/context/tasks/ui/editors/ContextWrapper.java" StructureKind="resource"/><InteractionEvent Delta="null" EndDate="2012-02-17 11:52:17.67 CET" Interest="0.7" Kind="propagation" Navigation="org.eclipse.mylyn.core.model.edges.containment" OriginId="org.eclipse.mylyn.core.model.interest.propagation" StartDate="2012-02-17 11:52:17.67 CET" StructureHandle="=org.eclipse.mylyn.context.tasks.ui/src" StructureKind="java"/><InteractionEvent Delta="null" EndDate="2012-02-17 11:52:52.607 CET" Interest="0.7000003" Kind="propagation" Navigation="org.eclipse.mylyn.core.model.edges.containment" OriginId="org.eclipse.mylyn.core.model.interest.propagation" StartDate="2012-02-17 11:52:52.607 CET" StructureHandle="=org.eclipse.mylyn.context.tasks.ui/src" StructureKind="java"/><InteractionEvent Delta="null" EndDate="2012-02-17 11:53:46.450 CET" Interest="1.0" Kind="propagation" Navigation="org.eclipse.mylyn.core.model.edges.containment" OriginId="org.eclipse.mylyn.core.model.interest.propagation" StartDate="2012-02-17 11:53:46.450 CET" StructureHandle="=org.eclipse.mylyn.context.tasks.ui" StructureKind="resource"/><InteractionEvent Delta="null" EndDate="2012-02-17 11:53:05.19 CET" Interest="1.0" Kind="propagation" Navigation="org.eclipse.mylyn.core.model.edges.containment" OriginId="org.eclipse.mylyn.core.model.interest.propagation" StartDate="2012-02-17 11:53:05.19 CET" StructureHandle="/org.eclipse.mylyn.context.tasks.ui/src/org/eclipse/mylyn/internal/context/tasks/ui/editors" StructureKind="resource"/><InteractionEvent Delta="null" EndDate="2012-02-17 11:53:23.84 CET" Interest="0.6999998" Kind="propagation" Navigation="org.eclipse.mylyn.core.model.edges.containment" OriginId="org.eclipse.mylyn.core.model.interest.propagation" StartDate="2012-02-17 11:53:23.84 CET" StructureHandle="=org.eclipse.mylyn.context.tasks.ui/src&amp;lt;org.eclipse.mylyn.internal.context.tasks.ui.editors" StructureKind="java"/><InteractionEvent Delta="null" EndDate="2012-02-17 11:54:15.806 CET" Interest="1.0" Kind="propagation" Navigation="null" OriginId="org.eclipse.jdt.ui.CompilationUnitEditor" StartDate="2012-02-17 11:54:15.806 CET" StructureHandle="/org.eclipse.mylyn.context.tasks.ui/src/org/eclipse/mylyn/internal/context/tasks/ui/editors" StructureKind="resource"/><InteractionEvent Delta="null" EndDate="2012-02-17 11:52:56.729 CET" Interest="1.0" Kind="propagation" Navigation="null" OriginId="org.eclipse.jdt.ui.CompilationUnitEditor" StartDate="2012-02-17 11:52:56.729 CET" StructureHandle="/org.eclipse.mylyn.context.tasks.ui/src/org/eclipse/mylyn/internal/context/tasks/ui/editors/ContextWrapper.java" StructureKind="resource"/><InteractionEvent Delta="null" EndDate="2012-02-17 11:53:15.120 CET" Interest="1.0" Kind="propagation" Navigation="org.eclipse.mylyn.core.model.edges.containment" OriginId="org.eclipse.mylyn.core.model.interest.propagation" StartDate="2012-02-17 11:53:15.120 CET" StructureHandle="/org.eclipse.mylyn.context.tasks.ui/src" StructureKind="resource"/><InteractionEvent Delta="null" EndDate="2012-02-17 11:53:46.451 CET" Interest="1.0" Kind="propagation" Navigation="org.eclipse.mylyn.core.model.edges.containment" OriginId="org.eclipse.mylyn.core.model.interest.propagation" StartDate="2012-02-17 11:53:46.451 CET" StructureHandle="=org.eclipse.mylyn.context.tasks.ui/src" StructureKind="java"/><InteractionEvent Delta="null" EndDate="2012-02-17 11:53:47.796 CET" Interest="1.0" Kind="propagation" Navigation="org.eclipse.mylyn.core.model.edges.containment" OriginId="org.eclipse.mylyn.core.model.interest.propagation" StartDate="2012-02-17 11:53:47.796 CET" StructureHandle="=org.eclipse.mylyn.context.tasks.ui" StructureKind="resource"/><InteractionEvent Delta="null" EndDate="2012-02-17 11:53:19.255 CET" Interest="0.70000076" Kind="propagation" Navigation="org.eclipse.mylyn.core.model.edges.containment" OriginId="org.eclipse.mylyn.core.model.interest.propagation" StartDate="2012-02-17 11:53:19.255 CET" StructureHandle="=org.eclipse.mylyn.context.tasks.ui/src" StructureKind="java"/><InteractionEvent Delta="null" EndDate="2012-02-17 11:53:16.516 CET" Interest="1.0" Kind="propagation" Navigation="org.eclipse.mylyn.core.model.edges.containment" OriginId="org.eclipse.mylyn.core.model.interest.propagation" StartDate="2012-02-17 11:53:16.516 CET" StructureHandle="/org.eclipse.mylyn.context.tasks.ui/src/org/eclipse/mylyn/internal/context/tasks/ui/editors" StructureKind="resource"/><InteractionEvent Delta="null" EndDate="2012-02-17 11:52:15.173 CET" Interest="1.0" Kind="selection" Navigation="null" OriginId="org.eclipse.jdt.ui.CompilationUnitEditor" StartDate="2012-02-17 11:52:15.173 CET" StructureHandle="=org.eclipse.mylyn.context.tasks.ui/src&amp;lt;org.eclipse.mylyn.internal.context.tasks.ui.editors{ContextWrapper.java" StructureKind="java"/><InteractionEvent Delta="null" EndDate="2012-02-17 11:53:47.796 CET" Interest="1.0" Kind="propagation" Navigation="null" OriginId="org.eclipse.jdt.ui.PackageExplorer" StartDate="2012-02-17 11:53:47.796 CET" StructureHandle="/org.eclipse.mylyn.context.tasks.ui/src/org/eclipse/mylyn/internal/context/tasks/ui/editors" StructureKind="resource"/><InteractionEvent Delta="null" EndDate="2012-02-17 11:53:50.800 CET" Interest="1.0" Kind="propagation" Navigation="null" OriginId="org.eclipse.jdt.ui.CompilationUnitEditor" StartDate="2012-02-17 11:53:50.800 CET" StructureHandle="/org.eclipse.mylyn.context.tasks.ui/src/org/eclipse/mylyn/internal/context/tasks/ui/editors/ContextWrapper.java" StructureKind="resource"/><InteractionEvent Delta="null" EndDate="2012-02-17 11:54:09.336 CET" Interest="1.0" Kind="propagation" Navigation="org.eclipse.mylyn.core.model.edges.containment" OriginId="org.eclipse.mylyn.core.model.interest.propagation" StartDate="2012-02-17 11:54:09.336 CET" StructureHandle="=org.eclipse.mylyn.context.tasks.ui" StructureKind="resource"/><InteractionEvent Delta="null" EndDate="2012-02-17 11:52:36.920 CET" Interest="1.0" Kind="selection" Navigation="null" OriginId="org.eclipse.jdt.ui.CompilationUnitEditor" StartDate="2012-02-17 11:52:36.920 CET" StructureHandle="=org.eclipse.mylyn.context.tasks.ui/src&amp;lt;org.eclipse.mylyn.internal.context.tasks.ui.editors{ContextWrapper.java" StructureKind="java"/><InteractionEvent Delta="null" EndDate="2012-02-17 11:53:55.670 CET" Interest="1.0" Kind="propagation" Navigation="org.eclipse.mylyn.core.model.edges.containment" OriginId="org.eclipse.mylyn.core.model.interest.propagation" StartDate="2012-02-17 11:53:55.670 CET" StructureHandle="=org.eclipse.mylyn.context.tasks.ui" StructureKind="resource"/><InteractionEvent Delta="null" EndDate="2012-02-17 11:53:50.412 CET" Interest="1.0" Kind="propagation" Navigation="org.eclipse.mylyn.core.model.edges.containment" OriginId="org.eclipse.mylyn.core.model.interest.propagation" StartDate="2012-02-17 11:53:50.412 CET" StructureHandle="=org.eclipse.mylyn.context.tasks.ui" StructureKind="resource"/><InteractionEvent Delta="null" EndDate="2012-02-17 11:53:48.626 CET" Interest="1.0" Kind="edit" Navigation="null" OriginId="org.eclipse.jdt.ui.CompilationUnitEditor" StartDate="2012-02-17 11:53:48.626 CET" StructureHandle="=org.eclipse.mylyn.context.tasks.ui/src&amp;lt;org.eclipse.mylyn.internal.context.tasks.ui.editors{ContextPageFactory.java" StructureKind="java"/><InteractionEvent Delta="null" EndDate="2012-02-17 11:53:59.590 CET" Interest="1.0" Kind="propagation" Navigation="null" OriginId="org.eclipse.jdt.ui.CompilationUnitEditor" StartDate="2012-02-17 11:53:59.590 CET" StructureHandle="/org.eclipse.mylyn.context.tasks.ui/src/org/eclipse/mylyn/internal/context/tasks/ui/editors/ContextWrapper.java" StructureKind="resource"/><InteractionEvent Delta="null" EndDate="2012-02-17 11:53:49.182 CET" Interest="1.0" Kind="propagation" Navigation="org.eclipse.mylyn.core.model.edges.containment" OriginId="org.eclipse.mylyn.core.model.interest.propagation" StartDate="2012-02-17 11:53:49.182 CET" StructureHandle="=org.eclipse.mylyn.context.tasks.ui" StructureKind="resource"/><InteractionEvent Delta="null" EndDate="2012-02-17 11:52:15.174 CET" Interest="1.0" Kind="propagation" Navigation="org.eclipse.mylyn.core.model.edges.containment" OriginId="org.eclipse.mylyn.core.model.interest.propagation" StartDate="2012-02-17 11:52:15.174 CET" StructureHandle="=org.eclipse.mylyn.context.tasks.ui" StructureKind="resource"/><InteractionEvent Delta="null" EndDate="2012-02-17 11:53:48.107 CET" Interest="1.0" Kind="selection" Navigation="null" OriginId="org.eclipse.jdt.ui.CompilationUnitEditor" StartDate="2012-02-17 11:53:48.107 CET" StructureHandle="=org.eclipse.mylyn.context.tasks.ui/src&amp;lt;org.eclipse.mylyn.internal.context.tasks.ui.editors{ContextPageFactory.java" StructureKind="java"/><InteractionEvent Delta="null" EndDate="2012-02-17 11:53:28.293 CET" Interest="1.0" Kind="propagation" Navigation="org.eclipse.mylyn.core.model.edges.containment" OriginId="org.eclipse.mylyn.core.model.interest.propagation" StartDate="2012-02-17 11:53:28.293 CET" StructureHandle="=org.eclipse.mylyn.context.tasks.ui" StructureKind="resource"/><InteractionEvent Delta="null" EndDate="2012-02-17 11:52:15.923 CET" Interest="1.0" Kind="propagation" Navigation="org.eclipse.mylyn.core.model.edges.containment" OriginId="org.eclipse.mylyn.core.model.interest.propagation" StartDate="2012-02-17 11:52:15.923 CET" StructureHandle="/org.eclipse.mylyn.context.tasks.ui/src" StructureKind="resource"/><InteractionEvent Delta="null" EndDate="2012-02-17 11:52:37.13 CET" Interest="2.3841858E-7" Kind="propagation" Navigation="org.eclipse.mylyn.core.model.edges.containment" OriginId="org.eclipse.mylyn.core.model.interest.propagation" StartDate="2012-02-17 11:52:37.13 CET" StructureHandle="=org.eclipse.mylyn.context.tasks.ui/src" StructureKind="java"/><InteractionEvent Delta="null" EndDate="2012-02-17 11:53:48.627 CET" Interest="1.0" Kind="propagation" Navigation="org.eclipse.mylyn.core.model.edges.containment" OriginId="org.eclipse.mylyn.core.model.interest.propagation" StartDate="2012-02-17 11:53:48.627 CET" StructureHandle="=org.eclipse.mylyn.context.tasks.ui" StructureKind="resource"/><InteractionEvent Delta="null" EndDate="2012-02-17 11:52:56.729 CET" Interest="1.0" Kind="propagation" Navigation="org.eclipse.mylyn.core.model.edges.containment" OriginId="org.eclipse.mylyn.core.model.interest.propagation" StartDate="2012-02-17 11:52:56.729 CET" StructureHandle="/org.eclipse.mylyn.context.tasks.ui/src/org/eclipse/mylyn/internal/context/tasks/ui/editors" StructureKind="resource"/><InteractionEvent Delta="null" EndDate="2012-02-17 11:52:37.12 CET" Interest="1.0" Kind="propagation" Navigation="null" OriginId="org.eclipse.jdt.ui.CompilationUnitEditor" StartDate="2012-02-17 11:52:37.12 CET" StructureHandle="/org.eclipse.mylyn.context.tasks.ui/src/org/eclipse/mylyn/internal/context/tasks/ui/editors/ContextWrapper.java" StructureKind="resource"/><InteractionEvent Delta="null" EndDate="2012-02-17 11:53:16.516 CET" Interest="1.0" Kind="propagation" Navigation="org.eclipse.mylyn.core.model.edges.containment" OriginId="org.eclipse.mylyn.core.model.interest.propagation" StartDate="2012-02-17 11:53:16.516 CET" StructureHandle="/org.eclipse.mylyn.context.tasks.ui/src" StructureKind="resource"/><InteractionEvent Delta="null" EndDate="2012-02-17 11:54:02.658 CET" Interest="1.0" Kind="propagation" Navigation="org.eclipse.mylyn.core.model.edges.containment" OriginId="org.eclipse.mylyn.core.model.interest.propagation" StartDate="2012-02-17 11:54:02.658 CET" StructureHandle="/org.eclipse.mylyn.context.tasks.ui/src" StructureKind="resource"/><InteractionEvent Delta="null" EndDate="2012-02-17 11:53:16.516 CET" Interest="0.69999933" Kind="propagation" Navigation="org.eclipse.mylyn.core.model.edges.containment" OriginId="org.eclipse.mylyn.core.model.interest.propagation" StartDate="2012-02-17 11:53:16.516 CET" StructureHandle="=org.eclipse.mylyn.context.tasks.ui/src&amp;lt;org.eclipse.mylyn.internal.context.tasks.ui.editors{ContextWrapper.java" StructureKind="java"/><InteractionEvent Delta="null" EndDate="2012-02-17 11:54:02.658 CET" Interest="1.0" Kind="propagation" Navigation="org.eclipse.mylyn.core.model.edges.containment" OriginId="org.eclipse.mylyn.core.model.interest.propagation" StartDate="2012-02-17 11:54:02.658 CET" StructureHandle="=org.eclipse.mylyn.context.tasks.ui" StructureKind="resource"/><InteractionEvent Delta="null" EndDate="2012-02-17 11:52:48.637 CET" Interest="1.0" Kind="propagation" Navigation="null" OriginId="org.eclipse.jdt.ui.CompilationUnitEditor" StartDate="2012-02-17 11:52:48.637 CET" StructureHandle="/org.eclipse.mylyn.context.tasks.ui/src/org/eclipse/mylyn/internal/context/tasks/ui/editors/ContextWrapper.java" StructureKind="resource"/><InteractionEvent Delta="null" EndDate="2012-02-17 11:52:37.13 CET" Interest="1.0000002" Kind="propagation" Navigation="org.eclipse.mylyn.core.model.edges.containment" OriginId="org.eclipse.mylyn.core.model.interest.propagation" StartDate="2012-02-17 11:52:37.13 CET" StructureHandle="/org.eclipse.mylyn.context.tasks.ui/src" StructureKind="resource"/><InteractionEvent Delta="null" EndDate="2012-02-17 11:53:08.598 CET" Interest="1.0" Kind="propagation" Navigation="org.eclipse.mylyn.core.model.edges.containment" OriginId="org.eclipse.mylyn.core.model.interest.propagation" StartDate="2012-02-17 11:53:08.598 CET" StructureHandle="=org.eclipse.mylyn.context.tasks.ui" StructureKind="resource"/><InteractionEvent Delta="null" EndDate="2012-02-17 11:53:05.20 CET" Interest="1.0" Kind="propagation" Navigation="org.eclipse.mylyn.core.model.edges.containment" OriginId="org.eclipse.mylyn.core.model.interest.propagation" StartDate="2012-02-17 11:53:05.20 CET" StructureHandle="=org.eclipse.mylyn.context.tasks.ui" StructureKind="resource"/><InteractionEvent Delta="null" EndDate="2012-02-17 11:53:47.796 CET" Interest="1.0" Kind="propagation" Navigation="org.eclipse.mylyn.core.model.edges.containment" OriginId="org.eclipse.mylyn.core.model.interest.propagation" StartDate="2012-02-17 11:53:47.796 CET" StructureHandle="/org.eclipse.mylyn.context.tasks.ui/src" StructureKind="resource"/><InteractionEvent Delta="null" EndDate="2012-02-17 11:53:19.254 CET" Interest="0.70000076" Kind="propagation" Navigation="org.eclipse.mylyn.core.model.edges.containment" OriginId="org.eclipse.mylyn.core.model.interest.propagation" StartDate="2012-02-17 11:53:19.254 CET" StructureHandle="=org.eclipse.mylyn.context.tasks.ui/src&amp;lt;org.eclipse.mylyn.internal.context.tasks.ui.editors{ContextWrapper.java" StructureKind="java"/><InteractionEvent Delta="null" EndDate="2012-02-17 11:53:21.392 CET" Interest="0.6999998" Kind="propagation" Navigation="org.eclipse.mylyn.core.model.edges.containment" OriginId="org.eclipse.mylyn.core.model.interest.propagation" StartDate="2012-02-17 11:53:21.392 CET" StructureHandle="=org.eclipse.mylyn.context.tasks.ui/src&amp;lt;org.eclipse.mylyn.internal.context.tasks.ui.editors" StructureKind="java"/><InteractionEvent Delta="null" EndDate="2012-02-17 11:53:50.411 CET" Interest="1.0" Kind="propagation" Navigation="null" OriginId="org.eclipse.jdt.ui.CompilationUnitEditor" StartDate="2012-02-17 11:53:50.411 CET" StructureHandle="/org.eclipse.mylyn.context.tasks.ui/src/org/eclipse/mylyn/internal/context/tasks/ui/editors/ContextPageFactory.java" StructureKind="resource"/><InteractionEvent Delta="null" EndDate="2012-02-17 11:53:21.391 CET" Interest="1.0" Kind="propagation" Navigation="org.eclipse.mylyn.core.model.edges.containment" OriginId="org.eclipse.mylyn.core.model.interest.propagation" StartDate="2012-02-17 11:53:21.391 CET" StructureHandle="/org.eclipse.mylyn.context.tasks.ui/src" StructureKind="resource"/><InteractionEvent Delta="null" EndDate="2012-02-17 11:53:48.627 CET" Interest="1.0" Kind="propagation" Navigation="null" OriginId="org.eclipse.jdt.ui.CompilationUnitEditor" StartDate="2012-02-17 11:53:48.627 CET" StructureHandle="/org.eclipse.mylyn.context.tasks.ui/src/org/eclipse/mylyn/internal/context/tasks/ui/editors" StructureKind="resource"/><InteractionEvent Delta="null" EndDate="2012-02-17 11:54:02.657 CET" Interest="1.0" Kind="propagation" Navigation="null" OriginId="org.eclipse.jdt.ui.CompilationUnitEditor" StartDate="2012-02-17 11:54:02.657 CET" StructureHandle="/org.eclipse.mylyn.context.tasks.ui/src/org/eclipse/mylyn/internal/context/tasks/ui/editors" StructureKind="resource"/><InteractionEvent Delta="null" EndDate="2012-02-17 11:52:42.184 CET" Interest="1.0" Kind="propagation" Navigation="org.eclipse.mylyn.core.model.edges.containment" OriginId="org.eclipse.mylyn.core.model.interest.propagation" StartDate="2012-02-17 11:52:42.184 CET" StructureHandle="=org.eclipse.mylyn.context.tasks.ui" StructureKind="resource"/><InteractionEvent Delta="null" EndDate="2012-02-17 11:53:53.346 CET" Interest="1.0" Kind="propagation" Navigation="org.eclipse.mylyn.core.model.edges.containment" OriginId="org.eclipse.mylyn.core.model.interest.propagation" StartDate="2012-02-17 11:53:53.346 CET" StructureHandle="=org.eclipse.mylyn.context.tasks.ui/src&amp;lt;org.eclipse.mylyn.internal.context.tasks.ui.editors" StructureKind="java"/><InteractionEvent Delta="null" EndDate="2012-02-17 11:52:42.867 CET" Interest="1.0" Kind="propagation" Navigation="org.eclipse.mylyn.core.model.edges.containment" OriginId="org.eclipse.mylyn.core.model.interest.propagation" StartDate="2012-02-17 11:52:42.867 CET" StructureHandle="/org.eclipse.mylyn.context.tasks.ui/src" StructureKind="resource"/><InteractionEvent Delta="null" EndDate="2012-02-17 11:54:12.504 CET" Interest="1.0" Kind="selection" Navigation="null" OriginId="org.eclipse.jdt.ui.CompilationUnitEditor" StartDate="2012-02-17 11:54:12.504 CET" StructureHandle="=org.eclipse.mylyn.context.tasks.ui/src&amp;lt;org.eclipse.mylyn.internal.context.tasks.ui.editors{ContextWrapper.java" StructureKind="java"/><InteractionEvent Delta="null" EndDate="2012-02-17 11:53:59.591 CET" Interest="1.0" Kind="propagation" Navigation="org.eclipse.mylyn.core.model.edges.containment" OriginId="org.eclipse.mylyn.core.model.interest.propagation" StartDate="2012-02-17 11:53:59.591 CET" StructureHandle="=org.eclipse.mylyn.context.tasks.ui/src&amp;lt;org.eclipse.mylyn.internal.context.tasks.ui.editors" StructureKind="java"/><InteractionEvent Delta="null" EndDate="2012-02-17 11:54:05.22 CET" Interest="1.0" Kind="propagation" Navigation="org.eclipse.mylyn.core.model.edges.containment" OriginId="org.eclipse.mylyn.core.model.interest.propagation" StartDate="2012-02-17 11:54:05.22 CET" StructureHandle="/org.eclipse.mylyn.context.tasks.ui/src" StructureKind="resource"/><InteractionEvent Delta="null" EndDate="2012-02-17 11:53:23.83 CET" Interest="1.0" Kind="propagation" Navigation="org.eclipse.mylyn.core.model.edges.containment" OriginId="org.eclipse.mylyn.core.model.interest.propagation" StartDate="2012-02-17 11:53:23.83 CET" StructureHandle="=org.eclipse.mylyn.context.tasks.ui" StructureKind="resource"/><InteractionEvent Delta="null" EndDate="2012-02-17 11:54:02.658 CET" Interest="0.70000076" Kind="propagation" Navigation="org.eclipse.mylyn.core.model.edges.containment" OriginId="org.eclipse.mylyn.core.model.interest.propagation" StartDate="2012-02-17 11:54:02.658 CET" StructureHandle="=org.eclipse.mylyn.context.tasks.ui/src" StructureKind="java"/><InteractionEvent Delta="null" EndDate="2012-02-17 11:53:05.20 CET" Interest="4.7683716E-7" Kind="propagation" Navigation="org.eclipse.mylyn.core.model.edges.containment" OriginId="org.eclipse.mylyn.core.model.interest.propagation" StartDate="2012-02-17 11:53:05.20 CET" StructureHandle="=org.eclipse.mylyn.context.tasks.ui/src" StructureKind="java"/><InteractionEvent Delta="null" EndDate="2012-02-17 11:53:55.108 CET" Interest="0.70000076" Kind="propagation" Navigation="org.eclipse.mylyn.core.model.edges.containment" OriginId="org.eclipse.mylyn.core.model.interest.propagation" StartDate="2012-02-17 11:53:55.108 CET" StructureHandle="=org.eclipse.mylyn.context.tasks.ui/src&amp;lt;org.eclipse.mylyn.internal.context.tasks.ui.editors" StructureKind="java"/><InteractionEvent Delta="null" EndDate="2012-02-17 11:53:09.174 CET" Interest="1.0" Kind="propagation" Navigation="org.eclipse.mylyn.core.model.edges.containment" OriginId="org.eclipse.mylyn.core.model.interest.propagation" StartDate="2012-02-17 11:53:09.174 CET" StructureHandle="=org.eclipse.mylyn.context.tasks.ui/src&amp;lt;org.eclipse.mylyn.internal.context.tasks.ui.editors{ContextWrapper.java" StructureKind="java"/><InteractionEvent Delta="null" EndDate="2012-02-17 11:53:59.591 CET" Interest="1.0" Kind="propagation" Navigation="org.eclipse.mylyn.core.model.edges.containment" OriginId="org.eclipse.mylyn.core.model.interest.propagation" StartDate="2012-02-17 11:53:59.591 CET" StructureHandle="/org.eclipse.mylyn.context.tasks.ui/src" StructureKind="resource"/><InteractionEvent Delta="null" EndDate="2012-02-17 11:53:10.782 CET" Interest="1.0" Kind="propagation" Navigation="org.eclipse.mylyn.core.model.edges.containment" OriginId="org.eclipse.mylyn.core.model.interest.propagation" StartDate="2012-02-17 11:53:10.782 CET" StructureHandle="/org.eclipse.mylyn.context.tasks.ui/src" StructureKind="resource"/><InteractionEvent Delta="null" EndDate="2012-02-17 11:53:19.253 CET" Interest="1.0" Kind="propagation" Navigation="null" OriginId="org.eclipse.jdt.ui.CompilationUnitEditor" StartDate="2012-02-17 11:53:19.253 CET" StructureHandle="/org.eclipse.mylyn.context.tasks.ui/src/org/eclipse/mylyn/internal/context/tasks/ui/editors/ContextWrapper.java" StructureKind="resource"/><InteractionEvent Delta="null" EndDate="2012-02-17 11:53:25.688 CET" Interest="1.0" Kind="propagation" Navigation="org.eclipse.mylyn.core.model.edges.containment" OriginId="org.eclipse.mylyn.core.model.interest.propagation" StartDate="2012-02-17 11:53:25.688 CET" StructureHandle="/org.eclipse.mylyn.context.tasks.ui/src/org/eclipse/mylyn/internal/context/tasks/ui/editors" StructureKind="resource"/><InteractionEvent Delta="null" EndDate="2012-02-17 11:53:21.391 CET" Interest="1.0" Kind="propagation" Navigation="null" OriginId="org.eclipse.jdt.ui.CompilationUnitEditor" StartDate="2012-02-17 11:53:21.391 CET" StructureHandle="/org.eclipse.mylyn.context.tasks.ui/src/org/eclipse/mylyn/internal/context/tasks/ui/editors/ContextWrapper.java" StructureKind="resource"/><InteractionEvent Delta="null" EndDate="2012-02-17 11:52:52.606 CET" Interest="1.0" Kind="propagation" Navigation="org.eclipse.mylyn.core.model.edges.containment" OriginId="org.eclipse.mylyn.core.model.interest.propagation" StartDate="2012-02-17 11:52:52.606 CET" StructureHandle="=org.eclipse.mylyn.context.tasks.ui" StructureKind="resource"/><InteractionEvent Delta="null" EndDate="2012-02-17 11:53:09.173 CET" Interest="1.0" Kind="propagation" Navigation="null" OriginId="org.eclipse.jdt.ui.CompilationUnitEditor" StartDate="2012-02-17 11:53:09.173 CET" StructureHandle="/org.eclipse.mylyn.context.tasks.ui/src/org/eclipse/mylyn/internal/context/tasks/ui/editors/ContextWrapper.java" StructureKind="resource"/><InteractionEvent Delta="null" EndDate="2012-02-17 11:53:19.255 CET" Interest="0.70000076" Kind="propagation" Navigation="org.eclipse.mylyn.core.model.edges.containment" OriginId="org.eclipse.mylyn.core.model.interest.propagation" StartDate="2012-02-17 11:53:19.255 CET" StructureHandle="=org.eclipse.mylyn.context.tasks.ui/src&amp;lt;org.eclipse.mylyn.internal.context.tasks.ui.editors" StructureKind="java"/><InteractionEvent Delta="null" EndDate="2012-02-17 11:53:35.123 CET" Interest="1.0" Kind="propagation" Navigation="org.eclipse.mylyn.core.model.edges.containment" OriginId="org.eclipse.mylyn.core.model.interest.propagation" StartDate="2012-02-17 11:53:35.123 CET" StructureHandle="/org.eclipse.mylyn.context.tasks.ui/src/org/eclipse/mylyn/internal/context/tasks/ui/editors" StructureKind="resource"/><InteractionEvent Delta="null" EndDate="2012-02-17 11:53:35.124 CET" Interest="0.6999998" Kind="propagation" Navigation="org.eclipse.mylyn.core.model.edges.containment" OriginId="org.eclipse.mylyn.core.model.interest.propagation" StartDate="2012-02-17 11:53:35.124 CET" StructureHandle="=org.eclipse.mylyn.context.tasks.ui/src" StructureKind="java"/><InteractionEvent Delta="null" EndDate="2012-02-17 11:53:59.591 CET" Interest="1.0" Kind="propagation" Navigation="org.eclipse.mylyn.core.model.edges.containment" OriginId="org.eclipse.mylyn.core.model.interest.propagation" StartDate="2012-02-17 11:53:59.591 CET" StructureHandle="=org.eclipse.mylyn.context.tasks.ui" StructureKind="resource"/><InteractionEvent Delta="null" EndDate="2012-02-17 11:52:15.173 CET" Interest="1.0" Kind="propagation" Navigation="org.eclipse.mylyn.core.model.edges.containment" OriginId="org.eclipse.mylyn.core.model.interest.propagation" StartDate="2012-02-17 11:52:15.173 CET" StructureHandle="/org.eclipse.mylyn.context.tasks.ui/src/org/eclipse/mylyn/internal/context/tasks/ui/editors" StructureKind="resource"/><InteractionEvent Delta="null" EndDate="2012-02-17 11:52:48.638 CET" Interest="1.0000005" Kind="propagation" Navigation="org.eclipse.mylyn.core.model.edges.containment" OriginId="org.eclipse.mylyn.core.model.interest.propagation" StartDate="2012-02-17 11:52:48.638 CET" StructureHandle="/org.eclipse.mylyn.context.tasks.ui/src" StructureKind="resource"/><InteractionEvent Delta="null" EndDate="2012-02-17 11:52:42.867 CET" Interest="1.0" Kind="propagation" Navigation="org.eclipse.mylyn.core.model.edges.containment" OriginId="org.eclipse.mylyn.core.model.interest.propagation" StartDate="2012-02-17 11:52:42.867 CET" StructureHandle="=org.eclipse.mylyn.context.tasks.ui" StructureKind="resource"/><InteractionEvent Delta="null" EndDate="2012-02-17 11:52:37.13 CET" Interest="1.0000002" Kind="propagation" Navigation="org.eclipse.mylyn.core.model.edges.containment" OriginId="org.eclipse.mylyn.core.model.interest.propagation" StartDate="2012-02-17 11:52:37.13 CET" StructureHandle="=org.eclipse.mylyn.context.tasks.ui" StructureKind="resource"/><InteractionEvent Delta="null" EndDate="2012-02-17 11:53:50.713 CET" Interest="1.0" Kind="propagation" Navigation="org.eclipse.mylyn.core.model.edges.containment" OriginId="org.eclipse.mylyn.core.model.interest.propagation" StartDate="2012-02-17 11:53:50.713 CET" StructureHandle="=org.eclipse.mylyn.context.tasks.ui" StructureKind="resource"/><InteractionEvent Delta="null" EndDate="2012-02-17 11:53:13.196 CET" Interest="1.0" Kind="propagation" Navigation="org.eclipse.mylyn.core.model.edges.containment" OriginId="org.eclipse.mylyn.core.model.interest.propagation" StartDate="2012-02-17 11:53:13.196 CET" StructureHandle="/org.eclipse.mylyn.context.tasks.ui/src/org/eclipse/mylyn/internal/context/tasks/ui/editors" StructureKind="resource"/><InteractionEvent Delta="null" EndDate="2012-02-17 11:52:47.849 CET" Interest="1.0" Kind="propagation" Navigation="org.eclipse.mylyn.core.model.edges.containment" OriginId="org.eclipse.mylyn.core.model.interest.propagation" StartDate="2012-02-17 11:52:47.849 CET" StructureHandle="=org.eclipse.mylyn.context.tasks.ui" StructureKind="resource"/><InteractionEvent Delta="null" EndDate="2012-02-17 11:53:50.412 CET" Interest="1.0" Kind="propagation" Navigation="null" OriginId="org.eclipse.jdt.ui.CompilationUnitEditor" StartDate="2012-02-17 11:53:50.412 CET" StructureHandle="/org.eclipse.mylyn.context.tasks.ui/src/org/eclipse/mylyn/internal/context/tasks/ui/editors" StructureKind="resource"/><InteractionEvent Delta="null" EndDate="2012-02-17 11:54:02.656 CET" Interest="1.0" Kind="edit" Navigation="null" OriginId="org.eclipse.jdt.ui.CompilationUnitEditor" StartDate="2012-02-17 11:54:02.656 CET" StructureHandle="=org.eclipse.mylyn.context.tasks.ui/src&amp;lt;org.eclipse.mylyn.internal.context.tasks.ui.editors{ContextWrapper.java" StructureKind="java"/><InteractionEvent Delta="null" EndDate="2012-02-17 11:53:25.688 CET" Interest="1.0" Kind="propagation" Navigation="null" OriginId="org.eclipse.jdt.ui.CompilationUnitEditor" StartDate="2012-02-17 11:53:25.688 CET" StructureHandle="/org.eclipse.mylyn.context.tasks.ui/src/org/eclipse/mylyn/internal/context/tasks/ui/editors/ContextWrapper.java" StructureKind="resource"/><InteractionEvent Delta="null" EndDate="2012-02-17 11:53:19.254 CET" Interest="1.0" Kind="propagation" Navigation="org.eclipse.mylyn.core.model.edges.containment" OriginId="org.eclipse.mylyn.core.model.interest.propagation" StartDate="2012-02-17 11:53:19.254 CET" StructureHandle="=org.eclipse.mylyn.context.tasks.ui" StructureKind="resource"/><InteractionEvent Delta="null" EndDate="2012-02-17 11:53:50.713 CET" Interest="1.0" Kind="propagation" Navigation="org.eclipse.mylyn.core.model.edges.containment" OriginId="org.eclipse.mylyn.core.model.interest.propagation" StartDate="2012-02-17 11:53:50.713 CET" StructureHandle="/org.eclipse.mylyn.context.tasks.ui/src" StructureKind="resource"/><InteractionEvent Delta="null" EndDate="2012-02-17 11:54:02.657 CET" Interest="0.70000076" Kind="propagation" Navigation="org.eclipse.mylyn.core.model.edges.containment" OriginId="org.eclipse.mylyn.core.model.interest.propagation" StartDate="2012-02-17 11:54:02.657 CET" StructureHandle="=org.eclipse.mylyn.context.tasks.ui/src&amp;lt;org.eclipse.mylyn.internal.context.tasks.ui.editors" StructureKind="java"/><InteractionEvent Delta="null" EndDate="2012-02-17 11:53:03.830 CET" Interest="1.0" Kind="propagation" Navigation="org.eclipse.mylyn.core.model.edges.containment" OriginId="org.eclipse.mylyn.core.model.interest.propagation" StartDate="2012-02-17 11:53:03.830 CET" StructureHandle="/org.eclipse.mylyn.context.tasks.ui/src" StructureKind="resource"/><InteractionEvent Delta="null" EndDate="2012-02-17 11:52:37.12 CET" Interest="1.0000002" Kind="propagation" Navigation="org.eclipse.mylyn.core.model.edges.containment" OriginId="org.eclipse.mylyn.core.model.interest.propagation" StartDate="2012-02-17 11:52:37.12 CET" StructureHandle="/org.eclipse.mylyn.context.tasks.ui/src/org/eclipse/mylyn/internal/context/tasks/ui/editors" StructureKind="resource"/><InteractionEvent Delta="null" EndDate="2012-02-17 11:52:15.923 CET" Interest="1.0" Kind="propagation" Navigation="org.eclipse.mylyn.core.model.edges.containment" OriginId="org.eclipse.mylyn.core.model.interest.propagation" StartDate="2012-02-17 11:52:15.923 CET" StructureHandle="=org.eclipse.mylyn.context.tasks.ui" StructureKind="resource"/><InteractionEvent Delta="null" EndDate="2012-02-17 11:53:46.450 CET" Interest="1.0" Kind="selection" Navigation="null" OriginId="org.eclipse.jdt.ui.PackageExplorer" StartDate="2012-02-17 11:53:46.450 CET" StructureHandle="=org.eclipse.mylyn.context.tasks.ui/src&amp;lt;org.eclipse.mylyn.internal.context.tasks.ui.editors{ContextWrapper.java" StructureKind="java"/><InteractionEvent Delta="null" EndDate="2012-02-17 11:52:48.639 CET" Interest="0.46799946" Kind="propagation" Navigation="org.eclipse.mylyn.core.model.edges.containment" OriginId="org.eclipse.mylyn.core.model.interest.propagation" StartDate="2012-02-17 11:52:48.639 CET" StructureHandle="=org.eclipse.mylyn.context.tasks.ui/src&amp;lt;org.eclipse.mylyn.internal.context.tasks.ui.editors" StructureKind="java"/><InteractionEvent Delta="null" EndDate="2012-02-17 11:52:56.730 CET" Interest="0.70000005" Kind="propagation" Navigation="org.eclipse.mylyn.core.model.edges.containment" OriginId="org.eclipse.mylyn.core.model.interest.propagation" StartDate="2012-02-17 11:52:56.730 CET" StructureHandle="=org.eclipse.mylyn.context.tasks.ui/src" StructureKind="java"/><InteractionEvent Delta="null" EndDate="2012-02-17 11:53:13.197 CET" Interest="1.0" Kind="propagation" Navigation="org.eclipse.mylyn.core.model.edges.containment" OriginId="org.eclipse.mylyn.core.model.interest.propagation" StartDate="2012-02-17 11:53:13.197 CET" StructureHandle="=org.eclipse.mylyn.context.tasks.ui" StructureKind="resource"/><InteractionEvent Delta="null" EndDate="2012-02-17 11:53:10.782 CET" Interest="1.0" Kind="propagation" Navigation="org.eclipse.mylyn.core.model.edges.containment" OriginId="org.eclipse.mylyn.core.model.interest.propagation" StartDate="2012-02-17 11:53:10.782 CET" StructureHandle="=org.eclipse.mylyn.context.tasks.ui" StructureKind="resource"/><InteractionEvent Delta="null" EndDate="2012-02-17 11:53:09.173 CET" Interest="1.0" Kind="propagation" Navigation="org.eclipse.mylyn.core.model.edges.containment" OriginId="org.eclipse.mylyn.core.model.interest.propagation" StartDate="2012-02-17 11:53:09.173 CET" StructureHandle="/org.eclipse.mylyn.context.tasks.ui/src/org/eclipse/mylyn/internal/context/tasks/ui/editors" StructureKind="resource"/><InteractionEvent Delta="null" EndDate="2012-02-17 11:53:53.346 CET" Interest="1.0" Kind="propagation" Navigation="org.eclipse.mylyn.core.model.edges.containment" OriginId="org.eclipse.mylyn.core.model.interest.propagation" StartDate="2012-02-17 11:53:53.346 CET" StructureHandle="=org.eclipse.mylyn.context.tasks.ui/src" StructureKind="java"/><InteractionEvent Delta="null" EndDate="2012-02-17 11:52:36.921 CET" Interest="1.0" Kind="propagation" Navigation="org.eclipse.mylyn.core.model.edges.containment" OriginId="org.eclipse.mylyn.core.model.interest.propagation" StartDate="2012-02-17 11:52:36.921 CET" StructureHandle="/org.eclipse.mylyn.context.tasks.ui/src" StructureKind="resource"/><InteractionEvent Delta="null" EndDate="2012-02-17 11:54:12.504 CET" Interest="1.0" Kind="propagation" Navigation="null" OriginId="org.eclipse.jdt.ui.CompilationUnitEditor" StartDate="2012-02-17 11:54:12.504 CET" StructureHandle="/org.eclipse.mylyn.context.tasks.ui/src/org/eclipse/mylyn/internal/context/tasks/ui/editors/ContextWrapper.java" StructureKind="resource"/><InteractionEvent Delta="null" EndDate="2012-02-17 11:53:35.123 CET" Interest="1.0" Kind="propagation" Navigation="org.eclipse.mylyn.core.model.edges.containment" OriginId="org.eclipse.mylyn.core.model.interest.propagation" StartDate="2012-02-17 11:53:35.123 CET" StructureHandle="/org.eclipse.mylyn.context.tasks.ui/src" StructureKind="resource"/><InteractionEvent Delta="null" EndDate="2012-02-17 11:53:23.84 CET" Interest="0.6999998" Kind="propagation" Navigation="org.eclipse.mylyn.core.model.edges.containment" OriginId="org.eclipse.mylyn.core.model.interest.propagation" StartDate="2012-02-17 11:53:23.84 CET" StructureHandle="=org.eclipse.mylyn.context.tasks.ui/src" StructureKind="java"/><InteractionEvent Delta="null" EndDate="2012-02-17 11:54:11.28 CET" Interest="1.0" Kind="propagation" Navigation="org.eclipse.mylyn.core.model.edges.containment" OriginId="org.eclipse.mylyn.core.model.interest.propagation" StartDate="2012-02-17 11:54:11.28 CET" StructureHandle="=org.eclipse.mylyn.context.tasks.ui" StructureKind="resource"/><InteractionEvent Delta="null" EndDate="2012-02-17 11:52:15.173 CET" Interest="1.0" Kind="propagation" Navigation="null" OriginId="org.eclipse.jdt.ui.CompilationUnitEditor" StartDate="2012-02-17 11:52:15.173 CET" StructureHandle="/org.eclipse.mylyn.context.tasks.ui/src/org/eclipse/mylyn/internal/context/tasks/ui/editors/ContextWrapper.java" StructureKind="resource"/><InteractionEvent Delta="null" EndDate="2012-02-17 11:53:50.712 CET" Interest="1.0" Kind="propagation" Navigation="null" OriginId="org.eclipse.jdt.ui.CompilationUnitEditor" StartDate="2012-02-17 11:53:50.712 CET" StructureHandle="/org.eclipse.mylyn.context.tasks.ui/src/org/eclipse/mylyn/internal/context/tasks/ui/editors" StructureKind="resource"/><InteractionEvent Delta="null" EndDate="2012-02-17 11:54:12.504 CET" Interest="1.0" Kind="propagation" Navigation="org.eclipse.mylyn.core.model.edges.containment" OriginId="org.eclipse.mylyn.core.model.interest.propagation" StartDate="2012-02-17 11:54:12.504 CET" StructureHandle="/org.eclipse.mylyn.context.tasks.ui/src" StructureKind="resource"/><InteractionEvent Delta="null" EndDate="2012-02-17 11:53:46.450 CET" Interest="1.0" Kind="propagation" Navigation="null" OriginId="org.eclipse.jdt.ui.PackageExplorer" StartDate="2012-02-17 11:53:46.450 CET" StructureHandle="/org.eclipse.mylyn.context.tasks.ui/src/org/eclipse/mylyn/internal/context/tasks/ui/editors/ContextWrapper.java" StructureKind="resource"/><InteractionEvent Delta="null" EndDate="2012-02-17 11:53:53.346 CET" Interest="1.0" Kind="propagation" Navigation="org.eclipse.mylyn.core.model.edges.containment" OriginId="org.eclipse.mylyn.core.model.interest.propagation" StartDate="2012-02-17 11:53:53.346 CET" StructureHandle="/org.eclipse.mylyn.context.tasks.ui/src" StructureKind="resource"/><InteractionEvent Delta="null" EndDate="2012-02-17 11:52:17.66 CET" Interest="0.70000005" Kind="propagation" Navigation="org.eclipse.mylyn.core.model.edges.containment" OriginId="org.eclipse.mylyn.core.model.interest.propagation" StartDate="2012-02-17 11:52:17.66 CET" StructureHandle="=org.eclipse.mylyn.context.tasks.ui/src&amp;lt;org.eclipse.mylyn.internal.context.tasks.ui.editors{ContextWrapper.java" StructureKind="java"/><InteractionEvent Delta="null" EndDate="2012-02-17 11:53:21.391 CET" Interest="0.6999998" Kind="propagation" Navigation="org.eclipse.mylyn.core.model.edges.containment" OriginId="org.eclipse.mylyn.core.model.interest.propagation" StartDate="2012-02-17 11:53:21.391 CET" StructureHandle="=org.eclipse.mylyn.context.tasks.ui/src&amp;lt;org.eclipse.mylyn.internal.context.tasks.ui.editors{ContextWrapper.java" StructureKind="java"/><InteractionEvent Delta="null" EndDate="2012-02-17 11:53:15.120 CET" Interest="1.0" Kind="propagation" Navigation="org.eclipse.mylyn.core.model.edges.containment" OriginId="org.eclipse.mylyn.core.model.interest.propagation" StartDate="2012-02-17 11:53:15.120 CET" StructureHandle="=org.eclipse.mylyn.context.tasks.ui" StructureKind="resource"/><InteractionEvent Delta="null" EndDate="2012-02-17 11:54:11.27 CET" Interest="1.0" Kind="propagation" Navigation="null" OriginId="org.eclipse.jdt.ui.CompilationUnitEditor" StartDate="2012-02-17 11:54:11.27 CET" StructureHandle="/org.eclipse.mylyn.context.tasks.ui/src/org/eclipse/mylyn/internal/context/tasks/ui/editors/ContextWrapper.java" StructureKind="resource"/><InteractionEvent Delta="null" EndDate="2012-02-17 11:52:47.849 CET" Interest="1.0" Kind="propagation" Navigation="org.eclipse.mylyn.core.model.edges.containment" OriginId="org.eclipse.mylyn.core.model.interest.propagation" StartDate="2012-02-17 11:52:47.849 CET" StructureHandle="/org.eclipse.mylyn.context.tasks.ui/src" StructureKind="resource"/><InteractionEvent Delta="null" EndDate="2012-02-17 11:53:48.206 CET" Interest="1.0" Kind="propagation" Navigation="null" OriginId="org.eclipse.jdt.ui.CompilationUnitEditor" StartDate="2012-02-17 11:53:48.206 CET" StructureHandle="/org.eclipse.mylyn.context.tasks.ui/src/org/eclipse/mylyn/internal/context/tasks/ui/editors/ContextPageFactory.java" StructureKind="resource"/><InteractionEvent Delta="null" EndDate="2012-02-17 11:53:48.107 CET" Interest="1.0" Kind="propagation" Navigation="null" OriginId="org.eclipse.jdt.ui.CompilationUnitEditor" StartDate="2012-02-17 11:53:48.107 CET" StructureHandle="/org.eclipse.mylyn.context.tasks.ui/src/org/eclipse/mylyn/internal/context/tasks/ui/editors/ContextPageFactory.java" StructureKind="resource"/><InteractionEvent Delta="null" EndDate="2012-02-17 11:52:52.606 CET" Interest="0.7000003" Kind="propagation" Navigation="org.eclipse.mylyn.core.model.edges.containment" OriginId="org.eclipse.mylyn.core.model.interest.propagation" StartDate="2012-02-17 11:52:52.606 CET" StructureHandle="=org.eclipse.mylyn.context.tasks.ui/src&amp;lt;org.eclipse.mylyn.internal.context.tasks.ui.editors{ContextWrapper.java" StructureKind="java"/><InteractionEvent Delta="null" EndDate="2012-02-17 11:53:55.108 CET" Interest="1.0" Kind="edit" Navigation="null" OriginId="org.eclipse.jdt.ui.CompilationUnitEditor" StartDate="2012-02-17 11:53:55.108 CET" StructureHandle="=org.eclipse.mylyn.context.tasks.ui/src&amp;lt;org.eclipse.mylyn.internal.context.tasks.ui.editors{ContextWrapper.java" StructureKind="java"/><InteractionEvent Delta="null" EndDate="2012-02-17 11:53:15.119 CET" Interest="1.0" Kind="propagation" Navigation="org.eclipse.mylyn.core.model.edges.containment" OriginId="org.eclipse.mylyn.core.model.interest.propagation" StartDate="2012-02-17 11:53:15.119 CET" StructureHandle="/org.eclipse.mylyn.context.tasks.ui/src/org/eclipse/mylyn/internal/context/tasks/ui/editors" StructureKind="resource"/><InteractionEvent Delta="null" EndDate="2012-02-17 11:53:50.411 CET" Interest="1.0" Kind="selection" Navigation="null" OriginId="org.eclipse.jdt.ui.CompilationUnitEditor" StartDate="2012-02-17 11:53:50.411 CET" StructureHandle="=org.eclipse.mylyn.context.tasks.ui/src&amp;lt;org.eclipse.mylyn.internal.context.tasks.ui.editors{ContextPageFactory.java" StructureKind="java"/><InteractionEvent Delta="null" EndDate="2012-02-17 11:52:42.183 CET" Interest="1.0" Kind="propagation" Navigation="null" OriginId="org.eclipse.jdt.ui.CompilationUnitEditor" StartDate="2012-02-17 11:52:42.183 CET" StructureHandle="/org.eclipse.mylyn.context.tasks.ui/src/org/eclipse/mylyn/internal/context/tasks/ui/editors/ContextWrapper.java" StructureKind="resource"/><InteractionEvent Delta="null" EndDate="2012-02-17 11:53:03.830 CET" Interest="1.0" Kind="propagation" Navigation="org.eclipse.mylyn.core.model.edges.containment" OriginId="org.eclipse.mylyn.core.model.interest.propagation" StartDate="2012-02-17 11:53:03.830 CET" StructureHandle="=org.eclipse.mylyn.context.tasks.ui" StructureKind="resource"/><InteractionEvent Delta="null" EndDate="2012-02-17 11:53:13.197 CET" Interest="1.0" Kind="propagation" Navigation="org.eclipse.mylyn.core.model.edges.containment" OriginId="org.eclipse.mylyn.core.model.interest.propagation" StartDate="2012-02-17 11:53:13.197 CET" StructureHandle="/org.eclipse.mylyn.context.tasks.ui/src" StructureKind="resource"/><InteractionEvent Delta="null" EndDate="2012-02-17 11:54:11.28 CET" Interest="1.0" Kind="propagation" Navigation="org.eclipse.mylyn.core.model.edges.containment" OriginId="org.eclipse.mylyn.core.model.interest.propagation" StartDate="2012-02-17 11:54:11.28 CET" StructureHandle="/org.eclipse.mylyn.context.tasks.ui/src" StructureKind="resource"/><InteractionEvent Delta="null" EndDate="2012-02-17 11:53:28.293 CET" Interest="1.0" Kind="propagation" Navigation="null" OriginId="org.eclipse.jdt.ui.CompilationUnitEditor" StartDate="2012-02-17 11:53:28.293 CET" StructureHandle="/org.eclipse.mylyn.context.tasks.ui/src/org/eclipse/mylyn/internal/context/tasks/ui/editors/ContextWrapper.java" StructureKind="resource"/><InteractionEvent Delta="null" EndDate="2012-02-17 11:52:48.638 CET" Interest="0.4679997" Kind="propagation" Navigation="org.eclipse.mylyn.core.model.edges.containment" OriginId="org.eclipse.mylyn.core.model.interest.propagation" StartDate="2012-02-17 11:52:48.638 CET" StructureHandle="=org.eclipse.mylyn.context.tasks.ui/src&amp;lt;org.eclipse.mylyn.internal.context.tasks.ui.editors{ContextWrapper.java" StructureKind="java"/><InteractionEvent Delta="null" EndDate="2012-02-17 11:53:48.205 CET" Interest="1.0" Kind="edit" Navigation="null" OriginId="org.eclipse.jdt.ui.CompilationUnitEditor" StartDate="2012-02-17 11:53:48.205 CET" StructureHandle="=org.eclipse.mylyn.context.tasks.ui/src&amp;lt;org.eclipse.mylyn.internal.context.tasks.ui.editors{ContextPageFactory.java" StructureKind="java"/><InteractionEvent Delta="null" EndDate="2012-02-17 11:53:48.627 CET" Interest="1.0" Kind="propagation" Navigation="org.eclipse.mylyn.core.model.edges.containment" OriginId="org.eclipse.mylyn.core.model.interest.propagation" StartDate="2012-02-17 11:53:48.627 CET" StructureHandle="/org.eclipse.mylyn.context.tasks.ui/src" StructureKind="resource"/><InteractionEvent Delta="null" EndDate="2012-02-17 11:53:55.109 CET" Interest="1.0" Kind="propagation" Navigation="org.eclipse.mylyn.core.model.edges.containment" OriginId="org.eclipse.mylyn.core.model.interest.propagation" StartDate="2012-02-17 11:53:55.109 CET" StructureHandle="/org.eclipse.mylyn.context.tasks.ui/src" StructureKind="resource"/><InteractionEvent Delta="null" EndDate="2012-02-17 11:52:36.921 CET" Interest="1.0000001" Kind="propagation" Navigation="org.eclipse.mylyn.core.model.edges.containment" OriginId="org.eclipse.mylyn.core.model.interest.propagation" StartDate="2012-02-17 11:52:36.921 CET" StructureHandle="=org.eclipse.mylyn.context.tasks.ui/src&amp;lt;org.eclipse.mylyn.internal.context.tasks.ui.editors" StructureKind="java"/><InteractionEvent Delta="null" EndDate="2012-02-17 11:53:10.782 CET" Interest="1.0" Kind="propagation" Navigation="null" OriginId="org.eclipse.jdt.ui.CompilationUnitEditor" StartDate="2012-02-17 11:53:10.782 CET" StructureHandle="/org.eclipse.mylyn.context.tasks.ui/src/org/eclipse/mylyn/internal/context/tasks/ui/editors/ContextWrapper.java" StructureKind="resource"/><InteractionEvent Delta="null" EndDate="2012-02-17 11:54:05.22 CET" Interest="0.70000076" Kind="propagation" Navigation="org.eclipse.mylyn.core.model.edges.containment" OriginId="org.eclipse.mylyn.core.model.interest.propagation" StartDate="2012-02-17 11:54:05.22 CET" StructureHandle="=org.eclipse.mylyn.context.tasks.ui/src" StructureKind="java"/><InteractionEvent Delta="null" EndDate="2012-02-17 11:53:59.590 CET" Interest="1.0" Kind="selection" Navigation="null" OriginId="org.eclipse.jdt.ui.CompilationUnitEditor" StartDate="2012-02-17 11:53:59.590 CET" StructureHandle="=org.eclipse.mylyn.context.tasks.ui/src&amp;lt;org.eclipse.mylyn.internal.context.tasks.ui.editors{ContextWrapper.java" StructureKind="java"/><InteractionEvent Delta="null" EndDate="2012-02-17 11:53:23.82 CET" Interest="1.0" Kind="propagation" Navigation="null" OriginId="org.eclipse.jdt.ui.CompilationUnitEditor" StartDate="2012-02-17 11:53:23.82 CET" StructureHandle="/org.eclipse.mylyn.context.tasks.ui/src/org/eclipse/mylyn/internal/context/tasks/ui/editors/ContextWrapper.java" StructureKind="resource"/><InteractionEvent Delta="null" EndDate="2012-02-17 11:53:28.293 CET" Interest="1.0" Kind="propagation" Navigation="org.eclipse.mylyn.core.model.edges.containment" OriginId="org.eclipse.mylyn.core.model.interest.propagation" StartDate="2012-02-17 11:53:28.293 CET" StructureHandle="/org.eclipse.mylyn.context.tasks.ui/src/org/eclipse/mylyn/internal/context/tasks/ui/editors" StructureKind="resource"/><InteractionEvent Delta="null" EndDate="2012-02-17 11:53:55.670 CET" Interest="1.0" Kind="propagation" Navigation="org.eclipse.mylyn.core.model.edges.containment" OriginId="org.eclipse.mylyn.core.model.interest.propagation" StartDate="2012-02-17 11:53:55.670 CET" StructureHandle="/org.eclipse.mylyn.context.tasks.ui/src" StructureKind="resource"/><InteractionEvent Delta="null" EndDate="2012-02-17 11:53:55.108 CET" Interest="1.0" Kind="propagation" Navigation="null" OriginId="org.eclipse.jdt.ui.CompilationUnitEditor" StartDate="2012-02-17 11:53:55.108 CET" StructureHandle="/org.eclipse.mylyn.context.tasks.ui/src/org/eclipse/mylyn/internal/context/tasks/ui/editors" StructureKind="resource"/><InteractionEvent Delta="null" EndDate="2012-02-17 11:53:28.293 CET" Interest="0.70000076" Kind="propagation" Navigation="org.eclipse.mylyn.core.model.edges.containment" OriginId="org.eclipse.mylyn.core.model.interest.propagation" StartDate="2012-02-17 11:53:28.293 CET" StructureHandle="=org.eclipse.mylyn.context.tasks.ui/src&amp;lt;org.eclipse.mylyn.internal.context.tasks.ui.editors{ContextWrapper.java" StructureKind="java"/><InteractionEvent Delta="null" EndDate="2012-02-17 11:53:50.713 CET" Interest="1.0" Kind="propagation" Navigation="org.eclipse.mylyn.core.model.edges.containment" OriginId="org.eclipse.mylyn.core.model.interest.propagation" StartDate="2012-02-17 11:53:50.713 CET" StructureHandle="=org.eclipse.mylyn.context.tasks.ui/src" StructureKind="java"/><InteractionEvent Delta="null" EndDate="2012-02-17 11:53:21.391 CET" Interest="1.0" Kind="propagation" Navigation="org.eclipse.mylyn.core.model.edges.containment" OriginId="org.eclipse.mylyn.core.model.interest.propagation" StartDate="2012-02-17 11:53:21.391 CET" StructureHandle="/org.eclipse.mylyn.context.tasks.ui/src/org/eclipse/mylyn/internal/context/tasks/ui/editors" StructureKind="resource"/><InteractionEvent Delta="null" EndDate="2012-02-17 11:53:35.123 CET" Interest="0.6999998" Kind="propagation" Navigation="org.eclipse.mylyn.core.model.edges.containment" OriginId="org.eclipse.mylyn.core.model.interest.propagation" StartDate="2012-02-17 11:53:35.123 CET" StructureHandle="=org.eclipse.mylyn.context.tasks.ui/src&amp;lt;org.eclipse.mylyn.internal.context.tasks.ui.editors" StructureKind="java"/><InteractionEvent Delta="null" EndDate="2012-02-17 11:53:35.123 CET" Interest="1.0" Kind="propagation" Navigation="null" OriginId="org.eclipse.jdt.ui.CompilationUnitEditor" StartDate="2012-02-17 11:53:35.123 CET" StructureHandle="/org.eclipse.mylyn.context.tasks.ui/src/org/eclipse/mylyn/internal/context/tasks/ui/editors/ContextWrapper.java" StructureKind="resource"/><InteractionEvent Delta="null" EndDate="2012-02-17 11:53:53.346 CET" Interest="1.0" Kind="propagation" Navigation="null" OriginId="org.eclipse.jdt.ui.CompilationUnitEditor" StartDate="2012-02-17 11:53:53.346 CET" StructureHandle="/org.eclipse.mylyn.context.tasks.ui/src/org/eclipse/mylyn/internal/context/tasks/ui/editors" StructureKind="resource"/><InteractionEvent Delta="null" EndDate="2012-02-17 11:53:46.450 CET" Interest="1.0" Kind="propagation" Navigation="org.eclipse.mylyn.core.model.edges.containment" OriginId="org.eclipse.mylyn.core.model.interest.propagation" StartDate="2012-02-17 11:53:46.450 CET" StructureHandle="/org.eclipse.mylyn.context.tasks.ui/src" StructureKind="resource"/><InteractionEvent Delta="null" EndDate="2012-02-17 11:53:48.108 CET" Interest="1.0" Kind="propagation" Navigation="org.eclipse.mylyn.core.model.edges.containment" OriginId="org.eclipse.mylyn.core.model.interest.propagation" StartDate="2012-02-17 11:53:48.108 CET" StructureHandle="=org.eclipse.mylyn.context.tasks.ui" StructureKind="resource"/><InteractionEvent Delta="null" EndDate="2012-02-17 11:54:15.807 CET" Interest="1.0" Kind="propagation" Navigation="org.eclipse.mylyn.core.model.edges.containment" OriginId="org.eclipse.mylyn.core.model.interest.propagation" StartDate="2012-02-17 11:54:15.807 CET" StructureHandle="/org.eclipse.mylyn.context.tasks.ui/src" StructureKind="resource"/><InteractionEvent Delta="null" EndDate="2012-02-17 11:53:55.109 CET" Interest="1.0" Kind="propagation" Navigation="org.eclipse.mylyn.core.model.edges.containment" OriginId="org.eclipse.mylyn.core.model.interest.propagation" StartDate="2012-02-17 11:53:55.109 CET" StructureHandle="=org.eclipse.mylyn.context.tasks.ui" StructureKind="resource"/><InteractionEvent Delta="null" EndDate="2012-02-17 11:52:56.730 CET" Interest="0.70000005" Kind="propagation" Navigation="org.eclipse.mylyn.core.model.edges.containment" OriginId="org.eclipse.mylyn.core.model.interest.propagation" StartDate="2012-02-17 11:52:56.730 CET" StructureHandle="=org.eclipse.mylyn.context.tasks.ui/src&amp;lt;org.eclipse.mylyn.internal.context.tasks.ui.editors" StructureKind="java"/><InteractionEvent Delta="null" EndDate="2012-02-17 11:54:05.22 CET" Interest="1.0" Kind="propagation" Navigation="org.eclipse.mylyn.core.model.edges.containment" OriginId="org.eclipse.mylyn.core.model.interest.propagation" StartDate="2012-02-17 11:54:05.22 CET" StructureHandle="=org.eclipse.mylyn.context.tasks.ui" StructureKind="resource"/><InteractionEvent Delta="null" EndDate="2012-02-17 11:52:15.922 CET" Interest="1.0" Kind="propagation" Navigation="null" OriginId="org.eclipse.jdt.ui.CompilationUnitEditor" StartDate="2012-02-17 11:52:15.922 CET" StructureHandle="/org.eclipse.mylyn.context.tasks.ui/src/org/eclipse/mylyn/internal/context/tasks/ui/editors/ContextWrapper.java" StructureKind="resource"/><InteractionEvent Delta="null" EndDate="2012-02-17 11:53:28.293 CET" Interest="1.0" Kind="propagation" Navigation="org.eclipse.mylyn.core.model.edges.containment" OriginId="org.eclipse.mylyn.core.model.interest.propagation" StartDate="2012-02-17 11:53:28.293 CET" StructureHandle="/org.eclipse.mylyn.context.tasks.ui/src" StructureKind="resource"/><InteractionEvent Delta="null" EndDate="2012-02-17 11:53:03.830 CET" Interest="1.0" Kind="propagation" Navigation="null" OriginId="org.eclipse.jdt.ui.CompilationUnitEditor" StartDate="2012-02-17 11:53:03.830 CET" StructureHandle="/org.eclipse.mylyn.context.tasks.ui/src/org/eclipse/mylyn/internal/context/tasks/ui/editors/ContextWrapper.java" StructureKind="resource"/><InteractionEvent Delta="null" EndDate="2012-02-17 11:53:48.108 CET" Interest="1.0" Kind="propagation" Navigation="org.eclipse.mylyn.core.model.edges.containment" OriginId="org.eclipse.mylyn.core.model.interest.propagation" StartDate="2012-02-17 11:53:48.108 CET" StructureHandle="/org.eclipse.mylyn.context.tasks.ui/src" StructureKind="resource"/><InteractionEvent Delta="null" EndDate="2012-02-17 11:54:05.22 CET" Interest="1.0" Kind="propagation" Navigation="null" OriginId="org.eclipse.jdt.ui.CompilationUnitEditor" StartDate="2012-02-17 11:54:05.22 CET" StructureHandle="/org.eclipse.mylyn.context.tasks.ui/src/org/eclipse/mylyn/internal/context/tasks/ui/editors" StructureKind="resource"/><InteractionEvent Delta="null" EndDate="2012-02-17 11:53:10.782 CET" Interest="1.0" Kind="propagation" Navigation="org.eclipse.mylyn.core.model.edges.containment" OriginId="org.eclipse.mylyn.core.model.interest.propagation" StartDate="2012-02-17 11:53:10.782 CET" StructureHandle="/org.eclipse.mylyn.context.tasks.ui/src/org/eclipse/mylyn/internal/context/tasks/ui/editors" StructureKind="resource"/><InteractionEvent Delta="null" EndDate="2012-02-17 11:52:52.606 CET" Interest="0.7000003" Kind="propagation" Navigation="org.eclipse.mylyn.core.model.edges.containment" OriginId="org.eclipse.mylyn.core.model.interest.propagation" StartDate="2012-02-17 11:52:52.606 CET" StructureHandle="=org.eclipse.mylyn.context.tasks.ui/src&amp;lt;org.eclipse.mylyn.internal.context.tasks.ui.editors" StructureKind="java"/><InteractionEvent Delta="null" EndDate="2012-02-17 11:53:05.19 CET" Interest="1.0" Kind="propagation" Navigation="null" OriginId="org.eclipse.jdt.callhierarchy.view" StartDate="2012-02-17 11:53:05.19 CET" StructureHandle="/org.eclipse.mylyn.context.tasks.ui/src/org/eclipse/mylyn/internal/context/tasks/ui/editors/ContextWrapper.java" StructureKind="resource"/><InteractionEvent Delta="null" EndDate="2012-02-17 11:53:16.516 CET" Interest="1.0" Kind="propagation" Navigation="org.eclipse.mylyn.core.model.edges.containment" OriginId="org.eclipse.mylyn.core.model.interest.propagation" StartDate="2012-02-17 11:53:16.516 CET" StructureHandle="=org.eclipse.mylyn.context.tasks.ui" StructureKind="resource"/><InteractionEvent Delta="null" EndDate="2012-02-17 11:53:49.180 CET" Interest="1.0" Kind="propagation" Navigation="null" OriginId="org.eclipse.jdt.ui.CompilationUnitEditor" StartDate="2012-02-17 11:53:49.180 CET" StructureHandle="/org.eclipse.mylyn.context.tasks.ui/src/org/eclipse/mylyn/internal/context/tasks/ui/editors/ContextPageFactory.java" StructureKind="resource"/><InteractionEvent Delta="null" EndDate="2012-02-17 11:52:56.729 CET" Interest="1.0" Kind="propagation" Navigation="org.eclipse.mylyn.core.model.edges.containment" OriginId="org.eclipse.mylyn.core.model.interest.propagation" StartDate="2012-02-17 11:52:56.729 CET" StructureHandle="=org.eclipse.mylyn.context.tasks.ui" StructureKind="resource"/><InteractionEvent Delta="null" EndDate="2012-02-17 11:52:17.66 CET" Interest="1.0000001" Kind="propagation" Navigation="org.eclipse.mylyn.core.model.edges.containment" OriginId="org.eclipse.mylyn.core.model.interest.propagation" StartDate="2012-02-17 11:52:17.66 CET" StructureHandle="/org.eclipse.mylyn.context.tasks.ui/src/org/eclipse/mylyn/internal/context/tasks/ui/editors" StructureKind="resource"/><InteractionEvent Delta="null" EndDate="2012-02-17 11:53:48.207 CET" Interest="1.0" Kind="propagation" Navigation="org.eclipse.mylyn.core.model.edges.containment" OriginId="org.eclipse.mylyn.core.model.interest.propagation" StartDate="2012-02-17 11:53:48.207 CET" StructureHandle="/org.eclipse.mylyn.context.tasks.ui/src" StructureKind="resource"/><InteractionEvent Delta="null" EndDate="2012-02-17 11:53:48.207 CET" Interest="1.0" Kind="propagation" Navigation="org.eclipse.mylyn.core.model.edges.containment" OriginId="org.eclipse.mylyn.core.model.interest.propagation" StartDate="2012-02-17 11:53:48.207 CET" StructureHandle="=org.eclipse.mylyn.context.tasks.ui" StructureKind="resource"/><InteractionEvent Delta="null" EndDate="2012-02-17 11:53:50.712 CET" Interest="1.0" Kind="propagation" Navigation="null" OriginId="org.eclipse.jdt.ui.CompilationUnitEditor" StartDate="2012-02-17 11:53:50.712 CET" StructureHandle="/org.eclipse.mylyn.context.tasks.ui/src/org/eclipse/mylyn/internal/context/tasks/ui/editors/ContextWrapper.java" StructureKind="resource"/><InteractionEvent Delta="null" EndDate="2012-02-17 11:53:21.391 CET" Interest="1.0" Kind="propagation" Navigation="org.eclipse.mylyn.core.model.edges.containment" OriginId="org.eclipse.mylyn.core.model.interest.propagation" StartDate="2012-02-17 11:53:21.391 CET" StructureHandle="=org.eclipse.mylyn.context.tasks.ui" StructureKind="resource"/><InteractionEvent Delta="null" EndDate="2012-02-17 11:53:48.627 CET" Interest="1.0" Kind="propagation" Navigation="null" OriginId="org.eclipse.jdt.ui.CompilationUnitEditor" StartDate="2012-02-17 11:53:48.627 CET" StructureHandle="/org.eclipse.mylyn.context.tasks.ui/src/org/eclipse/mylyn/internal/context/tasks/ui/editors/ContextPageFactory.java" StructureKind="resource"/><InteractionEvent Delta="null" EndDate="2012-02-17 11:52:47.849 CET" Interest="1.0" Kind="propagation" Navigation="null" OriginId="org.eclipse.jdt.ui.CompilationUnitEditor" StartDate="2012-02-17 11:52:47.849 CET" StructureHandle="/org.eclipse.mylyn.context.tasks.ui/src/org/eclipse/mylyn/internal/context/tasks/ui/editors/ContextWrapper.java" StructureKind="resource"/><InteractionEvent Delta="null" EndDate="2012-02-17 11:52:48.638 CET" Interest="1.0000005" Kind="propagation" Navigation="org.eclipse.mylyn.core.model.edges.containment" OriginId="org.eclipse.mylyn.core.model.interest.propagation" StartDate="2012-02-17 11:52:48.638 CET" StructureHandle="/org.eclipse.mylyn.context.tasks.ui/src/org/eclipse/mylyn/internal/context/tasks/ui/editors" StructureKind="resource"/><InteractionEvent Delta="null" EndDate="2012-02-17 11:53:50.712 CET" Interest="1.0" Kind="selection" Navigation="null" OriginId="org.eclipse.jdt.ui.CompilationUnitEditor" StartDate="2012-02-17 11:53:50.712 CET" StructureHandle="=org.eclipse.mylyn.context.tasks.ui/src&amp;lt;org.eclipse.mylyn.internal.context.tasks.ui.editors{ContextWrapper.java" StructureKind="java"/><InteractionEvent Delta="null" EndDate="2012-02-17 11:53:53.345 CET" Interest="1.0" Kind="selection" Navigation="null" OriginId="org.eclipse.jdt.ui.CompilationUnitEditor" StartDate="2012-02-17 11:53:53.345 CET" StructureHandle="=org.eclipse.mylyn.context.tasks.ui/src&amp;lt;org.eclipse.mylyn.internal.context.tasks.ui.editors{ContextWrapper.java" StructureKind="java"/><InteractionEvent Delta="null" EndDate="2012-02-17 11:54:05.21 CET" Interest="1.0" Kind="propagation" Navigation="null" OriginId="org.eclipse.jdt.ui.CompilationUnitEditor" StartDate="2012-02-17 11:54:05.21 CET" StructureHandle="/org.eclipse.mylyn.context.tasks.ui/src/org/eclipse/mylyn/internal/context/tasks/ui/editors/ContextWrapper.java" StructureKind="resource"/><InteractionEvent Delta="null" EndDate="2012-02-17 11:52:36.921 CET" Interest="0.9999999" Kind="propagation" Navigation="org.eclipse.mylyn.core.model.edges.containment" OriginId="org.eclipse.mylyn.core.model.interest.propagation" StartDate="2012-02-17 11:52:36.921 CET" StructureHandle="=org.eclipse.mylyn.context.tasks.ui/src" StructureKind="java"/><InteractionEvent Delta="null" EndDate="2012-02-17 11:53:08.597 CET" Interest="1.0" Kind="propagation" Navigation="null" OriginId="org.eclipse.jdt.ui.CompilationUnitEditor" StartDate="2012-02-17 11:53:08.597 CET" StructureHandle="/org.eclipse.mylyn.context.tasks.ui/src/org/eclipse/mylyn/internal/context/tasks/ui/editors/ContextWrapper.java" StructureKind="resource"/><InteractionEvent Delta="null" EndDate="2012-02-17 11:52:48.638 CET" Interest="1.0000005" Kind="propagation" Navigation="org.eclipse.mylyn.core.model.edges.containment" OriginId="org.eclipse.mylyn.core.model.interest.propagation" StartDate="2012-02-17 11:52:48.638 CET" StructureHandle="=org.eclipse.mylyn.context.tasks.ui" StructureKind="resource"/><InteractionEvent Delta="null" EndDate="2012-02-17 11:54:11.27 CET" Interest="1.0" Kind="propagation" Navigation="null" OriginId="org.eclipse.jdt.ui.CompilationUnitEditor" StartDate="2012-02-17 11:54:11.27 CET" StructureHandle="/org.eclipse.mylyn.context.tasks.ui/src/org/eclipse/mylyn/internal/context/tasks/ui/editors" StructureKind="resource"/><InteractionEvent Delta="null" EndDate="2012-02-17 11:52:56.729 CET" Interest="1.0" Kind="propagation" Navigation="org.eclipse.mylyn.core.model.edges.containment" OriginId="org.eclipse.mylyn.core.model.interest.propagation" StartDate="2012-02-17 11:52:56.729 CET" StructureHandle="/org.eclipse.mylyn.context.tasks.ui/src" StructureKind="resource"/><InteractionEvent Delta="null" EndDate="2012-02-17 11:53:53.345 CET" Interest="1.0" Kind="propagation" Navigation="null" OriginId="org.eclipse.jdt.ui.CompilationUnitEditor" StartDate="2012-02-17 11:53:53.345 CET" StructureHandle="/org.eclipse.mylyn.context.tasks.ui/src/org/eclipse/mylyn/internal/context/tasks/ui/editors/ContextWrapper.java" StructureKind="resource"/><InteractionEvent Delta="null" EndDate="2012-02-17 11:53:09.174 CET" Interest="1.0" Kind="propagation" Navigation="org.eclipse.mylyn.core.model.edges.containment" OriginId="org.eclipse.mylyn.core.model.interest.propagation" StartDate="2012-02-17 11:53:09.174 CET" StructureHandle="/org.eclipse.mylyn.context.tasks.ui/src" StructureKind="resource"/><InteractionEvent Delta="null" EndDate="2012-02-17 11:53:25.689 CET" Interest="0.6999998" Kind="propagation" Navigation="org.eclipse.mylyn.core.model.edges.containment" OriginId="org.eclipse.mylyn.core.model.interest.propagation" StartDate="2012-02-17 11:53:25.689 CET" StructureHandle="=org.eclipse.mylyn.context.tasks.ui/src" StructureKind="java"/><InteractionEvent Delta="null" EndDate="2012-02-17 11:53:46.451 CET" Interest="1.0" Kind="propagation" Navigation="org.eclipse.mylyn.core.model.edges.containment" OriginId="org.eclipse.mylyn.core.model.interest.propagation" StartDate="2012-02-17 11:53:46.451 CET" StructureHandle="=org.eclipse.mylyn.context.tasks.ui/src&amp;lt;org.eclipse.mylyn.internal.context.tasks.ui.editors" StructureKind="java"/><InteractionEvent Delta="null" EndDate="2012-02-17 11:53:13.197 CET" Interest="0.6999998" Kind="propagation" Navigation="org.eclipse.mylyn.core.model.edges.containment" OriginId="org.eclipse.mylyn.core.model.interest.propagation" StartDate="2012-02-17 11:53:13.197 CET" StructureHandle="=org.eclipse.mylyn.context.tasks.ui/src&amp;lt;org.eclipse.mylyn.internal.context.tasks.ui.editors{ContextWrapper.java" StructureKind="java"/><InteractionEvent Delta="null" EndDate="2012-02-17 11:53:55.668 CET" Interest="1.0" Kind="propagation" Navigation="null" OriginId="org.eclipse.jdt.ui.CompilationUnitEditor" StartDate="2012-02-17 11:53:55.668 CET" StructureHandle="/org.eclipse.mylyn.context.tasks.ui/src/org/eclipse/mylyn/internal/context/tasks/ui/editors/ContextWrapper.java" StructureKind="resource"/><InteractionEvent Delta="null" EndDate="2012-02-17 11:52:17.66 CET" Interest="1.0000001" Kind="propagation" Navigation="org.eclipse.mylyn.core.model.edges.containment" OriginId="org.eclipse.mylyn.core.model.interest.propagation" StartDate="2012-02-17 11:52:17.66 CET" StructureHandle="/org.eclipse.mylyn.context.tasks.ui/src" StructureKind="resource"/><InteractionEvent Delta="null" EndDate="2012-02-17 11:54:15.807 CET" Interest="1.0" Kind="propagation" Navigation="org.eclipse.mylyn.core.model.edges.containment" OriginId="org.eclipse.mylyn.core.model.interest.propagation" StartDate="2012-02-17 11:54:15.807 CET" StructureHandle="=org.eclipse.mylyn.context.tasks.ui" StructureKind="resource"/><InteractionEvent Delta="null" EndDate="2012-02-17 11:53:55.108 CET" Interest="1.0" Kind="propagation" Navigation="null" OriginId="org.eclipse.jdt.ui.CompilationUnitEditor" StartDate="2012-02-17 11:53:55.108 CET" StructureHandle="/org.eclipse.mylyn.context.tasks.ui/src/org/eclipse/mylyn/internal/context/tasks/ui/editors/ContextWrapper.java" StructureKind="resource"/><InteractionEvent Delta="null" EndDate="2012-02-17 11:52:15.922 CET" Interest="1.0" Kind="propagation" Navigation="org.eclipse.mylyn.core.model.edges.containment" OriginId="org.eclipse.mylyn.core.model.interest.propagation" StartDate="2012-02-17 11:52:15.922 CET" StructureHandle="/org.eclipse.mylyn.context.tasks.ui/src/org/eclipse/mylyn/internal/context/tasks/ui/editors" StructureKind="resource"/><InteractionEvent Delta="null" EndDate="2012-02-17 11:53:23.83 CET" Interest="0.70000076" Kind="propagation" Navigation="org.eclipse.mylyn.core.model.edges.containment" OriginId="org.eclipse.mylyn.core.model.interest.propagation" StartDate="2012-02-17 11:53:23.83 CET" StructureHandle="=org.eclipse.mylyn.context.tasks.ui/src&amp;lt;org.eclipse.mylyn.internal.context.tasks.ui.editors{ContextWrapper.java" StructureKind="java"/><InteractionEvent Delta="null" EndDate="2012-02-17 11:53:15.120 CET" Interest="0.6999998" Kind="propagation" Navigation="org.eclipse.mylyn.core.model.edges.containment" OriginId="org.eclipse.mylyn.core.model.interest.propagation" StartDate="2012-02-17 11:53:15.120 CET" StructureHandle="=org.eclipse.mylyn.context.tasks.ui/src" StructureKind="java"/><InteractionEvent Delta="null" EndDate="2012-02-17 11:53:09.175 CET" Interest="0.9999995" Kind="propagation" Navigation="org.eclipse.mylyn.core.model.edges.containment" OriginId="org.eclipse.mylyn.core.model.interest.propagation" StartDate="2012-02-17 11:53:09.175 CET" StructureHandle="=org.eclipse.mylyn.context.tasks.ui/src" StructureKind="java"/><InteractionEvent Delta="null" EndDate="2012-02-17 11:52:52.605 CET" Interest="1.0" Kind="propagation" Navigation="null" OriginId="org.eclipse.jdt.ui.CompilationUnitEditor" StartDate="2012-02-17 11:52:52.605 CET" StructureHandle="/org.eclipse.mylyn.context.tasks.ui/src/org/eclipse/mylyn/internal/context/tasks/ui/editors/ContextWrapper.java" StructureKind="resource"/><InteractionEvent Delta="null" EndDate="2012-02-17 11:53:55.669 CET" Interest="1.0" Kind="propagation" Navigation="null" OriginId="org.eclipse.jdt.ui.CompilationUnitEditor" StartDate="2012-02-17 11:53:55.669 CET" StructureHandle="/org.eclipse.mylyn.context.tasks.ui/src/org/eclipse/mylyn/internal/context/tasks/ui/editors" StructureKind="resource"/><InteractionEvent Delta="null" EndDate="2012-02-17 11:53:55.109 CET" Interest="0.6999998" Kind="propagation" Navigation="org.eclipse.mylyn.core.model.edges.containment" OriginId="org.eclipse.mylyn.core.model.interest.propagation" StartDate="2012-02-17 11:53:55.109 CET" StructureHandle="=org.eclipse.mylyn.context.tasks.ui/src" StructureKind="java"/><InteractionEvent Delta="null" EndDate="2012-02-17 11:53:21.392 CET" Interest="0.6999998" Kind="propagation" Navigation="org.eclipse.mylyn.core.model.edges.containment" OriginId="org.eclipse.mylyn.core.model.interest.propagation" StartDate="2012-02-17 11:53:21.392 CET" StructureHandle="=org.eclipse.mylyn.context.tasks.ui/src" StructureKind="java"/><InteractionEvent Delta="null" EndDate="2012-02-17 11:53:53.346 CET" Interest="1.0" Kind="propagation" Navigation="org.eclipse.mylyn.core.model.edges.containment" OriginId="org.eclipse.mylyn.core.model.interest.propagation" StartDate="2012-02-17 11:53:53.346 CET" StructureHandle="=org.eclipse.mylyn.context.tasks.ui" StructureKind="resource"/><InteractionEvent Delta="null" EndDate="2012-02-17 11:52:52.605 CET" Interest="1.0" Kind="propagation" Navigation="org.eclipse.mylyn.core.model.edges.containment" OriginId="org.eclipse.mylyn.core.model.interest.propagation" StartDate="2012-02-17 11:52:52.605 CET" StructureHandle="/org.eclipse.mylyn.context.tasks.ui/src/org/eclipse/mylyn/internal/context/tasks/ui/editors" StructureKind="resource"/><InteractionEvent Delta="null" EndDate="2012-02-17 11:53:50.801 CET" Interest="1.0" Kind="propagation" Navigation="org.eclipse.mylyn.core.model.edges.containment" OriginId="org.eclipse.mylyn.core.model.interest.propagation" StartDate="2012-02-17 11:53:50.801 CET" StructureHandle="/org.eclipse.mylyn.context.tasks.ui/src" StructureKind="resource"/><InteractionEvent Delta="null" EndDate="2012-02-17 11:53:16.516 CET" Interest="0.69999933" Kind="propagation" Navigation="org.eclipse.mylyn.core.model.edges.containment" OriginId="org.eclipse.mylyn.core.model.interest.propagation" StartDate="2012-02-17 11:53:16.516 CET" StructureHandle="=org.eclipse.mylyn.context.tasks.ui/src&amp;lt;org.eclipse.mylyn.internal.context.tasks.ui.editors" StructureKind="java"/><InteractionEvent Delta="null" EndDate="2012-02-17 11:54:02.657 CET" Interest="1.0" Kind="propagation" Navigation="null" OriginId="org.eclipse.jdt.ui.CompilationUnitEditor" StartDate="2012-02-17 11:54:02.657 CET" StructureHandle="/org.eclipse.mylyn.context.tasks.ui/src/org/eclipse/mylyn/internal/context/tasks/ui/editors/ContextWrapper.java" StructureKind="resource"/><InteractionEvent Delta="null" EndDate="2012-02-17 11:53:10.783 CET" Interest="0.7000003" Kind="propagation" Navigation="org.eclipse.mylyn.core.model.edges.containment" OriginId="org.eclipse.mylyn.core.model.interest.propagation" StartDate="2012-02-17 11:53:10.783 CET" StructureHandle="=org.eclipse.mylyn.context.tasks.ui/src&amp;lt;org.eclipse.mylyn.internal.context.tasks.ui.editors" StructureKind="java"/><InteractionEvent Delta="null" EndDate="2012-02-17 11:52:36.920 CET" Interest="1.0" Kind="propagation" Navigation="null" OriginId="org.eclipse.jdt.ui.CompilationUnitEditor" StartDate="2012-02-17 11:52:36.920 CET" StructureHandle="/org.eclipse.mylyn.context.tasks.ui/src/org/eclipse/mylyn/internal/context/tasks/ui/editors/ContextWrapper.java" StructureKind="resource"/><InteractionEvent Delta="null" EndDate="2012-02-17 11:54:05.22 CET" Interest="0.70000076" Kind="propagation" Navigation="org.eclipse.mylyn.core.model.edges.containment" OriginId="org.eclipse.mylyn.core.model.interest.propagation" StartDate="2012-02-17 11:54:05.22 CET" StructureHandle="=org.eclipse.mylyn.context.tasks.ui/src&amp;lt;org.eclipse.mylyn.internal.context.tasks.ui.editors" StructureKind="java"/><InteractionEvent Delta="null" EndDate="2012-02-17 11:53:08.597 CET" Interest="1.0" Kind="propagation" Navigation="org.eclipse.mylyn.core.model.edges.containment" OriginId="org.eclipse.mylyn.core.model.interest.propagation" StartDate="2012-02-17 11:53:08.597 CET" StructureHandle="/org.eclipse.mylyn.context.tasks.ui/src/org/eclipse/mylyn/internal/context/tasks/ui/editors" StructureKind="resource"/><InteractionEvent Delta="null" EndDate="2012-02-17 11:54:15.806 CET" Interest="1.0" Kind="propagation" Navigation="null" OriginId="org.eclipse.jdt.ui.CompilationUnitEditor" StartDate="2012-02-17 11:54:15.806 CET" StructureHandle="/org.eclipse.mylyn.context.tasks.ui/src/org/eclipse/mylyn/internal/context/tasks/ui/editors/ContextWrapper.java" StructureKind="resource"/><InteractionEvent Delta="null" EndDate="2012-02-17 11:53:46.450 CET" Interest="1.0" Kind="propagation" Navigation="org.eclipse.mylyn.core.model.edges.containment" OriginId="org.eclipse.mylyn.core.model.interest.propagation" StartDate="2012-02-17 11:53:46.450 CET" StructureHandle="/org.eclipse.mylyn.context.tasks.ui/src/org/eclipse/mylyn/internal/context/tasks/ui/editors" StructureKind="resource"/><InteractionEvent Delta="null" EndDate="2012-02-17 11:52:42.866 CET" Interest="1.0" Kind="propagation" Navigation="org.eclipse.mylyn.core.model.edges.containment" OriginId="org.eclipse.mylyn.core.model.interest.propagation" StartDate="2012-02-17 11:52:42.866 CET" StructureHandle="/org.eclipse.mylyn.context.tasks.ui/src/org/eclipse/mylyn/internal/context/tasks/ui/editors" StructureKind="resource"/><InteractionEvent Delta="null" EndDate="2012-02-17 11:53:25.688 CET" Interest="1.0" Kind="propagation" Navigation="org.eclipse.mylyn.core.model.edges.containment" OriginId="org.eclipse.mylyn.core.model.interest.propagation" StartDate="2012-02-17 11:53:25.688 CET" StructureHandle="/org.eclipse.mylyn.context.tasks.ui/src" StructureKind="resource"/><InteractionEvent Delta="null" EndDate="2012-02-17 11:53:15.120 CET" Interest="0.6999998" Kind="propagation" Navigation="org.eclipse.mylyn.core.model.edges.containment" OriginId="org.eclipse.mylyn.core.model.interest.propagation" StartDate="2012-02-17 11:53:15.120 CET" StructureHandle="=org.eclipse.mylyn.context.tasks.ui/src&amp;lt;org.eclipse.mylyn.internal.context.tasks.ui.editors" StructureKind="java"/><InteractionEvent Delta="null" EndDate="2012-02-17 11:53:16.516 CET" Interest="1.0" Kind="propagation" Navigation="null" OriginId="org.eclipse.jdt.ui.CompilationUnitEditor" StartDate="2012-02-17 11:53:16.516 CET" StructureHandle="/org.eclipse.mylyn.context.tasks.ui/src/org/eclipse/mylyn/internal/context/tasks/ui/editors/ContextWrapper.java" StructureKind="resource"/><InteractionEvent Delta="null" EndDate="2012-02-17 11:52:17.66 CET" Interest="1.0000001" Kind="propagation" Navigation="org.eclipse.mylyn.core.model.edges.containment" OriginId="org.eclipse.mylyn.core.model.interest.propagation" StartDate="2012-02-17 11:52:17.66 CET" StructureHandle="=org.eclipse.mylyn.context.tasks.ui" StructureKind="resource"/><InteractionEvent Delta="null" EndDate="2012-02-17 11:53:48.206 CET" Interest="1.0" Kind="propagation" Navigation="null" OriginId="org.eclipse.jdt.ui.CompilationUnitEditor" StartDate="2012-02-17 11:53:48.206 CET" StructureHandle="/org.eclipse.mylyn.context.tasks.ui/src/org/eclipse/mylyn/internal/context/tasks/ui/editors" StructureKind="resource"/></InteractionHistory>