<?xml version="1.0" encoding="UTF-8"?><InteractionHistory Id="https://bugs.eclipse.org/bugs-376364" Version="1"><InteractionEvent Delta="null" EndDate="2012-04-10 01:45:05.312 CEST" Interest="1.0" Kind="propagation" Navigation="null" OriginId="org.eclipse.jdt.ui.CompilationUnitEditor" StartDate="2012-04-10 01:45:05.312 CEST" StructureHandle="/org.eclipse.mylyn.context.ui/src/org/eclipse/mylyn/internal/context/ui/ContextUiImages.java" StructureKind="resource"/><InteractionEvent Delta="null" EndDate="2012-04-10 01:44:56.385 CEST" Interest="1.0" Kind="propagation" Navigation="org.eclipse.mylyn.core.model.edges.containment" OriginId="org.eclipse.mylyn.core.model.interest.propagation" StartDate="2012-04-10 01:44:56.385 CEST" StructureHandle="/org.eclipse.mylyn.context.ui/src/org/eclipse/mylyn/internal/context/ui" StructureKind="resource"/><InteractionEvent Delta="null" EndDate="2012-04-10 01:43:12.626 CEST" Interest="1.0000002" Kind="propagation" Navigation="org.eclipse.mylyn.core.model.edges.containment" OriginId="org.eclipse.mylyn.core.model.interest.propagation" StartDate="2012-04-10 01:43:12.626 CEST" StructureHandle="/org.eclipse.mylyn.context.ui/src/org/eclipse/mylyn/internal/context/ui" StructureKind="resource"/><InteractionEvent Delta="null" EndDate="2012-04-10 01:44:51.257 CEST" Interest="1.0" Kind="propagation" Navigation="org.eclipse.mylyn.core.model.edges.containment" OriginId="org.eclipse.mylyn.core.model.interest.propagation" StartDate="2012-04-10 01:44:51.257 CEST" StructureHandle="/org.eclipse.mylyn.context.ui/src" StructureKind="resource"/><InteractionEvent Delta="null" EndDate="2012-04-10 01:45:06.872 CEST" Interest="1.0" Kind="propagation" Navigation="org.eclipse.mylyn.core.model.edges.containment" OriginId="org.eclipse.mylyn.core.model.interest.propagation" StartDate="2012-04-10 01:45:06.872 CEST" StructureHandle="/org.eclipse.mylyn.context.ui/src" StructureKind="resource"/><InteractionEvent Delta="null" EndDate="2012-04-10 01:45:02.638 CEST" Interest="1.0" Kind="propagation" Navigation="null" OriginId="org.eclipse.jdt.ui.CompilationUnitEditor" StartDate="2012-04-10 01:45:02.638 CEST" StructureHandle="/org.eclipse.mylyn.context.ui/src/org/eclipse/mylyn/internal/context/ui/ContextUiImages.java" StructureKind="resource"/><InteractionEvent Delta="null" EndDate="2012-04-10 01:44:57.24 CEST" Interest="1.0" Kind="propagation" Navigation="org.eclipse.mylyn.core.model.edges.containment" OriginId="org.eclipse.mylyn.core.model.interest.propagation" StartDate="2012-04-10 01:44:57.24 CEST" StructureHandle="=org.eclipse.mylyn.context.ui" StructureKind="resource"/><InteractionEvent Delta="null" EndDate="2012-04-10 01:44:37.831 CEST" Interest="1.0" Kind="propagation" Navigation="org.eclipse.mylyn.core.model.edges.containment" OriginId="org.eclipse.mylyn.core.model.interest.propagation" StartDate="2012-04-10 01:44:37.831 CEST" StructureHandle="=org.eclipse.mylyn.context.ui/src&amp;lt;org.eclipse.mylyn.internal.context.ui" StructureKind="java"/><InteractionEvent Delta="null" EndDate="2012-04-10 01:45:06.273 CEST" Interest="0.6999998" Kind="propagation" Navigation="org.eclipse.mylyn.core.model.edges.containment" OriginId="org.eclipse.mylyn.core.model.interest.propagation" StartDate="2012-04-10 01:45:06.273 CEST" StructureHandle="=org.eclipse.mylyn.context.ui/src" StructureKind="java"/><InteractionEvent Delta="null" EndDate="2012-04-10 01:45:06.272 CEST" Interest="0.6999998" Kind="propagation" Navigation="org.eclipse.mylyn.core.model.edges.containment" OriginId="org.eclipse.mylyn.core.model.interest.propagation" StartDate="2012-04-10 01:45:06.272 CEST" StructureHandle="=org.eclipse.mylyn.context.ui/src&amp;lt;org.eclipse.mylyn.internal.context.ui{ContextUiImages.java" StructureKind="java"/><InteractionEvent Delta="null" EndDate="2012-04-10 01:42:41.871 CEST" Interest="1.0" Kind="propagation" Navigation="null" OriginId="org.eclipse.jdt.ui.CompilationUnitEditor" StartDate="2012-04-10 01:42:41.871 CEST" StructureHandle="/org.eclipse.mylyn.context.ui/src/org/eclipse/mylyn/internal/context/ui/ContextUiImages.java" StructureKind="resource"/><InteractionEvent Delta="null" EndDate="2012-04-10 01:43:51.927 CEST" Interest="1.0" Kind="propagation" Navigation="org.eclipse.mylyn.core.model.edges.containment" OriginId="org.eclipse.mylyn.core.model.interest.propagation" StartDate="2012-04-10 01:43:51.927 CEST" StructureHandle="/org.eclipse.mylyn.context.ui/src/org/eclipse/mylyn/internal/context/ui" StructureKind="resource"/><InteractionEvent Delta="null" EndDate="2012-04-10 01:44:57.23 CEST" Interest="1.0" Kind="propagation" Navigation="org.eclipse.mylyn.core.model.edges.containment" OriginId="org.eclipse.mylyn.core.model.interest.propagation" StartDate="2012-04-10 01:44:57.23 CEST" StructureHandle="/org.eclipse.mylyn.context.ui/src/org/eclipse/mylyn/internal/context/ui" StructureKind="resource"/><InteractionEvent Delta="null" EndDate="2012-04-10 01:42:41.872 CEST" Interest="1.0" Kind="propagation" Navigation="org.eclipse.mylyn.core.model.edges.containment" OriginId="org.eclipse.mylyn.core.model.interest.propagation" StartDate="2012-04-10 01:42:41.872 CEST" StructureHandle="/org.eclipse.mylyn.context.ui/src" StructureKind="resource"/><InteractionEvent Delta="null" EndDate="2012-04-10 01:45:10.550 CEST" Interest="0.6999998" Kind="propagation" Navigation="org.eclipse.mylyn.core.model.edges.containment" OriginId="org.eclipse.mylyn.core.model.interest.propagation" StartDate="2012-04-10 01:45:10.550 CEST" StructureHandle="=org.eclipse.mylyn.context.ui/src" StructureKind="java"/><InteractionEvent Delta="null" EndDate="2012-04-10 01:44:21.369 CEST" Interest="1.0" Kind="propagation" Navigation="org.eclipse.mylyn.core.model.edges.containment" OriginId="org.eclipse.mylyn.core.model.interest.propagation" StartDate="2012-04-10 01:44:21.369 CEST" StructureHandle="=org.eclipse.mylyn.context.ui/src" StructureKind="java"/><InteractionEvent Delta="null" EndDate="2012-04-10 01:45:05.312 CEST" Interest="0.6999998" Kind="propagation" Navigation="org.eclipse.mylyn.core.model.edges.containment" OriginId="org.eclipse.mylyn.core.model.interest.propagation" StartDate="2012-04-10 01:45:05.312 CEST" StructureHandle="=org.eclipse.mylyn.context.ui/src&amp;lt;org.eclipse.mylyn.internal.context.ui{ContextUiImages.java" StructureKind="java"/><InteractionEvent Delta="null" EndDate="2012-04-10 01:45:06.872 CEST" Interest="1.0" Kind="propagation" Navigation="org.eclipse.mylyn.core.model.edges.containment" OriginId="org.eclipse.mylyn.core.model.interest.propagation" StartDate="2012-04-10 01:45:06.872 CEST" StructureHandle="=org.eclipse.mylyn.context.ui" StructureKind="resource"/><InteractionEvent Delta="null" EndDate="2012-04-10 01:44:58.521 CEST" Interest="1.0" Kind="propagation" Navigation="org.eclipse.mylyn.core.model.edges.containment" OriginId="org.eclipse.mylyn.core.model.interest.propagation" StartDate="2012-04-10 01:44:58.521 CEST" StructureHandle="=org.eclipse.mylyn.context.ui" StructureKind="resource"/><InteractionEvent Delta="null" EndDate="2012-04-10 01:44:51.256 CEST" Interest="1.0" Kind="propagation" Navigation="null" OriginId="org.eclipse.jdt.ui.CompilationUnitEditor" StartDate="2012-04-10 01:44:51.256 CEST" StructureHandle="/org.eclipse.mylyn.context.ui/src/org/eclipse/mylyn/internal/context/ui/ContextUiImages.java" StructureKind="resource"/><InteractionEvent Delta="null" EndDate="2012-04-10 01:45:13.568 CEST" Interest="0.6999998" Kind="propagation" Navigation="org.eclipse.mylyn.core.model.edges.containment" OriginId="org.eclipse.mylyn.core.model.interest.propagation" StartDate="2012-04-10 01:45:13.568 CEST" StructureHandle="=org.eclipse.mylyn.context.ui/src" StructureKind="java"/><InteractionEvent Delta="null" EndDate="2012-04-10 01:44:53.153 CEST" Interest="1.0" Kind="propagation" Navigation="org.eclipse.mylyn.core.model.edges.containment" OriginId="org.eclipse.mylyn.core.model.interest.propagation" StartDate="2012-04-10 01:44:53.153 CEST" StructureHandle="=org.eclipse.mylyn.context.ui" StructureKind="resource"/><InteractionEvent Delta="null" EndDate="2012-04-10 01:42:41.923 CEST" Interest="1.0" Kind="propagation" Navigation="org.eclipse.mylyn.core.model.edges.containment" OriginId="org.eclipse.mylyn.core.model.interest.propagation" StartDate="2012-04-10 01:42:41.923 CEST" StructureHandle="=org.eclipse.mylyn.context.ui/src&amp;lt;org.eclipse.mylyn.internal.context.ui" StructureKind="java"/><InteractionEvent Delta="null" EndDate="2012-04-10 01:44:39.537 CEST" Interest="1.0" Kind="propagation" Navigation="org.eclipse.mylyn.core.model.edges.containment" OriginId="org.eclipse.mylyn.core.model.interest.propagation" StartDate="2012-04-10 01:44:39.537 CEST" StructureHandle="=org.eclipse.mylyn.context.ui" StructureKind="resource"/><InteractionEvent Delta="null" EndDate="2012-04-10 01:43:13.194 CEST" Interest="0.75100017" Kind="propagation" Navigation="org.eclipse.mylyn.core.model.edges.containment" OriginId="org.eclipse.mylyn.core.model.interest.propagation" StartDate="2012-04-10 01:43:13.194 CEST" StructureHandle="=org.eclipse.mylyn.context.ui/src&amp;lt;org.eclipse.mylyn.internal.context.ui{ContextUiImages.java" StructureKind="java"/><InteractionEvent Delta="null" EndDate="2012-04-10 01:45:06.873 CEST" Interest="0.70000076" Kind="propagation" Navigation="org.eclipse.mylyn.core.model.edges.containment" OriginId="org.eclipse.mylyn.core.model.interest.propagation" StartDate="2012-04-10 01:45:06.873 CEST" StructureHandle="=org.eclipse.mylyn.context.ui/src&amp;lt;org.eclipse.mylyn.internal.context.ui" StructureKind="java"/><InteractionEvent Delta="null" EndDate="2012-04-10 01:44:07.706 CEST" Interest="1.0" Kind="propagation" Navigation="org.eclipse.mylyn.core.model.edges.containment" OriginId="org.eclipse.mylyn.core.model.interest.propagation" StartDate="2012-04-10 01:44:07.706 CEST" StructureHandle="/org.eclipse.mylyn.context.ui/src" StructureKind="resource"/><InteractionEvent Delta="null" EndDate="2012-04-10 01:44:21.368 CEST" Interest="1.0" Kind="propagation" Navigation="null" OriginId="org.eclipse.compare.CompareEditor" StartDate="2012-04-10 01:44:21.368 CEST" StructureHandle="/org.eclipse.mylyn.context.ui/src/org/eclipse/mylyn/internal/context/ui/ContextUiImages.java" StructureKind="resource"/><InteractionEvent Delta="null" EndDate="2012-04-10 01:45:13.567 CEST" Interest="1.0" Kind="propagation" Navigation="null" OriginId="org.eclipse.jdt.ui.CompilationUnitEditor" StartDate="2012-04-10 01:45:13.567 CEST" StructureHandle="/org.eclipse.mylyn.context.ui/src/org/eclipse/mylyn/internal/context/ui/ContextUiImages.java" StructureKind="resource"/><InteractionEvent Delta="null" EndDate="2012-04-10 01:43:51.927 CEST" Interest="1.0" Kind="propagation" Navigation="null" OriginId="org.eclipse.jdt.ui.CompilationUnitEditor" StartDate="2012-04-10 01:43:51.927 CEST" StructureHandle="/org.eclipse.mylyn.context.ui/src/org/eclipse/mylyn/internal/context/ui/ContextUiImages.java" StructureKind="resource"/><InteractionEvent Delta="null" EndDate="2012-04-10 01:43:13.193 CEST" Interest="1.0" Kind="propagation" Navigation="org.eclipse.mylyn.core.model.edges.containment" OriginId="org.eclipse.mylyn.core.model.interest.propagation" StartDate="2012-04-10 01:43:13.193 CEST" StructureHandle="/org.eclipse.mylyn.context.ui/src/org/eclipse/mylyn/internal/context/ui" StructureKind="resource"/><InteractionEvent Delta="null" EndDate="2012-04-10 01:44:48.233 CEST" Interest="1.000001" Kind="propagation" Navigation="org.eclipse.mylyn.core.model.edges.containment" OriginId="org.eclipse.mylyn.core.model.interest.propagation" StartDate="2012-04-10 01:44:48.233 CEST" StructureHandle="=org.eclipse.mylyn.context.ui" StructureKind="resource"/><InteractionEvent Delta="null" EndDate="2012-04-10 01:43:12.627 CEST" Interest="1.0000002" Kind="propagation" Navigation="org.eclipse.mylyn.core.model.edges.containment" OriginId="org.eclipse.mylyn.core.model.interest.propagation" StartDate="2012-04-10 01:43:12.627 CEST" StructureHandle="=org.eclipse.mylyn.context.ui" StructureKind="resource"/><InteractionEvent Delta="null" EndDate="2012-04-10 01:44:41.381 CEST" Interest="1.0" Kind="propagation" Navigation="org.eclipse.mylyn.core.model.edges.containment" OriginId="org.eclipse.mylyn.core.model.interest.propagation" StartDate="2012-04-10 01:44:41.381 CEST" StructureHandle="/org.eclipse.mylyn.context.ui/src" StructureKind="resource"/><InteractionEvent Delta="null" EndDate="2012-04-10 01:44:56.386 CEST" Interest="4.7683716E-7" Kind="propagation" Navigation="org.eclipse.mylyn.core.model.edges.containment" OriginId="org.eclipse.mylyn.core.model.interest.propagation" StartDate="2012-04-10 01:44:56.386 CEST" StructureHandle="=org.eclipse.mylyn.context.ui/src" StructureKind="java"/><InteractionEvent Delta="null" EndDate="2012-04-10 01:42:44.438 CEST" Interest="1.0" Kind="propagation" Navigation="org.eclipse.mylyn.core.model.edges.containment" OriginId="org.eclipse.mylyn.core.model.interest.propagation" StartDate="2012-04-10 01:42:44.438 CEST" StructureHandle="/org.eclipse.mylyn.context.ui/src" StructureKind="resource"/><InteractionEvent Delta="null" EndDate="2012-04-10 01:44:49.355 CEST" Interest="1.0" Kind="propagation" Navigation="org.eclipse.mylyn.core.model.edges.containment" OriginId="org.eclipse.mylyn.core.model.interest.propagation" StartDate="2012-04-10 01:44:49.355 CEST" StructureHandle="/org.eclipse.mylyn.context.ui/src/org/eclipse/mylyn/internal/context/ui" StructureKind="resource"/><InteractionEvent Delta="null" EndDate="2012-04-10 01:42:35.69 CEST" Interest="15.0" Kind="propagation" Navigation="org.eclipse.mylyn.core.model.edges.containment" OriginId="org.eclipse.mylyn.core.model.interest.propagation" StartDate="2012-04-10 01:42:35.69 CEST" StructureHandle="" StructureKind="java"/><InteractionEvent Delta="null" EndDate="2012-04-10 01:45:10.549 CEST" Interest="1.0" Kind="propagation" Navigation="org.eclipse.mylyn.core.model.edges.containment" OriginId="org.eclipse.mylyn.core.model.interest.propagation" StartDate="2012-04-10 01:45:10.549 CEST" StructureHandle="/org.eclipse.mylyn.context.ui/src" StructureKind="resource"/><InteractionEvent Delta="null" EndDate="2012-04-10 01:44:37.830 CEST" Interest="1.0" Kind="propagation" Navigation="null" OriginId="org.eclipse.jdt.ui.CompilationUnitEditor" StartDate="2012-04-10 01:44:37.830 CEST" StructureHandle="/org.eclipse.mylyn.context.ui/src/org/eclipse/mylyn/internal/context/ui/ContextUiImages.java" StructureKind="resource"/><InteractionEvent Delta="null" EndDate="2012-04-10 01:42:43.160 CEST" Interest="1.0" Kind="propagation" Navigation="null" OriginId="org.eclipse.jdt.ui.CompilationUnitEditor" StartDate="2012-04-10 01:42:43.160 CEST" StructureHandle="/org.eclipse.mylyn.context.ui/src/org/eclipse/mylyn/internal/context/ui/ContextUiImages.java" StructureKind="resource"/><InteractionEvent Delta="null" EndDate="2012-04-10 01:45:15.361 CEST" Interest="0.7000017" Kind="propagation" Navigation="org.eclipse.mylyn.core.model.edges.containment" OriginId="org.eclipse.mylyn.core.model.interest.propagation" StartDate="2012-04-10 01:45:15.361 CEST" StructureHandle="=org.eclipse.mylyn.context.ui/src&amp;lt;org.eclipse.mylyn.internal.context.ui" StructureKind="java"/><InteractionEvent Delta="null" EndDate="2012-04-10 01:45:13.567 CEST" Interest="0.70000076" Kind="propagation" Navigation="org.eclipse.mylyn.core.model.edges.containment" OriginId="org.eclipse.mylyn.core.model.interest.propagation" StartDate="2012-04-10 01:45:13.567 CEST" StructureHandle="=org.eclipse.mylyn.context.ui/src&amp;lt;org.eclipse.mylyn.internal.context.ui{ContextUiImages.java" StructureKind="java"/><InteractionEvent Delta="null" EndDate="2012-04-10 01:44:21.368 CEST" Interest="1.0" Kind="propagation" Navigation="org.eclipse.mylyn.core.model.edges.containment" OriginId="org.eclipse.mylyn.core.model.interest.propagation" StartDate="2012-04-10 01:44:21.368 CEST" StructureHandle="=org.eclipse.mylyn.context.ui/src&amp;lt;org.eclipse.mylyn.internal.context.ui" StructureKind="java"/><InteractionEvent Delta="null" EndDate="2012-04-10 01:45:03.681 CEST" Interest="1.0" Kind="propagation" Navigation="org.eclipse.mylyn.core.model.edges.containment" OriginId="org.eclipse.mylyn.core.model.interest.propagation" StartDate="2012-04-10 01:45:03.681 CEST" StructureHandle="=org.eclipse.mylyn.context.ui" StructureKind="resource"/><InteractionEvent Delta="null" EndDate="2012-04-10 01:44:56.385 CEST" Interest="1.0" Kind="propagation" Navigation="org.eclipse.mylyn.core.model.edges.containment" OriginId="org.eclipse.mylyn.core.model.interest.propagation" StartDate="2012-04-10 01:44:56.385 CEST" StructureHandle="=org.eclipse.mylyn.context.ui" StructureKind="resource"/><InteractionEvent Delta="null" EndDate="2012-04-10 01:44:37.831 CEST" Interest="1.0" Kind="propagation" Navigation="org.eclipse.mylyn.core.model.edges.containment" OriginId="org.eclipse.mylyn.core.model.interest.propagation" StartDate="2012-04-10 01:44:37.831 CEST" StructureHandle="=org.eclipse.mylyn.context.ui/src" StructureKind="java"/><InteractionEvent Delta="null" EndDate="2012-04-10 01:44:55.21 CEST" Interest="1.0" Kind="propagation" Navigation="null" OriginId="org.eclipse.jdt.ui.CompilationUnitEditor" StartDate="2012-04-10 01:44:55.21 CEST" StructureHandle="/org.eclipse.mylyn.context.ui/src/org/eclipse/mylyn/internal/context/ui/ContextUiImages.java" StructureKind="resource"/><InteractionEvent Delta="null" EndDate="2012-04-10 01:44:58.520 CEST" Interest="1.0" Kind="propagation" Navigation="org.eclipse.mylyn.core.model.edges.containment" OriginId="org.eclipse.mylyn.core.model.interest.propagation" StartDate="2012-04-10 01:44:58.520 CEST" StructureHandle="/org.eclipse.mylyn.context.ui/src" StructureKind="resource"/><InteractionEvent Delta="null" EndDate="2012-04-10 01:45:06.272 CEST" Interest="1.0" Kind="propagation" Navigation="null" OriginId="org.eclipse.jdt.ui.CompilationUnitEditor" StartDate="2012-04-10 01:45:06.272 CEST" StructureHandle="/org.eclipse.mylyn.context.ui/src/org/eclipse/mylyn/internal/context/ui/ContextUiImages.java" StructureKind="resource"/><InteractionEvent Delta="null" EndDate="2012-04-10 01:45:02.640 CEST" Interest="0.70000076" Kind="propagation" Navigation="org.eclipse.mylyn.core.model.edges.containment" OriginId="org.eclipse.mylyn.core.model.interest.propagation" StartDate="2012-04-10 01:45:02.640 CEST" StructureHandle="=org.eclipse.mylyn.context.ui/src" StructureKind="java"/><InteractionEvent Delta="null" EndDate="2012-04-10 01:42:44.438 CEST" Interest="1.0" Kind="propagation" Navigation="null" OriginId="org.eclipse.jdt.ui.CompilationUnitEditor" StartDate="2012-04-10 01:42:44.438 CEST" StructureHandle="/org.eclipse.mylyn.context.ui/src/org/eclipse/mylyn/internal/context/ui/ContextUiImages.java" StructureKind="resource"/><InteractionEvent Delta="null" EndDate="2012-04-10 01:44:07.132 CEST" Interest="1.0000005" Kind="propagation" Navigation="org.eclipse.mylyn.core.model.edges.containment" OriginId="org.eclipse.mylyn.core.model.interest.propagation" StartDate="2012-04-10 01:44:07.132 CEST" StructureHandle="/org.eclipse.mylyn.context.ui/src/org/eclipse/mylyn/internal/context/ui" StructureKind="resource"/><InteractionEvent Delta="null" EndDate="2012-04-10 01:45:05.313 CEST" Interest="0.6999998" Kind="propagation" Navigation="org.eclipse.mylyn.core.model.edges.containment" OriginId="org.eclipse.mylyn.core.model.interest.propagation" StartDate="2012-04-10 01:45:05.313 CEST" StructureHandle="=org.eclipse.mylyn.context.ui/src" StructureKind="java"/><InteractionEvent Delta="null" EndDate="2012-04-10 01:43:51.928 CEST" Interest="0.6999998" Kind="propagation" Navigation="org.eclipse.mylyn.core.model.edges.containment" OriginId="org.eclipse.mylyn.core.model.interest.propagation" StartDate="2012-04-10 01:43:51.928 CEST" StructureHandle="=org.eclipse.mylyn.context.ui/src&amp;lt;org.eclipse.mylyn.internal.context.ui{ContextUiImages.java" StructureKind="java"/><InteractionEvent Delta="null" EndDate="2012-04-10 01:45:03.682 CEST" Interest="0.69999933" Kind="propagation" Navigation="org.eclipse.mylyn.core.model.edges.containment" OriginId="org.eclipse.mylyn.core.model.interest.propagation" StartDate="2012-04-10 01:45:03.682 CEST" StructureHandle="=org.eclipse.mylyn.context.ui/src&amp;lt;org.eclipse.mylyn.internal.context.ui" StructureKind="java"/><InteractionEvent Delta="null" EndDate="2012-04-10 01:44:53.154 CEST" Interest="0.69999933" Kind="propagation" Navigation="org.eclipse.mylyn.core.model.edges.containment" OriginId="org.eclipse.mylyn.core.model.interest.propagation" StartDate="2012-04-10 01:44:53.154 CEST" StructureHandle="=org.eclipse.mylyn.context.ui/src&amp;lt;org.eclipse.mylyn.internal.context.ui" StructureKind="java"/><InteractionEvent Delta="null" EndDate="2012-04-10 01:44:55.21 CEST" Interest="1.0" Kind="propagation" Navigation="org.eclipse.mylyn.core.model.edges.containment" OriginId="org.eclipse.mylyn.core.model.interest.propagation" StartDate="2012-04-10 01:44:55.21 CEST" StructureHandle="/org.eclipse.mylyn.context.ui/src/org/eclipse/mylyn/internal/context/ui" StructureKind="resource"/><InteractionEvent Delta="null" EndDate="2012-04-10 01:44:58.521 CEST" Interest="0.2869997" Kind="propagation" Navigation="org.eclipse.mylyn.core.model.edges.containment" OriginId="org.eclipse.mylyn.core.model.interest.propagation" StartDate="2012-04-10 01:44:58.521 CEST" StructureHandle="=org.eclipse.mylyn.context.ui/src&amp;lt;org.eclipse.mylyn.internal.context.ui{ContextUiImages.java" StructureKind="java"/><InteractionEvent Delta="null" EndDate="2012-04-10 01:44:37.885 CEST" Interest="1.0" Kind="propagation" Navigation="org.eclipse.mylyn.core.model.edges.containment" OriginId="org.eclipse.mylyn.core.model.interest.propagation" StartDate="2012-04-10 01:44:37.885 CEST" StructureHandle="/org.eclipse.mylyn.context.ui/src" StructureKind="resource"/><InteractionEvent Delta="null" EndDate="2012-04-10 01:44:48.233 CEST" Interest="1.000001" Kind="propagation" Navigation="org.eclipse.mylyn.core.model.edges.containment" OriginId="org.eclipse.mylyn.core.model.interest.propagation" StartDate="2012-04-10 01:44:48.233 CEST" StructureHandle="/org.eclipse.mylyn.context.ui/src" StructureKind="resource"/><InteractionEvent Delta="null" EndDate="2012-04-10 01:45:06.872 CEST" Interest="1.0" Kind="propagation" Navigation="org.eclipse.mylyn.core.model.edges.containment" OriginId="org.eclipse.mylyn.core.model.interest.propagation" StartDate="2012-04-10 01:45:06.872 CEST" StructureHandle="/org.eclipse.mylyn.context.ui/src/org/eclipse/mylyn/internal/context/ui" StructureKind="resource"/><InteractionEvent Delta="null" EndDate="2012-04-10 01:42:43.160 CEST" Interest="1.0000001" Kind="propagation" Navigation="org.eclipse.mylyn.core.model.edges.containment" OriginId="org.eclipse.mylyn.core.model.interest.propagation" StartDate="2012-04-10 01:42:43.160 CEST" StructureHandle="/org.eclipse.mylyn.context.ui/src/org/eclipse/mylyn/internal/context/ui" StructureKind="resource"/><InteractionEvent Delta="null" EndDate="2012-04-10 01:44:37.830 CEST" Interest="1.0" Kind="selection" Navigation="null" OriginId="org.eclipse.jdt.ui.CompilationUnitEditor" StartDate="2012-04-10 01:44:37.830 CEST" StructureHandle="=org.eclipse.mylyn.context.ui/src&amp;lt;org.eclipse.mylyn.internal.context.ui{ContextUiImages.java" StructureKind="java"/><InteractionEvent Delta="null" EndDate="2012-04-10 01:44:07.132 CEST" Interest="1.0000005" Kind="propagation" Navigation="org.eclipse.mylyn.core.model.edges.containment" OriginId="org.eclipse.mylyn.core.model.interest.propagation" StartDate="2012-04-10 01:44:07.132 CEST" StructureHandle="/org.eclipse.mylyn.context.ui/src" StructureKind="resource"/><InteractionEvent Delta="null" EndDate="2012-04-10 01:44:52.531 CEST" Interest="1.0" Kind="propagation" Navigation="null" OriginId="org.eclipse.jdt.ui.CompilationUnitEditor" StartDate="2012-04-10 01:44:52.531 CEST" StructureHandle="/org.eclipse.mylyn.context.ui/src/org/eclipse/mylyn/internal/context/ui/ContextUiImages.java" StructureKind="resource"/><InteractionEvent Delta="null" EndDate="2012-04-10 01:42:41.922 CEST" Interest="1.0" Kind="propagation" Navigation="org.eclipse.mylyn.core.model.edges.containment" OriginId="org.eclipse.mylyn.core.model.interest.propagation" StartDate="2012-04-10 01:42:41.922 CEST" StructureHandle="/org.eclipse.mylyn.context.ui/src/org/eclipse/mylyn/internal/context/ui" StructureKind="resource"/><InteractionEvent Delta="null" EndDate="2012-04-10 01:42:41.923 CEST" Interest="1.0" Kind="propagation" Navigation="org.eclipse.mylyn.core.model.edges.containment" OriginId="org.eclipse.mylyn.core.model.interest.propagation" StartDate="2012-04-10 01:42:41.923 CEST" StructureHandle="=org.eclipse.mylyn.context.ui/src" StructureKind="java"/><InteractionEvent Delta="null" EndDate="2012-04-10 01:44:58.520 CEST" Interest="1.0" Kind="propagation" Navigation="null" OriginId="org.eclipse.jdt.ui.CompilationUnitEditor" StartDate="2012-04-10 01:44:58.520 CEST" StructureHandle="/org.eclipse.mylyn.context.ui/src/org/eclipse/mylyn/internal/context/ui/ContextUiImages.java" StructureKind="resource"/><InteractionEvent Delta="null" EndDate="2012-04-10 01:44:41.381 CEST" Interest="1.0" Kind="propagation" Navigation="org.eclipse.mylyn.core.model.edges.containment" OriginId="org.eclipse.mylyn.core.model.interest.propagation" StartDate="2012-04-10 01:44:41.381 CEST" StructureHandle="/org.eclipse.mylyn.context.ui/src/org/eclipse/mylyn/internal/context/ui" StructureKind="resource"/><InteractionEvent Delta="null" EndDate="2012-04-10 01:44:07.706 CEST" Interest="1.0" Kind="propagation" Navigation="org.eclipse.mylyn.core.model.edges.containment" OriginId="org.eclipse.mylyn.core.model.interest.propagation" StartDate="2012-04-10 01:44:07.706 CEST" StructureHandle="=org.eclipse.mylyn.context.ui" StructureKind="resource"/><InteractionEvent Delta="null" EndDate="2012-04-10 01:44:37.885 CEST" Interest="1.0" Kind="propagation" Navigation="org.eclipse.mylyn.core.model.edges.containment" OriginId="org.eclipse.mylyn.core.model.interest.propagation" StartDate="2012-04-10 01:44:37.885 CEST" StructureHandle="=org.eclipse.mylyn.context.ui" StructureKind="resource"/><InteractionEvent Delta="null" EndDate="2012-04-10 01:42:44.438 CEST" Interest="1.0" Kind="propagation" Navigation="org.eclipse.mylyn.core.model.edges.containment" OriginId="org.eclipse.mylyn.core.model.interest.propagation" StartDate="2012-04-10 01:42:44.438 CEST" StructureHandle="=org.eclipse.mylyn.context.ui" StructureKind="resource"/><InteractionEvent Delta="null" EndDate="2012-04-10 01:45:15.361 CEST" Interest="0.7000017" Kind="propagation" Navigation="org.eclipse.mylyn.core.model.edges.containment" OriginId="org.eclipse.mylyn.core.model.interest.propagation" StartDate="2012-04-10 01:45:15.361 CEST" StructureHandle="=org.eclipse.mylyn.context.ui/src&amp;lt;org.eclipse.mylyn.internal.context.ui{ContextUiImages.java" StructureKind="java"/><InteractionEvent Delta="null" EndDate="2012-04-10 01:43:13.193 CEST" Interest="1.0" Kind="propagation" Navigation="null" OriginId="org.eclipse.jdt.ui.CompilationUnitEditor" StartDate="2012-04-10 01:43:13.193 CEST" StructureHandle="/org.eclipse.mylyn.context.ui/src/org/eclipse/mylyn/internal/context/ui/ContextUiImages.java" StructureKind="resource"/><InteractionEvent Delta="null" EndDate="2012-04-10 01:45:15.362 CEST" Interest="0.7000017" Kind="propagation" Navigation="org.eclipse.mylyn.core.model.edges.containment" OriginId="org.eclipse.mylyn.core.model.interest.propagation" StartDate="2012-04-10 01:45:15.362 CEST" StructureHandle="=org.eclipse.mylyn.context.ui/src" StructureKind="java"/><InteractionEvent Delta="null" EndDate="2012-04-10 01:44:07.132 CEST" Interest="1.0000005" Kind="propagation" Navigation="org.eclipse.mylyn.core.model.edges.containment" OriginId="org.eclipse.mylyn.core.model.interest.propagation" StartDate="2012-04-10 01:44:07.132 CEST" StructureHandle="=org.eclipse.mylyn.context.ui" StructureKind="resource"/><InteractionEvent Delta="null" EndDate="2012-04-10 01:42:41.871 CEST" Interest="1.0" Kind="selection" Navigation="null" OriginId="org.eclipse.jdt.ui.CompilationUnitEditor" StartDate="2012-04-10 01:42:41.871 CEST" StructureHandle="=org.eclipse.mylyn.context.ui/src&amp;lt;org.eclipse.mylyn.internal.context.ui{ContextUiImages.java" StructureKind="java"/><InteractionEvent Delta="null" EndDate="2012-04-10 01:44:58.522 CEST" Interest="0.28699923" Kind="propagation" Navigation="org.eclipse.mylyn.core.model.edges.containment" OriginId="org.eclipse.mylyn.core.model.interest.propagation" StartDate="2012-04-10 01:44:58.522 CEST" StructureHandle="=org.eclipse.mylyn.context.ui/src" StructureKind="java"/><InteractionEvent Delta="null" EndDate="2012-04-10 01:44:49.355 CEST" Interest="1.0" Kind="propagation" Navigation="org.eclipse.mylyn.core.model.edges.containment" OriginId="org.eclipse.mylyn.core.model.interest.propagation" StartDate="2012-04-10 01:44:49.355 CEST" StructureHandle="=org.eclipse.mylyn.context.ui" StructureKind="resource"/><InteractionEvent Delta="null" EndDate="2012-04-10 01:45:10.550 CEST" Interest="0.69999886" Kind="propagation" Navigation="org.eclipse.mylyn.core.model.edges.containment" OriginId="org.eclipse.mylyn.core.model.interest.propagation" StartDate="2012-04-10 01:45:10.550 CEST" StructureHandle="=org.eclipse.mylyn.context.ui/src&amp;lt;org.eclipse.mylyn.internal.context.ui{ContextUiImages.java" StructureKind="java"/><InteractionEvent Delta="null" EndDate="2012-04-10 01:45:10.549 CEST" Interest="1.0" Kind="propagation" Navigation="org.eclipse.mylyn.core.model.edges.containment" OriginId="org.eclipse.mylyn.core.model.interest.propagation" StartDate="2012-04-10 01:45:10.549 CEST" StructureHandle="/org.eclipse.mylyn.context.ui/src/org/eclipse/mylyn/internal/context/ui" StructureKind="resource"/><InteractionEvent Delta="null" EndDate="2012-04-10 01:43:51.927 CEST" Interest="1.0" Kind="propagation" Navigation="org.eclipse.mylyn.core.model.edges.containment" OriginId="org.eclipse.mylyn.core.model.interest.propagation" StartDate="2012-04-10 01:43:51.927 CEST" StructureHandle="=org.eclipse.mylyn.context.ui" StructureKind="resource"/><InteractionEvent Delta="null" EndDate="2012-04-10 01:42:43.160 CEST" Interest="1.0000001" Kind="propagation" Navigation="org.eclipse.mylyn.core.model.edges.containment" OriginId="org.eclipse.mylyn.core.model.interest.propagation" StartDate="2012-04-10 01:42:43.160 CEST" StructureHandle="=org.eclipse.mylyn.context.ui" StructureKind="resource"/><InteractionEvent Delta="null" EndDate="2012-04-10 01:44:21.368 CEST" Interest="1.0" Kind="propagation" Navigation="org.eclipse.mylyn.core.model.edges.containment" OriginId="org.eclipse.mylyn.core.model.interest.propagation" StartDate="2012-04-10 01:44:21.368 CEST" StructureHandle="=org.eclipse.mylyn.context.ui" StructureKind="resource"/><InteractionEvent Delta="null" EndDate="2012-04-10 01:44:07.706 CEST" Interest="1.0" Kind="propagation" Navigation="org.eclipse.mylyn.core.model.edges.containment" OriginId="org.eclipse.mylyn.core.model.interest.propagation" StartDate="2012-04-10 01:44:07.706 CEST" StructureHandle="/org.eclipse.mylyn.context.ui/src/org/eclipse/mylyn/internal/context/ui" StructureKind="resource"/><InteractionEvent Delta="null" EndDate="2012-04-10 01:45:02.639 CEST" Interest="1.0" Kind="propagation" Navigation="org.eclipse.mylyn.core.model.edges.containment" OriginId="org.eclipse.mylyn.core.model.interest.propagation" StartDate="2012-04-10 01:45:02.639 CEST" StructureHandle="/org.eclipse.mylyn.context.ui/src/org/eclipse/mylyn/internal/context/ui" StructureKind="resource"/><InteractionEvent Delta="null" EndDate="2012-04-10 01:44:41.381 CEST" Interest="1.0" Kind="propagation" Navigation="org.eclipse.mylyn.core.model.edges.containment" OriginId="org.eclipse.mylyn.core.model.interest.propagation" StartDate="2012-04-10 01:44:41.381 CEST" StructureHandle="=org.eclipse.mylyn.context.ui" StructureKind="resource"/><InteractionEvent Delta="null" EndDate="2012-04-10 01:44:39.537 CEST" Interest="1.0" Kind="propagation" Navigation="null" OriginId="org.eclipse.jdt.ui.CompilationUnitEditor" StartDate="2012-04-10 01:44:39.537 CEST" StructureHandle="/org.eclipse.mylyn.context.ui/src/org/eclipse/mylyn/internal/context/ui/ContextUiImages.java" StructureKind="resource"/><InteractionEvent Delta="null" EndDate="2012-04-10 01:45:06.873 CEST" Interest="0.70000076" Kind="propagation" Navigation="org.eclipse.mylyn.core.model.edges.containment" OriginId="org.eclipse.mylyn.core.model.interest.propagation" StartDate="2012-04-10 01:45:06.873 CEST" StructureHandle="=org.eclipse.mylyn.context.ui/src" StructureKind="java"/><InteractionEvent Delta="null" EndDate="2012-04-10 01:42:41.923 CEST" Interest="1.0" Kind="propagation" Navigation="org.eclipse.mylyn.core.model.edges.containment" OriginId="org.eclipse.mylyn.core.model.interest.propagation" StartDate="2012-04-10 01:42:41.923 CEST" StructureHandle="/org.eclipse.mylyn.context.ui/src" StructureKind="resource"/><InteractionEvent Delta="null" EndDate="2012-04-10 01:45:03.682 CEST" Interest="0.6999984" Kind="propagation" Navigation="org.eclipse.mylyn.core.model.edges.containment" OriginId="org.eclipse.mylyn.core.model.interest.propagation" StartDate="2012-04-10 01:45:03.682 CEST" StructureHandle="=org.eclipse.mylyn.context.ui/src" StructureKind="java"/><InteractionEvent Delta="null" EndDate="2012-04-10 01:44:44.443 CEST" Interest="1.0" Kind="propagation" Navigation="org.eclipse.mylyn.core.model.edges.containment" OriginId="org.eclipse.mylyn.core.model.interest.propagation" StartDate="2012-04-10 01:44:44.443 CEST" StructureHandle="/org.eclipse.mylyn.context.ui/src" StructureKind="resource"/><InteractionEvent Delta="null" EndDate="2012-04-10 01:45:03.681 CEST" Interest="1.0" Kind="propagation" Navigation="org.eclipse.mylyn.core.model.edges.containment" OriginId="org.eclipse.mylyn.core.model.interest.propagation" StartDate="2012-04-10 01:45:03.681 CEST" StructureHandle="/org.eclipse.mylyn.context.ui/src" StructureKind="resource"/><InteractionEvent Delta="null" EndDate="2012-04-10 01:45:13.568 CEST" Interest="0.6999998" Kind="propagation" Navigation="org.eclipse.mylyn.core.model.edges.containment" OriginId="org.eclipse.mylyn.core.model.interest.propagation" StartDate="2012-04-10 01:45:13.568 CEST" StructureHandle="=org.eclipse.mylyn.context.ui/src&amp;lt;org.eclipse.mylyn.internal.context.ui" StructureKind="java"/><InteractionEvent Delta="null" EndDate="2012-04-10 01:45:05.312 CEST" Interest="1.0" Kind="propagation" Navigation="org.eclipse.mylyn.core.model.edges.containment" OriginId="org.eclipse.mylyn.core.model.interest.propagation" StartDate="2012-04-10 01:45:05.312 CEST" StructureHandle="=org.eclipse.mylyn.context.ui" StructureKind="resource"/><InteractionEvent Delta="null" EndDate="2012-04-10 01:45:02.640 CEST" Interest="0.70000076" Kind="propagation" Navigation="org.eclipse.mylyn.core.model.edges.containment" OriginId="org.eclipse.mylyn.core.model.interest.propagation" StartDate="2012-04-10 01:45:02.640 CEST" StructureHandle="=org.eclipse.mylyn.context.ui/src&amp;lt;org.eclipse.mylyn.internal.context.ui" StructureKind="java"/><InteractionEvent Delta="null" EndDate="2012-04-10 01:44:49.355 CEST" Interest="1.0" Kind="propagation" Navigation="org.eclipse.mylyn.core.model.edges.containment" OriginId="org.eclipse.mylyn.core.model.interest.propagation" StartDate="2012-04-10 01:44:49.355 CEST" StructureHandle="/org.eclipse.mylyn.context.ui/src" StructureKind="resource"/><InteractionEvent Delta="null" EndDate="2012-04-10 01:44:48.232 CEST" Interest="1.0" Kind="propagation" Navigation="null" OriginId="org.eclipse.jdt.ui.CompilationUnitEditor" StartDate="2012-04-10 01:44:48.232 CEST" StructureHandle="/org.eclipse.mylyn.context.ui/src/org/eclipse/mylyn/internal/context/ui/ContextUiImages.java" StructureKind="resource"/><InteractionEvent Delta="null" EndDate="2012-04-10 01:42:43.160 CEST" Interest="1.0000001" Kind="propagation" Navigation="org.eclipse.mylyn.core.model.edges.containment" OriginId="org.eclipse.mylyn.core.model.interest.propagation" StartDate="2012-04-10 01:42:43.160 CEST" StructureHandle="/org.eclipse.mylyn.context.ui/src" StructureKind="resource"/><InteractionEvent Delta="null" EndDate="2012-04-10 01:44:55.21 CEST" Interest="1.0" Kind="propagation" Navigation="org.eclipse.mylyn.core.model.edges.containment" OriginId="org.eclipse.mylyn.core.model.interest.propagation" StartDate="2012-04-10 01:44:55.21 CEST" StructureHandle="/org.eclipse.mylyn.context.ui/src" StructureKind="resource"/><InteractionEvent Delta="null" EndDate="2012-04-10 01:43:51.928 CEST" Interest="0.6999998" Kind="propagation" Navigation="org.eclipse.mylyn.core.model.edges.containment" OriginId="org.eclipse.mylyn.core.model.interest.propagation" StartDate="2012-04-10 01:43:51.928 CEST" StructureHandle="=org.eclipse.mylyn.context.ui/src&amp;lt;org.eclipse.mylyn.internal.context.ui" StructureKind="java"/><InteractionEvent Delta="null" EndDate="2012-04-10 01:45:15.360 CEST" Interest="1.0000019" Kind="propagation" Navigation="org.eclipse.mylyn.core.model.edges.containment" OriginId="org.eclipse.mylyn.core.model.interest.propagation" StartDate="2012-04-10 01:45:15.360 CEST" StructureHandle="/org.eclipse.mylyn.context.ui/src/org/eclipse/mylyn/internal/context/ui" StructureKind="resource"/><InteractionEvent Delta="null" EndDate="2012-04-10 01:43:52.488 CEST" Interest="1.0" Kind="propagation" Navigation="null" OriginId="org.eclipse.jdt.ui.CompilationUnitEditor" StartDate="2012-04-10 01:43:52.488 CEST" StructureHandle="/org.eclipse.mylyn.context.ui/src/org/eclipse/mylyn/internal/context/ui/ContextUiImages.java" StructureKind="resource"/><InteractionEvent Delta="null" EndDate="2012-04-10 01:44:53.153 CEST" Interest="1.0" Kind="propagation" Navigation="org.eclipse.mylyn.core.model.edges.containment" OriginId="org.eclipse.mylyn.core.model.interest.propagation" StartDate="2012-04-10 01:44:53.153 CEST" StructureHandle="/org.eclipse.mylyn.context.ui/src" StructureKind="resource"/><InteractionEvent Delta="null" EndDate="2012-04-10 01:45:15.360 CEST" Interest="1.0" Kind="propagation" Navigation="null" OriginId="org.eclipse.jdt.ui.CompilationUnitEditor" StartDate="2012-04-10 01:45:15.360 CEST" StructureHandle="/org.eclipse.mylyn.context.ui/src/org/eclipse/mylyn/internal/context/ui/ContextUiImages.java" StructureKind="resource"/><InteractionEvent Delta="null" EndDate="2012-04-10 01:44:51.257 CEST" Interest="1.0" Kind="propagation" Navigation="org.eclipse.mylyn.core.model.edges.containment" OriginId="org.eclipse.mylyn.core.model.interest.propagation" StartDate="2012-04-10 01:44:51.257 CEST" StructureHandle="=org.eclipse.mylyn.context.ui" StructureKind="resource"/><InteractionEvent Delta="null" EndDate="2012-04-10 01:44:56.385 CEST" Interest="1.0" Kind="propagation" Navigation="org.eclipse.mylyn.core.model.edges.containment" OriginId="org.eclipse.mylyn.core.model.interest.propagation" StartDate="2012-04-10 01:44:56.385 CEST" StructureHandle="/org.eclipse.mylyn.context.ui/src" StructureKind="resource"/><InteractionEvent Delta="null" EndDate="2012-04-10 01:44:44.443 CEST" Interest="1.0" Kind="propagation" Navigation="null" OriginId="org.eclipse.jdt.ui.CompilationUnitEditor" StartDate="2012-04-10 01:44:44.443 CEST" StructureHandle="/org.eclipse.mylyn.context.ui/src/org/eclipse/mylyn/internal/context/ui/ContextUiImages.java" StructureKind="resource"/><InteractionEvent Delta="null" EndDate="2012-04-10 01:45:06.272 CEST" Interest="1.0" Kind="propagation" Navigation="org.eclipse.mylyn.core.model.edges.containment" OriginId="org.eclipse.mylyn.core.model.interest.propagation" StartDate="2012-04-10 01:45:06.272 CEST" StructureHandle="/org.eclipse.mylyn.context.ui/src" StructureKind="resource"/><InteractionEvent Delta="null" EndDate="2012-04-10 01:44:55.21 CEST" Interest="1.0" Kind="propagation" Navigation="org.eclipse.mylyn.core.model.edges.containment" OriginId="org.eclipse.mylyn.core.model.interest.propagation" StartDate="2012-04-10 01:44:55.21 CEST" StructureHandle="=org.eclipse.mylyn.context.ui" StructureKind="resource"/><InteractionEvent Delta="null" EndDate="2012-04-10 01:43:51.927 CEST" Interest="1.0" Kind="propagation" Navigation="org.eclipse.mylyn.core.model.edges.containment" OriginId="org.eclipse.mylyn.core.model.interest.propagation" StartDate="2012-04-10 01:43:51.927 CEST" StructureHandle="/org.eclipse.mylyn.context.ui/src" StructureKind="resource"/><InteractionEvent Delta="null" EndDate="2012-04-10 01:44:07.707 CEST" Interest="1.0000005" Kind="propagation" Navigation="org.eclipse.mylyn.core.model.edges.containment" OriginId="org.eclipse.mylyn.core.model.interest.propagation" StartDate="2012-04-10 01:44:07.707 CEST" StructureHandle="=org.eclipse.mylyn.context.ui/src" StructureKind="java"/><InteractionEvent Delta="null" EndDate="2012-04-10 01:44:37.830 CEST" Interest="1.0" Kind="propagation" Navigation="org.eclipse.mylyn.core.model.edges.containment" OriginId="org.eclipse.mylyn.core.model.interest.propagation" StartDate="2012-04-10 01:44:37.830 CEST" StructureHandle="/org.eclipse.mylyn.context.ui/src/org/eclipse/mylyn/internal/context/ui" StructureKind="resource"/><InteractionEvent Delta="null" EndDate="2012-04-10 01:43:52.488 CEST" Interest="1.0" Kind="propagation" Navigation="org.eclipse.mylyn.core.model.edges.containment" OriginId="org.eclipse.mylyn.core.model.interest.propagation" StartDate="2012-04-10 01:43:52.488 CEST" StructureHandle="/org.eclipse.mylyn.context.ui/src/org/eclipse/mylyn/internal/context/ui" StructureKind="resource"/><InteractionEvent Delta="null" EndDate="2012-04-10 01:43:13.195 CEST" Interest="0.75100017" Kind="propagation" Navigation="org.eclipse.mylyn.core.model.edges.containment" OriginId="org.eclipse.mylyn.core.model.interest.propagation" StartDate="2012-04-10 01:43:13.195 CEST" StructureHandle="=org.eclipse.mylyn.context.ui/src" StructureKind="java"/><InteractionEvent Delta="null" EndDate="2012-04-10 01:45:06.272 CEST" Interest="0.6999998" Kind="propagation" Navigation="org.eclipse.mylyn.core.model.edges.containment" OriginId="org.eclipse.mylyn.core.model.interest.propagation" StartDate="2012-04-10 01:45:06.272 CEST" StructureHandle="=org.eclipse.mylyn.context.ui/src&amp;lt;org.eclipse.mylyn.internal.context.ui" StructureKind="java"/><InteractionEvent Delta="null" EndDate="2012-04-10 01:44:52.531 CEST" Interest="1.0" Kind="propagation" Navigation="org.eclipse.mylyn.core.model.edges.containment" OriginId="org.eclipse.mylyn.core.model.interest.propagation" StartDate="2012-04-10 01:44:52.531 CEST" StructureHandle="/org.eclipse.mylyn.context.ui/src" StructureKind="resource"/><InteractionEvent Delta="null" EndDate="2012-04-10 01:44:58.520 CEST" Interest="1.0" Kind="propagation" Navigation="org.eclipse.mylyn.core.model.edges.containment" OriginId="org.eclipse.mylyn.core.model.interest.propagation" StartDate="2012-04-10 01:44:58.520 CEST" StructureHandle="/org.eclipse.mylyn.context.ui/src/org/eclipse/mylyn/internal/context/ui" StructureKind="resource"/><InteractionEvent Delta="null" EndDate="2012-04-10 01:45:06.872 CEST" Interest="1.0" Kind="propagation" Navigation="null" OriginId="org.eclipse.jdt.ui.CompilationUnitEditor" StartDate="2012-04-10 01:45:06.872 CEST" StructureHandle="/org.eclipse.mylyn.context.ui/src/org/eclipse/mylyn/internal/context/ui/ContextUiImages.java" StructureKind="resource"/><InteractionEvent Delta="null" EndDate="2012-04-10 01:42:41.923 CEST" Interest="1.0" Kind="propagation" Navigation="org.eclipse.mylyn.core.model.edges.containment" OriginId="org.eclipse.mylyn.core.model.interest.propagation" StartDate="2012-04-10 01:42:41.923 CEST" StructureHandle="=org.eclipse.mylyn.context.ui" StructureKind="resource"/><InteractionEvent Delta="null" EndDate="2012-04-10 01:44:52.531 CEST" Interest="1.0" Kind="propagation" Navigation="org.eclipse.mylyn.core.model.edges.containment" OriginId="org.eclipse.mylyn.core.model.interest.propagation" StartDate="2012-04-10 01:44:52.531 CEST" StructureHandle="/org.eclipse.mylyn.context.ui/src/org/eclipse/mylyn/internal/context/ui" StructureKind="resource"/><InteractionEvent Delta="null" EndDate="2012-04-10 01:45:10.549 CEST" Interest="1.0" Kind="propagation" Navigation="org.eclipse.mylyn.core.model.edges.containment" OriginId="org.eclipse.mylyn.core.model.interest.propagation" StartDate="2012-04-10 01:45:10.549 CEST" StructureHandle="=org.eclipse.mylyn.context.ui" StructureKind="resource"/><InteractionEvent Delta="null" EndDate="2012-04-10 01:44:21.368 CEST" Interest="1.0" Kind="propagation" Navigation="org.eclipse.mylyn.core.model.edges.containment" OriginId="org.eclipse.mylyn.core.model.interest.propagation" StartDate="2012-04-10 01:44:21.368 CEST" StructureHandle="/org.eclipse.mylyn.context.ui/src" StructureKind="resource"/><InteractionEvent Delta="null" EndDate="2012-04-10 01:45:05.312 CEST" Interest="0.6999998" Kind="propagation" Navigation="org.eclipse.mylyn.core.model.edges.containment" OriginId="org.eclipse.mylyn.core.model.interest.propagation" StartDate="2012-04-10 01:45:05.312 CEST" StructureHandle="=org.eclipse.mylyn.context.ui/src&amp;lt;org.eclipse.mylyn.internal.context.ui" StructureKind="java"/><InteractionEvent Delta="null" EndDate="2012-04-10 01:45:05.312 CEST" Interest="1.0" Kind="propagation" Navigation="org.eclipse.mylyn.core.model.edges.containment" OriginId="org.eclipse.mylyn.core.model.interest.propagation" StartDate="2012-04-10 01:45:05.312 CEST" StructureHandle="/org.eclipse.mylyn.context.ui/src/org/eclipse/mylyn/internal/context/ui" StructureKind="resource"/><InteractionEvent Delta="null" EndDate="2012-04-10 01:43:12.626 CEST" Interest="1.0" Kind="propagation" Navigation="null" OriginId="org.eclipse.jdt.ui.CompilationUnitEditor" StartDate="2012-04-10 01:43:12.626 CEST" StructureHandle="/org.eclipse.mylyn.context.ui/src/org/eclipse/mylyn/internal/context/ui/ContextUiImages.java" StructureKind="resource"/><InteractionEvent Delta="null" EndDate="2012-04-10 01:43:52.489 CEST" Interest="1.0" Kind="propagation" Navigation="org.eclipse.mylyn.core.model.edges.containment" OriginId="org.eclipse.mylyn.core.model.interest.propagation" StartDate="2012-04-10 01:43:52.489 CEST" StructureHandle="/org.eclipse.mylyn.context.ui/src" StructureKind="resource"/><InteractionEvent Delta="null" EndDate="2012-04-10 01:43:13.194 CEST" Interest="1.0" Kind="propagation" Navigation="org.eclipse.mylyn.core.model.edges.containment" OriginId="org.eclipse.mylyn.core.model.interest.propagation" StartDate="2012-04-10 01:43:13.194 CEST" StructureHandle="/org.eclipse.mylyn.context.ui/src" StructureKind="resource"/><InteractionEvent Delta="null" EndDate="2012-04-10 01:45:06.272 CEST" Interest="1.0" Kind="propagation" Navigation="org.eclipse.mylyn.core.model.edges.containment" OriginId="org.eclipse.mylyn.core.model.interest.propagation" StartDate="2012-04-10 01:45:06.272 CEST" StructureHandle="/org.eclipse.mylyn.context.ui/src/org/eclipse/mylyn/internal/context/ui" StructureKind="resource"/><InteractionEvent Delta="null" EndDate="2012-04-10 01:44:37.886 CEST" Interest="4.7683716E-7" Kind="propagation" Navigation="org.eclipse.mylyn.core.model.edges.containment" OriginId="org.eclipse.mylyn.core.model.interest.propagation" StartDate="2012-04-10 01:44:37.886 CEST" StructureHandle="=org.eclipse.mylyn.context.ui/src&amp;lt;org.eclipse.mylyn.internal.context.ui" StructureKind="java"/><InteractionEvent Delta="null" EndDate="2012-04-10 01:42:41.872 CEST" Interest="1.0" Kind="propagation" Navigation="org.eclipse.mylyn.core.model.edges.containment" OriginId="org.eclipse.mylyn.core.model.interest.propagation" StartDate="2012-04-10 01:42:41.872 CEST" StructureHandle="/org.eclipse.mylyn.context.ui/src/org/eclipse/mylyn/internal/context/ui" StructureKind="resource"/><InteractionEvent Delta="null" EndDate="2012-04-10 01:45:10.550 CEST" Interest="0.6999998" Kind="propagation" Navigation="org.eclipse.mylyn.core.model.edges.containment" OriginId="org.eclipse.mylyn.core.model.interest.propagation" StartDate="2012-04-10 01:45:10.550 CEST" StructureHandle="=org.eclipse.mylyn.context.ui/src&amp;lt;org.eclipse.mylyn.internal.context.ui" StructureKind="java"/><InteractionEvent Delta="null" EndDate="2012-04-10 01:44:57.23 CEST" Interest="1.0" Kind="propagation" Navigation="null" OriginId="org.eclipse.jdt.ui.CompilationUnitEditor" StartDate="2012-04-10 01:44:57.23 CEST" StructureHandle="/org.eclipse.mylyn.context.ui/src/org/eclipse/mylyn/internal/context/ui/ContextUiImages.java" StructureKind="resource"/><InteractionEvent Delta="null" EndDate="2012-04-10 01:45:05.312 CEST" Interest="1.0" Kind="propagation" Navigation="org.eclipse.mylyn.core.model.edges.containment" OriginId="org.eclipse.mylyn.core.model.interest.propagation" StartDate="2012-04-10 01:45:05.312 CEST" StructureHandle="/org.eclipse.mylyn.context.ui/src" StructureKind="resource"/><InteractionEvent Delta="null" EndDate="2012-04-10 01:42:41.873 CEST" Interest="1.0" Kind="propagation" Navigation="org.eclipse.mylyn.core.model.edges.containment" OriginId="org.eclipse.mylyn.core.model.interest.propagation" StartDate="2012-04-10 01:42:41.873 CEST" StructureHandle="=org.eclipse.mylyn.context.ui/src&amp;lt;org.eclipse.mylyn.internal.context.ui" StructureKind="java"/><InteractionEvent Delta="null" EndDate="2012-04-10 01:43:52.489 CEST" Interest="1.0" Kind="propagation" Navigation="org.eclipse.mylyn.core.model.edges.containment" OriginId="org.eclipse.mylyn.core.model.interest.propagation" StartDate="2012-04-10 01:43:52.489 CEST" StructureHandle="=org.eclipse.mylyn.context.ui" StructureKind="resource"/><InteractionEvent Delta="null" EndDate="2012-04-10 01:42:35.75 CEST" Interest="15.0" Kind="propagation" Navigation="org.eclipse.mylyn.core.model.edges.containment" OriginId="org.eclipse.mylyn.core.model.interest.propagation" StartDate="2012-04-10 01:42:35.75 CEST" StructureHandle="" StructureKind="java"/><InteractionEvent Delta="null" EndDate="2012-04-10 01:44:07.132 CEST" Interest="1.0" Kind="propagation" Navigation="null" OriginId="org.eclipse.jdt.ui.CompilationUnitEditor" StartDate="2012-04-10 01:44:07.132 CEST" StructureHandle="/org.eclipse.mylyn.context.ui/src/org/eclipse/mylyn/internal/context/ui/ContextUiImages.java" StructureKind="resource"/><InteractionEvent Delta="null" EndDate="2012-04-10 01:44:39.537 CEST" Interest="1.0" Kind="propagation" Navigation="org.eclipse.mylyn.core.model.edges.containment" OriginId="org.eclipse.mylyn.core.model.interest.propagation" StartDate="2012-04-10 01:44:39.537 CEST" StructureHandle="/org.eclipse.mylyn.context.ui/src" StructureKind="resource"/><InteractionEvent Delta="null" EndDate="2012-04-10 01:42:35.63 CEST" Interest="15.0" Kind="propagation" Navigation="org.eclipse.mylyn.core.model.edges.containment" OriginId="org.eclipse.mylyn.core.model.interest.propagation" StartDate="2012-04-10 01:42:35.63 CEST" StructureHandle="" StructureKind="java"/><InteractionEvent Delta="null" EndDate="2012-04-10 01:44:58.521 CEST" Interest="0.28699923" Kind="propagation" Navigation="org.eclipse.mylyn.core.model.edges.containment" OriginId="org.eclipse.mylyn.core.model.interest.propagation" StartDate="2012-04-10 01:44:58.521 CEST" StructureHandle="=org.eclipse.mylyn.context.ui/src&amp;lt;org.eclipse.mylyn.internal.context.ui" StructureKind="java"/><InteractionEvent Delta="null" EndDate="2012-04-10 01:44:37.831 CEST" Interest="1.0" Kind="propagation" Navigation="org.eclipse.mylyn.core.model.edges.containment" OriginId="org.eclipse.mylyn.core.model.interest.propagation" StartDate="2012-04-10 01:44:37.831 CEST" StructureHandle="=org.eclipse.mylyn.context.ui" StructureKind="resource"/><InteractionEvent Delta="null" EndDate="2012-04-10 01:44:56.385 CEST" Interest="1.0" Kind="propagation" Navigation="null" OriginId="org.eclipse.jdt.ui.CompilationUnitEditor" StartDate="2012-04-10 01:44:56.385 CEST" StructureHandle="/org.eclipse.mylyn.context.ui/src/org/eclipse/mylyn/internal/context/ui/ContextUiImages.java" StructureKind="resource"/><InteractionEvent Delta="null" EndDate="2012-04-10 01:42:35.80 CEST" Interest="15.0" Kind="propagation" Navigation="org.eclipse.mylyn.core.model.edges.containment" OriginId="org.eclipse.mylyn.core.model.interest.propagation" StartDate="2012-04-10 01:42:35.80 CEST" StructureHandle="" StructureKind="java"/><InteractionEvent Delta="null" EndDate="2012-04-10 01:44:53.155 CEST" Interest="0.69999933" Kind="propagation" Navigation="org.eclipse.mylyn.core.model.edges.containment" OriginId="org.eclipse.mylyn.core.model.interest.propagation" StartDate="2012-04-10 01:44:53.155 CEST" StructureHandle="=org.eclipse.mylyn.context.ui/src" StructureKind="java"/><InteractionEvent Delta="null" EndDate="2012-04-10 01:43:13.194 CEST" Interest="1.0" Kind="propagation" Navigation="org.eclipse.mylyn.core.model.edges.containment" OriginId="org.eclipse.mylyn.core.model.interest.propagation" StartDate="2012-04-10 01:43:13.194 CEST" StructureHandle="=org.eclipse.mylyn.context.ui" StructureKind="resource"/><InteractionEvent Delta="null" EndDate="2012-04-10 01:45:03.682 CEST" Interest="0.69999933" Kind="propagation" Navigation="org.eclipse.mylyn.core.model.edges.containment" OriginId="org.eclipse.mylyn.core.model.interest.propagation" StartDate="2012-04-10 01:45:03.682 CEST" StructureHandle="=org.eclipse.mylyn.context.ui/src&amp;lt;org.eclipse.mylyn.internal.context.ui{ContextUiImages.java" StructureKind="java"/><InteractionEvent Delta="null" EndDate="2012-04-10 01:42:44.438 CEST" Interest="1.0" Kind="propagation" Navigation="org.eclipse.mylyn.core.model.edges.containment" OriginId="org.eclipse.mylyn.core.model.interest.propagation" StartDate="2012-04-10 01:42:44.438 CEST" StructureHandle="/org.eclipse.mylyn.context.ui/src/org/eclipse/mylyn/internal/context/ui" StructureKind="resource"/><InteractionEvent Delta="null" EndDate="2012-04-10 01:44:44.443 CEST" Interest="1.0" Kind="propagation" Navigation="org.eclipse.mylyn.core.model.edges.containment" OriginId="org.eclipse.mylyn.core.model.interest.propagation" StartDate="2012-04-10 01:44:44.443 CEST" StructureHandle="=org.eclipse.mylyn.context.ui" StructureKind="resource"/><InteractionEvent Delta="null" EndDate="2012-04-10 01:44:53.154 CEST" Interest="0.6999998" Kind="propagation" Navigation="org.eclipse.mylyn.core.model.edges.containment" OriginId="org.eclipse.mylyn.core.model.interest.propagation" StartDate="2012-04-10 01:44:53.154 CEST" StructureHandle="=org.eclipse.mylyn.context.ui/src&amp;lt;org.eclipse.mylyn.internal.context.ui{ContextUiImages.java" StructureKind="java"/><InteractionEvent Delta="null" EndDate="2012-04-10 01:45:13.567 CEST" Interest="1.0" Kind="propagation" Navigation="org.eclipse.mylyn.core.model.edges.containment" OriginId="org.eclipse.mylyn.core.model.interest.propagation" StartDate="2012-04-10 01:45:13.567 CEST" StructureHandle="=org.eclipse.mylyn.context.ui" StructureKind="resource"/><InteractionEvent Delta="null" EndDate="2012-04-10 01:45:02.639 CEST" Interest="1.0" Kind="propagation" Navigation="org.eclipse.mylyn.core.model.edges.containment" OriginId="org.eclipse.mylyn.core.model.interest.propagation" StartDate="2012-04-10 01:45:02.639 CEST" StructureHandle="/org.eclipse.mylyn.context.ui/src" StructureKind="resource"/><InteractionEvent Delta="null" EndDate="2012-04-10 01:42:41.922 CEST" Interest="1.0" Kind="propagation" Navigation="null" OriginId="org.eclipse.jdt.ui.CompilationUnitEditor" StartDate="2012-04-10 01:42:41.922 CEST" StructureHandle="/org.eclipse.mylyn.context.ui/src/org/eclipse/mylyn/internal/context/ui/ContextUiImages.java" StructureKind="resource"/><InteractionEvent Delta="null" EndDate="2012-04-10 01:45:06.272 CEST" Interest="1.0" Kind="propagation" Navigation="org.eclipse.mylyn.core.model.edges.containment" OriginId="org.eclipse.mylyn.core.model.interest.propagation" StartDate="2012-04-10 01:45:06.272 CEST" StructureHandle="=org.eclipse.mylyn.context.ui" StructureKind="resource"/><InteractionEvent Delta="null" EndDate="2012-04-10 01:44:48.233 CEST" Interest="1.000001" Kind="propagation" Navigation="org.eclipse.mylyn.core.model.edges.containment" OriginId="org.eclipse.mylyn.core.model.interest.propagation" StartDate="2012-04-10 01:44:48.233 CEST" StructureHandle="/org.eclipse.mylyn.context.ui/src/org/eclipse/mylyn/internal/context/ui" StructureKind="resource"/><InteractionEvent Delta="null" EndDate="2012-04-10 01:44:51.256 CEST" Interest="1.0" Kind="propagation" Navigation="org.eclipse.mylyn.core.model.edges.containment" OriginId="org.eclipse.mylyn.core.model.interest.propagation" StartDate="2012-04-10 01:44:51.256 CEST" StructureHandle="/org.eclipse.mylyn.context.ui/src/org/eclipse/mylyn/internal/context/ui" StructureKind="resource"/><InteractionEvent Delta="null" EndDate="2012-04-10 01:44:44.443 CEST" Interest="1.0" Kind="propagation" Navigation="org.eclipse.mylyn.core.model.edges.containment" OriginId="org.eclipse.mylyn.core.model.interest.propagation" StartDate="2012-04-10 01:44:44.443 CEST" StructureHandle="/org.eclipse.mylyn.context.ui/src/org/eclipse/mylyn/internal/context/ui" StructureKind="resource"/><InteractionEvent Delta="null" EndDate="2012-04-10 01:45:10.538 CEST" Interest="1.0" Kind="propagation" Navigation="null" OriginId="org.eclipse.jdt.ui.CompilationUnitEditor" StartDate="2012-04-10 01:45:10.538 CEST" StructureHandle="/org.eclipse.mylyn.context.ui/src/org/eclipse/mylyn/internal/context/ui/ContextUiImages.java" StructureKind="resource"/><InteractionEvent Delta="null" EndDate="2012-04-10 01:45:03.681 CEST" Interest="1.0" Kind="propagation" Navigation="org.eclipse.mylyn.core.model.edges.containment" OriginId="org.eclipse.mylyn.core.model.interest.propagation" StartDate="2012-04-10 01:45:03.681 CEST" StructureHandle="/org.eclipse.mylyn.context.ui/src/org/eclipse/mylyn/internal/context/ui" StructureKind="resource"/><InteractionEvent Delta="null" EndDate="2012-04-10 01:45:06.872 CEST" Interest="0.70000076" Kind="propagation" Navigation="org.eclipse.mylyn.core.model.edges.containment" OriginId="org.eclipse.mylyn.core.model.interest.propagation" StartDate="2012-04-10 01:45:06.872 CEST" StructureHandle="=org.eclipse.mylyn.context.ui/src&amp;lt;org.eclipse.mylyn.internal.context.ui{ContextUiImages.java" StructureKind="java"/><InteractionEvent Delta="null" EndDate="2012-04-10 01:43:12.627 CEST" Interest="1.0000002" Kind="propagation" Navigation="org.eclipse.mylyn.core.model.edges.containment" OriginId="org.eclipse.mylyn.core.model.interest.propagation" StartDate="2012-04-10 01:43:12.627 CEST" StructureHandle="/org.eclipse.mylyn.context.ui/src" StructureKind="resource"/><InteractionEvent Delta="null" EndDate="2012-04-10 01:44:21.368 CEST" Interest="1.0" Kind="propagation" Navigation="org.eclipse.mylyn.core.model.edges.containment" OriginId="org.eclipse.mylyn.core.model.interest.propagation" StartDate="2012-04-10 01:44:21.368 CEST" StructureHandle="/org.eclipse.mylyn.context.ui/src/org/eclipse/mylyn/internal/context/ui" StructureKind="resource"/><InteractionEvent Delta="null" EndDate="2012-04-10 01:44:52.531 CEST" Interest="1.0" Kind="propagation" Navigation="org.eclipse.mylyn.core.model.edges.containment" OriginId="org.eclipse.mylyn.core.model.interest.propagation" StartDate="2012-04-10 01:44:52.531 CEST" StructureHandle="=org.eclipse.mylyn.context.ui" StructureKind="resource"/><InteractionEvent Delta="null" EndDate="2012-04-10 01:45:13.567 CEST" Interest="1.0" Kind="propagation" Navigation="org.eclipse.mylyn.core.model.edges.containment" OriginId="org.eclipse.mylyn.core.model.interest.propagation" StartDate="2012-04-10 01:45:13.567 CEST" StructureHandle="/org.eclipse.mylyn.context.ui/src" StructureKind="resource"/><InteractionEvent Delta="null" EndDate="2012-04-10 01:44:37.831 CEST" Interest="1.0" Kind="propagation" Navigation="org.eclipse.mylyn.core.model.edges.containment" OriginId="org.eclipse.mylyn.core.model.interest.propagation" StartDate="2012-04-10 01:44:37.831 CEST" StructureHandle="/org.eclipse.mylyn.context.ui/src" StructureKind="resource"/><InteractionEvent Delta="null" EndDate="2012-04-10 01:45:02.639 CEST" Interest="0.7000003" Kind="propagation" Navigation="org.eclipse.mylyn.core.model.edges.containment" OriginId="org.eclipse.mylyn.core.model.interest.propagation" StartDate="2012-04-10 01:45:02.639 CEST" StructureHandle="=org.eclipse.mylyn.context.ui/src&amp;lt;org.eclipse.mylyn.internal.context.ui{ContextUiImages.java" StructureKind="java"/><InteractionEvent Delta="null" EndDate="2012-04-10 01:44:39.537 CEST" Interest="1.0" Kind="propagation" Navigation="org.eclipse.mylyn.core.model.edges.containment" OriginId="org.eclipse.mylyn.core.model.interest.propagation" StartDate="2012-04-10 01:44:39.537 CEST" StructureHandle="/org.eclipse.mylyn.context.ui/src/org/eclipse/mylyn/internal/context/ui" StructureKind="resource"/><InteractionEvent Delta="null" EndDate="2012-04-10 01:44:07.707 CEST" Interest="1.0000005" Kind="propagation" Navigation="org.eclipse.mylyn.core.model.edges.containment" OriginId="org.eclipse.mylyn.core.model.interest.propagation" StartDate="2012-04-10 01:44:07.707 CEST" StructureHandle="=org.eclipse.mylyn.context.ui/src&amp;lt;org.eclipse.mylyn.internal.context.ui" StructureKind="java"/><InteractionEvent Delta="null" EndDate="2012-04-10 01:44:41.381 CEST" Interest="1.0" Kind="propagation" Navigation="null" OriginId="org.eclipse.jdt.ui.CompilationUnitEditor" StartDate="2012-04-10 01:44:41.381 CEST" StructureHandle="/org.eclipse.mylyn.context.ui/src/org/eclipse/mylyn/internal/context/ui/ContextUiImages.java" StructureKind="resource"/><InteractionEvent Delta="null" EndDate="2012-04-10 01:45:03.681 CEST" Interest="1.0" Kind="propagation" Navigation="null" OriginId="org.eclipse.jdt.ui.CompilationUnitEditor" StartDate="2012-04-10 01:45:03.681 CEST" StructureHandle="/org.eclipse.mylyn.context.ui/src/org/eclipse/mylyn/internal/context/ui/ContextUiImages.java" StructureKind="resource"/><InteractionEvent Delta="null" EndDate="2012-04-10 01:44:53.153 CEST" Interest="1.0" Kind="propagation" Navigation="org.eclipse.mylyn.core.model.edges.containment" OriginId="org.eclipse.mylyn.core.model.interest.propagation" StartDate="2012-04-10 01:44:53.153 CEST" StructureHandle="/org.eclipse.mylyn.context.ui/src/org/eclipse/mylyn/internal/context/ui" StructureKind="resource"/><InteractionEvent Delta="null" EndDate="2012-04-10 01:44:37.885 CEST" Interest="1.0" Kind="propagation" Navigation="null" OriginId="org.eclipse.jdt.ui.CompilationUnitEditor" StartDate="2012-04-10 01:44:37.885 CEST" StructureHandle="/org.eclipse.mylyn.context.ui/src/org/eclipse/mylyn/internal/context/ui/ContextUiImages.java" StructureKind="resource"/><InteractionEvent Delta="null" EndDate="2012-04-10 01:44:53.153 CEST" Interest="1.0" Kind="propagation" Navigation="null" OriginId="org.eclipse.jdt.ui.CompilationUnitEditor" StartDate="2012-04-10 01:44:53.153 CEST" StructureHandle="/org.eclipse.mylyn.context.ui/src/org/eclipse/mylyn/internal/context/ui/ContextUiImages.java" StructureKind="resource"/><InteractionEvent Delta="null" EndDate="2012-04-10 01:45:15.361 CEST" Interest="1.0000019" Kind="propagation" Navigation="org.eclipse.mylyn.core.model.edges.containment" OriginId="org.eclipse.mylyn.core.model.interest.propagation" StartDate="2012-04-10 01:45:15.361 CEST" StructureHandle="=org.eclipse.mylyn.context.ui" StructureKind="resource"/><InteractionEvent Delta="null" EndDate="2012-04-10 01:45:15.361 CEST" Interest="1.0000019" Kind="propagation" Navigation="org.eclipse.mylyn.core.model.edges.containment" OriginId="org.eclipse.mylyn.core.model.interest.propagation" StartDate="2012-04-10 01:45:15.361 CEST" StructureHandle="/org.eclipse.mylyn.context.ui/src" StructureKind="resource"/><InteractionEvent Delta="null" EndDate="2012-04-10 01:44:37.885 CEST" Interest="1.0" Kind="propagation" Navigation="org.eclipse.mylyn.core.model.edges.containment" OriginId="org.eclipse.mylyn.core.model.interest.propagation" StartDate="2012-04-10 01:44:37.885 CEST" StructureHandle="/org.eclipse.mylyn.context.ui/src/org/eclipse/mylyn/internal/context/ui" StructureKind="resource"/><InteractionEvent Delta="null" EndDate="2012-04-10 01:44:37.887 CEST" Interest="4.7683716E-7" Kind="propagation" Navigation="org.eclipse.mylyn.core.model.edges.containment" OriginId="org.eclipse.mylyn.core.model.interest.propagation" StartDate="2012-04-10 01:44:37.887 CEST" StructureHandle="=org.eclipse.mylyn.context.ui/src" StructureKind="java"/><InteractionEvent Delta="null" EndDate="2012-04-10 01:43:13.194 CEST" Interest="0.75100017" Kind="propagation" Navigation="org.eclipse.mylyn.core.model.edges.containment" OriginId="org.eclipse.mylyn.core.model.interest.propagation" StartDate="2012-04-10 01:43:13.194 CEST" StructureHandle="=org.eclipse.mylyn.context.ui/src&amp;lt;org.eclipse.mylyn.internal.context.ui" StructureKind="java"/><InteractionEvent Delta="null" EndDate="2012-04-10 01:43:51.928 CEST" Interest="0.6999998" Kind="propagation" Navigation="org.eclipse.mylyn.core.model.edges.containment" OriginId="org.eclipse.mylyn.core.model.interest.propagation" StartDate="2012-04-10 01:43:51.928 CEST" StructureHandle="=org.eclipse.mylyn.context.ui/src" StructureKind="java"/><InteractionEvent Delta="null" EndDate="2012-04-10 01:42:41.873 CEST" Interest="1.0" Kind="propagation" Navigation="org.eclipse.mylyn.core.model.edges.containment" OriginId="org.eclipse.mylyn.core.model.interest.propagation" StartDate="2012-04-10 01:42:41.873 CEST" StructureHandle="=org.eclipse.mylyn.context.ui/src" StructureKind="java"/><InteractionEvent Delta="null" EndDate="2012-04-10 01:44:21.368 CEST" Interest="1.0" Kind="selection" Navigation="null" OriginId="org.eclipse.compare.CompareEditor" StartDate="2012-04-10 01:44:21.368 CEST" StructureHandle="=org.eclipse.mylyn.context.ui/src&amp;lt;org.eclipse.mylyn.internal.context.ui{ContextUiImages.java" StructureKind="java"/><InteractionEvent Delta="null" EndDate="2012-04-10 01:42:41.872 CEST" Interest="1.0" Kind="propagation" Navigation="org.eclipse.mylyn.core.model.edges.containment" OriginId="org.eclipse.mylyn.core.model.interest.propagation" StartDate="2012-04-10 01:42:41.872 CEST" StructureHandle="=org.eclipse.mylyn.context.ui" StructureKind="resource"/><InteractionEvent Delta="null" EndDate="2012-04-10 01:45:13.567 CEST" Interest="1.0" Kind="propagation" Navigation="org.eclipse.mylyn.core.model.edges.containment" OriginId="org.eclipse.mylyn.core.model.interest.propagation" StartDate="2012-04-10 01:45:13.567 CEST" StructureHandle="/org.eclipse.mylyn.context.ui/src/org/eclipse/mylyn/internal/context/ui" StructureKind="resource"/><InteractionEvent Delta="null" EndDate="2012-04-10 01:44:49.354 CEST" Interest="1.0" Kind="propagation" Navigation="null" OriginId="org.eclipse.jdt.ui.CompilationUnitEditor" StartDate="2012-04-10 01:44:49.354 CEST" StructureHandle="/org.eclipse.mylyn.context.ui/src/org/eclipse/mylyn/internal/context/ui/ContextUiImages.java" StructureKind="resource"/><InteractionEvent Delta="null" EndDate="2012-04-10 01:44:07.706 CEST" Interest="1.0" Kind="propagation" Navigation="null" OriginId="org.eclipse.jdt.ui.CompilationUnitEditor" StartDate="2012-04-10 01:44:07.706 CEST" StructureHandle="/org.eclipse.mylyn.context.ui/src/org/eclipse/mylyn/internal/context/ui/ContextUiImages.java" StructureKind="resource"/><InteractionEvent Delta="null" EndDate="2012-04-10 01:44:07.707 CEST" Interest="1.0000005" Kind="propagation" Navigation="org.eclipse.mylyn.core.model.edges.containment" OriginId="org.eclipse.mylyn.core.model.interest.propagation" StartDate="2012-04-10 01:44:07.707 CEST" StructureHandle="=org.eclipse.mylyn.context.ui/src&amp;lt;org.eclipse.mylyn.internal.context.ui{ContextUiImages.java" StructureKind="java"/><InteractionEvent Delta="null" EndDate="2012-04-10 01:44:57.24 CEST" Interest="1.0" Kind="propagation" Navigation="org.eclipse.mylyn.core.model.edges.containment" OriginId="org.eclipse.mylyn.core.model.interest.propagation" StartDate="2012-04-10 01:44:57.24 CEST" StructureHandle="/org.eclipse.mylyn.context.ui/src" StructureKind="resource"/><InteractionEvent Delta="null" EndDate="2012-04-10 01:45:02.639 CEST" Interest="1.0" Kind="propagation" Navigation="org.eclipse.mylyn.core.model.edges.containment" OriginId="org.eclipse.mylyn.core.model.interest.propagation" StartDate="2012-04-10 01:45:02.639 CEST" StructureHandle="=org.eclipse.mylyn.context.ui" StructureKind="resource"/><InteractionEvent Delta="null" EndDate="2012-04-10 01:44:56.386 CEST" Interest="4.7683716E-7" Kind="propagation" Navigation="org.eclipse.mylyn.core.model.edges.containment" OriginId="org.eclipse.mylyn.core.model.interest.propagation" StartDate="2012-04-10 01:44:56.386 CEST" StructureHandle="=org.eclipse.mylyn.context.ui/src&amp;lt;org.eclipse.mylyn.internal.context.ui" StructureKind="java"/><InteractionEvent Delta="null" EndDate="2012-04-10 01:42:41.922 CEST" Interest="1.0" Kind="selection" Navigation="null" OriginId="org.eclipse.jdt.ui.CompilationUnitEditor" StartDate="2012-04-10 01:42:41.922 CEST" StructureHandle="=org.eclipse.mylyn.context.ui/src&amp;lt;org.eclipse.mylyn.internal.context.ui{ContextUiImages.java" StructureKind="java"/></InteractionHistory>