<?xml version="1.0" encoding="UTF-8"?><InteractionHistory Id="https://bugs.eclipse.org/bugs-359280" Version="1"><InteractionEvent Delta="null" EndDate="2011-09-28 20:47:28.289 CEST" Interest="1.0" Kind="propagation" Navigation="org.eclipse.mylyn.core.model.edges.containment" OriginId="org.eclipse.mylyn.core.model.interest.propagation" StartDate="2011-09-28 20:47:28.289 CEST" StructureHandle="/org.eclipse.mylyn.context.sdk.java/src" StructureKind="resource"/><InteractionEvent Delta="null" EndDate="2011-09-28 20:46:08.485 CEST" Interest="1.0000001" Kind="propagation" Navigation="org.eclipse.mylyn.core.model.edges.containment" OriginId="org.eclipse.mylyn.core.model.interest.propagation" StartDate="2011-09-28 20:46:08.485 CEST" StructureHandle="/org.eclipse.mylyn.context.sdk.java/src/org/eclipse/mylyn" StructureKind="resource"/><InteractionEvent Delta="null" EndDate="2011-09-28 20:46:12.149 CEST" Interest="1.0000002" Kind="propagation" Navigation="org.eclipse.mylyn.core.model.edges.containment" OriginId="org.eclipse.mylyn.core.model.interest.propagation" StartDate="2011-09-28 20:46:12.149 CEST" StructureHandle="/" StructureKind="resource"/><InteractionEvent Delta="null" EndDate="2011-09-28 20:46:05.607 CEST" Interest="1.0" Kind="propagation" Navigation="null" OriginId="org.eclipse.jdt.ui.CompilationUnitEditor" StartDate="2011-09-28 20:46:05.607 CEST" StructureHandle="/org.eclipse.mylyn.context.sdk.java/src/org/eclipse/mylyn/context/sdk/java/WorkspaceSetupHelper.java" StructureKind="resource"/><InteractionEvent Delta="null" EndDate="2011-09-28 20:46:05.608 CEST" Interest="1.0" Kind="propagation" Navigation="org.eclipse.mylyn.core.model.edges.containment" OriginId="org.eclipse.mylyn.core.model.interest.propagation" StartDate="2011-09-28 20:46:05.608 CEST" StructureHandle="=org.eclipse.mylyn.context.sdk.java" StructureKind="resource"/><InteractionEvent Delta="null" EndDate="2011-09-28 20:46:08.485 CEST" Interest="1.0000001" Kind="propagation" Navigation="org.eclipse.mylyn.core.model.edges.containment" OriginId="org.eclipse.mylyn.core.model.interest.propagation" StartDate="2011-09-28 20:46:08.485 CEST" StructureHandle="/org.eclipse.mylyn.context.sdk.java/src/org/eclipse" StructureKind="resource"/><InteractionEvent Delta="null" EndDate="2011-09-28 20:46:12.149 CEST" Interest="1.0000002" Kind="propagation" Navigation="org.eclipse.mylyn.core.model.edges.containment" OriginId="org.eclipse.mylyn.core.model.interest.propagation" StartDate="2011-09-28 20:46:12.149 CEST" StructureHandle="=org.eclipse.mylyn.context.sdk.java" StructureKind="resource"/><InteractionEvent Delta="null" EndDate="2011-09-28 20:46:09.326 CEST" Interest="0.7000001" Kind="propagation" Navigation="org.eclipse.mylyn.core.model.edges.containment" OriginId="org.eclipse.mylyn.core.model.interest.propagation" StartDate="2011-09-28 20:46:09.326 CEST" StructureHandle="=org.eclipse.mylyn.context.sdk.java/src&amp;lt;org.eclipse.mylyn.context.sdk.java{WorkspaceSetupHelper.java[WorkspaceSetupHelper" StructureKind="java"/><InteractionEvent Delta="null" EndDate="2011-09-28 20:47:28.288 CEST" Interest="1.0" Kind="selection" Navigation="null" OriginId="org.eclipse.jdt.ui.PackageExplorer" StartDate="2011-09-28 20:47:28.288 CEST" StructureHandle="=org.eclipse.mylyn.context.sdk.java/src&amp;lt;org.eclipse.mylyn.context.sdk.java{WorkspaceSetupHelper.java" StructureKind="java"/><InteractionEvent Delta="null" EndDate="2011-09-28 20:46:12.148 CEST" Interest="1.0000002" Kind="propagation" Navigation="org.eclipse.mylyn.core.model.edges.containment" OriginId="org.eclipse.mylyn.core.model.interest.propagation" StartDate="2011-09-28 20:46:12.148 CEST" StructureHandle="/org.eclipse.mylyn.context.sdk.java/src/org/eclipse/mylyn/context" StructureKind="resource"/><InteractionEvent Delta="null" EndDate="2011-09-28 20:47:28.260 CEST" Interest="1.0" Kind="propagation" Navigation="null" OriginId="org.eclipse.jdt.ui.CompilationUnitEditor" StartDate="2011-09-28 20:47:28.260 CEST" StructureHandle="/org.eclipse.mylyn.context.sdk.java/src/org/eclipse/mylyn/context/sdk/java/WorkspaceSetupHelper.java" StructureKind="resource"/><InteractionEvent Delta="null" EndDate="2011-09-28 20:46:08.484 CEST" Interest="0.01700002" Kind="propagation" Navigation="org.eclipse.mylyn.core.model.edges.containment" OriginId="org.eclipse.mylyn.core.model.interest.propagation" StartDate="2011-09-28 20:46:08.484 CEST" StructureHandle="=org.eclipse.mylyn.context.sdk.java/src&amp;lt;org.eclipse.mylyn.context.sdk.java{WorkspaceSetupHelper.java[WorkspaceSetupHelper" StructureKind="java"/><InteractionEvent Delta="null" EndDate="2011-09-28 20:46:09.326 CEST" Interest="1.0" Kind="propagation" Navigation="null" OriginId="org.eclipse.jdt.ui.CompilationUnitEditor" StartDate="2011-09-28 20:46:09.326 CEST" StructureHandle="/org.eclipse.mylyn.context.sdk.java/src/org/eclipse/mylyn/context/sdk/java/WorkspaceSetupHelper.java" StructureKind="resource"/><InteractionEvent Delta="null" EndDate="2011-09-28 20:47:28.260 CEST" Interest="1.0" Kind="propagation" Navigation="org.eclipse.mylyn.core.model.edges.containment" OriginId="org.eclipse.mylyn.core.model.interest.propagation" StartDate="2011-09-28 20:47:28.260 CEST" StructureHandle="/org.eclipse.mylyn.context.sdk.java/src/org/eclipse/mylyn/context/sdk/java" StructureKind="resource"/><InteractionEvent Delta="null" EndDate="2011-09-28 20:46:09.327 CEST" Interest="1.0" Kind="propagation" Navigation="org.eclipse.mylyn.core.model.edges.containment" OriginId="org.eclipse.mylyn.core.model.interest.propagation" StartDate="2011-09-28 20:46:09.327 CEST" StructureHandle="/org.eclipse.mylyn.context.sdk.java/src" StructureKind="resource"/><InteractionEvent Delta="null" EndDate="2011-09-28 20:46:05.673 CEST" Interest="0.01700002" Kind="propagation" Navigation="org.eclipse.mylyn.core.model.edges.containment" OriginId="org.eclipse.mylyn.core.model.interest.propagation" StartDate="2011-09-28 20:46:05.673 CEST" StructureHandle="=org.eclipse.mylyn.context.sdk.java/src&amp;lt;org.eclipse.mylyn.context.sdk.java{WorkspaceSetupHelper.java" StructureKind="java"/><InteractionEvent Delta="null" EndDate="2011-09-28 20:46:08.485 CEST" Interest="0.0169999" Kind="propagation" Navigation="org.eclipse.mylyn.core.model.edges.containment" OriginId="org.eclipse.mylyn.core.model.interest.propagation" StartDate="2011-09-28 20:46:08.485 CEST" StructureHandle="=org.eclipse.mylyn.context.sdk.java/src&amp;lt;org.eclipse.mylyn.context.sdk.java{WorkspaceSetupHelper.java" StructureKind="java"/><InteractionEvent Delta="null" EndDate="2011-09-28 20:47:28.288 CEST" Interest="1.0" Kind="propagation" Navigation="org.eclipse.mylyn.core.model.edges.containment" OriginId="org.eclipse.mylyn.core.model.interest.propagation" StartDate="2011-09-28 20:47:28.288 CEST" StructureHandle="/org.eclipse.mylyn.context.sdk.java/src/org/eclipse/mylyn/context/sdk" StructureKind="resource"/><InteractionEvent Delta="null" EndDate="2011-09-28 20:47:28.288 CEST" Interest="1.0" Kind="propagation" Navigation="null" OriginId="org.eclipse.jdt.ui.PackageExplorer" StartDate="2011-09-28 20:47:28.288 CEST" StructureHandle="/org.eclipse.mylyn.context.sdk.java/src/org/eclipse/mylyn/context/sdk/java/WorkspaceSetupHelper.java" StructureKind="resource"/><InteractionEvent Delta="null" EndDate="2011-09-28 20:46:05.674 CEST" Interest="0.01699996" Kind="propagation" Navigation="org.eclipse.mylyn.core.model.edges.containment" OriginId="org.eclipse.mylyn.core.model.interest.propagation" StartDate="2011-09-28 20:46:05.674 CEST" StructureHandle="=org.eclipse.mylyn.context.sdk.java/src" StructureKind="java"/><InteractionEvent Delta="null" EndDate="2011-09-28 20:47:28.290 CEST" Interest="0.9999995" Kind="propagation" Navigation="org.eclipse.mylyn.core.model.edges.containment" OriginId="org.eclipse.mylyn.core.model.interest.propagation" StartDate="2011-09-28 20:47:28.290 CEST" StructureHandle="=org.eclipse.mylyn.context.sdk.java/src" StructureKind="java"/><InteractionEvent Delta="null" EndDate="2011-09-28 20:46:05.609 CEST" Interest="1.0" Kind="propagation" Navigation="org.eclipse.mylyn.core.model.edges.containment" OriginId="org.eclipse.mylyn.core.model.interest.propagation" StartDate="2011-09-28 20:46:05.609 CEST" StructureHandle="=org.eclipse.mylyn.context.sdk.java/src&amp;lt;org.eclipse.mylyn.context.sdk.java" StructureKind="java"/><InteractionEvent Delta="null" EndDate="2011-09-28 20:46:09.326 CEST" Interest="1.0" Kind="propagation" Navigation="org.eclipse.mylyn.core.model.edges.containment" OriginId="org.eclipse.mylyn.core.model.interest.propagation" StartDate="2011-09-28 20:46:09.326 CEST" StructureHandle="/org.eclipse.mylyn.context.sdk.java/src/org/eclipse/mylyn/context/sdk" StructureKind="resource"/><InteractionEvent Delta="null" EndDate="2011-09-28 20:46:05.672 CEST" Interest="1.0" Kind="propagation" Navigation="org.eclipse.mylyn.core.model.edges.containment" OriginId="org.eclipse.mylyn.core.model.interest.propagation" StartDate="2011-09-28 20:46:05.672 CEST" StructureHandle="/org.eclipse.mylyn.context.sdk.java/src/org/eclipse/mylyn/context/sdk" StructureKind="resource"/><InteractionEvent Delta="null" EndDate="2011-09-28 20:46:05.672 CEST" Interest="1.0" Kind="propagation" Navigation="org.eclipse.mylyn.core.model.edges.containment" OriginId="org.eclipse.mylyn.core.model.interest.propagation" StartDate="2011-09-28 20:46:05.672 CEST" StructureHandle="/org.eclipse.mylyn.context.sdk.java/src/org/eclipse/mylyn/context" StructureKind="resource"/><InteractionEvent Delta="null" EndDate="2011-09-28 20:46:09.327 CEST" Interest="1.0" Kind="propagation" Navigation="org.eclipse.mylyn.core.model.edges.containment" OriginId="org.eclipse.mylyn.core.model.interest.propagation" StartDate="2011-09-28 20:46:09.327 CEST" StructureHandle="/" StructureKind="resource"/><InteractionEvent Delta="null" EndDate="2011-09-28 20:46:05.608 CEST" Interest="1.0" Kind="propagation" Navigation="org.eclipse.mylyn.core.model.edges.containment" OriginId="org.eclipse.mylyn.core.model.interest.propagation" StartDate="2011-09-28 20:46:05.608 CEST" StructureHandle="/" StructureKind="resource"/><InteractionEvent Delta="null" EndDate="2011-09-28 20:47:28.261 CEST" Interest="1.0" Kind="propagation" Navigation="org.eclipse.mylyn.core.model.edges.containment" OriginId="org.eclipse.mylyn.core.model.interest.propagation" StartDate="2011-09-28 20:47:28.261 CEST" StructureHandle="/" StructureKind="resource"/><InteractionEvent Delta="null" EndDate="2011-09-28 20:46:12.149 CEST" Interest="0.6999999" Kind="propagation" Navigation="org.eclipse.mylyn.core.model.edges.containment" OriginId="org.eclipse.mylyn.core.model.interest.propagation" StartDate="2011-09-28 20:46:12.149 CEST" StructureHandle="=org.eclipse.mylyn.context.sdk.java/src" StructureKind="java"/><InteractionEvent Delta="null" EndDate="2011-09-28 20:46:09.327 CEST" Interest="1.0" Kind="propagation" Navigation="org.eclipse.mylyn.core.model.edges.containment" OriginId="org.eclipse.mylyn.core.model.interest.propagation" StartDate="2011-09-28 20:46:09.327 CEST" StructureHandle="=org.eclipse.mylyn.context.sdk.java" StructureKind="resource"/><InteractionEvent Delta="null" EndDate="2011-09-28 20:46:05.671 CEST" Interest="1.0" Kind="selection" Navigation="null" OriginId="org.eclipse.jdt.ui.CompilationUnitEditor" StartDate="2011-09-28 20:46:05.671 CEST" StructureHandle="=org.eclipse.mylyn.context.sdk.java/src&amp;lt;org.eclipse.mylyn.context.sdk.java{WorkspaceSetupHelper.java[WorkspaceSetupHelper~createProject~QString;" StructureKind="java"/><InteractionEvent Delta="null" EndDate="2011-09-28 20:46:05.672 CEST" Interest="1.0" Kind="propagation" Navigation="null" OriginId="org.eclipse.jdt.ui.CompilationUnitEditor" StartDate="2011-09-28 20:46:05.672 CEST" StructureHandle="/org.eclipse.mylyn.context.sdk.java/src/org/eclipse/mylyn/context/sdk/java/WorkspaceSetupHelper.java" StructureKind="resource"/><InteractionEvent Delta="null" EndDate="2011-09-28 20:47:28.261 CEST" Interest="1.0" Kind="propagation" Navigation="org.eclipse.mylyn.core.model.edges.containment" OriginId="org.eclipse.mylyn.core.model.interest.propagation" StartDate="2011-09-28 20:47:28.261 CEST" StructureHandle="=org.eclipse.mylyn.context.sdk.java" StructureKind="resource"/><InteractionEvent Delta="null" EndDate="2011-09-28 20:47:28.261 CEST" Interest="1.0" Kind="propagation" Navigation="org.eclipse.mylyn.core.model.edges.containment" OriginId="org.eclipse.mylyn.core.model.interest.propagation" StartDate="2011-09-28 20:47:28.261 CEST" StructureHandle="/org.eclipse.mylyn.context.sdk.java/src" StructureKind="resource"/><InteractionEvent Delta="null" EndDate="2011-09-28 20:46:05.672 CEST" Interest="1.0" Kind="propagation" Navigation="org.eclipse.mylyn.core.model.edges.containment" OriginId="org.eclipse.mylyn.core.model.interest.propagation" StartDate="2011-09-28 20:46:05.672 CEST" StructureHandle="/org.eclipse.mylyn.context.sdk.java/src/org/eclipse" StructureKind="resource"/><InteractionEvent Delta="null" EndDate="2011-09-28 20:46:08.485 CEST" Interest="1.0000001" Kind="propagation" Navigation="org.eclipse.mylyn.core.model.edges.containment" OriginId="org.eclipse.mylyn.core.model.interest.propagation" StartDate="2011-09-28 20:46:08.485 CEST" StructureHandle="=org.eclipse.mylyn.context.sdk.java" StructureKind="resource"/><InteractionEvent Delta="null" EndDate="2011-09-28 20:46:12.148 CEST" Interest="1.0000002" Kind="propagation" Navigation="org.eclipse.mylyn.core.model.edges.containment" OriginId="org.eclipse.mylyn.core.model.interest.propagation" StartDate="2011-09-28 20:46:12.148 CEST" StructureHandle="/org.eclipse.mylyn.context.sdk.java/src/org/eclipse" StructureKind="resource"/><InteractionEvent Delta="null" EndDate="2011-09-28 20:47:28.261 CEST" Interest="1.0" Kind="propagation" Navigation="org.eclipse.mylyn.core.model.edges.containment" OriginId="org.eclipse.mylyn.core.model.interest.propagation" StartDate="2011-09-28 20:47:28.261 CEST" StructureHandle="/org.eclipse.mylyn.context.sdk.java/src/org" StructureKind="resource"/><InteractionEvent Delta="null" EndDate="2011-09-28 20:46:08.485 CEST" Interest="1.0000001" Kind="propagation" Navigation="org.eclipse.mylyn.core.model.edges.containment" OriginId="org.eclipse.mylyn.core.model.interest.propagation" StartDate="2011-09-28 20:46:08.485 CEST" StructureHandle="/org.eclipse.mylyn.context.sdk.java/src" StructureKind="resource"/><InteractionEvent Delta="null" EndDate="2011-09-28 20:46:09.326 CEST" Interest="1.0" Kind="propagation" Navigation="org.eclipse.mylyn.core.model.edges.containment" OriginId="org.eclipse.mylyn.core.model.interest.propagation" StartDate="2011-09-28 20:46:09.326 CEST" StructureHandle="/org.eclipse.mylyn.context.sdk.java/src/org/eclipse/mylyn/context" StructureKind="resource"/><InteractionEvent Delta="null" EndDate="2011-09-28 20:46:08.483 CEST" Interest="1.0" Kind="selection" Navigation="null" OriginId="org.eclipse.jdt.ui.CompilationUnitEditor" StartDate="2011-09-28 20:46:08.483 CEST" StructureHandle="=org.eclipse.mylyn.context.sdk.java/src&amp;lt;org.eclipse.mylyn.context.sdk.java{WorkspaceSetupHelper.java[WorkspaceSetupHelper~createPluginProject~QIProject;" StructureKind="java"/><InteractionEvent Delta="null" EndDate="2011-09-28 20:46:05.673 CEST" Interest="1.0" Kind="propagation" Navigation="org.eclipse.mylyn.core.model.edges.containment" OriginId="org.eclipse.mylyn.core.model.interest.propagation" StartDate="2011-09-28 20:46:05.673 CEST" StructureHandle="/org.eclipse.mylyn.context.sdk.java/src/org" StructureKind="resource"/><InteractionEvent Delta="null" EndDate="2011-09-28 20:47:28.288 CEST" Interest="1.0" Kind="propagation" Navigation="org.eclipse.mylyn.core.model.edges.containment" OriginId="org.eclipse.mylyn.core.model.interest.propagation" StartDate="2011-09-28 20:47:28.288 CEST" StructureHandle="/org.eclipse.mylyn.context.sdk.java/src/org/eclipse/mylyn/context/sdk/java" StructureKind="resource"/><InteractionEvent Delta="null" EndDate="2011-09-28 20:46:05.673 CEST" Interest="1.0" Kind="propagation" Navigation="org.eclipse.mylyn.core.model.edges.containment" OriginId="org.eclipse.mylyn.core.model.interest.propagation" StartDate="2011-09-28 20:46:05.673 CEST" StructureHandle="/org.eclipse.mylyn.context.sdk.java/src" StructureKind="resource"/><InteractionEvent Delta="null" EndDate="2011-09-28 20:46:05.608 CEST" Interest="1.0" Kind="propagation" Navigation="org.eclipse.mylyn.core.model.edges.containment" OriginId="org.eclipse.mylyn.core.model.interest.propagation" StartDate="2011-09-28 20:46:05.608 CEST" StructureHandle="/org.eclipse.mylyn.context.sdk.java/src/org/eclipse/mylyn" StructureKind="resource"/><InteractionEvent Delta="null" EndDate="2011-09-28 20:46:05.606 CEST" Interest="1.0" Kind="selection" Navigation="null" OriginId="org.eclipse.jdt.ui.CompilationUnitEditor" StartDate="2011-09-28 20:46:05.606 CEST" StructureHandle="=org.eclipse.mylyn.context.sdk.java/src&amp;lt;org.eclipse.mylyn.context.sdk.java{WorkspaceSetupHelper.java" StructureKind="java"/><InteractionEvent Delta="null" EndDate="2011-09-28 20:46:08.486 CEST" Interest="0.01699996" Kind="propagation" Navigation="org.eclipse.mylyn.core.model.edges.containment" OriginId="org.eclipse.mylyn.core.model.interest.propagation" StartDate="2011-09-28 20:46:08.486 CEST" StructureHandle="=org.eclipse.mylyn.context.sdk.java/src&amp;lt;org.eclipse.mylyn.context.sdk.java" StructureKind="java"/><InteractionEvent Delta="null" EndDate="2011-09-28 20:47:28.262 CEST" Interest="1.0000002" Kind="propagation" Navigation="org.eclipse.mylyn.core.model.edges.containment" OriginId="org.eclipse.mylyn.core.model.interest.propagation" StartDate="2011-09-28 20:47:28.262 CEST" StructureHandle="=org.eclipse.mylyn.context.sdk.java/src" StructureKind="java"/><InteractionEvent Delta="null" EndDate="2011-09-28 20:46:05.609 CEST" Interest="1.0" Kind="propagation" Navigation="org.eclipse.mylyn.core.model.edges.containment" OriginId="org.eclipse.mylyn.core.model.interest.propagation" StartDate="2011-09-28 20:46:05.609 CEST" StructureHandle="=org.eclipse.mylyn.context.sdk.java/src" StructureKind="java"/><InteractionEvent Delta="null" EndDate="2011-09-28 20:46:08.486 CEST" Interest="0.01699996" Kind="propagation" Navigation="org.eclipse.mylyn.core.model.edges.containment" OriginId="org.eclipse.mylyn.core.model.interest.propagation" StartDate="2011-09-28 20:46:08.486 CEST" StructureHandle="=org.eclipse.mylyn.context.sdk.java/src" StructureKind="java"/><InteractionEvent Delta="null" EndDate="2011-09-28 20:47:28.260 CEST" Interest="1.0" Kind="propagation" Navigation="org.eclipse.mylyn.core.model.edges.containment" OriginId="org.eclipse.mylyn.core.model.interest.propagation" StartDate="2011-09-28 20:47:28.260 CEST" StructureHandle="/org.eclipse.mylyn.context.sdk.java/src/org/eclipse/mylyn/context" StructureKind="resource"/><InteractionEvent Delta="null" EndDate="2011-09-28 20:46:12.148 CEST" Interest="1.0000002" Kind="propagation" Navigation="org.eclipse.mylyn.core.model.edges.containment" OriginId="org.eclipse.mylyn.core.model.interest.propagation" StartDate="2011-09-28 20:46:12.148 CEST" StructureHandle="/org.eclipse.mylyn.context.sdk.java/src/org/eclipse/mylyn/context/sdk/java" StructureKind="resource"/><InteractionEvent Delta="null" EndDate="2011-09-28 20:47:28.289 CEST" Interest="1.0" Kind="propagation" Navigation="org.eclipse.mylyn.core.model.edges.containment" OriginId="org.eclipse.mylyn.core.model.interest.propagation" StartDate="2011-09-28 20:47:28.289 CEST" StructureHandle="/" StructureKind="resource"/><InteractionEvent Delta="null" EndDate="2011-09-28 20:46:12.149 CEST" Interest="1.0000002" Kind="propagation" Navigation="org.eclipse.mylyn.core.model.edges.containment" OriginId="org.eclipse.mylyn.core.model.interest.propagation" StartDate="2011-09-28 20:46:12.149 CEST" StructureHandle="/org.eclipse.mylyn.context.sdk.java/src/org" StructureKind="resource"/><InteractionEvent Delta="null" EndDate="2011-09-28 20:46:08.485 CEST" Interest="1.0000001" Kind="propagation" Navigation="org.eclipse.mylyn.core.model.edges.containment" OriginId="org.eclipse.mylyn.core.model.interest.propagation" StartDate="2011-09-28 20:46:08.485 CEST" StructureHandle="/org.eclipse.mylyn.context.sdk.java/src/org/eclipse/mylyn/context" StructureKind="resource"/><InteractionEvent Delta="null" EndDate="2011-09-28 20:46:05.672 CEST" Interest="1.0" Kind="propagation" Navigation="org.eclipse.mylyn.core.model.edges.containment" OriginId="org.eclipse.mylyn.core.model.interest.propagation" StartDate="2011-09-28 20:46:05.672 CEST" StructureHandle="/org.eclipse.mylyn.context.sdk.java/src/org/eclipse/mylyn/context/sdk/java" StructureKind="resource"/><InteractionEvent Delta="null" EndDate="2011-09-28 20:46:08.484 CEST" Interest="1.0" Kind="propagation" Navigation="null" OriginId="org.eclipse.jdt.ui.CompilationUnitEditor" StartDate="2011-09-28 20:46:08.484 CEST" StructureHandle="/org.eclipse.mylyn.context.sdk.java/src/org/eclipse/mylyn/context/sdk/java/WorkspaceSetupHelper.java" StructureKind="resource"/><InteractionEvent Delta="null" EndDate="2011-09-28 20:47:28.288 CEST" Interest="1.0" Kind="propagation" Navigation="org.eclipse.mylyn.core.model.edges.containment" OriginId="org.eclipse.mylyn.core.model.interest.propagation" StartDate="2011-09-28 20:47:28.288 CEST" StructureHandle="/org.eclipse.mylyn.context.sdk.java/src/org/eclipse/mylyn" StructureKind="resource"/><InteractionEvent Delta="null" EndDate="2011-09-28 20:46:05.673 CEST" Interest="1.0" Kind="propagation" Navigation="org.eclipse.mylyn.core.model.edges.containment" OriginId="org.eclipse.mylyn.core.model.interest.propagation" StartDate="2011-09-28 20:46:05.673 CEST" StructureHandle="=org.eclipse.mylyn.context.sdk.java" StructureKind="resource"/><InteractionEvent Delta="null" EndDate="2011-09-28 20:46:08.485 CEST" Interest="1.0000001" Kind="propagation" Navigation="org.eclipse.mylyn.core.model.edges.containment" OriginId="org.eclipse.mylyn.core.model.interest.propagation" StartDate="2011-09-28 20:46:08.485 CEST" StructureHandle="/org.eclipse.mylyn.context.sdk.java/src/org/eclipse/mylyn/context/sdk" StructureKind="resource"/><InteractionEvent Delta="null" EndDate="2011-09-28 20:46:12.149 CEST" Interest="1.0000002" Kind="propagation" Navigation="org.eclipse.mylyn.core.model.edges.containment" OriginId="org.eclipse.mylyn.core.model.interest.propagation" StartDate="2011-09-28 20:46:12.149 CEST" StructureHandle="/org.eclipse.mylyn.context.sdk.java/src" StructureKind="resource"/><InteractionEvent Delta="null" EndDate="2011-09-28 20:47:28.261 CEST" Interest="1.0" Kind="propagation" Navigation="org.eclipse.mylyn.core.model.edges.containment" OriginId="org.eclipse.mylyn.core.model.interest.propagation" StartDate="2011-09-28 20:47:28.261 CEST" StructureHandle="/org.eclipse.mylyn.context.sdk.java/src/org/eclipse" StructureKind="resource"/><InteractionEvent Delta="null" EndDate="2011-09-28 20:46:09.328 CEST" Interest="0.70000005" Kind="propagation" Navigation="org.eclipse.mylyn.core.model.edges.containment" OriginId="org.eclipse.mylyn.core.model.interest.propagation" StartDate="2011-09-28 20:46:09.328 CEST" StructureHandle="=org.eclipse.mylyn.context.sdk.java/src&amp;lt;org.eclipse.mylyn.context.sdk.java" StructureKind="java"/><InteractionEvent Delta="null" EndDate="2011-09-28 20:47:28.260 CEST" Interest="1.0" Kind="selection" Navigation="null" OriginId="org.eclipse.jdt.ui.CompilationUnitEditor" StartDate="2011-09-28 20:47:28.260 CEST" StructureHandle="=org.eclipse.mylyn.context.sdk.java/src&amp;lt;org.eclipse.mylyn.context.sdk.java{WorkspaceSetupHelper.java" StructureKind="java"/><InteractionEvent Delta="null" EndDate="2011-09-28 20:46:09.326 CEST" Interest="1.0" Kind="propagation" Navigation="org.eclipse.mylyn.core.model.edges.containment" OriginId="org.eclipse.mylyn.core.model.interest.propagation" StartDate="2011-09-28 20:46:09.326 CEST" StructureHandle="/org.eclipse.mylyn.context.sdk.java/src/org/eclipse/mylyn/context/sdk/java" StructureKind="resource"/><InteractionEvent Delta="null" EndDate="2011-09-28 20:47:28.289 CEST" Interest="1.0" Kind="propagation" Navigation="org.eclipse.mylyn.core.model.edges.containment" OriginId="org.eclipse.mylyn.core.model.interest.propagation" StartDate="2011-09-28 20:47:28.289 CEST" StructureHandle="=org.eclipse.mylyn.context.sdk.java" StructureKind="resource"/><InteractionEvent Delta="null" EndDate="2011-09-28 20:46:09.327 CEST" Interest="0.70000005" Kind="propagation" Navigation="org.eclipse.mylyn.core.model.edges.containment" OriginId="org.eclipse.mylyn.core.model.interest.propagation" StartDate="2011-09-28 20:46:09.327 CEST" StructureHandle="=org.eclipse.mylyn.context.sdk.java/src&amp;lt;org.eclipse.mylyn.context.sdk.java{WorkspaceSetupHelper.java" StructureKind="java"/><InteractionEvent Delta="null" EndDate="2011-09-28 20:47:28.289 CEST" Interest="1.0" Kind="propagation" Navigation="org.eclipse.mylyn.core.model.edges.containment" OriginId="org.eclipse.mylyn.core.model.interest.propagation" StartDate="2011-09-28 20:47:28.289 CEST" StructureHandle="=org.eclipse.mylyn.context.sdk.java/src&amp;lt;org.eclipse.mylyn.context.sdk.java" StructureKind="java"/><InteractionEvent Delta="null" EndDate="2011-09-28 20:46:12.148 CEST" Interest="1.0000002" Kind="propagation" Navigation="org.eclipse.mylyn.core.model.edges.containment" OriginId="org.eclipse.mylyn.core.model.interest.propagation" StartDate="2011-09-28 20:46:12.148 CEST" StructureHandle="/org.eclipse.mylyn.context.sdk.java/src/org/eclipse/mylyn" StructureKind="resource"/><InteractionEvent Delta="null" EndDate="2011-09-28 20:47:28.288 CEST" Interest="1.0" Kind="propagation" Navigation="org.eclipse.mylyn.core.model.edges.containment" OriginId="org.eclipse.mylyn.core.model.interest.propagation" StartDate="2011-09-28 20:47:28.288 CEST" StructureHandle="/org.eclipse.mylyn.context.sdk.java/src/org/eclipse/mylyn/context" StructureKind="resource"/><InteractionEvent Delta="null" EndDate="2011-09-28 20:46:05.673 CEST" Interest="0.01700002" Kind="propagation" Navigation="org.eclipse.mylyn.core.model.edges.containment" OriginId="org.eclipse.mylyn.core.model.interest.propagation" StartDate="2011-09-28 20:46:05.673 CEST" StructureHandle="=org.eclipse.mylyn.context.sdk.java/src&amp;lt;org.eclipse.mylyn.context.sdk.java" StructureKind="java"/><InteractionEvent Delta="null" EndDate="2011-09-28 20:46:05.673 CEST" Interest="1.0" Kind="propagation" Navigation="org.eclipse.mylyn.core.model.edges.containment" OriginId="org.eclipse.mylyn.core.model.interest.propagation" StartDate="2011-09-28 20:46:05.673 CEST" StructureHandle="/" StructureKind="resource"/><InteractionEvent Delta="null" EndDate="2011-09-28 20:46:12.148 CEST" Interest="1.0" Kind="edit" Navigation="null" OriginId="org.eclipse.jdt.ui.CompilationUnitEditor" StartDate="2011-09-28 20:46:12.148 CEST" StructureHandle="=org.eclipse.mylyn.context.sdk.java/src&amp;lt;org.eclipse.mylyn.context.sdk.java{WorkspaceSetupHelper.java[WorkspaceSetupHelper~createPluginProject~QIProject;" StructureKind="java"/><InteractionEvent Delta="null" EndDate="2011-09-28 20:46:05.608 CEST" Interest="1.0" Kind="propagation" Navigation="org.eclipse.mylyn.core.model.edges.containment" OriginId="org.eclipse.mylyn.core.model.interest.propagation" StartDate="2011-09-28 20:46:05.608 CEST" StructureHandle="/org.eclipse.mylyn.context.sdk.java/src/org/eclipse/mylyn/context" StructureKind="resource"/><InteractionEvent Delta="null" EndDate="2011-09-28 20:46:05.608 CEST" Interest="1.0" Kind="propagation" Navigation="org.eclipse.mylyn.core.model.edges.containment" OriginId="org.eclipse.mylyn.core.model.interest.propagation" StartDate="2011-09-28 20:46:05.608 CEST" StructureHandle="/org.eclipse.mylyn.context.sdk.java/src/org/eclipse/mylyn/context/sdk" StructureKind="resource"/><InteractionEvent Delta="null" EndDate="2011-09-28 20:46:12.148 CEST" Interest="0.70000017" Kind="propagation" Navigation="org.eclipse.mylyn.core.model.edges.containment" OriginId="org.eclipse.mylyn.core.model.interest.propagation" StartDate="2011-09-28 20:46:12.148 CEST" StructureHandle="=org.eclipse.mylyn.context.sdk.java/src&amp;lt;org.eclipse.mylyn.context.sdk.java{WorkspaceSetupHelper.java[WorkspaceSetupHelper" StructureKind="java"/><InteractionEvent Delta="null" EndDate="2011-09-28 20:46:08.484 CEST" Interest="1.0000001" Kind="propagation" Navigation="org.eclipse.mylyn.core.model.edges.containment" OriginId="org.eclipse.mylyn.core.model.interest.propagation" StartDate="2011-09-28 20:46:08.484 CEST" StructureHandle="/org.eclipse.mylyn.context.sdk.java/src/org/eclipse/mylyn/context/sdk/java" StructureKind="resource"/><InteractionEvent Delta="null" EndDate="2011-09-28 20:46:05.608 CEST" Interest="1.0" Kind="propagation" Navigation="org.eclipse.mylyn.core.model.edges.containment" OriginId="org.eclipse.mylyn.core.model.interest.propagation" StartDate="2011-09-28 20:46:05.608 CEST" StructureHandle="/org.eclipse.mylyn.context.sdk.java/src/org/eclipse" StructureKind="resource"/><InteractionEvent Delta="null" EndDate="2011-09-28 20:47:28.289 CEST" Interest="1.0" Kind="propagation" Navigation="org.eclipse.mylyn.core.model.edges.containment" OriginId="org.eclipse.mylyn.core.model.interest.propagation" StartDate="2011-09-28 20:47:28.289 CEST" StructureHandle="/org.eclipse.mylyn.context.sdk.java/src/org/eclipse" StructureKind="resource"/><InteractionEvent Delta="null" EndDate="2011-09-28 20:46:09.325 CEST" Interest="1.0" Kind="edit" Navigation="null" OriginId="org.eclipse.jdt.ui.CompilationUnitEditor" StartDate="2011-09-28 20:46:09.325 CEST" StructureHandle="=org.eclipse.mylyn.context.sdk.java/src&amp;lt;org.eclipse.mylyn.context.sdk.java{WorkspaceSetupHelper.java[WorkspaceSetupHelper~createPluginProject~QIProject;" StructureKind="java"/><InteractionEvent Delta="null" EndDate="2011-09-28 20:47:28.261 CEST" Interest="1.0" Kind="propagation" Navigation="org.eclipse.mylyn.core.model.edges.containment" OriginId="org.eclipse.mylyn.core.model.interest.propagation" StartDate="2011-09-28 20:47:28.261 CEST" StructureHandle="/org.eclipse.mylyn.context.sdk.java/src/org/eclipse/mylyn" StructureKind="resource"/><InteractionEvent Delta="null" EndDate="2011-09-28 20:46:12.149 CEST" Interest="0.7000003" Kind="propagation" Navigation="org.eclipse.mylyn.core.model.edges.containment" OriginId="org.eclipse.mylyn.core.model.interest.propagation" StartDate="2011-09-28 20:46:12.149 CEST" StructureHandle="=org.eclipse.mylyn.context.sdk.java/src&amp;lt;org.eclipse.mylyn.context.sdk.java{WorkspaceSetupHelper.java" StructureKind="java"/><InteractionEvent Delta="null" EndDate="2011-09-28 20:46:12.149 CEST" Interest="0.70000017" Kind="propagation" Navigation="org.eclipse.mylyn.core.model.edges.containment" OriginId="org.eclipse.mylyn.core.model.interest.propagation" StartDate="2011-09-28 20:46:12.149 CEST" StructureHandle="=org.eclipse.mylyn.context.sdk.java/src&amp;lt;org.eclipse.mylyn.context.sdk.java" StructureKind="java"/><InteractionEvent Delta="null" EndDate="2011-09-28 20:46:05.608 CEST" Interest="1.0" Kind="propagation" Navigation="org.eclipse.mylyn.core.model.edges.containment" OriginId="org.eclipse.mylyn.core.model.interest.propagation" StartDate="2011-09-28 20:46:05.608 CEST" StructureHandle="/org.eclipse.mylyn.context.sdk.java/src" StructureKind="resource"/><InteractionEvent Delta="null" EndDate="2011-09-28 20:46:12.148 CEST" Interest="1.0" Kind="propagation" Navigation="null" OriginId="org.eclipse.jdt.ui.CompilationUnitEditor" StartDate="2011-09-28 20:46:12.148 CEST" StructureHandle="/org.eclipse.mylyn.context.sdk.java/src/org/eclipse/mylyn/context/sdk/java/WorkspaceSetupHelper.java" StructureKind="resource"/><InteractionEvent Delta="null" EndDate="2011-09-28 20:46:09.329 CEST" Interest="0.70000005" Kind="propagation" Navigation="org.eclipse.mylyn.core.model.edges.containment" OriginId="org.eclipse.mylyn.core.model.interest.propagation" StartDate="2011-09-28 20:46:09.329 CEST" StructureHandle="=org.eclipse.mylyn.context.sdk.java/src" StructureKind="java"/><InteractionEvent Delta="null" EndDate="2011-09-28 20:46:08.485 CEST" Interest="1.0000001" Kind="propagation" Navigation="org.eclipse.mylyn.core.model.edges.containment" OriginId="org.eclipse.mylyn.core.model.interest.propagation" StartDate="2011-09-28 20:46:08.485 CEST" StructureHandle="/org.eclipse.mylyn.context.sdk.java/src/org" StructureKind="resource"/><InteractionEvent Delta="null" EndDate="2011-09-28 20:46:12.148 CEST" Interest="1.0000002" Kind="propagation" Navigation="org.eclipse.mylyn.core.model.edges.containment" OriginId="org.eclipse.mylyn.core.model.interest.propagation" StartDate="2011-09-28 20:46:12.148 CEST" StructureHandle="/org.eclipse.mylyn.context.sdk.java/src/org/eclipse/mylyn/context/sdk" StructureKind="resource"/><InteractionEvent Delta="null" EndDate="2011-09-28 20:46:09.326 CEST" Interest="1.0" Kind="propagation" Navigation="org.eclipse.mylyn.core.model.edges.containment" OriginId="org.eclipse.mylyn.core.model.interest.propagation" StartDate="2011-09-28 20:46:09.326 CEST" StructureHandle="/org.eclipse.mylyn.context.sdk.java/src/org/eclipse/mylyn" StructureKind="resource"/><InteractionEvent Delta="null" EndDate="2011-09-28 20:46:05.672 CEST" Interest="1.0" Kind="propagation" Navigation="org.eclipse.mylyn.core.model.edges.containment" OriginId="org.eclipse.mylyn.core.model.interest.propagation" StartDate="2011-09-28 20:46:05.672 CEST" StructureHandle="/org.eclipse.mylyn.context.sdk.java/src/org/eclipse/mylyn" StructureKind="resource"/><InteractionEvent Delta="null" EndDate="2011-09-28 20:46:09.327 CEST" Interest="1.0" Kind="propagation" Navigation="org.eclipse.mylyn.core.model.edges.containment" OriginId="org.eclipse.mylyn.core.model.interest.propagation" StartDate="2011-09-28 20:46:09.327 CEST" StructureHandle="/org.eclipse.mylyn.context.sdk.java/src/org" StructureKind="resource"/><InteractionEvent Delta="null" EndDate="2011-09-28 20:46:09.326 CEST" Interest="1.0" Kind="propagation" Navigation="org.eclipse.mylyn.core.model.edges.containment" OriginId="org.eclipse.mylyn.core.model.interest.propagation" StartDate="2011-09-28 20:46:09.326 CEST" StructureHandle="/org.eclipse.mylyn.context.sdk.java/src/org/eclipse" StructureKind="resource"/><InteractionEvent Delta="null" EndDate="2011-09-28 20:46:08.485 CEST" Interest="1.0000001" Kind="propagation" Navigation="org.eclipse.mylyn.core.model.edges.containment" OriginId="org.eclipse.mylyn.core.model.interest.propagation" StartDate="2011-09-28 20:46:08.485 CEST" StructureHandle="/" StructureKind="resource"/><InteractionEvent Delta="null" EndDate="2011-09-28 20:46:05.608 CEST" Interest="1.0" Kind="propagation" Navigation="org.eclipse.mylyn.core.model.edges.containment" OriginId="org.eclipse.mylyn.core.model.interest.propagation" StartDate="2011-09-28 20:46:05.608 CEST" StructureHandle="/org.eclipse.mylyn.context.sdk.java/src/org" StructureKind="resource"/><InteractionEvent Delta="null" EndDate="2011-09-28 20:46:05.608 CEST" Interest="1.0" Kind="propagation" Navigation="org.eclipse.mylyn.core.model.edges.containment" OriginId="org.eclipse.mylyn.core.model.interest.propagation" StartDate="2011-09-28 20:46:05.608 CEST" StructureHandle="/org.eclipse.mylyn.context.sdk.java/src/org/eclipse/mylyn/context/sdk/java" StructureKind="resource"/><InteractionEvent Delta="null" EndDate="2011-09-28 20:46:05.672 CEST" Interest="1.0" Kind="propagation" Navigation="org.eclipse.mylyn.core.model.edges.containment" OriginId="org.eclipse.mylyn.core.model.interest.propagation" StartDate="2011-09-28 20:46:05.672 CEST" StructureHandle="=org.eclipse.mylyn.context.sdk.java/src&amp;lt;org.eclipse.mylyn.context.sdk.java{WorkspaceSetupHelper.java[WorkspaceSetupHelper" StructureKind="java"/><InteractionEvent Delta="null" EndDate="2011-09-28 20:47:28.289 CEST" Interest="1.0" Kind="propagation" Navigation="org.eclipse.mylyn.core.model.edges.containment" OriginId="org.eclipse.mylyn.core.model.interest.propagation" StartDate="2011-09-28 20:47:28.289 CEST" StructureHandle="/org.eclipse.mylyn.context.sdk.java/src/org" StructureKind="resource"/><InteractionEvent Delta="null" EndDate="2011-09-28 20:47:28.260 CEST" Interest="1.0" Kind="propagation" Navigation="org.eclipse.mylyn.core.model.edges.containment" OriginId="org.eclipse.mylyn.core.model.interest.propagation" StartDate="2011-09-28 20:47:28.260 CEST" StructureHandle="/org.eclipse.mylyn.context.sdk.java/src/org/eclipse/mylyn/context/sdk" StructureKind="resource"/><InteractionEvent Delta="null" EndDate="2011-09-28 20:47:28.261 CEST" Interest="1.0000002" Kind="propagation" Navigation="org.eclipse.mylyn.core.model.edges.containment" OriginId="org.eclipse.mylyn.core.model.interest.propagation" StartDate="2011-09-28 20:47:28.261 CEST" StructureHandle="=org.eclipse.mylyn.context.sdk.java/src&amp;lt;org.eclipse.mylyn.context.sdk.java" StructureKind="java"/></InteractionHistory>