<?xml version="1.0" encoding="UTF-8"?><InteractionHistory Id="https://bugs.eclipse.org/bugs-378947" Version="1"><InteractionEvent Delta="null" EndDate="2012-05-09 11:42:14.192 CEST" Interest="1.0" Kind="propagation" Navigation="null" OriginId="org.eclipse.jdt.ui.CompilationUnitEditor" StartDate="2012-05-09 11:42:14.192 CEST" StructureHandle="/org.eclipse.mylyn.java.tasks/src/org/eclipse/mylyn/internal/java/tasks/JavaStackTraceFileHyperlink.java" StructureKind="resource"/><InteractionEvent Delta="null" EndDate="2012-05-09 11:43:16.631 CEST" Interest="0.6999998" Kind="propagation" Navigation="org.eclipse.mylyn.core.model.edges.containment" OriginId="org.eclipse.mylyn.core.model.interest.propagation" StartDate="2012-05-09 11:43:16.631 CEST" StructureHandle="=org.eclipse.mylyn.java.tasks/\/home\/spingel\/workspace-e_4_2_m_3_x\/.metadata\/.plugins\/org.eclipse.pde.core\/.bundle_pool\/plugins\/org.eclipse.jdt.debug.ui_3.6.100.v20120305-1601.jar&amp;lt;org.eclipse.jdt.internal.debug.ui.actions(OpenTypeAction.class[OpenTypeAction" StructureKind="java"/><InteractionEvent Delta="null" EndDate="2012-05-09 11:43:16.754 CEST" Interest="1.0" Kind="propagation" Navigation="org.eclipse.mylyn.core.model.edges.containment" OriginId="org.eclipse.mylyn.core.model.interest.propagation" StartDate="2012-05-09 11:43:16.754 CEST" StructureHandle="/" StructureKind="resource"/><InteractionEvent Delta="null" EndDate="2012-05-09 11:42:40.210 CEST" Interest="0.7000001" Kind="propagation" Navigation="org.eclipse.mylyn.core.model.edges.containment" OriginId="org.eclipse.mylyn.core.model.interest.propagation" StartDate="2012-05-09 11:42:40.210 CEST" StructureHandle="=org.eclipse.mylyn.java.tasks/\/home\/spingel\/workspace-e_4_2_m_3_x\/.metadata\/.plugins\/org.eclipse.pde.core\/.bundle_pool\/plugins\/org.eclipse.jdt.debug.ui_3.6.100.v20120305-1601.jar&amp;lt;org.eclipse.jdt.internal.debug.ui.actions(OpenTypeAction.class[OpenTypeAction" StructureKind="java"/><InteractionEvent Delta="null" EndDate="2012-05-09 11:43:45.481 CEST" Interest="1.0" Kind="selection" Navigation="null" OriginId="org.eclipse.jdt.ui.PackageExplorer" StartDate="2012-05-09 11:43:45.481 CEST" StructureHandle="/org.eclipse.mylyn-target/mylyn-dev-e3.8.target" StructureKind="resource"/><InteractionEvent Delta="null" EndDate="2012-05-09 11:42:54.294 CEST" Interest="1.0000002" Kind="propagation" Navigation="org.eclipse.mylyn.core.model.edges.containment" OriginId="org.eclipse.mylyn.core.model.interest.propagation" StartDate="2012-05-09 11:42:54.294 CEST" StructureHandle="=org.eclipse.mylyn.java.tasks/\/home\/spingel\/workspace-e_4_2_m_3_x\/.metadata\/.plugins\/org.eclipse.pde.core\/.bundle_pool\/plugins\/org.eclipse.jdt.debug.ui_3.6.100.v20120305-1601.jar" StructureKind="java"/><InteractionEvent Delta="null" EndDate="2012-05-09 11:42:54.294 CEST" Interest="1.0" Kind="propagation" Navigation="org.eclipse.mylyn.core.model.edges.containment" OriginId="org.eclipse.mylyn.core.model.interest.propagation" StartDate="2012-05-09 11:42:54.294 CEST" StructureHandle="=org.eclipse.mylyn.java.tasks/\/home\/spingel\/workspace-e_4_2_m_3_x\/.metadata\/.plugins\/org.eclipse.pde.core\/.bundle_pool\/plugins\/org.eclipse.jdt.debug.ui_3.6.100.v20120305-1601.jar&amp;lt;org.eclipse.jdt.internal.debug.ui.actions(OpenTypeAction.class" StructureKind="java"/><InteractionEvent Delta="null" EndDate="2012-05-09 11:43:28.925 CEST" Interest="0.6999998" Kind="propagation" Navigation="org.eclipse.mylyn.core.model.edges.containment" OriginId="org.eclipse.mylyn.core.model.interest.propagation" StartDate="2012-05-09 11:43:28.925 CEST" StructureHandle="=org.eclipse.mylyn.java.tasks/\/home\/spingel\/workspace-e_4_2_m_3_x\/.metadata\/.plugins\/org.eclipse.pde.core\/.bundle_pool\/plugins\/org.eclipse.jdt.debug.ui_3.6.100.v20120305-1601.jar&amp;lt;org.eclipse.jdt.internal.debug.ui.actions" StructureKind="java"/><InteractionEvent Delta="null" EndDate="2012-05-09 11:42:47.543 CEST" Interest="1.0" Kind="propagation" Navigation="org.eclipse.mylyn.core.model.edges.containment" OriginId="org.eclipse.mylyn.core.model.interest.propagation" StartDate="2012-05-09 11:42:47.543 CEST" StructureHandle="/org.eclipse.mylyn.java.tasks/src" StructureKind="resource"/><InteractionEvent Delta="null" EndDate="2012-05-09 11:42:47.523 CEST" Interest="1.0" Kind="propagation" Navigation="org.eclipse.mylyn.core.model.edges.containment" OriginId="org.eclipse.mylyn.core.model.interest.propagation" StartDate="2012-05-09 11:42:47.523 CEST" StructureHandle="/org.eclipse.mylyn.java.tasks/src/org/eclipse/mylyn/internal/java" StructureKind="resource"/><InteractionEvent Delta="null" EndDate="2012-05-09 11:43:29.434 CEST" Interest="0.6999998" Kind="propagation" Navigation="org.eclipse.mylyn.core.model.edges.containment" OriginId="org.eclipse.mylyn.core.model.interest.propagation" StartDate="2012-05-09 11:43:29.434 CEST" StructureHandle="=org.eclipse.mylyn.java.tasks" StructureKind="java"/><InteractionEvent Delta="null" EndDate="2012-05-09 11:43:16.753 CEST" Interest="0.9999995" Kind="propagation" Navigation="org.eclipse.mylyn.core.model.edges.containment" OriginId="org.eclipse.mylyn.core.model.interest.propagation" StartDate="2012-05-09 11:43:16.753 CEST" StructureHandle="=org.eclipse.mylyn.java.tasks/\/home\/spingel\/workspace-e_4_2_m_3_x\/.metadata\/.plugins\/org.eclipse.pde.core\/.bundle_pool\/plugins\/org.eclipse.jdt.debug.ui_3.6.100.v20120305-1601.jar" StructureKind="java"/><InteractionEvent Delta="null" EndDate="2012-05-09 11:43:16.753 CEST" Interest="1.0" Kind="selection" Navigation="null" OriginId="org.eclipse.jdt.ui.ClassFileEditor" StartDate="2012-05-09 11:43:16.753 CEST" StructureHandle="=org.eclipse.mylyn.java.tasks/\/home\/spingel\/workspace-e_4_2_m_3_x\/.metadata\/.plugins\/org.eclipse.pde.core\/.bundle_pool\/plugins\/org.eclipse.jdt.debug.ui_3.6.100.v20120305-1601.jar&amp;lt;org.eclipse.jdt.internal.debug.ui.actions(OpenTypeAction.class[OpenTypeAction" StructureKind="java"/><InteractionEvent Delta="null" EndDate="2012-05-09 11:42:14.238 CEST" Interest="0.7000001" Kind="propagation" Navigation="org.eclipse.mylyn.core.model.edges.containment" OriginId="org.eclipse.mylyn.core.model.interest.propagation" StartDate="2012-05-09 11:42:14.238 CEST" StructureHandle="=org.eclipse.mylyn.java.tasks/src&amp;lt;org.eclipse.mylyn.internal.java.tasks" StructureKind="java"/><InteractionEvent Delta="null" EndDate="2012-05-09 11:43:30.363 CEST" Interest="0.7000001" Kind="propagation" Navigation="org.eclipse.mylyn.core.model.edges.containment" OriginId="org.eclipse.mylyn.core.model.interest.propagation" StartDate="2012-05-09 11:43:30.363 CEST" StructureHandle="=org.eclipse.mylyn-target" StructureKind="java"/><InteractionEvent Delta="null" EndDate="2012-05-09 11:42:47.524 CEST" Interest="1.0" Kind="propagation" Navigation="org.eclipse.mylyn.core.model.edges.containment" OriginId="org.eclipse.mylyn.core.model.interest.propagation" StartDate="2012-05-09 11:42:47.524 CEST" StructureHandle="/org.eclipse.mylyn.java.tasks/src" StructureKind="resource"/><InteractionEvent Delta="null" EndDate="2012-05-09 11:43:28.722 CEST" Interest="0.69999933" Kind="propagation" Navigation="org.eclipse.mylyn.core.model.edges.containment" OriginId="org.eclipse.mylyn.core.model.interest.propagation" StartDate="2012-05-09 11:43:28.722 CEST" StructureHandle="=org.eclipse.mylyn.java.tasks/\/home\/spingel\/workspace-e_4_2_m_3_x\/.metadata\/.plugins\/org.eclipse.pde.core\/.bundle_pool\/plugins\/org.eclipse.jdt.debug.ui_3.6.100.v20120305-1601.jar&amp;lt;org.eclipse.jdt.internal.debug.ui.actions(OpenTypeAction.class[OpenTypeAction" StructureKind="java"/><InteractionEvent Delta="null" EndDate="2012-05-09 11:42:40.7 CEST" Interest="0.70000005" Kind="propagation" Navigation="org.eclipse.mylyn.core.model.edges.containment" OriginId="org.eclipse.mylyn.core.model.interest.propagation" StartDate="2012-05-09 11:42:40.7 CEST" StructureHandle="=org.eclipse.mylyn.java.tasks/\/home\/spingel\/workspace-e_4_2_m_3_x\/.metadata\/.plugins\/org.eclipse.pde.core\/.bundle_pool\/plugins\/org.eclipse.jdt.debug.ui_3.6.100.v20120305-1601.jar" StructureKind="java"/><InteractionEvent Delta="null" EndDate="2012-05-09 11:42:47.543 CEST" Interest="1.0" Kind="propagation" Navigation="org.eclipse.mylyn.core.model.edges.containment" OriginId="org.eclipse.mylyn.core.model.interest.propagation" StartDate="2012-05-09 11:42:47.543 CEST" StructureHandle="/org.eclipse.mylyn.java.tasks/src/org/eclipse/mylyn/internal/java" StructureKind="resource"/><InteractionEvent Delta="null" EndDate="2012-05-09 11:43:29.434 CEST" Interest="1.0" Kind="propagation" Navigation="org.eclipse.mylyn.core.model.edges.containment" OriginId="org.eclipse.mylyn.core.model.interest.propagation" StartDate="2012-05-09 11:43:29.434 CEST" StructureHandle="/" StructureKind="resource"/><InteractionEvent Delta="null" EndDate="2012-05-09 11:42:54.295 CEST" Interest="1.0" Kind="propagation" Navigation="org.eclipse.mylyn.core.model.edges.containment" OriginId="org.eclipse.mylyn.core.model.interest.propagation" StartDate="2012-05-09 11:42:54.295 CEST" StructureHandle="/" StructureKind="resource"/><InteractionEvent Delta="null" EndDate="2012-05-09 11:42:14.236 CEST" Interest="0.7000001" Kind="propagation" Navigation="org.eclipse.mylyn.core.model.edges.containment" OriginId="org.eclipse.mylyn.core.model.interest.propagation" StartDate="2012-05-09 11:42:14.236 CEST" StructureHandle="=org.eclipse.mylyn.java.tasks/src&amp;lt;org.eclipse.mylyn.internal.java.tasks{JavaStackTraceFileHyperlink.java[JavaStackTraceFileHyperlink~startSourceSearch~QString;~I[" StructureKind="java"/><InteractionEvent Delta="null" EndDate="2012-05-09 11:42:47.545 CEST" Interest="0.8149991" Kind="propagation" Navigation="org.eclipse.mylyn.core.model.edges.containment" OriginId="org.eclipse.mylyn.core.model.interest.propagation" StartDate="2012-05-09 11:42:47.545 CEST" StructureHandle="" StructureKind="java"/><InteractionEvent Delta="null" EndDate="2012-05-09 11:42:47.544 CEST" Interest="1.0" Kind="propagation" Navigation="null" OriginId="org.eclipse.jdt.callhierarchy.view" StartDate="2012-05-09 11:42:47.544 CEST" StructureHandle="/org.eclipse.mylyn.java.tasks" StructureKind="resource"/><InteractionEvent Delta="null" EndDate="2012-05-09 11:43:28.762 CEST" Interest="0.7000017" Kind="propagation" Navigation="org.eclipse.mylyn.core.model.edges.containment" OriginId="org.eclipse.mylyn.core.model.interest.propagation" StartDate="2012-05-09 11:43:28.762 CEST" StructureHandle="=org.eclipse.mylyn.java.tasks/\/home\/spingel\/workspace-e_4_2_m_3_x\/.metadata\/.plugins\/org.eclipse.pde.core\/.bundle_pool\/plugins\/org.eclipse.jdt.debug.ui_3.6.100.v20120305-1601.jar&amp;lt;org.eclipse.jdt.internal.debug.ui.actions(OpenTypeAction.class[OpenTypeAction" StructureKind="java"/><InteractionEvent Delta="null" EndDate="2012-05-09 11:43:16.635 CEST" Interest="1.0" Kind="propagation" Navigation="null" OriginId="org.eclipse.jdt.ui.ClassFileEditor" StartDate="2012-05-09 11:43:16.635 CEST" StructureHandle="/org.eclipse.mylyn.java.tasks" StructureKind="resource"/><InteractionEvent Delta="null" EndDate="2012-05-09 11:42:47.543 CEST" Interest="1.0" Kind="propagation" Navigation="null" OriginId="org.eclipse.jdt.callhierarchy.view" StartDate="2012-05-09 11:42:47.543 CEST" StructureHandle="/org.eclipse.mylyn.java.tasks/src/org/eclipse/mylyn/internal/java/tasks/JavaStackTraceFileHyperlink.java" StructureKind="resource"/><InteractionEvent Delta="null" EndDate="2012-05-09 11:43:30.370 CEST" Interest="1.0" Kind="propagation" Navigation="null" OriginId="org.eclipse.ui.DefaultTextEditor" StartDate="2012-05-09 11:43:30.370 CEST" StructureHandle="/org.eclipse.mylyn-target" StructureKind="resource"/><InteractionEvent Delta="null" EndDate="2012-05-09 11:43:16.632 CEST" Interest="1.0" Kind="propagation" Navigation="null" OriginId="org.eclipse.jdt.ui.ClassFileEditor" StartDate="2012-05-09 11:43:16.632 CEST" StructureHandle="/org.eclipse.mylyn.java.tasks" StructureKind="resource"/><InteractionEvent Delta="null" EndDate="2012-05-09 11:43:28.763 CEST" Interest="0.7000017" Kind="propagation" Navigation="org.eclipse.mylyn.core.model.edges.containment" OriginId="org.eclipse.mylyn.core.model.interest.propagation" StartDate="2012-05-09 11:43:28.763 CEST" StructureHandle="=org.eclipse.mylyn.java.tasks/\/home\/spingel\/workspace-e_4_2_m_3_x\/.metadata\/.plugins\/org.eclipse.pde.core\/.bundle_pool\/plugins\/org.eclipse.jdt.debug.ui_3.6.100.v20120305-1601.jar&amp;lt;org.eclipse.jdt.internal.debug.ui.actions" StructureKind="java"/><InteractionEvent Delta="null" EndDate="2012-05-09 11:43:28.763 CEST" Interest="0.7000017" Kind="propagation" Navigation="org.eclipse.mylyn.core.model.edges.containment" OriginId="org.eclipse.mylyn.core.model.interest.propagation" StartDate="2012-05-09 11:43:28.763 CEST" StructureHandle="" StructureKind="java"/><InteractionEvent Delta="null" EndDate="2012-05-09 11:43:28.723 CEST" Interest="0.69999886" Kind="propagation" Navigation="org.eclipse.mylyn.core.model.edges.containment" OriginId="org.eclipse.mylyn.core.model.interest.propagation" StartDate="2012-05-09 11:43:28.723 CEST" StructureHandle="" StructureKind="java"/><InteractionEvent Delta="null" EndDate="2012-05-09 11:43:28.763 CEST" Interest="0.7000017" Kind="propagation" Navigation="org.eclipse.mylyn.core.model.edges.containment" OriginId="org.eclipse.mylyn.core.model.interest.propagation" StartDate="2012-05-09 11:43:28.763 CEST" StructureHandle="=org.eclipse.mylyn.java.tasks/\/home\/spingel\/workspace-e_4_2_m_3_x\/.metadata\/.plugins\/org.eclipse.pde.core\/.bundle_pool\/plugins\/org.eclipse.jdt.debug.ui_3.6.100.v20120305-1601.jar" StructureKind="java"/><InteractionEvent Delta="null" EndDate="2012-05-09 11:43:28.723 CEST" Interest="0.69999886" Kind="propagation" Navigation="org.eclipse.mylyn.core.model.edges.containment" OriginId="org.eclipse.mylyn.core.model.interest.propagation" StartDate="2012-05-09 11:43:28.723 CEST" StructureHandle="=org.eclipse.mylyn.java.tasks/\/home\/spingel\/workspace-e_4_2_m_3_x\/.metadata\/.plugins\/org.eclipse.pde.core\/.bundle_pool\/plugins\/org.eclipse.jdt.debug.ui_3.6.100.v20120305-1601.jar" StructureKind="java"/><InteractionEvent Delta="null" EndDate="2012-05-09 11:42:14.193 CEST" Interest="1.0" Kind="propagation" Navigation="org.eclipse.mylyn.core.model.edges.containment" OriginId="org.eclipse.mylyn.core.model.interest.propagation" StartDate="2012-05-09 11:42:14.193 CEST" StructureHandle="=org.eclipse.mylyn.java.tasks/src&amp;lt;org.eclipse.mylyn.internal.java.tasks" StructureKind="java"/><InteractionEvent Delta="null" EndDate="2012-05-09 11:42:14.236 CEST" Interest="1.0" Kind="edit" Navigation="null" OriginId="org.eclipse.jdt.ui.CompilationUnitEditor" StartDate="2012-05-09 11:42:14.236 CEST" StructureHandle="=org.eclipse.mylyn.java.tasks/src&amp;lt;org.eclipse.mylyn.internal.java.tasks{JavaStackTraceFileHyperlink.java[JavaStackTraceFileHyperlink~startSourceSearch~QString;~I[~run~QIProgressMonitor;" StructureKind="java"/><InteractionEvent Delta="null" EndDate="2012-05-09 11:42:40.681 CEST" Interest="1.0" Kind="propagation" Navigation="org.eclipse.mylyn.core.model.edges.containment" OriginId="org.eclipse.mylyn.core.model.interest.propagation" StartDate="2012-05-09 11:42:40.681 CEST" StructureHandle="/" StructureKind="resource"/><InteractionEvent Delta="null" EndDate="2012-05-09 11:43:28.925 CEST" Interest="0.6999998" Kind="propagation" Navigation="org.eclipse.mylyn.core.model.edges.containment" OriginId="org.eclipse.mylyn.core.model.interest.propagation" StartDate="2012-05-09 11:43:28.925 CEST" StructureHandle="=org.eclipse.mylyn.java.tasks" StructureKind="java"/><InteractionEvent Delta="null" EndDate="2012-05-09 11:42:54.295 CEST" Interest="1.0" Kind="propagation" Navigation="null" OriginId="org.eclipse.jdt.callhierarchy.view" StartDate="2012-05-09 11:42:54.295 CEST" StructureHandle="/org.eclipse.mylyn.java.tasks" StructureKind="resource"/><InteractionEvent Delta="null" EndDate="2012-05-09 11:42:41.652 CEST" Interest="1.0" Kind="propagation" Navigation="org.eclipse.mylyn.core.model.edges.containment" OriginId="org.eclipse.mylyn.core.model.interest.propagation" StartDate="2012-05-09 11:42:41.652 CEST" StructureHandle="/" StructureKind="resource"/><InteractionEvent Delta="null" EndDate="2012-05-09 11:42:43.115 CEST" Interest="0.8190005" Kind="propagation" Navigation="org.eclipse.mylyn.core.model.edges.containment" OriginId="org.eclipse.mylyn.core.model.interest.propagation" StartDate="2012-05-09 11:42:43.115 CEST" StructureHandle="=org.eclipse.mylyn.java.tasks/\/home\/spingel\/workspace-e_4_2_m_3_x\/.metadata\/.plugins\/org.eclipse.pde.core\/.bundle_pool\/plugins\/org.eclipse.jdt.debug.ui_3.6.100.v20120305-1601.jar&amp;lt;org.eclipse.jdt.internal.debug.ui.actions(OpenTypeAction.class" StructureKind="java"/><InteractionEvent Delta="null" EndDate="2012-05-09 11:42:54.294 CEST" Interest="0.99999976" Kind="propagation" Navigation="org.eclipse.mylyn.core.model.edges.containment" OriginId="org.eclipse.mylyn.core.model.interest.propagation" StartDate="2012-05-09 11:42:54.294 CEST" StructureHandle="=org.eclipse.mylyn.java.tasks/\/home\/spingel\/workspace-e_4_2_m_3_x\/.metadata\/.plugins\/org.eclipse.pde.core\/.bundle_pool\/plugins\/org.eclipse.jdt.debug.ui_3.6.100.v20120305-1601.jar&amp;lt;org.eclipse.jdt.internal.debug.ui.actions" StructureKind="java"/><InteractionEvent Delta="null" EndDate="2012-05-09 11:42:14.192 CEST" Interest="1.0" Kind="propagation" Navigation="org.eclipse.mylyn.core.model.edges.containment" OriginId="org.eclipse.mylyn.core.model.interest.propagation" StartDate="2012-05-09 11:42:14.192 CEST" StructureHandle="/org.eclipse.mylyn.java.tasks/src/org/eclipse/mylyn" StructureKind="resource"/><InteractionEvent Delta="null" EndDate="2012-05-09 11:43:30.332 CEST" Interest="1.0" Kind="selection" Navigation="null" OriginId="org.eclipse.ui.DefaultTextEditor" StartDate="2012-05-09 11:43:30.332 CEST" StructureHandle="/org.eclipse.mylyn-target/mylyn-e3.8.target" StructureKind="resource"/><InteractionEvent Delta="null" EndDate="2012-05-09 11:43:28.925 CEST" Interest="0.6999998" Kind="propagation" Navigation="org.eclipse.mylyn.core.model.edges.containment" OriginId="org.eclipse.mylyn.core.model.interest.propagation" StartDate="2012-05-09 11:43:28.925 CEST" StructureHandle="" StructureKind="java"/><InteractionEvent Delta="null" EndDate="2012-05-09 11:42:14.192 CEST" Interest="1.0" Kind="propagation" Navigation="org.eclipse.mylyn.core.model.edges.containment" OriginId="org.eclipse.mylyn.core.model.interest.propagation" StartDate="2012-05-09 11:42:14.192 CEST" StructureHandle="/org.eclipse.mylyn.java.tasks/src/org/eclipse/mylyn/internal" StructureKind="resource"/><InteractionEvent Delta="null" EndDate="2012-05-09 11:43:16.754 CEST" Interest="0.9999995" Kind="propagation" Navigation="org.eclipse.mylyn.core.model.edges.containment" OriginId="org.eclipse.mylyn.core.model.interest.propagation" StartDate="2012-05-09 11:43:16.754 CEST" StructureHandle="" StructureKind="java"/><InteractionEvent Delta="null" EndDate="2012-05-09 11:42:14.193 CEST" Interest="1.0" Kind="propagation" Navigation="org.eclipse.mylyn.core.model.edges.containment" OriginId="org.eclipse.mylyn.core.model.interest.propagation" StartDate="2012-05-09 11:42:14.193 CEST" StructureHandle="/org.eclipse.mylyn.java.tasks/src" StructureKind="resource"/><InteractionEvent Delta="null" EndDate="2012-05-09 11:43:29.433 CEST" Interest="0.6999998" Kind="propagation" Navigation="org.eclipse.mylyn.core.model.edges.containment" OriginId="org.eclipse.mylyn.core.model.interest.propagation" StartDate="2012-05-09 11:43:29.433 CEST" StructureHandle="=org.eclipse.mylyn.java.tasks/\/home\/spingel\/workspace-e_4_2_m_3_x\/.metadata\/.plugins\/org.eclipse.pde.core\/.bundle_pool\/plugins\/org.eclipse.jdt.debug.ui_3.6.100.v20120305-1601.jar&amp;lt;org.eclipse.jdt.internal.debug.ui.actions" StructureKind="java"/><InteractionEvent Delta="null" EndDate="2012-05-09 11:43:29.433 CEST" Interest="0.6999998" Kind="propagation" Navigation="org.eclipse.mylyn.core.model.edges.containment" OriginId="org.eclipse.mylyn.core.model.interest.propagation" StartDate="2012-05-09 11:43:29.433 CEST" StructureHandle="=org.eclipse.mylyn.java.tasks/\/home\/spingel\/workspace-e_4_2_m_3_x\/.metadata\/.plugins\/org.eclipse.pde.core\/.bundle_pool\/plugins\/org.eclipse.jdt.debug.ui_3.6.100.v20120305-1601.jar&amp;lt;org.eclipse.jdt.internal.debug.ui.actions(OpenTypeAction.class[OpenTypeAction" StructureKind="java"/><InteractionEvent Delta="null" EndDate="2012-05-09 11:42:47.542 CEST" Interest="1.0" Kind="selection" Navigation="null" OriginId="org.eclipse.jdt.callhierarchy.view" StartDate="2012-05-09 11:42:47.542 CEST" StructureHandle="=org.eclipse.mylyn.java.tasks/src&amp;lt;org.eclipse.mylyn.internal.java.tasks{JavaStackTraceFileHyperlink.java[JavaStackTraceFileHyperlink~startSourceSearch~QString;~I[~run~QIProgressMonitor;" StructureKind="java"/><InteractionEvent Delta="null" EndDate="2012-05-09 11:42:47.544 CEST" Interest="1.0" Kind="propagation" Navigation="org.eclipse.mylyn.core.model.edges.containment" OriginId="org.eclipse.mylyn.core.model.interest.propagation" StartDate="2012-05-09 11:42:47.544 CEST" StructureHandle="/" StructureKind="resource"/><InteractionEvent Delta="null" EndDate="2012-05-09 11:42:14.223 CEST" Interest="0.01699996" Kind="propagation" Navigation="org.eclipse.mylyn.core.model.edges.containment" OriginId="org.eclipse.mylyn.core.model.interest.propagation" StartDate="2012-05-09 11:42:14.223 CEST" StructureHandle="=org.eclipse.mylyn.java.tasks/src" StructureKind="java"/><InteractionEvent Delta="null" EndDate="2012-05-09 11:43:17.299 CEST" Interest="1.0" Kind="propagation" Navigation="org.eclipse.mylyn.core.model.edges.containment" OriginId="org.eclipse.mylyn.core.model.interest.propagation" StartDate="2012-05-09 11:43:17.299 CEST" StructureHandle="/" StructureKind="resource"/><InteractionEvent Delta="null" EndDate="2012-05-09 11:42:43.115 CEST" Interest="1.0000002" Kind="propagation" Navigation="org.eclipse.mylyn.core.model.edges.containment" OriginId="org.eclipse.mylyn.core.model.interest.propagation" StartDate="2012-05-09 11:42:43.115 CEST" StructureHandle="=org.eclipse.mylyn.java.tasks/\/home\/spingel\/workspace-e_4_2_m_3_x\/.metadata\/.plugins\/org.eclipse.pde.core\/.bundle_pool\/plugins\/org.eclipse.jdt.debug.ui_3.6.100.v20120305-1601.jar&amp;lt;org.eclipse.jdt.internal.debug.ui.actions(OpenTypeAction.class[OpenTypeAction" StructureKind="java"/><InteractionEvent Delta="null" EndDate="2012-05-09 11:42:40.681 CEST" Interest="0.70000017" Kind="propagation" Navigation="org.eclipse.mylyn.core.model.edges.containment" OriginId="org.eclipse.mylyn.core.model.interest.propagation" StartDate="2012-05-09 11:42:40.681 CEST" StructureHandle="=org.eclipse.mylyn.java.tasks/\/home\/spingel\/workspace-e_4_2_m_3_x\/.metadata\/.plugins\/org.eclipse.pde.core\/.bundle_pool\/plugins\/org.eclipse.jdt.debug.ui_3.6.100.v20120305-1601.jar&amp;lt;org.eclipse.jdt.internal.debug.ui.actions(OpenTypeAction.class[OpenTypeAction" StructureKind="java"/><InteractionEvent Delta="null" EndDate="2012-05-09 11:42:47.524 CEST" Interest="1.0" Kind="propagation" Navigation="org.eclipse.mylyn.core.model.edges.containment" OriginId="org.eclipse.mylyn.core.model.interest.propagation" StartDate="2012-05-09 11:42:47.524 CEST" StructureHandle="/" StructureKind="resource"/><InteractionEvent Delta="null" EndDate="2012-05-09 11:42:47.542 CEST" Interest="1.0" Kind="propagation" Navigation="org.eclipse.mylyn.core.model.edges.containment" OriginId="org.eclipse.mylyn.core.model.interest.propagation" StartDate="2012-05-09 11:42:47.542 CEST" StructureHandle="=org.eclipse.mylyn.java.tasks/src&amp;lt;org.eclipse.mylyn.internal.java.tasks{JavaStackTraceFileHyperlink.java[JavaStackTraceFileHyperlink~startSourceSearch~QString;~I" StructureKind="java"/><InteractionEvent Delta="null" EndDate="2012-05-09 11:43:27.644 CEST" Interest="1.0" Kind="selection" Navigation="null" OriginId="org.eclipse.jdt.ui.ClassFileEditor" StartDate="2012-05-09 11:43:27.644 CEST" StructureHandle="=org.eclipse.mylyn.java.tasks/\/home\/spingel\/workspace-e_4_2_m_3_x\/.metadata\/.plugins\/org.eclipse.pde.core\/.bundle_pool\/plugins\/org.eclipse.jdt.debug.ui_3.6.100.v20120305-1601.jar&amp;lt;org.eclipse.jdt.internal.debug.ui.actions(OpenTypeAction.class[OpenTypeAction~findTypeInWorkspace~Ljava.lang.String;" StructureKind="java"/><InteractionEvent Delta="null" EndDate="2012-05-09 11:43:16.635 CEST" Interest="1.0" Kind="edit" Navigation="null" OriginId="org.eclipse.jdt.ui.ClassFileEditor" StartDate="2012-05-09 11:43:16.635 CEST" StructureHandle="=org.eclipse.mylyn.java.tasks/\/home\/spingel\/workspace-e_4_2_m_3_x\/.metadata\/.plugins\/org.eclipse.pde.core\/.bundle_pool\/plugins\/org.eclipse.jdt.debug.ui_3.6.100.v20120305-1601.jar&amp;lt;org.eclipse.jdt.internal.debug.ui.actions(OpenTypeAction.class[OpenTypeAction~findTypeInWorkspace~Ljava.lang.String;" StructureKind="java"/><InteractionEvent Delta="null" EndDate="2012-05-09 11:42:47.543 CEST" Interest="1.0" Kind="propagation" Navigation="org.eclipse.mylyn.core.model.edges.containment" OriginId="org.eclipse.mylyn.core.model.interest.propagation" StartDate="2012-05-09 11:42:47.543 CEST" StructureHandle="/org.eclipse.mylyn.java.tasks/src/org/eclipse/mylyn/internal" StructureKind="resource"/><InteractionEvent Delta="null" EndDate="2012-05-09 11:43:29.434 CEST" Interest="0.6999998" Kind="propagation" Navigation="org.eclipse.mylyn.core.model.edges.containment" OriginId="org.eclipse.mylyn.core.model.interest.propagation" StartDate="2012-05-09 11:43:29.434 CEST" StructureHandle="=org.eclipse.mylyn.java.tasks/\/home\/spingel\/workspace-e_4_2_m_3_x\/.metadata\/.plugins\/org.eclipse.pde.core\/.bundle_pool\/plugins\/org.eclipse.jdt.debug.ui_3.6.100.v20120305-1601.jar" StructureKind="java"/><InteractionEvent Delta="null" EndDate="2012-05-09 11:42:41.651 CEST" Interest="0.6999998" Kind="propagation" Navigation="org.eclipse.mylyn.core.model.edges.containment" OriginId="org.eclipse.mylyn.core.model.interest.propagation" StartDate="2012-05-09 11:42:41.651 CEST" StructureHandle="=org.eclipse.mylyn.java.tasks/\/home\/spingel\/workspace-e_4_2_m_3_x\/.metadata\/.plugins\/org.eclipse.pde.core\/.bundle_pool\/plugins\/org.eclipse.jdt.debug.ui_3.6.100.v20120305-1601.jar&amp;lt;org.eclipse.jdt.internal.debug.ui.actions(OpenTypeAction.class[OpenTypeAction" StructureKind="java"/><InteractionEvent Delta="null" EndDate="2012-05-09 11:42:40.202 CEST" Interest="1.0" Kind="propagation" Navigation="null" OriginId="org.eclipse.jdt.ui.ClassFileEditor" StartDate="2012-05-09 11:42:40.202 CEST" StructureHandle="/org.eclipse.mylyn.java.tasks" StructureKind="resource"/><InteractionEvent Delta="null" EndDate="2012-05-09 11:42:14.222 CEST" Interest="0.01700002" Kind="propagation" Navigation="org.eclipse.mylyn.core.model.edges.containment" OriginId="org.eclipse.mylyn.core.model.interest.propagation" StartDate="2012-05-09 11:42:14.222 CEST" StructureHandle="=org.eclipse.mylyn.java.tasks/src&amp;lt;org.eclipse.mylyn.internal.java.tasks{JavaStackTraceFileHyperlink.java" StructureKind="java"/><InteractionEvent Delta="null" EndDate="2012-05-09 11:43:32.604 CEST" Interest="1.0" Kind="propagation" Navigation="null" OriginId="org.eclipse.pde.ui.targetEditor" StartDate="2012-05-09 11:43:32.604 CEST" StructureHandle="/org.eclipse.mylyn-target" StructureKind="resource"/><InteractionEvent Delta="null" EndDate="2012-05-09 11:42:14.193 CEST" Interest="1.0" Kind="propagation" Navigation="org.eclipse.mylyn.core.model.edges.containment" OriginId="org.eclipse.mylyn.core.model.interest.propagation" StartDate="2012-05-09 11:42:14.193 CEST" StructureHandle="/org.eclipse.mylyn.java.tasks/src/org" StructureKind="resource"/><InteractionEvent Delta="null" EndDate="2012-05-09 11:42:47.542 CEST" Interest="1.0" Kind="propagation" Navigation="org.eclipse.mylyn.core.model.edges.containment" OriginId="org.eclipse.mylyn.core.model.interest.propagation" StartDate="2012-05-09 11:42:47.542 CEST" StructureHandle="=org.eclipse.mylyn.java.tasks/src&amp;lt;org.eclipse.mylyn.internal.java.tasks{JavaStackTraceFileHyperlink.java[JavaStackTraceFileHyperlink" StructureKind="java"/><InteractionEvent Delta="null" EndDate="2012-05-09 11:42:11.449 CEST" Interest="0.7000001" Kind="propagation" Navigation="org.eclipse.mylyn.core.model.edges.containment" OriginId="org.eclipse.mylyn.core.model.interest.propagation" StartDate="2012-05-09 11:42:11.449 CEST" StructureHandle="=org.eclipse.mylyn.java.tasks/\/home\/spingel\/workspace-e_4_2_m_3_x\/.metadata\/.plugins\/org.eclipse.pde.core\/.bundle_pool\/plugins\/org.eclipse.jdt.debug.ui_3.6.100.v20120305-1601.jar" StructureKind="java"/><InteractionEvent Delta="null" EndDate="2012-05-09 11:43:27.645 CEST" Interest="1.0" Kind="propagation" Navigation="org.eclipse.mylyn.core.model.edges.containment" OriginId="org.eclipse.mylyn.core.model.interest.propagation" StartDate="2012-05-09 11:43:27.645 CEST" StructureHandle="/" StructureKind="resource"/><InteractionEvent Delta="null" EndDate="2012-05-09 11:42:11.447 CEST" Interest="1.0" Kind="propagation" Navigation="org.eclipse.mylyn.core.model.edges.containment" OriginId="org.eclipse.mylyn.core.model.interest.propagation" StartDate="2012-05-09 11:42:11.447 CEST" StructureHandle="=org.eclipse.mylyn.java.tasks/\/home\/spingel\/workspace-e_4_2_m_3_x\/.metadata\/.plugins\/org.eclipse.pde.core\/.bundle_pool\/plugins\/org.eclipse.jdt.debug.ui_3.6.100.v20120305-1601.jar&amp;lt;org.eclipse.jdt.internal.debug.ui.actions" StructureKind="java"/><InteractionEvent Delta="null" EndDate="2012-05-09 11:42:11.447 CEST" Interest="1.0" Kind="selection" Navigation="null" OriginId="org.eclipse.jdt.ui.ClassFileEditor" StartDate="2012-05-09 11:42:11.447 CEST" StructureHandle="=org.eclipse.mylyn.java.tasks/\/home\/spingel\/workspace-e_4_2_m_3_x\/.metadata\/.plugins\/org.eclipse.pde.core\/.bundle_pool\/plugins\/org.eclipse.jdt.debug.ui_3.6.100.v20120305-1601.jar&amp;lt;org.eclipse.jdt.internal.debug.ui.actions(OpenTypeAction.class" StructureKind="java"/><InteractionEvent Delta="null" EndDate="2012-05-09 11:43:16.631 CEST" Interest="1.0" Kind="edit" Navigation="null" OriginId="org.eclipse.jdt.ui.ClassFileEditor" StartDate="2012-05-09 11:43:16.631 CEST" StructureHandle="=org.eclipse.mylyn.java.tasks/\/home\/spingel\/workspace-e_4_2_m_3_x\/.metadata\/.plugins\/org.eclipse.pde.core\/.bundle_pool\/plugins\/org.eclipse.jdt.debug.ui_3.6.100.v20120305-1601.jar&amp;lt;org.eclipse.jdt.internal.debug.ui.actions(OpenTypeAction.class[OpenTypeAction~findTypeInWorkspace~Ljava.lang.String;" StructureKind="java"/><InteractionEvent Delta="null" EndDate="2012-05-09 11:43:32.604 CEST" Interest="1.0" Kind="propagation" Navigation="org.eclipse.mylyn.core.model.edges.containment" OriginId="org.eclipse.mylyn.core.model.interest.propagation" StartDate="2012-05-09 11:43:32.604 CEST" StructureHandle="=org.eclipse.mylyn-target" StructureKind="java"/><InteractionEvent Delta="null" EndDate="2012-05-09 11:42:14.222 CEST" Interest="1.0" Kind="propagation" Navigation="org.eclipse.mylyn.core.model.edges.containment" OriginId="org.eclipse.mylyn.core.model.interest.propagation" StartDate="2012-05-09 11:42:14.222 CEST" StructureHandle="/org.eclipse.mylyn.java.tasks/src/org/eclipse/mylyn/internal/java" StructureKind="resource"/><InteractionEvent Delta="null" EndDate="2012-05-09 11:42:11.450 CEST" Interest="1.0" Kind="propagation" Navigation="org.eclipse.mylyn.core.model.edges.containment" OriginId="org.eclipse.mylyn.core.model.interest.propagation" StartDate="2012-05-09 11:42:11.450 CEST" StructureHandle="/" StructureKind="resource"/><InteractionEvent Delta="null" EndDate="2012-05-09 11:43:45.482 CEST" Interest="1.0" Kind="propagation" Navigation="null" OriginId="org.eclipse.jdt.ui.PackageExplorer" StartDate="2012-05-09 11:43:45.482 CEST" StructureHandle="/" StructureKind="resource"/><InteractionEvent Delta="null" EndDate="2012-05-09 11:42:14.238 CEST" Interest="1.0" Kind="propagation" Navigation="null" OriginId="org.eclipse.jdt.ui.CompilationUnitEditor" StartDate="2012-05-09 11:42:14.238 CEST" StructureHandle="/org.eclipse.mylyn.java.tasks" StructureKind="resource"/><InteractionEvent Delta="null" EndDate="2012-05-09 11:42:14.237 CEST" Interest="1.0000001" Kind="propagation" Navigation="org.eclipse.mylyn.core.model.edges.containment" OriginId="org.eclipse.mylyn.core.model.interest.propagation" StartDate="2012-05-09 11:42:14.237 CEST" StructureHandle="/org.eclipse.mylyn.java.tasks/src/org/eclipse/mylyn/internal/java" StructureKind="resource"/><InteractionEvent Delta="null" EndDate="2012-05-09 11:42:40.7 CEST" Interest="1.0" Kind="propagation" Navigation="null" OriginId="org.eclipse.jdt.ui.ClassFileEditor" StartDate="2012-05-09 11:42:40.7 CEST" StructureHandle="/org.eclipse.mylyn.java.tasks" StructureKind="resource"/><InteractionEvent Delta="null" EndDate="2012-05-09 11:42:14.237 CEST" Interest="1.0" Kind="propagation" Navigation="null" OriginId="org.eclipse.jdt.ui.CompilationUnitEditor" StartDate="2012-05-09 11:42:14.237 CEST" StructureHandle="/org.eclipse.mylyn.java.tasks/src/org/eclipse/mylyn/internal/java/tasks/JavaStackTraceFileHyperlink.java" StructureKind="resource"/><InteractionEvent Delta="null" EndDate="2012-05-09 11:43:32.605 CEST" Interest="1.0" Kind="propagation" Navigation="null" OriginId="org.eclipse.pde.ui.targetEditor" StartDate="2012-05-09 11:43:32.605 CEST" StructureHandle="/" StructureKind="resource"/><InteractionEvent Delta="null" EndDate="2012-05-09 11:42:11.449 CEST" Interest="1.0" Kind="propagation" Navigation="null" OriginId="org.eclipse.jdt.ui.ClassFileEditor" StartDate="2012-05-09 11:42:11.449 CEST" StructureHandle="/org.eclipse.mylyn.java.tasks" StructureKind="resource"/><InteractionEvent Delta="null" EndDate="2012-05-09 11:42:14.222 CEST" Interest="0.334" Kind="propagation" Navigation="org.eclipse.mylyn.core.model.edges.containment" OriginId="org.eclipse.mylyn.core.model.interest.propagation" StartDate="2012-05-09 11:42:14.222 CEST" StructureHandle="=org.eclipse.mylyn.java.tasks" StructureKind="resource"/><InteractionEvent Delta="null" EndDate="2012-05-09 11:43:30.370 CEST" Interest="1.0" Kind="propagation" Navigation="null" OriginId="org.eclipse.ui.DefaultTextEditor" StartDate="2012-05-09 11:43:30.370 CEST" StructureHandle="/" StructureKind="resource"/><InteractionEvent Delta="null" EndDate="2012-05-09 11:43:28.925 CEST" Interest="0.6999998" Kind="propagation" Navigation="org.eclipse.mylyn.core.model.edges.containment" OriginId="org.eclipse.mylyn.core.model.interest.propagation" StartDate="2012-05-09 11:43:28.925 CEST" StructureHandle="=org.eclipse.mylyn.java.tasks/\/home\/spingel\/workspace-e_4_2_m_3_x\/.metadata\/.plugins\/org.eclipse.pde.core\/.bundle_pool\/plugins\/org.eclipse.jdt.debug.ui_3.6.100.v20120305-1601.jar" StructureKind="java"/><InteractionEvent Delta="null" EndDate="2012-05-09 11:42:43.115 CEST" Interest="0.81900096" Kind="propagation" Navigation="org.eclipse.mylyn.core.model.edges.containment" OriginId="org.eclipse.mylyn.core.model.interest.propagation" StartDate="2012-05-09 11:42:43.115 CEST" StructureHandle="=org.eclipse.mylyn.java.tasks/\/home\/spingel\/workspace-e_4_2_m_3_x\/.metadata\/.plugins\/org.eclipse.pde.core\/.bundle_pool\/plugins\/org.eclipse.jdt.debug.ui_3.6.100.v20120305-1601.jar" StructureKind="java"/><InteractionEvent Delta="null" EndDate="2012-05-09 11:42:14.194 CEST" Interest="1.0000001" Kind="propagation" Navigation="org.eclipse.mylyn.core.model.edges.containment" OriginId="org.eclipse.mylyn.core.model.interest.propagation" StartDate="2012-05-09 11:42:14.194 CEST" StructureHandle="/" StructureKind="resource"/><InteractionEvent Delta="null" EndDate="2012-05-09 11:42:14.223 CEST" Interest="1.0" Kind="propagation" Navigation="null" OriginId="org.eclipse.jdt.ui.CompilationUnitEditor" StartDate="2012-05-09 11:42:14.223 CEST" StructureHandle="/org.eclipse.mylyn.java.tasks" StructureKind="resource"/><InteractionEvent Delta="null" EndDate="2012-05-09 11:43:28.763 CEST" Interest="0.7000017" Kind="propagation" Navigation="org.eclipse.mylyn.core.model.edges.containment" OriginId="org.eclipse.mylyn.core.model.interest.propagation" StartDate="2012-05-09 11:43:28.763 CEST" StructureHandle="=org.eclipse.mylyn.java.tasks" StructureKind="java"/><InteractionEvent Delta="null" EndDate="2012-05-09 11:43:28.723 CEST" Interest="0.69999886" Kind="propagation" Navigation="org.eclipse.mylyn.core.model.edges.containment" OriginId="org.eclipse.mylyn.core.model.interest.propagation" StartDate="2012-05-09 11:43:28.723 CEST" StructureHandle="=org.eclipse.mylyn.java.tasks" StructureKind="java"/><InteractionEvent Delta="null" EndDate="2012-05-09 11:43:30.362 CEST" Interest="1.0" Kind="edit" Navigation="null" OriginId="org.eclipse.ui.DefaultTextEditor" StartDate="2012-05-09 11:43:30.362 CEST" StructureHandle="/org.eclipse.mylyn-target/mylyn-e3.8.target" StructureKind="resource"/><InteractionEvent Delta="null" EndDate="2012-05-09 11:42:43.115 CEST" Interest="0.8190005" Kind="propagation" Navigation="org.eclipse.mylyn.core.model.edges.containment" OriginId="org.eclipse.mylyn.core.model.interest.propagation" StartDate="2012-05-09 11:42:43.115 CEST" StructureHandle="=org.eclipse.mylyn.java.tasks/\/home\/spingel\/workspace-e_4_2_m_3_x\/.metadata\/.plugins\/org.eclipse.pde.core\/.bundle_pool\/plugins\/org.eclipse.jdt.debug.ui_3.6.100.v20120305-1601.jar&amp;lt;org.eclipse.jdt.internal.debug.ui.actions" StructureKind="java"/><InteractionEvent Delta="null" EndDate="2012-05-09 11:42:47.524 CEST" Interest="1.0" Kind="propagation" Navigation="org.eclipse.mylyn.core.model.edges.containment" OriginId="org.eclipse.mylyn.core.model.interest.propagation" StartDate="2012-05-09 11:42:47.524 CEST" StructureHandle="=org.eclipse.mylyn.java.tasks/src&amp;lt;org.eclipse.mylyn.internal.java.tasks" StructureKind="java"/><InteractionEvent Delta="null" EndDate="2012-05-09 11:42:47.524 CEST" Interest="1.0" Kind="propagation" Navigation="org.eclipse.mylyn.core.model.edges.containment" OriginId="org.eclipse.mylyn.core.model.interest.propagation" StartDate="2012-05-09 11:42:47.524 CEST" StructureHandle="=org.eclipse.mylyn.java.tasks/src" StructureKind="java"/><InteractionEvent Delta="null" EndDate="2012-05-09 11:42:47.523 CEST" Interest="1.0" Kind="propagation" Navigation="org.eclipse.mylyn.core.model.edges.containment" OriginId="org.eclipse.mylyn.core.model.interest.propagation" StartDate="2012-05-09 11:42:47.523 CEST" StructureHandle="/org.eclipse.mylyn.java.tasks/src/org/eclipse/mylyn/internal" StructureKind="resource"/><InteractionEvent Delta="null" EndDate="2012-05-09 11:42:14.192 CEST" Interest="1.0" Kind="propagation" Navigation="org.eclipse.mylyn.core.model.edges.containment" OriginId="org.eclipse.mylyn.core.model.interest.propagation" StartDate="2012-05-09 11:42:14.192 CEST" StructureHandle="/org.eclipse.mylyn.java.tasks/src/org/eclipse/mylyn/internal/java/tasks" StructureKind="resource"/><InteractionEvent Delta="null" EndDate="2012-05-09 11:42:14.222 CEST" Interest="1.0" Kind="propagation" Navigation="org.eclipse.mylyn.core.model.edges.containment" OriginId="org.eclipse.mylyn.core.model.interest.propagation" StartDate="2012-05-09 11:42:14.222 CEST" StructureHandle="=org.eclipse.mylyn.java.tasks/src&amp;lt;org.eclipse.mylyn.internal.java.tasks{JavaStackTraceFileHyperlink.java[JavaStackTraceFileHyperlink~startSourceSearch~QString;~I" StructureKind="java"/><InteractionEvent Delta="null" EndDate="2012-05-09 11:43:28.925 CEST" Interest="1.0" Kind="propagation" Navigation="org.eclipse.mylyn.core.model.edges.containment" OriginId="org.eclipse.mylyn.core.model.interest.propagation" StartDate="2012-05-09 11:43:28.925 CEST" StructureHandle="/" StructureKind="resource"/><InteractionEvent Delta="null" EndDate="2012-05-09 11:43:17.299 CEST" Interest="1.0" Kind="propagation" Navigation="null" OriginId="org.eclipse.jdt.ui.ClassFileEditor" StartDate="2012-05-09 11:43:17.299 CEST" StructureHandle="/org.eclipse.mylyn.java.tasks" StructureKind="resource"/><InteractionEvent Delta="null" EndDate="2012-05-09 11:42:39.999 CEST" Interest="1.0" Kind="propagation" Navigation="org.eclipse.mylyn.core.model.edges.containment" OriginId="org.eclipse.mylyn.core.model.interest.propagation" StartDate="2012-05-09 11:42:39.999 CEST" StructureHandle="=org.eclipse.mylyn.java.tasks/\/home\/spingel\/workspace-e_4_2_m_3_x\/.metadata\/.plugins\/org.eclipse.pde.core\/.bundle_pool\/plugins\/org.eclipse.jdt.debug.ui_3.6.100.v20120305-1601.jar" StructureKind="java"/><InteractionEvent Delta="null" EndDate="2012-05-09 11:42:40.681 CEST" Interest="1.0" Kind="propagation" Navigation="null" OriginId="org.eclipse.jdt.ui.ClassFileEditor" StartDate="2012-05-09 11:42:40.681 CEST" StructureHandle="/org.eclipse.mylyn.java.tasks" StructureKind="resource"/><InteractionEvent Delta="null" EndDate="2012-05-09 11:42:11.447 CEST" Interest="1.0" Kind="propagation" Navigation="null" OriginId="org.eclipse.jdt.ui.ClassFileEditor" StartDate="2012-05-09 11:42:11.447 CEST" StructureHandle="/org.eclipse.mylyn.java.tasks" StructureKind="resource"/><InteractionEvent Delta="null" EndDate="2012-05-09 11:42:40.202 CEST" Interest="1.0" Kind="propagation" Navigation="org.eclipse.mylyn.core.model.edges.containment" OriginId="org.eclipse.mylyn.core.model.interest.propagation" StartDate="2012-05-09 11:42:40.202 CEST" StructureHandle="=org.eclipse.mylyn.java.tasks/\/home\/spingel\/workspace-e_4_2_m_3_x\/.metadata\/.plugins\/org.eclipse.pde.core\/.bundle_pool\/plugins\/org.eclipse.jdt.debug.ui_3.6.100.v20120305-1601.jar&amp;lt;org.eclipse.jdt.internal.debug.ui.actions(OpenTypeAction.class[OpenTypeAction" StructureKind="java"/><InteractionEvent Delta="null" EndDate="2012-05-09 11:43:30.333 CEST" Interest="1.0" Kind="propagation" Navigation="org.eclipse.mylyn.core.model.edges.containment" OriginId="org.eclipse.mylyn.core.model.interest.propagation" StartDate="2012-05-09 11:43:30.333 CEST" StructureHandle="=org.eclipse.mylyn-target" StructureKind="java"/><InteractionEvent Delta="null" EndDate="2012-05-09 11:42:14.237 CEST" Interest="1.0000001" Kind="propagation" Navigation="org.eclipse.mylyn.core.model.edges.containment" OriginId="org.eclipse.mylyn.core.model.interest.propagation" StartDate="2012-05-09 11:42:14.237 CEST" StructureHandle="/org.eclipse.mylyn.java.tasks/src" StructureKind="resource"/><InteractionEvent Delta="null" EndDate="2012-05-09 11:43:29.433 CEST" Interest="1.0" Kind="edit" Navigation="null" OriginId="org.eclipse.jdt.ui.ClassFileEditor" StartDate="2012-05-09 11:43:29.433 CEST" StructureHandle="=org.eclipse.mylyn.java.tasks/\/home\/spingel\/workspace-e_4_2_m_3_x\/.metadata\/.plugins\/org.eclipse.pde.core\/.bundle_pool\/plugins\/org.eclipse.jdt.debug.ui_3.6.100.v20120305-1601.jar&amp;lt;org.eclipse.jdt.internal.debug.ui.actions(OpenTypeAction.class[OpenTypeAction~findTypeInWorkspace~Ljava.lang.String;" StructureKind="java"/><InteractionEvent Delta="null" EndDate="2012-05-09 11:42:47.543 CEST" Interest="1.0" Kind="propagation" Navigation="org.eclipse.mylyn.core.model.edges.containment" OriginId="org.eclipse.mylyn.core.model.interest.propagation" StartDate="2012-05-09 11:42:47.543 CEST" StructureHandle="/org.eclipse.mylyn.java.tasks/src/org" StructureKind="resource"/><InteractionEvent Delta="null" EndDate="2012-05-09 11:42:14.237 CEST" Interest="1.0000001" Kind="propagation" Navigation="org.eclipse.mylyn.core.model.edges.containment" OriginId="org.eclipse.mylyn.core.model.interest.propagation" StartDate="2012-05-09 11:42:14.237 CEST" StructureHandle="/org.eclipse.mylyn.java.tasks/src/org/eclipse/mylyn/internal/java/tasks" StructureKind="resource"/><InteractionEvent Delta="null" EndDate="2012-05-09 11:43:28.925 CEST" Interest="0.6999998" Kind="propagation" Navigation="org.eclipse.mylyn.core.model.edges.containment" OriginId="org.eclipse.mylyn.core.model.interest.propagation" StartDate="2012-05-09 11:43:28.925 CEST" StructureHandle="=org.eclipse.mylyn.java.tasks/\/home\/spingel\/workspace-e_4_2_m_3_x\/.metadata\/.plugins\/org.eclipse.pde.core\/.bundle_pool\/plugins\/org.eclipse.jdt.debug.ui_3.6.100.v20120305-1601.jar&amp;lt;org.eclipse.jdt.internal.debug.ui.actions(OpenTypeAction.class" StructureKind="java"/><InteractionEvent Delta="null" EndDate="2012-05-09 11:43:16.635 CEST" Interest="0.7000003" Kind="propagation" Navigation="org.eclipse.mylyn.core.model.edges.containment" OriginId="org.eclipse.mylyn.core.model.interest.propagation" StartDate="2012-05-09 11:43:16.635 CEST" StructureHandle="" StructureKind="java"/><InteractionEvent Delta="null" EndDate="2012-05-09 11:42:43.115 CEST" Interest="1.0" Kind="selection" Navigation="null" OriginId="org.eclipse.jdt.callhierarchy.view" StartDate="2012-05-09 11:42:43.115 CEST" StructureHandle="=org.eclipse.mylyn.java.tasks/\/home\/spingel\/workspace-e_4_2_m_3_x\/.metadata\/.plugins\/org.eclipse.pde.core\/.bundle_pool\/plugins\/org.eclipse.jdt.debug.ui_3.6.100.v20120305-1601.jar&amp;lt;org.eclipse.jdt.internal.debug.ui.actions(OpenTypeAction.class[OpenTypeAction~findTypeInWorkspace~Ljava.lang.String;" StructureKind="java"/><InteractionEvent Delta="null" EndDate="2012-05-09 11:43:16.754 CEST" Interest="1.0" Kind="propagation" Navigation="null" OriginId="org.eclipse.jdt.ui.ClassFileEditor" StartDate="2012-05-09 11:43:16.754 CEST" StructureHandle="/org.eclipse.mylyn.java.tasks" StructureKind="resource"/><InteractionEvent Delta="null" EndDate="2012-05-09 11:42:39.999 CEST" Interest="1.0" Kind="propagation" Navigation="null" OriginId="org.eclipse.jdt.ui.ClassFileEditor" StartDate="2012-05-09 11:42:39.999 CEST" StructureHandle="/org.eclipse.mylyn.java.tasks" StructureKind="resource"/><InteractionEvent Delta="null" EndDate="2012-05-09 11:43:17.299 CEST" Interest="0.7000003" Kind="propagation" Navigation="org.eclipse.mylyn.core.model.edges.containment" OriginId="org.eclipse.mylyn.core.model.interest.propagation" StartDate="2012-05-09 11:43:17.299 CEST" StructureHandle="=org.eclipse.mylyn.java.tasks/\/home\/spingel\/workspace-e_4_2_m_3_x\/.metadata\/.plugins\/org.eclipse.pde.core\/.bundle_pool\/plugins\/org.eclipse.jdt.debug.ui_3.6.100.v20120305-1601.jar" StructureKind="java"/><InteractionEvent Delta="null" EndDate="2012-05-09 11:43:28.723 CEST" Interest="1.0" Kind="propagation" Navigation="null" OriginId="org.eclipse.jdt.ui.ClassFileEditor" StartDate="2012-05-09 11:43:28.723 CEST" StructureHandle="/org.eclipse.mylyn.java.tasks" StructureKind="resource"/><InteractionEvent Delta="null" EndDate="2012-05-09 11:42:14.236 CEST" Interest="0.7000001" Kind="propagation" Navigation="org.eclipse.mylyn.core.model.edges.containment" OriginId="org.eclipse.mylyn.core.model.interest.propagation" StartDate="2012-05-09 11:42:14.236 CEST" StructureHandle="=org.eclipse.mylyn.java.tasks/src&amp;lt;org.eclipse.mylyn.internal.java.tasks{JavaStackTraceFileHyperlink.java[JavaStackTraceFileHyperlink~startSourceSearch~QString;~I" StructureKind="java"/><InteractionEvent Delta="null" EndDate="2012-05-09 11:42:47.523 CEST" Interest="1.0" Kind="propagation" Navigation="null" OriginId="org.eclipse.jdt.ui.CompilationUnitEditor" StartDate="2012-05-09 11:42:47.523 CEST" StructureHandle="/org.eclipse.mylyn.java.tasks/src/org/eclipse/mylyn/internal/java/tasks/JavaStackTraceFileHyperlink.java" StructureKind="resource"/><InteractionEvent Delta="null" EndDate="2012-05-09 11:42:14.222 CEST" Interest="1.0" Kind="propagation" Navigation="org.eclipse.mylyn.core.model.edges.containment" OriginId="org.eclipse.mylyn.core.model.interest.propagation" StartDate="2012-05-09 11:42:14.222 CEST" StructureHandle="/org.eclipse.mylyn.java.tasks/src/org/eclipse/mylyn/internal/java/tasks" StructureKind="resource"/><InteractionEvent Delta="null" EndDate="2012-05-09 11:43:16.754 CEST" Interest="0.9999995" Kind="propagation" Navigation="org.eclipse.mylyn.core.model.edges.containment" OriginId="org.eclipse.mylyn.core.model.interest.propagation" StartDate="2012-05-09 11:43:16.754 CEST" StructureHandle="=org.eclipse.mylyn.java.tasks" StructureKind="java"/><InteractionEvent Delta="null" EndDate="2012-05-09 11:42:47.523 CEST" Interest="1.0" Kind="propagation" Navigation="org.eclipse.mylyn.core.model.edges.containment" OriginId="org.eclipse.mylyn.core.model.interest.propagation" StartDate="2012-05-09 11:42:47.523 CEST" StructureHandle="/org.eclipse.mylyn.java.tasks/src/org/eclipse" StructureKind="resource"/><InteractionEvent Delta="null" EndDate="2012-05-09 11:43:28.216 CEST" Interest="1.0" Kind="edit" Navigation="null" OriginId="org.eclipse.jdt.ui.ClassFileEditor" StartDate="2012-05-09 11:43:28.216 CEST" StructureHandle="=org.eclipse.mylyn.java.tasks/\/home\/spingel\/workspace-e_4_2_m_3_x\/.metadata\/.plugins\/org.eclipse.pde.core\/.bundle_pool\/plugins\/org.eclipse.jdt.debug.ui_3.6.100.v20120305-1601.jar&amp;lt;org.eclipse.jdt.internal.debug.ui.actions(OpenTypeAction.class[OpenTypeAction~findTypeInWorkspace~Ljava.lang.String;" StructureKind="java"/><InteractionEvent Delta="null" EndDate="2012-05-09 11:42:14.222 CEST" Interest="1.0" Kind="propagation" Navigation="org.eclipse.mylyn.core.model.edges.containment" OriginId="org.eclipse.mylyn.core.model.interest.propagation" StartDate="2012-05-09 11:42:14.222 CEST" StructureHandle="/org.eclipse.mylyn.java.tasks/src/org/eclipse" StructureKind="resource"/><InteractionEvent Delta="null" EndDate="2012-05-09 11:42:40.680 CEST" Interest="1.0" Kind="edit" Navigation="null" OriginId="org.eclipse.jdt.ui.ClassFileEditor" StartDate="2012-05-09 11:42:40.680 CEST" StructureHandle="=org.eclipse.mylyn.java.tasks/\/home\/spingel\/workspace-e_4_2_m_3_x\/.metadata\/.plugins\/org.eclipse.pde.core\/.bundle_pool\/plugins\/org.eclipse.jdt.debug.ui_3.6.100.v20120305-1601.jar&amp;lt;org.eclipse.jdt.internal.debug.ui.actions(OpenTypeAction.class[OpenTypeAction~findTypeInWorkspace~Ljava.lang.String;" StructureKind="java"/><InteractionEvent Delta="null" EndDate="2012-05-09 11:43:32.604 CEST" Interest="1.0" Kind="selection" Navigation="null" OriginId="org.eclipse.pde.ui.targetEditor" StartDate="2012-05-09 11:43:32.604 CEST" StructureHandle="/org.eclipse.mylyn-target/mylyn-e3.8.target" StructureKind="resource"/><InteractionEvent Delta="null" EndDate="2012-05-09 11:42:40.7 CEST" Interest="1.0" Kind="propagation" Navigation="org.eclipse.mylyn.core.model.edges.containment" OriginId="org.eclipse.mylyn.core.model.interest.propagation" StartDate="2012-05-09 11:42:40.7 CEST" StructureHandle="/" StructureKind="resource"/><InteractionEvent Delta="null" EndDate="2012-05-09 11:42:11.447 CEST" Interest="1.0" Kind="propagation" Navigation="org.eclipse.mylyn.core.model.edges.containment" OriginId="org.eclipse.mylyn.core.model.interest.propagation" StartDate="2012-05-09 11:42:11.447 CEST" StructureHandle="" StructureKind="java"/><InteractionEvent Delta="null" EndDate="2012-05-09 11:43:17.298 CEST" Interest="1.0" Kind="edit" Navigation="null" OriginId="org.eclipse.jdt.ui.ClassFileEditor" StartDate="2012-05-09 11:43:17.298 CEST" StructureHandle="=org.eclipse.mylyn.java.tasks/\/home\/spingel\/workspace-e_4_2_m_3_x\/.metadata\/.plugins\/org.eclipse.pde.core\/.bundle_pool\/plugins\/org.eclipse.jdt.debug.ui_3.6.100.v20120305-1601.jar&amp;lt;org.eclipse.jdt.internal.debug.ui.actions(OpenTypeAction.class[OpenTypeAction" StructureKind="java"/><InteractionEvent Delta="null" EndDate="2012-05-09 11:42:47.543 CEST" Interest="0.8149991" Kind="propagation" Navigation="org.eclipse.mylyn.core.model.edges.containment" OriginId="org.eclipse.mylyn.core.model.interest.propagation" StartDate="2012-05-09 11:42:47.543 CEST" StructureHandle="=org.eclipse.mylyn.java.tasks" StructureKind="resource"/><InteractionEvent Delta="null" EndDate="2012-05-09 11:43:16.632 CEST" Interest="0.69999933" Kind="propagation" Navigation="org.eclipse.mylyn.core.model.edges.containment" OriginId="org.eclipse.mylyn.core.model.interest.propagation" StartDate="2012-05-09 11:43:16.632 CEST" StructureHandle="=org.eclipse.mylyn.java.tasks" StructureKind="java"/><InteractionEvent Delta="null" EndDate="2012-05-09 11:42:54.294 CEST" Interest="0.99999976" Kind="propagation" Navigation="org.eclipse.mylyn.core.model.edges.containment" OriginId="org.eclipse.mylyn.core.model.interest.propagation" StartDate="2012-05-09 11:42:54.294 CEST" StructureHandle="=org.eclipse.mylyn.java.tasks/\/home\/spingel\/workspace-e_4_2_m_3_x\/.metadata\/.plugins\/org.eclipse.pde.core\/.bundle_pool\/plugins\/org.eclipse.jdt.debug.ui_3.6.100.v20120305-1601.jar&amp;lt;org.eclipse.jdt.internal.debug.ui.actions(OpenTypeAction.class[OpenTypeAction" StructureKind="java"/><InteractionEvent Delta="null" EndDate="2012-05-09 11:43:16.635 CEST" Interest="0.7000003" Kind="propagation" Navigation="org.eclipse.mylyn.core.model.edges.containment" OriginId="org.eclipse.mylyn.core.model.interest.propagation" StartDate="2012-05-09 11:43:16.635 CEST" StructureHandle="=org.eclipse.mylyn.java.tasks" StructureKind="java"/><InteractionEvent Delta="null" EndDate="2012-05-09 11:43:27.645 CEST" Interest="1.0" Kind="propagation" Navigation="null" OriginId="org.eclipse.jdt.ui.ClassFileEditor" StartDate="2012-05-09 11:43:27.645 CEST" StructureHandle="/org.eclipse.mylyn.java.tasks" StructureKind="resource"/><InteractionEvent Delta="null" EndDate="2012-05-09 11:42:14.222 CEST" Interest="0.01700002" Kind="propagation" Navigation="org.eclipse.mylyn.core.model.edges.containment" OriginId="org.eclipse.mylyn.core.model.interest.propagation" StartDate="2012-05-09 11:42:14.222 CEST" StructureHandle="=org.eclipse.mylyn.java.tasks/src&amp;lt;org.eclipse.mylyn.internal.java.tasks" StructureKind="java"/><InteractionEvent Delta="null" EndDate="2012-05-09 11:43:16.632 CEST" Interest="0.69999933" Kind="propagation" Navigation="org.eclipse.mylyn.core.model.edges.containment" OriginId="org.eclipse.mylyn.core.model.interest.propagation" StartDate="2012-05-09 11:43:16.632 CEST" StructureHandle="" StructureKind="java"/><InteractionEvent Delta="null" EndDate="2012-05-09 11:42:14.222 CEST" Interest="1.0" Kind="propagation" Navigation="null" OriginId="org.eclipse.jdt.ui.CompilationUnitEditor" StartDate="2012-05-09 11:42:14.222 CEST" StructureHandle="/org.eclipse.mylyn.java.tasks/src/org/eclipse/mylyn/internal/java/tasks/JavaStackTraceFileHyperlink.java" StructureKind="resource"/><InteractionEvent Delta="null" EndDate="2012-05-09 11:42:54.295 CEST" Interest="0.1850009" Kind="propagation" Navigation="org.eclipse.mylyn.core.model.edges.containment" OriginId="org.eclipse.mylyn.core.model.interest.propagation" StartDate="2012-05-09 11:42:54.295 CEST" StructureHandle="=org.eclipse.mylyn.java.tasks" StructureKind="java"/><InteractionEvent Delta="null" EndDate="2012-05-09 11:42:11.449 CEST" Interest="1.0" Kind="edit" Navigation="null" OriginId="org.eclipse.jdt.ui.ClassFileEditor" StartDate="2012-05-09 11:42:11.449 CEST" StructureHandle="=org.eclipse.mylyn.java.tasks/\/home\/spingel\/workspace-e_4_2_m_3_x\/.metadata\/.plugins\/org.eclipse.pde.core\/.bundle_pool\/plugins\/org.eclipse.jdt.debug.ui_3.6.100.v20120305-1601.jar&amp;lt;org.eclipse.jdt.internal.debug.ui.actions(OpenTypeAction.class" StructureKind="java"/><InteractionEvent Delta="null" EndDate="2012-05-09 11:43:30.363 CEST" Interest="1.0" Kind="propagation" Navigation="null" OriginId="org.eclipse.ui.DefaultTextEditor" StartDate="2012-05-09 11:43:30.363 CEST" StructureHandle="/org.eclipse.mylyn-target" StructureKind="resource"/><InteractionEvent Delta="null" EndDate="2012-05-09 11:42:14.237 CEST" Interest="1.0000001" Kind="propagation" Navigation="org.eclipse.mylyn.core.model.edges.containment" OriginId="org.eclipse.mylyn.core.model.interest.propagation" StartDate="2012-05-09 11:42:14.237 CEST" StructureHandle="/org.eclipse.mylyn.java.tasks/src/org/eclipse" StructureKind="resource"/><InteractionEvent Delta="null" EndDate="2012-05-09 11:42:43.115 CEST" Interest="0.81900096" Kind="propagation" Navigation="org.eclipse.mylyn.core.model.edges.containment" OriginId="org.eclipse.mylyn.core.model.interest.propagation" StartDate="2012-05-09 11:42:43.115 CEST" StructureHandle="=org.eclipse.mylyn.java.tasks" StructureKind="java"/><InteractionEvent Delta="null" EndDate="2012-05-09 11:42:14.223 CEST" Interest="0.33399987" Kind="propagation" Navigation="org.eclipse.mylyn.core.model.edges.containment" OriginId="org.eclipse.mylyn.core.model.interest.propagation" StartDate="2012-05-09 11:42:14.223 CEST" StructureHandle="" StructureKind="java"/><InteractionEvent Delta="null" EndDate="2012-05-09 11:42:40.201 CEST" Interest="1.0" Kind="selection" Navigation="null" OriginId="org.eclipse.jdt.ui.ClassFileEditor" StartDate="2012-05-09 11:42:40.201 CEST" StructureHandle="=org.eclipse.mylyn.java.tasks/\/home\/spingel\/workspace-e_4_2_m_3_x\/.metadata\/.plugins\/org.eclipse.pde.core\/.bundle_pool\/plugins\/org.eclipse.jdt.debug.ui_3.6.100.v20120305-1601.jar&amp;lt;org.eclipse.jdt.internal.debug.ui.actions(OpenTypeAction.class[OpenTypeAction~findTypeInWorkspace~Ljava.lang.String;" StructureKind="java"/><InteractionEvent Delta="null" EndDate="2012-05-09 11:43:28.924 CEST" Interest="1.0" Kind="edit" Navigation="null" OriginId="org.eclipse.jdt.ui.ClassFileEditor" StartDate="2012-05-09 11:43:28.924 CEST" StructureHandle="=org.eclipse.mylyn.java.tasks/\/home\/spingel\/workspace-e_4_2_m_3_x\/.metadata\/.plugins\/org.eclipse.pde.core\/.bundle_pool\/plugins\/org.eclipse.jdt.debug.ui_3.6.100.v20120305-1601.jar&amp;lt;org.eclipse.jdt.internal.debug.ui.actions(OpenTypeAction.class[OpenTypeAction~findTypeInWorkspace~Ljava.lang.String;" StructureKind="java"/><InteractionEvent Delta="null" EndDate="2012-05-09 11:43:16.753 CEST" Interest="0.9999995" Kind="propagation" Navigation="org.eclipse.mylyn.core.model.edges.containment" OriginId="org.eclipse.mylyn.core.model.interest.propagation" StartDate="2012-05-09 11:43:16.753 CEST" StructureHandle="=org.eclipse.mylyn.java.tasks/\/home\/spingel\/workspace-e_4_2_m_3_x\/.metadata\/.plugins\/org.eclipse.pde.core\/.bundle_pool\/plugins\/org.eclipse.jdt.debug.ui_3.6.100.v20120305-1601.jar&amp;lt;org.eclipse.jdt.internal.debug.ui.actions" StructureKind="java"/><InteractionEvent Delta="null" EndDate="2012-05-09 11:43:45.484 CEST" Interest="1.0" Kind="propagation" Navigation="null" OriginId="org.eclipse.jdt.ui.PackageExplorer" StartDate="2012-05-09 11:43:45.484 CEST" StructureHandle="/" StructureKind="resource"/><InteractionEvent Delta="null" EndDate="2012-05-09 11:42:11.447 CEST" Interest="1.0" Kind="propagation" Navigation="org.eclipse.mylyn.core.model.edges.containment" OriginId="org.eclipse.mylyn.core.model.interest.propagation" StartDate="2012-05-09 11:42:11.447 CEST" StructureHandle="/" StructureKind="resource"/><InteractionEvent Delta="null" EndDate="2012-05-09 11:42:43.115 CEST" Interest="0.81900096" Kind="propagation" Navigation="org.eclipse.mylyn.core.model.edges.containment" OriginId="org.eclipse.mylyn.core.model.interest.propagation" StartDate="2012-05-09 11:42:43.115 CEST" StructureHandle="" StructureKind="java"/><InteractionEvent Delta="null" EndDate="2012-05-09 11:43:28.217 CEST" Interest="1.0" Kind="propagation" Navigation="org.eclipse.mylyn.core.model.edges.containment" OriginId="org.eclipse.mylyn.core.model.interest.propagation" StartDate="2012-05-09 11:43:28.217 CEST" StructureHandle="/" StructureKind="resource"/><InteractionEvent Delta="null" EndDate="2012-05-09 11:42:40.210 CEST" Interest="1.0" Kind="propagation" Navigation="null" OriginId="org.eclipse.jdt.ui.ClassFileEditor" StartDate="2012-05-09 11:42:40.210 CEST" StructureHandle="/org.eclipse.mylyn.java.tasks" StructureKind="resource"/><InteractionEvent Delta="null" EndDate="2012-05-09 11:42:14.222 CEST" Interest="1.0" Kind="propagation" Navigation="org.eclipse.mylyn.core.model.edges.containment" OriginId="org.eclipse.mylyn.core.model.interest.propagation" StartDate="2012-05-09 11:42:14.222 CEST" StructureHandle="/org.eclipse.mylyn.java.tasks/src/org/eclipse/mylyn" StructureKind="resource"/><InteractionEvent Delta="null" EndDate="2012-05-09 11:42:14.222 CEST" Interest="1.0" Kind="propagation" Navigation="org.eclipse.mylyn.core.model.edges.containment" OriginId="org.eclipse.mylyn.core.model.interest.propagation" StartDate="2012-05-09 11:42:14.222 CEST" StructureHandle="/org.eclipse.mylyn.java.tasks/src/org/eclipse/mylyn/internal" StructureKind="resource"/><InteractionEvent Delta="null" EndDate="2012-05-09 11:42:47.543 CEST" Interest="1.0" Kind="propagation" Navigation="org.eclipse.mylyn.core.model.edges.containment" OriginId="org.eclipse.mylyn.core.model.interest.propagation" StartDate="2012-05-09 11:42:47.543 CEST" StructureHandle="/org.eclipse.mylyn.java.tasks/src/org/eclipse/mylyn/internal/java/tasks" StructureKind="resource"/><InteractionEvent Delta="null" EndDate="2012-05-09 11:42:40.7 CEST" Interest="1.0" Kind="edit" Navigation="null" OriginId="org.eclipse.jdt.ui.ClassFileEditor" StartDate="2012-05-09 11:42:40.7 CEST" StructureHandle="=org.eclipse.mylyn.java.tasks/\/home\/spingel\/workspace-e_4_2_m_3_x\/.metadata\/.plugins\/org.eclipse.pde.core\/.bundle_pool\/plugins\/org.eclipse.jdt.debug.ui_3.6.100.v20120305-1601.jar&amp;lt;org.eclipse.jdt.internal.debug.ui.actions(OpenTypeAction.class" StructureKind="java"/><InteractionEvent Delta="null" EndDate="2012-05-09 11:42:44.417 CEST" Interest="1.0" Kind="selection" Navigation="null" OriginId="org.eclipse.jdt.callhierarchy.view" StartDate="2012-05-09 11:42:44.417 CEST" StructureHandle="=org.eclipse.mylyn.builds.ui/\/home\/spingel\/workspace-e_4_2_m_3_x\/.metadata\/.plugins\/org.eclipse.pde.core\/.bundle_pool\/plugins\/org.eclipse.jdt.debug.ui_3.6.100.v20120305-1601.jar&amp;lt;org.eclipse.jdt.internal.debug.ui.console(JavaStackTraceHyperlink$1.class[~run~Lorg.eclipse.core.runtime.IProgressMonitor;" StructureKind="java"/><InteractionEvent Delta="null" EndDate="2012-05-09 11:43:45.484 CEST" Interest="1.0" Kind="propagation" Navigation="null" OriginId="org.eclipse.jdt.ui.PackageExplorer" StartDate="2012-05-09 11:43:45.484 CEST" StructureHandle="/org.eclipse.mylyn-target" StructureKind="resource"/><InteractionEvent Delta="null" EndDate="2012-05-09 11:42:47.523 CEST" Interest="1.0" Kind="propagation" Navigation="org.eclipse.mylyn.core.model.edges.containment" OriginId="org.eclipse.mylyn.core.model.interest.propagation" StartDate="2012-05-09 11:42:47.523 CEST" StructureHandle="/org.eclipse.mylyn.java.tasks/src/org/eclipse/mylyn/internal/java/tasks" StructureKind="resource"/><InteractionEvent Delta="null" EndDate="2012-05-09 11:43:45.482 CEST" Interest="1.0" Kind="propagation" Navigation="null" OriginId="org.eclipse.jdt.ui.PackageExplorer" StartDate="2012-05-09 11:43:45.482 CEST" StructureHandle="/org.eclipse.mylyn-target" StructureKind="resource"/><InteractionEvent Delta="null" EndDate="2012-05-09 11:43:28.763 CEST" Interest="1.0" Kind="propagation" Navigation="null" OriginId="org.eclipse.jdt.ui.ClassFileEditor" StartDate="2012-05-09 11:43:28.763 CEST" StructureHandle="/org.eclipse.mylyn.java.tasks" StructureKind="resource"/><InteractionEvent Delta="null" EndDate="2012-05-09 11:42:14.236 CEST" Interest="0.7000001" Kind="propagation" Navigation="org.eclipse.mylyn.core.model.edges.containment" OriginId="org.eclipse.mylyn.core.model.interest.propagation" StartDate="2012-05-09 11:42:14.236 CEST" StructureHandle="=org.eclipse.mylyn.java.tasks/src&amp;lt;org.eclipse.mylyn.internal.java.tasks{JavaStackTraceFileHyperlink.java[JavaStackTraceFileHyperlink" StructureKind="java"/><InteractionEvent Delta="null" EndDate="2012-05-09 11:42:14.237 CEST" Interest="1.0000001" Kind="propagation" Navigation="org.eclipse.mylyn.core.model.edges.containment" OriginId="org.eclipse.mylyn.core.model.interest.propagation" StartDate="2012-05-09 11:42:14.237 CEST" StructureHandle="/org.eclipse.mylyn.java.tasks/src/org" StructureKind="resource"/><InteractionEvent Delta="null" EndDate="2012-05-09 11:42:40.7 CEST" Interest="0.70000005" Kind="propagation" Navigation="org.eclipse.mylyn.core.model.edges.containment" OriginId="org.eclipse.mylyn.core.model.interest.propagation" StartDate="2012-05-09 11:42:40.7 CEST" StructureHandle="=org.eclipse.mylyn.java.tasks/\/home\/spingel\/workspace-e_4_2_m_3_x\/.metadata\/.plugins\/org.eclipse.pde.core\/.bundle_pool\/plugins\/org.eclipse.jdt.debug.ui_3.6.100.v20120305-1601.jar&amp;lt;org.eclipse.jdt.internal.debug.ui.actions" StructureKind="java"/><InteractionEvent Delta="null" EndDate="2012-05-09 11:42:14.222 CEST" Interest="1.0" Kind="propagation" Navigation="org.eclipse.mylyn.core.model.edges.containment" OriginId="org.eclipse.mylyn.core.model.interest.propagation" StartDate="2012-05-09 11:42:14.222 CEST" StructureHandle="/org.eclipse.mylyn.java.tasks/src" StructureKind="resource"/><InteractionEvent Delta="null" EndDate="2012-05-09 11:43:30.370 CEST" Interest="0.70000017" Kind="propagation" Navigation="org.eclipse.mylyn.core.model.edges.containment" OriginId="org.eclipse.mylyn.core.model.interest.propagation" StartDate="2012-05-09 11:43:30.370 CEST" StructureHandle="=org.eclipse.mylyn-target" StructureKind="java"/><InteractionEvent Delta="null" EndDate="2012-05-09 11:43:30.333 CEST" Interest="1.0" Kind="propagation" Navigation="null" OriginId="org.eclipse.ui.DefaultTextEditor" StartDate="2012-05-09 11:43:30.333 CEST" StructureHandle="/" StructureKind="resource"/><InteractionEvent Delta="null" EndDate="2012-05-09 11:42:47.524 CEST" Interest="1.0" Kind="propagation" Navigation="org.eclipse.mylyn.core.model.edges.containment" OriginId="org.eclipse.mylyn.core.model.interest.propagation" StartDate="2012-05-09 11:42:47.524 CEST" StructureHandle="/org.eclipse.mylyn.java.tasks/src/org" StructureKind="resource"/><InteractionEvent Delta="null" EndDate="2012-05-09 11:43:17.299 CEST" Interest="0.7000003" Kind="propagation" Navigation="org.eclipse.mylyn.core.model.edges.containment" OriginId="org.eclipse.mylyn.core.model.interest.propagation" StartDate="2012-05-09 11:43:17.299 CEST" StructureHandle="=org.eclipse.mylyn.java.tasks" StructureKind="java"/><InteractionEvent Delta="null" EndDate="2012-05-09 11:42:14.237 CEST" Interest="1.0000001" Kind="propagation" Navigation="org.eclipse.mylyn.core.model.edges.containment" OriginId="org.eclipse.mylyn.core.model.interest.propagation" StartDate="2012-05-09 11:42:14.237 CEST" StructureHandle="/org.eclipse.mylyn.java.tasks/src/org/eclipse/mylyn/internal" StructureKind="resource"/><InteractionEvent Delta="null" EndDate="2012-05-09 11:42:54.295 CEST" Interest="0.1850009" Kind="propagation" Navigation="org.eclipse.mylyn.core.model.edges.containment" OriginId="org.eclipse.mylyn.core.model.interest.propagation" StartDate="2012-05-09 11:42:54.295 CEST" StructureHandle="" StructureKind="java"/><InteractionEvent Delta="null" EndDate="2012-05-09 11:43:28.925 CEST" Interest="1.0" Kind="propagation" Navigation="null" OriginId="org.eclipse.jdt.ui.ClassFileEditor" StartDate="2012-05-09 11:43:28.925 CEST" StructureHandle="/org.eclipse.mylyn.java.tasks" StructureKind="resource"/><InteractionEvent Delta="null" EndDate="2012-05-09 11:42:14.222 CEST" Interest="1.0" Kind="propagation" Navigation="org.eclipse.mylyn.core.model.edges.containment" OriginId="org.eclipse.mylyn.core.model.interest.propagation" StartDate="2012-05-09 11:42:14.222 CEST" StructureHandle="/org.eclipse.mylyn.java.tasks/src/org" StructureKind="resource"/><InteractionEvent Delta="null" EndDate="2012-05-09 11:43:16.753 CEST" Interest="0.9999995" Kind="propagation" Navigation="org.eclipse.mylyn.core.model.edges.containment" OriginId="org.eclipse.mylyn.core.model.interest.propagation" StartDate="2012-05-09 11:43:16.753 CEST" StructureHandle="=org.eclipse.mylyn.java.tasks/\/home\/spingel\/workspace-e_4_2_m_3_x\/.metadata\/.plugins\/org.eclipse.pde.core\/.bundle_pool\/plugins\/org.eclipse.jdt.debug.ui_3.6.100.v20120305-1601.jar&amp;lt;org.eclipse.jdt.internal.debug.ui.actions(OpenTypeAction.class" StructureKind="java"/><InteractionEvent Delta="null" EndDate="2012-05-09 11:42:41.652 CEST" Interest="1.0" Kind="propagation" Navigation="null" OriginId="org.eclipse.jdt.ui.ClassFileEditor" StartDate="2012-05-09 11:42:41.652 CEST" StructureHandle="/org.eclipse.mylyn.java.tasks" StructureKind="resource"/><InteractionEvent Delta="null" EndDate="2012-05-09 11:43:30.363 CEST" Interest="1.0" Kind="propagation" Navigation="null" OriginId="org.eclipse.ui.DefaultTextEditor" StartDate="2012-05-09 11:43:30.363 CEST" StructureHandle="/" StructureKind="resource"/><InteractionEvent Delta="null" EndDate="2012-05-09 11:42:43.115 CEST" Interest="1.0" Kind="propagation" Navigation="org.eclipse.mylyn.core.model.edges.containment" OriginId="org.eclipse.mylyn.core.model.interest.propagation" StartDate="2012-05-09 11:42:43.115 CEST" StructureHandle="/" StructureKind="resource"/><InteractionEvent Delta="null" EndDate="2012-05-09 11:43:28.722 CEST" Interest="0.69999886" Kind="propagation" Navigation="org.eclipse.mylyn.core.model.edges.containment" OriginId="org.eclipse.mylyn.core.model.interest.propagation" StartDate="2012-05-09 11:43:28.722 CEST" StructureHandle="=org.eclipse.mylyn.java.tasks/\/home\/spingel\/workspace-e_4_2_m_3_x\/.metadata\/.plugins\/org.eclipse.pde.core\/.bundle_pool\/plugins\/org.eclipse.jdt.debug.ui_3.6.100.v20120305-1601.jar&amp;lt;org.eclipse.jdt.internal.debug.ui.actions(OpenTypeAction.class" StructureKind="java"/><InteractionEvent Delta="null" EndDate="2012-05-09 11:43:30.333 CEST" Interest="1.0" Kind="propagation" Navigation="null" OriginId="org.eclipse.ui.DefaultTextEditor" StartDate="2012-05-09 11:43:30.333 CEST" StructureHandle="/org.eclipse.mylyn-target" StructureKind="resource"/><InteractionEvent Delta="null" EndDate="2012-05-09 11:43:28.763 CEST" Interest="0.7000017" Kind="propagation" Navigation="org.eclipse.mylyn.core.model.edges.containment" OriginId="org.eclipse.mylyn.core.model.interest.propagation" StartDate="2012-05-09 11:43:28.763 CEST" StructureHandle="=org.eclipse.mylyn.java.tasks/\/home\/spingel\/workspace-e_4_2_m_3_x\/.metadata\/.plugins\/org.eclipse.pde.core\/.bundle_pool\/plugins\/org.eclipse.jdt.debug.ui_3.6.100.v20120305-1601.jar&amp;lt;org.eclipse.jdt.internal.debug.ui.actions(OpenTypeAction.class" StructureKind="java"/><InteractionEvent Delta="null" EndDate="2012-05-09 11:42:14.222 CEST" Interest="1.0" Kind="propagation" Navigation="org.eclipse.mylyn.core.model.edges.containment" OriginId="org.eclipse.mylyn.core.model.interest.propagation" StartDate="2012-05-09 11:42:14.222 CEST" StructureHandle="=org.eclipse.mylyn.java.tasks/src&amp;lt;org.eclipse.mylyn.internal.java.tasks{JavaStackTraceFileHyperlink.java[JavaStackTraceFileHyperlink" StructureKind="java"/><InteractionEvent Delta="null" EndDate="2012-05-09 11:42:14.221 CEST" Interest="1.0" Kind="selection" Navigation="null" OriginId="org.eclipse.jdt.ui.CompilationUnitEditor" StartDate="2012-05-09 11:42:14.221 CEST" StructureHandle="=org.eclipse.mylyn.java.tasks/src&amp;lt;org.eclipse.mylyn.internal.java.tasks{JavaStackTraceFileHyperlink.java[JavaStackTraceFileHyperlink~startSourceSearch~QString;~I[~run~QIProgressMonitor;" StructureKind="java"/><InteractionEvent Delta="null" EndDate="2012-05-09 11:43:17.299 CEST" Interest="0.7000003" Kind="propagation" Navigation="org.eclipse.mylyn.core.model.edges.containment" OriginId="org.eclipse.mylyn.core.model.interest.propagation" StartDate="2012-05-09 11:43:17.299 CEST" StructureHandle="=org.eclipse.mylyn.java.tasks/\/home\/spingel\/workspace-e_4_2_m_3_x\/.metadata\/.plugins\/org.eclipse.pde.core\/.bundle_pool\/plugins\/org.eclipse.jdt.debug.ui_3.6.100.v20120305-1601.jar&amp;lt;org.eclipse.jdt.internal.debug.ui.actions(OpenTypeAction.class" StructureKind="java"/><InteractionEvent Delta="null" EndDate="2012-05-09 11:43:30.370 CEST" Interest="1.0" Kind="edit" Navigation="null" OriginId="org.eclipse.ui.DefaultTextEditor" StartDate="2012-05-09 11:43:30.370 CEST" StructureHandle="/org.eclipse.mylyn-target/mylyn-e3.8.target" StructureKind="resource"/><InteractionEvent Delta="null" EndDate="2012-05-09 11:42:41.651 CEST" Interest="1.0" Kind="edit" Navigation="null" OriginId="org.eclipse.jdt.ui.ClassFileEditor" StartDate="2012-05-09 11:42:41.651 CEST" StructureHandle="=org.eclipse.mylyn.java.tasks/\/home\/spingel\/workspace-e_4_2_m_3_x\/.metadata\/.plugins\/org.eclipse.pde.core\/.bundle_pool\/plugins\/org.eclipse.jdt.debug.ui_3.6.100.v20120305-1601.jar&amp;lt;org.eclipse.jdt.internal.debug.ui.actions(OpenTypeAction.class[OpenTypeAction~findTypeInWorkspace~Ljava.lang.String;" StructureKind="java"/><InteractionEvent Delta="null" EndDate="2012-05-09 11:43:28.762 CEST" Interest="1.0" Kind="edit" Navigation="null" OriginId="org.eclipse.jdt.ui.ClassFileEditor" StartDate="2012-05-09 11:43:28.762 CEST" StructureHandle="=org.eclipse.mylyn.java.tasks/\/home\/spingel\/workspace-e_4_2_m_3_x\/.metadata\/.plugins\/org.eclipse.pde.core\/.bundle_pool\/plugins\/org.eclipse.jdt.debug.ui_3.6.100.v20120305-1601.jar&amp;lt;org.eclipse.jdt.internal.debug.ui.actions(OpenTypeAction.class[OpenTypeAction~findTypeInWorkspace~Ljava.lang.String;" StructureKind="java"/><InteractionEvent Delta="null" EndDate="2012-05-09 11:42:47.524 CEST" Interest="1.0" Kind="propagation" Navigation="null" OriginId="org.eclipse.jdt.ui.CompilationUnitEditor" StartDate="2012-05-09 11:42:47.524 CEST" StructureHandle="/org.eclipse.mylyn.java.tasks" StructureKind="resource"/><InteractionEvent Delta="null" EndDate="2012-05-09 11:43:16.632 CEST" Interest="1.0" Kind="propagation" Navigation="org.eclipse.mylyn.core.model.edges.containment" OriginId="org.eclipse.mylyn.core.model.interest.propagation" StartDate="2012-05-09 11:43:16.632 CEST" StructureHandle="/" StructureKind="resource"/><InteractionEvent Delta="null" EndDate="2012-05-09 11:42:47.523 CEST" Interest="1.0" Kind="selection" Navigation="null" OriginId="org.eclipse.jdt.ui.CompilationUnitEditor" StartDate="2012-05-09 11:42:47.523 CEST" StructureHandle="=org.eclipse.mylyn.java.tasks/src&amp;lt;org.eclipse.mylyn.internal.java.tasks{JavaStackTraceFileHyperlink.java" StructureKind="java"/><InteractionEvent Delta="null" EndDate="2012-05-09 11:42:11.447 CEST" Interest="1.0" Kind="propagation" Navigation="org.eclipse.mylyn.core.model.edges.containment" OriginId="org.eclipse.mylyn.core.model.interest.propagation" StartDate="2012-05-09 11:42:11.447 CEST" StructureHandle="=org.eclipse.mylyn.java.tasks/\/home\/spingel\/workspace-e_4_2_m_3_x\/.metadata\/.plugins\/org.eclipse.pde.core\/.bundle_pool\/plugins\/org.eclipse.jdt.debug.ui_3.6.100.v20120305-1601.jar" StructureKind="java"/><InteractionEvent Delta="null" EndDate="2012-05-09 11:43:45.484 CEST" Interest="1.0" Kind="selection" Navigation="null" OriginId="org.eclipse.jdt.ui.PackageExplorer" StartDate="2012-05-09 11:43:45.484 CEST" StructureHandle="/org.eclipse.mylyn-target/mylyn-e3.8.target" StructureKind="resource"/><InteractionEvent Delta="null" EndDate="2012-05-09 11:42:40.8 CEST" Interest="0.36600018" Kind="propagation" Navigation="org.eclipse.mylyn.core.model.edges.containment" OriginId="org.eclipse.mylyn.core.model.interest.propagation" StartDate="2012-05-09 11:42:40.8 CEST" StructureHandle="" StructureKind="java"/><InteractionEvent Delta="null" EndDate="2012-05-09 11:43:28.722 CEST" Interest="0.69999886" Kind="propagation" Navigation="org.eclipse.mylyn.core.model.edges.containment" OriginId="org.eclipse.mylyn.core.model.interest.propagation" StartDate="2012-05-09 11:43:28.722 CEST" StructureHandle="=org.eclipse.mylyn.java.tasks/\/home\/spingel\/workspace-e_4_2_m_3_x\/.metadata\/.plugins\/org.eclipse.pde.core\/.bundle_pool\/plugins\/org.eclipse.jdt.debug.ui_3.6.100.v20120305-1601.jar&amp;lt;org.eclipse.jdt.internal.debug.ui.actions" StructureKind="java"/><InteractionEvent Delta="null" EndDate="2012-05-09 11:42:14.237 CEST" Interest="1.0000001" Kind="propagation" Navigation="org.eclipse.mylyn.core.model.edges.containment" OriginId="org.eclipse.mylyn.core.model.interest.propagation" StartDate="2012-05-09 11:42:14.237 CEST" StructureHandle="/org.eclipse.mylyn.java.tasks/src/org/eclipse/mylyn" StructureKind="resource"/><InteractionEvent Delta="null" EndDate="2012-05-09 11:42:47.542 CEST" Interest="1.0" Kind="propagation" Navigation="org.eclipse.mylyn.core.model.edges.containment" OriginId="org.eclipse.mylyn.core.model.interest.propagation" StartDate="2012-05-09 11:42:47.542 CEST" StructureHandle="=org.eclipse.mylyn.java.tasks/src&amp;lt;org.eclipse.mylyn.internal.java.tasks{JavaStackTraceFileHyperlink.java[JavaStackTraceFileHyperlink~startSourceSearch~QString;~I[" StructureKind="java"/><InteractionEvent Delta="null" EndDate="2012-05-09 11:42:47.543 CEST" Interest="1.0" Kind="propagation" Navigation="org.eclipse.mylyn.core.model.edges.containment" OriginId="org.eclipse.mylyn.core.model.interest.propagation" StartDate="2012-05-09 11:42:47.543 CEST" StructureHandle="/org.eclipse.mylyn.java.tasks/src/org/eclipse/mylyn" StructureKind="resource"/><InteractionEvent Delta="null" EndDate="2012-05-09 11:43:16.635 CEST" Interest="1.0" Kind="propagation" Navigation="org.eclipse.mylyn.core.model.edges.containment" OriginId="org.eclipse.mylyn.core.model.interest.propagation" StartDate="2012-05-09 11:43:16.635 CEST" StructureHandle="/" StructureKind="resource"/><InteractionEvent Delta="null" EndDate="2012-05-09 11:42:11.450 CEST" Interest="0.7000001" Kind="propagation" Navigation="org.eclipse.mylyn.core.model.edges.containment" OriginId="org.eclipse.mylyn.core.model.interest.propagation" StartDate="2012-05-09 11:42:11.450 CEST" StructureHandle="" StructureKind="java"/><InteractionEvent Delta="null" EndDate="2012-05-09 11:43:29.434 CEST" Interest="1.0" Kind="propagation" Navigation="null" OriginId="org.eclipse.jdt.ui.ClassFileEditor" StartDate="2012-05-09 11:43:29.434 CEST" StructureHandle="/org.eclipse.mylyn.java.tasks" StructureKind="resource"/><InteractionEvent Delta="null" EndDate="2012-05-09 11:42:52.400 CEST" Interest="1.0" Kind="selection" Navigation="null" OriginId="org.eclipse.jdt.callhierarchy.view" StartDate="2012-05-09 11:42:52.400 CEST" StructureHandle="=org.eclipse.mylyn.builds.ui/\/home\/spingel\/workspace-e_4_2_m_3_x\/.metadata\/.plugins\/org.eclipse.pde.core\/.bundle_pool\/plugins\/org.eclipse.jdt.debug.ui_3.6.100.v20120305-1601.jar&amp;lt;org.eclipse.jdt.internal.debug.ui.console(JavaStackTraceHyperlink$1.class[~run~Lorg.eclipse.core.runtime.IProgressMonitor;" StructureKind="java"/><InteractionEvent Delta="null" EndDate="2012-05-09 11:42:14.238 CEST" Interest="0.9999999" Kind="propagation" Navigation="org.eclipse.mylyn.core.model.edges.containment" OriginId="org.eclipse.mylyn.core.model.interest.propagation" StartDate="2012-05-09 11:42:14.238 CEST" StructureHandle="" StructureKind="java"/><InteractionEvent Delta="null" EndDate="2012-05-09 11:43:16.632 CEST" Interest="0.69999933" Kind="propagation" Navigation="org.eclipse.mylyn.core.model.edges.containment" OriginId="org.eclipse.mylyn.core.model.interest.propagation" StartDate="2012-05-09 11:43:16.632 CEST" StructureHandle="=org.eclipse.mylyn.java.tasks/\/home\/spingel\/workspace-e_4_2_m_3_x\/.metadata\/.plugins\/org.eclipse.pde.core\/.bundle_pool\/plugins\/org.eclipse.jdt.debug.ui_3.6.100.v20120305-1601.jar&amp;lt;org.eclipse.jdt.internal.debug.ui.actions" StructureKind="java"/><InteractionEvent Delta="null" EndDate="2012-05-09 11:42:47.523 CEST" Interest="1.0" Kind="propagation" Navigation="org.eclipse.mylyn.core.model.edges.containment" OriginId="org.eclipse.mylyn.core.model.interest.propagation" StartDate="2012-05-09 11:42:47.523 CEST" StructureHandle="/org.eclipse.mylyn.java.tasks/src/org/eclipse/mylyn" StructureKind="resource"/><InteractionEvent Delta="null" EndDate="2012-05-09 11:42:47.543 CEST" Interest="1.0" Kind="propagation" Navigation="org.eclipse.mylyn.core.model.edges.containment" OriginId="org.eclipse.mylyn.core.model.interest.propagation" StartDate="2012-05-09 11:42:47.543 CEST" StructureHandle="/org.eclipse.mylyn.java.tasks/src/org/eclipse" StructureKind="resource"/><InteractionEvent Delta="null" EndDate="2012-05-09 11:43:16.632 CEST" Interest="0.6999998" Kind="propagation" Navigation="org.eclipse.mylyn.core.model.edges.containment" OriginId="org.eclipse.mylyn.core.model.interest.propagation" StartDate="2012-05-09 11:43:16.632 CEST" StructureHandle="=org.eclipse.mylyn.java.tasks/\/home\/spingel\/workspace-e_4_2_m_3_x\/.metadata\/.plugins\/org.eclipse.pde.core\/.bundle_pool\/plugins\/org.eclipse.jdt.debug.ui_3.6.100.v20120305-1601.jar&amp;lt;org.eclipse.jdt.internal.debug.ui.actions(OpenTypeAction.class" StructureKind="java"/><InteractionEvent Delta="null" EndDate="2012-05-09 11:43:28.763 CEST" Interest="1.0" Kind="propagation" Navigation="org.eclipse.mylyn.core.model.edges.containment" OriginId="org.eclipse.mylyn.core.model.interest.propagation" StartDate="2012-05-09 11:43:28.763 CEST" StructureHandle="/" StructureKind="resource"/><InteractionEvent Delta="null" EndDate="2012-05-09 11:42:39.999 CEST" Interest="1.0" Kind="selection" Navigation="null" OriginId="org.eclipse.jdt.ui.ClassFileEditor" StartDate="2012-05-09 11:42:39.999 CEST" StructureHandle="=org.eclipse.mylyn.java.tasks/\/home\/spingel\/workspace-e_4_2_m_3_x\/.metadata\/.plugins\/org.eclipse.pde.core\/.bundle_pool\/plugins\/org.eclipse.jdt.debug.ui_3.6.100.v20120305-1601.jar&amp;lt;org.eclipse.jdt.internal.debug.ui.actions(OpenTypeAction.class" StructureKind="java"/><InteractionEvent Delta="null" EndDate="2012-05-09 11:43:28.722 CEST" Interest="1.0" Kind="edit" Navigation="null" OriginId="org.eclipse.jdt.ui.ClassFileEditor" StartDate="2012-05-09 11:43:28.722 CEST" StructureHandle="=org.eclipse.mylyn.java.tasks/\/home\/spingel\/workspace-e_4_2_m_3_x\/.metadata\/.plugins\/org.eclipse.pde.core\/.bundle_pool\/plugins\/org.eclipse.jdt.debug.ui_3.6.100.v20120305-1601.jar&amp;lt;org.eclipse.jdt.internal.debug.ui.actions(OpenTypeAction.class[OpenTypeAction~findTypeInWorkspace~Ljava.lang.String;" StructureKind="java"/><InteractionEvent Delta="null" EndDate="2012-05-09 11:43:28.924 CEST" Interest="0.69999886" Kind="propagation" Navigation="org.eclipse.mylyn.core.model.edges.containment" OriginId="org.eclipse.mylyn.core.model.interest.propagation" StartDate="2012-05-09 11:43:28.924 CEST" StructureHandle="=org.eclipse.mylyn.java.tasks/\/home\/spingel\/workspace-e_4_2_m_3_x\/.metadata\/.plugins\/org.eclipse.pde.core\/.bundle_pool\/plugins\/org.eclipse.jdt.debug.ui_3.6.100.v20120305-1601.jar&amp;lt;org.eclipse.jdt.internal.debug.ui.actions(OpenTypeAction.class[OpenTypeAction" StructureKind="java"/><InteractionEvent Delta="null" EndDate="2012-05-09 11:42:40.210 CEST" Interest="1.0000005" Kind="propagation" Navigation="org.eclipse.mylyn.core.model.edges.containment" OriginId="org.eclipse.mylyn.core.model.interest.propagation" StartDate="2012-05-09 11:42:40.210 CEST" StructureHandle="/" StructureKind="resource"/><InteractionEvent Delta="null" EndDate="2012-05-09 11:42:40.7 CEST" Interest="0.36600018" Kind="propagation" Navigation="org.eclipse.mylyn.core.model.edges.containment" OriginId="org.eclipse.mylyn.core.model.interest.propagation" StartDate="2012-05-09 11:42:40.7 CEST" StructureHandle="=org.eclipse.mylyn.java.tasks" StructureKind="java"/><InteractionEvent Delta="null" EndDate="2012-05-09 11:43:16.635 CEST" Interest="0.6999998" Kind="propagation" Navigation="org.eclipse.mylyn.core.model.edges.containment" OriginId="org.eclipse.mylyn.core.model.interest.propagation" StartDate="2012-05-09 11:43:16.635 CEST" StructureHandle="=org.eclipse.mylyn.java.tasks/\/home\/spingel\/workspace-e_4_2_m_3_x\/.metadata\/.plugins\/org.eclipse.pde.core\/.bundle_pool\/plugins\/org.eclipse.jdt.debug.ui_3.6.100.v20120305-1601.jar&amp;lt;org.eclipse.jdt.internal.debug.ui.actions(OpenTypeAction.class" StructureKind="java"/><InteractionEvent Delta="null" EndDate="2012-05-09 11:42:14.194 CEST" Interest="1.0" Kind="propagation" Navigation="null" OriginId="org.eclipse.jdt.ui.CompilationUnitEditor" StartDate="2012-05-09 11:42:14.194 CEST" StructureHandle="/org.eclipse.mylyn.java.tasks" StructureKind="resource"/><InteractionEvent Delta="null" EndDate="2012-05-09 11:42:11.447 CEST" Interest="1.0" Kind="propagation" Navigation="org.eclipse.mylyn.core.model.edges.containment" OriginId="org.eclipse.mylyn.core.model.interest.propagation" StartDate="2012-05-09 11:42:11.447 CEST" StructureHandle="=org.eclipse.mylyn.java.tasks" StructureKind="java"/><InteractionEvent Delta="null" EndDate="2012-05-09 11:42:14.223 CEST" Interest="1.0" Kind="propagation" Navigation="org.eclipse.mylyn.core.model.edges.containment" OriginId="org.eclipse.mylyn.core.model.interest.propagation" StartDate="2012-05-09 11:42:14.223 CEST" StructureHandle="/" StructureKind="resource"/><InteractionEvent Delta="null" EndDate="2012-05-09 11:43:29.433 CEST" Interest="0.69999886" Kind="propagation" Navigation="org.eclipse.mylyn.core.model.edges.containment" OriginId="org.eclipse.mylyn.core.model.interest.propagation" StartDate="2012-05-09 11:43:29.433 CEST" StructureHandle="=org.eclipse.mylyn.java.tasks/\/home\/spingel\/workspace-e_4_2_m_3_x\/.metadata\/.plugins\/org.eclipse.pde.core\/.bundle_pool\/plugins\/org.eclipse.jdt.debug.ui_3.6.100.v20120305-1601.jar&amp;lt;org.eclipse.jdt.internal.debug.ui.actions(OpenTypeAction.class" StructureKind="java"/><InteractionEvent Delta="null" EndDate="2012-05-09 11:42:54.294 CEST" Interest="1.0" Kind="selection" Navigation="null" OriginId="org.eclipse.jdt.callhierarchy.view" StartDate="2012-05-09 11:42:54.294 CEST" StructureHandle="=org.eclipse.mylyn.java.tasks/\/home\/spingel\/workspace-e_4_2_m_3_x\/.metadata\/.plugins\/org.eclipse.pde.core\/.bundle_pool\/plugins\/org.eclipse.jdt.debug.ui_3.6.100.v20120305-1601.jar&amp;lt;org.eclipse.jdt.internal.debug.ui.actions(OpenTypeAction.class[OpenTypeAction~findTypeInWorkspace~Ljava.lang.String;" StructureKind="java"/><InteractionEvent Delta="null" EndDate="2012-05-09 11:42:14.192 CEST" Interest="1.0" Kind="propagation" Navigation="org.eclipse.mylyn.core.model.edges.containment" OriginId="org.eclipse.mylyn.core.model.interest.propagation" StartDate="2012-05-09 11:42:14.192 CEST" StructureHandle="/org.eclipse.mylyn.java.tasks/src/org/eclipse/mylyn/internal/java" StructureKind="resource"/><InteractionEvent Delta="null" EndDate="2012-05-09 11:43:17.299 CEST" Interest="0.7000003" Kind="propagation" Navigation="org.eclipse.mylyn.core.model.edges.containment" OriginId="org.eclipse.mylyn.core.model.interest.propagation" StartDate="2012-05-09 11:43:17.299 CEST" StructureHandle="=org.eclipse.mylyn.java.tasks/\/home\/spingel\/workspace-e_4_2_m_3_x\/.metadata\/.plugins\/org.eclipse.pde.core\/.bundle_pool\/plugins\/org.eclipse.jdt.debug.ui_3.6.100.v20120305-1601.jar&amp;lt;org.eclipse.jdt.internal.debug.ui.actions" StructureKind="java"/><InteractionEvent Delta="null" EndDate="2012-05-09 11:43:17.299 CEST" Interest="0.7000003" Kind="propagation" Navigation="org.eclipse.mylyn.core.model.edges.containment" OriginId="org.eclipse.mylyn.core.model.interest.propagation" StartDate="2012-05-09 11:43:17.299 CEST" StructureHandle="" StructureKind="java"/><InteractionEvent Delta="null" EndDate="2012-05-09 11:43:16.635 CEST" Interest="0.7000003" Kind="propagation" Navigation="org.eclipse.mylyn.core.model.edges.containment" OriginId="org.eclipse.mylyn.core.model.interest.propagation" StartDate="2012-05-09 11:43:16.635 CEST" StructureHandle="=org.eclipse.mylyn.java.tasks/\/home\/spingel\/workspace-e_4_2_m_3_x\/.metadata\/.plugins\/org.eclipse.pde.core\/.bundle_pool\/plugins\/org.eclipse.jdt.debug.ui_3.6.100.v20120305-1601.jar" StructureKind="java"/><InteractionEvent Delta="null" EndDate="2012-05-09 11:43:28.723 CEST" Interest="1.0" Kind="propagation" Navigation="org.eclipse.mylyn.core.model.edges.containment" OriginId="org.eclipse.mylyn.core.model.interest.propagation" StartDate="2012-05-09 11:43:28.723 CEST" StructureHandle="/" StructureKind="resource"/><InteractionEvent Delta="null" EndDate="2012-05-09 11:42:14.238 CEST" Interest="0.7" Kind="propagation" Navigation="org.eclipse.mylyn.core.model.edges.containment" OriginId="org.eclipse.mylyn.core.model.interest.propagation" StartDate="2012-05-09 11:42:14.238 CEST" StructureHandle="=org.eclipse.mylyn.java.tasks/src" StructureKind="java"/><InteractionEvent Delta="null" EndDate="2012-05-09 11:42:14.237 CEST" Interest="1.0000001" Kind="propagation" Navigation="org.eclipse.mylyn.core.model.edges.containment" OriginId="org.eclipse.mylyn.core.model.interest.propagation" StartDate="2012-05-09 11:42:14.237 CEST" StructureHandle="=org.eclipse.mylyn.java.tasks" StructureKind="resource"/><InteractionEvent Delta="null" EndDate="2012-05-09 11:42:40.210 CEST" Interest="1.0" Kind="edit" Navigation="null" OriginId="org.eclipse.jdt.ui.ClassFileEditor" StartDate="2012-05-09 11:42:40.210 CEST" StructureHandle="=org.eclipse.mylyn.java.tasks/\/home\/spingel\/workspace-e_4_2_m_3_x\/.metadata\/.plugins\/org.eclipse.pde.core\/.bundle_pool\/plugins\/org.eclipse.jdt.debug.ui_3.6.100.v20120305-1601.jar&amp;lt;org.eclipse.jdt.internal.debug.ui.actions(OpenTypeAction.class[OpenTypeAction~findTypeInWorkspace~Ljava.lang.String;" StructureKind="java"/><InteractionEvent Delta="null" EndDate="2012-05-09 11:42:39.999 CEST" Interest="1.0" Kind="propagation" Navigation="org.eclipse.mylyn.core.model.edges.containment" OriginId="org.eclipse.mylyn.core.model.interest.propagation" StartDate="2012-05-09 11:42:39.999 CEST" StructureHandle="=org.eclipse.mylyn.java.tasks/\/home\/spingel\/workspace-e_4_2_m_3_x\/.metadata\/.plugins\/org.eclipse.pde.core\/.bundle_pool\/plugins\/org.eclipse.jdt.debug.ui_3.6.100.v20120305-1601.jar&amp;lt;org.eclipse.jdt.internal.debug.ui.actions" StructureKind="java"/><InteractionEvent Delta="null" EndDate="2012-05-09 11:43:16.632 CEST" Interest="0.69999933" Kind="propagation" Navigation="org.eclipse.mylyn.core.model.edges.containment" OriginId="org.eclipse.mylyn.core.model.interest.propagation" StartDate="2012-05-09 11:43:16.632 CEST" StructureHandle="=org.eclipse.mylyn.java.tasks/\/home\/spingel\/workspace-e_4_2_m_3_x\/.metadata\/.plugins\/org.eclipse.pde.core\/.bundle_pool\/plugins\/org.eclipse.jdt.debug.ui_3.6.100.v20120305-1601.jar" StructureKind="java"/><InteractionEvent Delta="null" EndDate="2012-05-09 11:42:11.449 CEST" Interest="0.7000001" Kind="propagation" Navigation="org.eclipse.mylyn.core.model.edges.containment" OriginId="org.eclipse.mylyn.core.model.interest.propagation" StartDate="2012-05-09 11:42:11.449 CEST" StructureHandle="=org.eclipse.mylyn.java.tasks" StructureKind="java"/><InteractionEvent Delta="null" EndDate="2012-05-09 11:42:11.449 CEST" Interest="0.7000001" Kind="propagation" Navigation="org.eclipse.mylyn.core.model.edges.containment" OriginId="org.eclipse.mylyn.core.model.interest.propagation" StartDate="2012-05-09 11:42:11.449 CEST" StructureHandle="=org.eclipse.mylyn.java.tasks/\/home\/spingel\/workspace-e_4_2_m_3_x\/.metadata\/.plugins\/org.eclipse.pde.core\/.bundle_pool\/plugins\/org.eclipse.jdt.debug.ui_3.6.100.v20120305-1601.jar&amp;lt;org.eclipse.jdt.internal.debug.ui.actions" StructureKind="java"/><InteractionEvent Delta="null" EndDate="2012-05-09 11:42:14.238 CEST" Interest="1.0000002" Kind="propagation" Navigation="org.eclipse.mylyn.core.model.edges.containment" OriginId="org.eclipse.mylyn.core.model.interest.propagation" StartDate="2012-05-09 11:42:14.238 CEST" StructureHandle="/" StructureKind="resource"/><InteractionEvent Delta="null" EndDate="2012-05-09 11:42:43.115 CEST" Interest="1.0" Kind="propagation" Navigation="null" OriginId="org.eclipse.jdt.callhierarchy.view" StartDate="2012-05-09 11:42:43.115 CEST" StructureHandle="/org.eclipse.mylyn.java.tasks" StructureKind="resource"/><InteractionEvent Delta="null" EndDate="2012-05-09 11:43:29.434 CEST" Interest="0.6999998" Kind="propagation" Navigation="org.eclipse.mylyn.core.model.edges.containment" OriginId="org.eclipse.mylyn.core.model.interest.propagation" StartDate="2012-05-09 11:43:29.434 CEST" StructureHandle="" StructureKind="java"/><InteractionEvent Delta="null" EndDate="2012-05-09 11:42:14.237 CEST" Interest="0.70000005" Kind="propagation" Navigation="org.eclipse.mylyn.core.model.edges.containment" OriginId="org.eclipse.mylyn.core.model.interest.propagation" StartDate="2012-05-09 11:42:14.237 CEST" StructureHandle="=org.eclipse.mylyn.java.tasks/src&amp;lt;org.eclipse.mylyn.internal.java.tasks{JavaStackTraceFileHyperlink.java" StructureKind="java"/><InteractionEvent Delta="null" EndDate="2012-05-09 11:42:14.193 CEST" Interest="1.0" Kind="propagation" Navigation="org.eclipse.mylyn.core.model.edges.containment" OriginId="org.eclipse.mylyn.core.model.interest.propagation" StartDate="2012-05-09 11:42:14.193 CEST" StructureHandle="/org.eclipse.mylyn.java.tasks/src/org/eclipse" StructureKind="resource"/><InteractionEvent Delta="null" EndDate="2012-05-09 11:43:16.635 CEST" Interest="0.6999998" Kind="propagation" Navigation="org.eclipse.mylyn.core.model.edges.containment" OriginId="org.eclipse.mylyn.core.model.interest.propagation" StartDate="2012-05-09 11:43:16.635 CEST" StructureHandle="=org.eclipse.mylyn.java.tasks/\/home\/spingel\/workspace-e_4_2_m_3_x\/.metadata\/.plugins\/org.eclipse.pde.core\/.bundle_pool\/plugins\/org.eclipse.jdt.debug.ui_3.6.100.v20120305-1601.jar&amp;lt;org.eclipse.jdt.internal.debug.ui.actions(OpenTypeAction.class[OpenTypeAction" StructureKind="java"/><InteractionEvent Delta="null" EndDate="2012-05-09 11:42:14.192 CEST" Interest="1.0" Kind="selection" Navigation="null" OriginId="org.eclipse.jdt.ui.CompilationUnitEditor" StartDate="2012-05-09 11:42:14.192 CEST" StructureHandle="=org.eclipse.mylyn.java.tasks/src&amp;lt;org.eclipse.mylyn.internal.java.tasks{JavaStackTraceFileHyperlink.java" StructureKind="java"/><InteractionEvent Delta="null" EndDate="2012-05-09 11:42:14.221 CEST" Interest="1.0" Kind="propagation" Navigation="org.eclipse.mylyn.core.model.edges.containment" OriginId="org.eclipse.mylyn.core.model.interest.propagation" StartDate="2012-05-09 11:42:14.221 CEST" StructureHandle="=org.eclipse.mylyn.java.tasks/src&amp;lt;org.eclipse.mylyn.internal.java.tasks{JavaStackTraceFileHyperlink.java[JavaStackTraceFileHyperlink~startSourceSearch~QString;~I[" StructureKind="java"/><InteractionEvent Delta="null" EndDate="2012-05-09 11:43:45.484 CEST" Interest="1.0" Kind="propagation" Navigation="org.eclipse.mylyn.core.model.edges.containment" OriginId="org.eclipse.mylyn.core.model.interest.propagation" StartDate="2012-05-09 11:43:45.484 CEST" StructureHandle="=org.eclipse.mylyn-target" StructureKind="java"/><InteractionEvent Delta="null" EndDate="2012-05-09 11:42:40.202 CEST" Interest="1.0" Kind="propagation" Navigation="org.eclipse.mylyn.core.model.edges.containment" OriginId="org.eclipse.mylyn.core.model.interest.propagation" StartDate="2012-05-09 11:42:40.202 CEST" StructureHandle="/" StructureKind="resource"/><InteractionEvent Delta="null" EndDate="2012-05-09 11:42:39.999 CEST" Interest="1.0" Kind="propagation" Navigation="org.eclipse.mylyn.core.model.edges.containment" OriginId="org.eclipse.mylyn.core.model.interest.propagation" StartDate="2012-05-09 11:42:39.999 CEST" StructureHandle="/" StructureKind="resource"/><InteractionEvent Delta="null" EndDate="2012-05-09 11:42:14.193 CEST" Interest="1.0" Kind="propagation" Navigation="org.eclipse.mylyn.core.model.edges.containment" OriginId="org.eclipse.mylyn.core.model.interest.propagation" StartDate="2012-05-09 11:42:14.193 CEST" StructureHandle="=org.eclipse.mylyn.java.tasks/src" StructureKind="java"/><InteractionEvent Delta="null" EndDate="2012-05-09 11:43:28.217 CEST" Interest="1.0" Kind="propagation" Navigation="null" OriginId="org.eclipse.jdt.ui.ClassFileEditor" StartDate="2012-05-09 11:43:28.217 CEST" StructureHandle="/org.eclipse.mylyn.java.tasks" StructureKind="resource"/><InteractionEvent Delta="null" EndDate="2012-05-09 11:43:16.635 CEST" Interest="0.7000003" Kind="propagation" Navigation="org.eclipse.mylyn.core.model.edges.containment" OriginId="org.eclipse.mylyn.core.model.interest.propagation" StartDate="2012-05-09 11:43:16.635 CEST" StructureHandle="=org.eclipse.mylyn.java.tasks/\/home\/spingel\/workspace-e_4_2_m_3_x\/.metadata\/.plugins\/org.eclipse.pde.core\/.bundle_pool\/plugins\/org.eclipse.jdt.debug.ui_3.6.100.v20120305-1601.jar&amp;lt;org.eclipse.jdt.internal.debug.ui.actions" StructureKind="java"/></InteractionHistory>