<?xml version="1.0" encoding="UTF-8"?><InteractionHistory Id="https://bugs.eclipse.org/bugs-267143" Version="1"><InteractionEvent Delta="null" EndDate="2009-09-08 14:38:37.340 PDT" Interest="2.0" Kind="selection" Navigation="null" OriginId="org.eclipse.jdt.ui.CompilationUnitEditor" StartDate="2009-09-08 14:38:37.232 PDT" StructureHandle="=org.eclipse.mylyn.context.core/src&amp;lt;org.eclipse.mylyn.context.core{IInteractionObject.java" StructureKind="java" NumEvents="2" CreationCount="1010"/><InteractionEvent Delta="null" EndDate="2009-09-10 11:19:12.502 PDT" Interest="1.0" Kind="propagation" Navigation="org.eclipse.mylyn.core.model.edges.containment" OriginId="org.eclipse.mylyn.core.model.interest.propagation" StartDate="2009-09-10 11:19:12.502 PDT" StructureHandle="=org.eclipse.mylyn.context.core" StructureKind="resource"/><InteractionEvent Delta="null" EndDate="2009-09-08 14:39:07.410 PDT" Interest="2.0" Kind="selection" Navigation="null" OriginId="org.eclipse.jdt.ui.CompilationUnitEditor" StartDate="2009-09-08 14:39:07.281 PDT" StructureHandle="=org.eclipse.mylyn.context.core/src&amp;lt;org.eclipse.mylyn.internal.context.core{DegreeOfInterest.java" StructureKind="java" NumEvents="2" CreationCount="1019"/><InteractionEvent Delta="null" EndDate="2009-09-08 14:24:14.788 PDT" Interest="2.0" Kind="selection" Navigation="null" OriginId="org.eclipse.jdt.ui.CompilationUnitEditor" StartDate="2009-05-01 09:17:08.187 PDT" StructureHandle="=org.eclipse.mylyn.commons.ui/src&amp;lt;org.eclipse.mylyn.internal.provisional.commons.ui{DelayedRefreshJob.java" StructureKind="java" NumEvents="2" CreationCount="315"/><InteractionEvent Delta="null" EndDate="2009-09-08 14:24:25.377 PDT" Interest="4.0" Kind="propagation" Navigation="org.eclipse.mylyn.core.model.edges.containment" OriginId="org.eclipse.mylyn.core.model.interest.propagation" StartDate="2009-09-08 14:24:14.789 PDT" StructureHandle="/org.eclipse.mylyn.commons.ui/src" StructureKind="resource" NumEvents="4" CreationCount="949"/><InteractionEvent Delta="null" EndDate="2009-09-08 14:38:16.758 PDT" Interest="4.0" Kind="selection" Navigation="null" OriginId="org.eclipse.search.ui.views.SearchView" StartDate="2009-07-16 15:53:13.121 PDT" StructureHandle="=org.eclipse.mylyn.context.ui/src&amp;lt;org.eclipse.mylyn.internal.context.ui{FocusedViewerManager.java[FocusedViewerManager[FocusedViewerDelayedRefreshJob" StructureKind="java" NumEvents="4" CreationCount="19"/><InteractionEvent Delta="null" EndDate="2009-09-08 16:01:23.472 PDT" Interest="66.718994" Kind="propagation" Navigation="org.eclipse.mylyn.core.model.edges.containment" OriginId="org.eclipse.mylyn.core.model.interest.propagation" StartDate="2009-07-16 13:38:20.387 PDT" StructureHandle="=org.eclipse.mylyn.context.core/src&amp;lt;org.eclipse.mylyn.internal.context.core{InteractionContextManager.java[InteractionContextManager" StructureKind="java" NumEvents="96" CreationCount="468"/><InteractionEvent Delta="null" EndDate="2009-09-08 16:02:41.732 PDT" Interest="76.204" Kind="propagation" Navigation="org.eclipse.mylyn.core.model.edges.containment" OriginId="org.eclipse.mylyn.core.model.interest.propagation" StartDate="2009-07-16 13:38:09.309 PDT" StructureHandle="=org.eclipse.mylyn.context.core/src" StructureKind="java" NumEvents="173" CreationCount="463"/><InteractionEvent Delta="null" EndDate="2009-09-10 11:19:12.500 PDT" Interest="1.0" Kind="edit" Navigation="null" OriginId="org.eclipse.jdt.ui.CompilationUnitEditor" StartDate="2009-09-10 11:19:12.500 PDT" StructureHandle="=org.eclipse.mylyn.context.core/src&amp;lt;org.eclipse.mylyn.internal.context.core{InteractionContextManager.java[InteractionContextManager~propegateInterestToParents~QIInteractionContext;~QInteractionEvent.Kind;~QIInteractionElement;~F~F~I~QList\&amp;lt;QIInteractionElement;&amp;gt;;~QString;~QAbstractContextStructureBridge;~QSet\&amp;lt;QString;&amp;gt;;" StructureKind="java"/><InteractionEvent Delta="null" EndDate="2009-09-10 11:19:09.594 PDT" Interest="0.99993896" Kind="propagation" Navigation="org.eclipse.mylyn.core.model.edges.containment" OriginId="org.eclipse.mylyn.core.model.interest.propagation" StartDate="2009-09-10 11:19:09.594 PDT" StructureHandle="" StructureKind="java"/><InteractionEvent Delta="null" EndDate="2009-09-08 14:44:24.54 PDT" Interest="14.0" Kind="selection" Navigation="null" OriginId="org.eclipse.jdt.ui.CompilationUnitEditor" StartDate="2009-07-16 13:42:20.250 PDT" StructureHandle="=org.eclipse.mylyn.context.ui/src&amp;lt;org.eclipse.mylyn.internal.context.ui{FocusedViewerManager.java[FocusedViewerManager~refreshViewers~QList\&amp;lt;QIInteractionElement;&amp;gt;;~Z" StructureKind="java" NumEvents="14" CreationCount="495"/><InteractionEvent Delta="null" EndDate="2009-09-08 16:01:23.473 PDT" Interest="76.187" Kind="propagation" Navigation="org.eclipse.mylyn.core.model.edges.containment" OriginId="org.eclipse.mylyn.core.model.interest.propagation" StartDate="2009-07-16 13:38:15.815 PDT" StructureHandle="=org.eclipse.mylyn.context.core/src&amp;lt;org.eclipse.mylyn.internal.context.core" StructureKind="java" NumEvents="120" CreationCount="464"/><InteractionEvent Delta="null" EndDate="2009-09-08 14:24:14.788 PDT" Interest="7.644001" Kind="manipulation" Navigation="null" OriginId="org.eclipse.mylyn.core.model.interest.decay.correction" StartDate="2009-09-08 14:24:14.788 PDT" StructureHandle="=org.eclipse.mylyn.commons.ui/src&amp;lt;org.eclipse.mylyn.internal.provisional.commons.ui{DelayedRefreshJob.java" StructureKind="java"/><InteractionEvent Delta="null" EndDate="2009-09-08 14:48:17.794 PDT" Interest="55.0" Kind="edit" Navigation="null" OriginId="org.eclipse.jdt.ui.CompilationUnitEditor" StartDate="2009-09-08 13:48:35.143 PDT" StructureHandle="=org.eclipse.mylyn.context.ui/src&amp;lt;org.eclipse.mylyn.internal.context.ui{FocusedViewerManager.java[FocusedViewerManager~contextChanged~QContextChangeEvent;" StructureKind="java" NumEvents="55" CreationCount="448"/><InteractionEvent Delta="null" EndDate="2009-09-10 11:08:49.143 PDT" Interest="48.0" Kind="selection" Navigation="null" OriginId="org.eclipse.jdt.ui.CompilationUnitEditor" StartDate="2009-04-30 13:32:16.850 PDT" StructureHandle="=org.eclipse.mylyn.context.ui/src&amp;lt;org.eclipse.mylyn.internal.context.ui{FocusedViewerManager.java" StructureKind="java" NumEvents="48" CreationCount="6"/><InteractionEvent Delta="null" EndDate="2009-09-10 11:08:56.38 PDT" Interest="8.0" Kind="selection" Navigation="null" OriginId="org.eclipse.jdt.ui.CompilationUnitEditor" StartDate="2009-07-16 13:44:19.753 PDT" StructureHandle="=org.eclipse.mylyn.context.ui/src&amp;lt;org.eclipse.mylyn.internal.context.ui{FocusedViewerManager.java[FocusedViewerManager~updateExpansionState~QStructuredViewer;~QObject;" StructureKind="java" NumEvents="8" CreationCount="288"/><InteractionEvent Delta="null" EndDate="2009-07-16 13:43:36.597 PDT" Interest="217.89099" Kind="propagation" Navigation="org.eclipse.mylyn.core.model.edges.containment" OriginId="org.eclipse.mylyn.core.model.interest.propagation" StartDate="2009-04-30 17:32:08.659 PDT" StructureHandle="=org.eclipse.mylyn.context.ui/src&amp;lt;org.eclipse.mylyn.internal.context.ui{FocusedViewerManager.java[FocusedViewerManager" StructureKind="java" NumEvents="230" CreationCount="79"/><InteractionEvent Delta="null" EndDate="2009-09-08 14:24:25.378 PDT" Interest="13.478001" Kind="propagation" Navigation="org.eclipse.mylyn.core.model.edges.containment" OriginId="org.eclipse.mylyn.core.model.interest.propagation" StartDate="2009-05-01 09:17:08.187 PDT" StructureHandle="=org.eclipse.mylyn.commons.ui/src" StructureKind="java" NumEvents="9" CreationCount="315"/><InteractionEvent Delta="null" EndDate="2009-09-08 13:52:03.785 PDT" Interest="14.5" Kind="propagation" Navigation="org.eclipse.mylyn.core.model.edges.containment" OriginId="org.eclipse.mylyn.core.model.interest.propagation" StartDate="2009-09-08 13:36:21.324 PDT" StructureHandle="=org.eclipse.mylyn.context.core/src&amp;lt;org.eclipse.mylyn.context.core{AbstractContextListener.java[AbstractContextListener" StructureKind="java" NumEvents="19" CreationCount="265"/><InteractionEvent Delta="null" EndDate="2009-09-08 14:24:25.377 PDT" Interest="13.478001" Kind="propagation" Navigation="org.eclipse.mylyn.core.model.edges.containment" OriginId="org.eclipse.mylyn.core.model.interest.propagation" StartDate="2009-05-01 09:17:08.187 PDT" StructureHandle="=org.eclipse.mylyn.commons.ui/src&amp;lt;org.eclipse.mylyn.internal.provisional.commons.ui" StructureKind="java" NumEvents="9" CreationCount="315"/><InteractionEvent Delta="null" EndDate="2009-09-08 14:39:16.599 PDT" Interest="6.0" Kind="propagation" Navigation="null" OriginId="org.eclipse.jdt.ui.CompilationUnitEditor" StartDate="2009-09-08 14:39:07.282 PDT" StructureHandle="/org.eclipse.mylyn.context.core/src/org/eclipse/mylyn/internal/context/core/DegreeOfInterest.java" StructureKind="resource" NumEvents="6" CreationCount="1019"/><InteractionEvent Delta="null" EndDate="2009-09-10 11:09:41.374 PDT" Interest="429.0" Kind="propagation" Navigation="null" OriginId="org.eclipse.jdt.ui.CompilationUnitEditor" StartDate="2009-06-01 19:58:09.859 PDT" StructureHandle="/org.eclipse.mylyn.context.ui/src/org/eclipse/mylyn/internal/context/ui" StructureKind="resource" NumEvents="429" CreationCount="258"/><InteractionEvent Delta="null" EndDate="2009-09-10 11:09:41.371 PDT" Interest="27.0" Kind="edit" Navigation="null" OriginId="org.eclipse.jdt.ui.CompilationUnitEditor" StartDate="2009-07-16 13:44:21.697 PDT" StructureHandle="=org.eclipse.mylyn.context.ui/src&amp;lt;org.eclipse.mylyn.internal.context.ui{FocusedViewerManager.java[FocusedViewerManager~updateExpansionState~QStructuredViewer;~QObject;" StructureKind="java" NumEvents="27" CreationCount="288"/><InteractionEvent Delta="null" EndDate="2009-09-08 14:24:25.377 PDT" Interest="14.778" Kind="propagation" Navigation="org.eclipse.mylyn.core.model.edges.containment" OriginId="org.eclipse.mylyn.core.model.interest.propagation" StartDate="2009-05-01 09:17:08.187 PDT" StructureHandle="=org.eclipse.mylyn.commons.ui" StructureKind="resource" NumEvents="9" CreationCount="315"/><InteractionEvent Delta="null" EndDate="2009-09-08 14:39:03.349 PDT" Interest="56.0" Kind="propagation" Navigation="null" OriginId="org.eclipse.jdt.ui.CompilationUnitEditor" StartDate="2009-09-08 13:36:03.60 PDT" StructureHandle="/org.eclipse.mylyn.context.core/src/org/eclipse/mylyn/context/core" StructureKind="resource" NumEvents="56" CreationCount="257"/><InteractionEvent Delta="null" EndDate="2009-09-08 14:39:03.347 PDT" Interest="4.0" Kind="propagation" Navigation="null" OriginId="org.eclipse.jdt.ui.CompilationUnitEditor" StartDate="2009-09-08 14:38:41.9 PDT" StructureHandle="/org.eclipse.mylyn.context.core/src/org/eclipse/mylyn/context/core/IDegreeOfInterest.java" StructureKind="resource" NumEvents="4" CreationCount="1014"/><InteractionEvent Delta="null" EndDate="2009-09-08 13:51:59.702 PDT" Interest="15.0" Kind="edit" Navigation="null" OriginId="org.eclipse.jdt.ui.CompilationUnitEditor" StartDate="2009-09-08 13:36:22.25 PDT" StructureHandle="=org.eclipse.mylyn.context.core/src&amp;lt;org.eclipse.mylyn.context.core{AbstractContextListener.java[AbstractContextListener~contextChanged~QContextChangeEvent;" StructureKind="java" NumEvents="15" CreationCount="265"/><InteractionEvent Delta="null" EndDate="2009-09-08 14:25:47.291 PDT" Interest="9.0" Kind="selection" Navigation="null" OriginId="org.eclipse.jdt.ui.CompilationUnitEditor" StartDate="2009-06-01 20:23:06.864 PDT" StructureHandle="=org.eclipse.mylyn.context.ui/src&amp;lt;org.eclipse.mylyn.internal.context.ui{FocusedViewerManager.java[FocusedViewerManager~refreshViewer~QSet\&amp;lt;QIInteractionElement;&amp;gt;;~Z~QStructuredViewer;" StructureKind="java" NumEvents="9" CreationCount="453"/><InteractionEvent Delta="null" EndDate="2009-09-08 14:24:36.920 PDT" Interest="3.0" Kind="edit" Navigation="null" OriginId="org.eclipse.jdt.ui.CompilationUnitEditor" StartDate="2009-09-08 14:24:33.832 PDT" StructureHandle="=org.eclipse.mylyn.context.ui/src&amp;lt;org.eclipse.mylyn.internal.context.ui{FocusedViewerManager.java[FocusedViewerManager[FocusedViewerDelayedRefreshJob" StructureKind="java" NumEvents="3" CreationCount="19"/><InteractionEvent Delta="null" EndDate="2009-09-10 11:19:12.504 PDT" Interest="1.0" Kind="propagation" Navigation="null" OriginId="org.eclipse.jdt.ui.CompilationUnitEditor" StartDate="2009-09-10 11:19:12.504 PDT" StructureHandle="/org.eclipse.mylyn.context.core/src" StructureKind="resource"/><InteractionEvent Delta="null" EndDate="2009-09-10 11:12:08.848 PDT" Interest="735.0" Kind="propagation" Navigation="null" OriginId="org.eclipse.jdt.ui.CompilationUnitEditor" StartDate="2009-07-16 13:38:15.814 PDT" StructureHandle="/org.eclipse.mylyn.context.core/src/org/eclipse/mylyn/internal/context/core/InteractionContextManager.java" StructureKind="resource" NumEvents="735" CreationCount="466"/><InteractionEvent Delta="null" EndDate="2009-09-08 14:11:45.32 PDT" Interest="99.0" Kind="edit" Navigation="null" OriginId="org.eclipse.jdt.ui.CompilationUnitEditor" StartDate="2009-04-30 17:41:33.950 PDT" StructureHandle="=org.eclipse.mylyn.context.ui/src&amp;lt;org.eclipse.mylyn.internal.context.ui{FocusedViewerManager.java[FocusedViewerManager[FocusedViewerDelayedRefreshJob~doRefresh~\[QObject;" StructureKind="java" NumEvents="99" CreationCount="1"/><InteractionEvent Delta="null" EndDate="2009-09-08 14:11:44.212 PDT" Interest="22.0" Kind="selection" Navigation="null" OriginId="org.eclipse.jdt.ui.CompilationUnitEditor" StartDate="2009-04-30 17:39:44.829 PDT" StructureHandle="=org.eclipse.mylyn.context.ui/src&amp;lt;org.eclipse.mylyn.internal.context.ui{FocusedViewerManager.java[FocusedViewerManager[FocusedViewerDelayedRefreshJob~doRefresh~\[QObject;" StructureKind="java" NumEvents="22" CreationCount="1"/><InteractionEvent Delta="null" EndDate="2009-09-10 11:19:09.593 PDT" Interest="1.0" Kind="propagation" Navigation="null" OriginId="org.eclipse.jdt.ui.CompilationUnitEditor" StartDate="2009-09-10 11:19:09.593 PDT" StructureHandle="/org.eclipse.mylyn.context.core/src/org/eclipse/mylyn/internal/context/core/InteractionContextManager.java" StructureKind="resource"/><InteractionEvent Delta="null" EndDate="2009-09-08 14:11:45.32 PDT" Interest="88.993996" Kind="propagation" Navigation="org.eclipse.mylyn.core.model.edges.containment" OriginId="org.eclipse.mylyn.core.model.interest.propagation" StartDate="2009-04-30 17:40:02.259 PDT" StructureHandle="=org.eclipse.mylyn.context.ui/src&amp;lt;org.eclipse.mylyn.internal.context.ui{FocusedViewerManager.java[FocusedViewerManager[FocusedViewerDelayedRefreshJob" StructureKind="java" NumEvents="119" CreationCount="19"/><InteractionEvent Delta="null" EndDate="2009-09-10 11:12:07.693 PDT" Interest="5.0" Kind="selection" Navigation="null" OriginId="org.eclipse.jdt.ui.CompilationUnitEditor" StartDate="2009-09-10 10:28:14.723 PDT" StructureHandle="=org.eclipse.mylyn.context.core/src&amp;lt;org.eclipse.mylyn.internal.context.core{InteractionContextManager.java[InteractionContextManager~propegateInterestToParents~QIInteractionContext;~QInteractionEvent.Kind;~QIInteractionElement;~F~F~I~QList\&amp;lt;QIInteractionElement;&amp;gt;;~QString;~QAbstractContextStructureBridge;~QSet\&amp;lt;QString;&amp;gt;;" StructureKind="java" NumEvents="5" CreationCount="1036"/><InteractionEvent Delta="null" EndDate="2009-09-08 14:06:28.475 PDT" Interest="6.0" Kind="selection" Navigation="null" OriginId="org.eclipse.jdt.ui.CompilationUnitEditor" StartDate="2009-09-08 13:39:24.835 PDT" StructureHandle="=org.eclipse.mylyn.context.core/src&amp;lt;org.eclipse.mylyn.internal.context.core{InteractionContextManager.java[InteractionContextManager~processInteractionEvent~QObject;~QKind;~QString;~QIInteractionContext;" StructureKind="java" NumEvents="6" CreationCount="334"/><InteractionEvent Delta="null" EndDate="2009-09-08 13:51:59.133 PDT" Interest="4.0" Kind="selection" Navigation="null" OriginId="org.eclipse.jdt.ui.CompilationUnitEditor" StartDate="2009-09-08 13:36:14.639 PDT" StructureHandle="=org.eclipse.mylyn.context.core/src&amp;lt;org.eclipse.mylyn.context.core{AbstractContextListener.java" StructureKind="java" NumEvents="4" CreationCount="261"/><InteractionEvent Delta="null" EndDate="2009-09-10 11:11:42.807 PDT" Interest="14.0" Kind="selection" Navigation="null" OriginId="org.eclipse.jdt.ui.CompilationUnitEditor" StartDate="2009-09-08 14:26:45.78 PDT" StructureHandle="=org.eclipse.mylyn.context.core/src&amp;lt;org.eclipse.mylyn.internal.context.core{InteractionContextManager.java[InteractionContextManager~checkForLandmarkDeltaAndNotify~F~QIInteractionElement;~QIInteractionContext;" StructureKind="java" NumEvents="14" CreationCount="980"/><InteractionEvent Delta="null" EndDate="2009-09-10 11:09:54.839 PDT" Interest="21.0" Kind="selection" Navigation="null" OriginId="org.eclipse.jdt.ui.CompilationUnitEditor" StartDate="2009-07-16 13:38:15.814 PDT" StructureHandle="=org.eclipse.mylyn.context.core/src&amp;lt;org.eclipse.mylyn.internal.context.core{InteractionContextManager.java" StructureKind="java" NumEvents="21" CreationCount="466"/><InteractionEvent Delta="null" EndDate="2009-09-10 11:19:09.593 PDT" Interest="1.0" Kind="propagation" Navigation="null" OriginId="org.eclipse.jdt.ui.CompilationUnitEditor" StartDate="2009-09-10 11:19:09.593 PDT" StructureHandle="/org.eclipse.mylyn.context.core/src/org/eclipse/mylyn/internal/context/core" StructureKind="resource"/><InteractionEvent Delta="null" EndDate="2009-09-08 14:25:28.604 PDT" Interest="8.0" Kind="edit" Navigation="null" OriginId="org.eclipse.jdt.ui.CompilationUnitEditor" StartDate="2009-07-16 13:32:35.999 PDT" StructureHandle="=org.eclipse.mylyn.context.ui/src&amp;lt;org.eclipse.mylyn.internal.context.ui{FocusedViewerManager.java[FocusedViewerManager~refreshViewer~QSet\&amp;lt;QIInteractionElement;&amp;gt;;~Z~QStructuredViewer;" StructureKind="java" NumEvents="8" CreationCount="453"/><InteractionEvent Delta="null" EndDate="2009-09-08 14:39:03.346 PDT" Interest="2.0" Kind="selection" Navigation="null" OriginId="org.eclipse.jdt.ui.CompilationUnitEditor" StartDate="2009-09-08 14:38:41.761 PDT" StructureHandle="=org.eclipse.mylyn.context.core/src&amp;lt;org.eclipse.mylyn.context.core{IDegreeOfInterest.java[IDegreeOfInterest" StructureKind="java" NumEvents="2" CreationCount="1016"/><InteractionEvent Delta="null" EndDate="2009-09-08 14:24:25.377 PDT" Interest="4.0" Kind="propagation" Navigation="org.eclipse.mylyn.core.model.edges.containment" OriginId="org.eclipse.mylyn.core.model.interest.propagation" StartDate="2009-09-08 14:24:14.789 PDT" StructureHandle="/org.eclipse.mylyn.commons.ui/src/org/eclipse/mylyn/internal/provisional/commons/ui" StructureKind="resource" NumEvents="4" CreationCount="949"/><InteractionEvent Delta="null" EndDate="2009-09-10 11:08:49.192 PDT" Interest="20.0" Kind="selection" Navigation="null" OriginId="org.eclipse.jdt.ui.CompilationUnitEditor" StartDate="2009-09-08 13:48:31.863 PDT" StructureHandle="=org.eclipse.mylyn.context.ui/src&amp;lt;org.eclipse.mylyn.internal.context.ui{FocusedViewerManager.java[FocusedViewerManager~contextChanged~QContextChangeEvent;" StructureKind="java" NumEvents="20" CreationCount="448"/><InteractionEvent Delta="null" EndDate="2009-09-08 13:52:03.785 PDT" Interest="9.168" Kind="propagation" Navigation="org.eclipse.mylyn.core.model.edges.containment" OriginId="org.eclipse.mylyn.core.model.interest.propagation" StartDate="2009-09-08 13:36:29.800 PDT" StructureHandle="=org.eclipse.mylyn.context.core/src&amp;lt;org.eclipse.mylyn.context.core{AbstractContextListener.java" StructureKind="java" NumEvents="13" CreationCount="261"/><InteractionEvent Delta="null" EndDate="2009-09-08 14:39:03.347 PDT" Interest="0.03399992" Kind="propagation" Navigation="org.eclipse.mylyn.core.model.edges.containment" OriginId="org.eclipse.mylyn.core.model.interest.propagation" StartDate="2009-09-08 14:39:03.347 PDT" StructureHandle="=org.eclipse.mylyn.context.core/src&amp;lt;org.eclipse.mylyn.context.core{IDegreeOfInterest.java" StructureKind="java"/><InteractionEvent Delta="null" EndDate="2009-09-10 10:28:12.246 PDT" Interest="10.0" Kind="selection" Navigation="null" OriginId="org.eclipse.jdt.ui.CompilationUnitEditor" StartDate="2009-07-16 13:38:16.632 PDT" StructureHandle="=org.eclipse.mylyn.context.core/src&amp;lt;org.eclipse.mylyn.internal.context.core{InteractionContextManager.java[InteractionContextManager" StructureKind="java" NumEvents="10" CreationCount="468"/><InteractionEvent Delta="null" EndDate="2009-09-10 11:08:49.722 PDT" Interest="9.0" Kind="selection" Navigation="null" OriginId="org.eclipse.jdt.ui.CompilationUnitEditor" StartDate="2009-04-30 17:31:17.372 PDT" StructureHandle="=org.eclipse.mylyn.context.ui/src&amp;lt;org.eclipse.mylyn.internal.context.ui{FocusedViewerManager.java[FocusedViewerManager" StructureKind="java" NumEvents="9" CreationCount="79"/><InteractionEvent Delta="null" EndDate="2009-09-08 14:18:39.248 PDT" Interest="44.0" Kind="edit" Navigation="null" OriginId="org.eclipse.jdt.ui.CompilationUnitEditor" StartDate="2009-09-08 13:39:04.267 PDT" StructureHandle="=org.eclipse.mylyn.context.core/src&amp;lt;org.eclipse.mylyn.internal.context.core{InteractionContextManager.java[InteractionContextManager~processInteractionEvent~QInteractionEvent;~Z~Z" StructureKind="java" NumEvents="44" CreationCount="327"/><InteractionEvent Delta="null" EndDate="2009-09-10 11:12:08.848 PDT" Interest="26.0" Kind="edit" Navigation="null" OriginId="org.eclipse.jdt.ui.CompilationUnitEditor" StartDate="2009-09-10 10:28:17.213 PDT" StructureHandle="=org.eclipse.mylyn.context.core/src&amp;lt;org.eclipse.mylyn.internal.context.core{InteractionContextManager.java[InteractionContextManager~propegateInterestToParents~QIInteractionContext;~QInteractionEvent.Kind;~QIInteractionElement;~F~F~I~QList\&amp;lt;QIInteractionElement;&amp;gt;;~QString;~QAbstractContextStructureBridge;~QSet\&amp;lt;QString;&amp;gt;;" StructureKind="java" NumEvents="26" CreationCount="1036"/><InteractionEvent Delta="null" EndDate="2009-09-10 11:08:49.143 PDT" Interest="248.949" Kind="propagation" Navigation="org.eclipse.mylyn.core.model.edges.containment" OriginId="org.eclipse.mylyn.core.model.interest.propagation" StartDate="2009-04-30 17:32:08.659 PDT" StructureHandle="=org.eclipse.mylyn.context.ui/src" StructureKind="java" NumEvents="184" CreationCount="5"/><InteractionEvent Delta="null" EndDate="2009-09-10 11:19:12.503 PDT" Interest="1.0" Kind="propagation" Navigation="null" OriginId="org.eclipse.jdt.ui.CompilationUnitEditor" StartDate="2009-09-10 11:19:12.503 PDT" StructureHandle="/org.eclipse.mylyn.context.core/src/org/eclipse/mylyn/internal/context/core" StructureKind="resource"/><InteractionEvent Delta="null" EndDate="2009-07-16 13:38:09.309 PDT" Interest="1.0" Kind="selection" Navigation="null" OriginId="org.eclipse.jdt.ui.PackageExplorer" StartDate="2009-07-16 13:38:09.309 PDT" StructureHandle="=org.eclipse.mylyn.context.core/src&amp;lt;org.eclipse.mylyn.internal.context.core" StructureKind="java"/><InteractionEvent Delta="null" EndDate="2009-07-16 13:38:08.166 PDT" Interest="1.0" Kind="selection" Navigation="null" OriginId="org.eclipse.jdt.ui.PackageExplorer" StartDate="2009-07-16 13:38:08.166 PDT" StructureHandle="=org.eclipse.mylyn.context.core/src" StructureKind="java"/><InteractionEvent Delta="null" EndDate="2009-07-16 13:43:44.201 PDT" Interest="4.0" Kind="edit" Navigation="null" OriginId="org.eclipse.jdt.ui.CompilationUnitEditor" StartDate="2009-07-16 13:43:40.19 PDT" StructureHandle="=org.eclipse.mylyn.context.ui/src&amp;lt;org.eclipse.mylyn.internal.context.ui{FocusedViewerManager.java[FocusedViewerManager" StructureKind="java" NumEvents="4" CreationCount="79"/><InteractionEvent Delta="null" EndDate="2009-09-08 14:07:18.803 PDT" Interest="78.0" Kind="edit" Navigation="null" OriginId="org.eclipse.jdt.ui.CompilationUnitEditor" StartDate="2009-09-08 13:39:40.974 PDT" StructureHandle="=org.eclipse.mylyn.context.core/src&amp;lt;org.eclipse.mylyn.internal.context.core{InteractionContextManager.java[InteractionContextManager~processInteractionEvents~QList\&amp;lt;QInteractionEvent;&amp;gt;;~Z" StructureKind="java" NumEvents="78" CreationCount="340"/><InteractionEvent Delta="null" EndDate="2009-09-10 11:09:41.375 PDT" Interest="457.0" Kind="propagation" Navigation="null" OriginId="org.eclipse.jdt.ui.CompilationUnitEditor" StartDate="2009-06-01 19:58:09.859 PDT" StructureHandle="/org.eclipse.mylyn.context.ui/src" StructureKind="resource" NumEvents="457" CreationCount="258"/><InteractionEvent Delta="null" EndDate="2009-09-10 11:12:04.302 PDT" Interest="41.0" Kind="edit" Navigation="null" OriginId="org.eclipse.jdt.ui.CompilationUnitEditor" StartDate="2009-09-08 14:26:45.697 PDT" StructureHandle="=org.eclipse.mylyn.context.core/src&amp;lt;org.eclipse.mylyn.internal.context.core{InteractionContextManager.java[InteractionContextManager~checkForLandmarkDeltaAndNotify~F~QIInteractionElement;~QIInteractionContext;" StructureKind="java" NumEvents="41" CreationCount="980"/><InteractionEvent Delta="null" EndDate="2009-09-10 11:19:12.501 PDT" Interest="1.0" Kind="propagation" Navigation="null" OriginId="org.eclipse.jdt.ui.CompilationUnitEditor" StartDate="2009-09-10 11:19:12.501 PDT" StructureHandle="/org.eclipse.mylyn.context.core/src/org/eclipse/mylyn/internal/context/core/InteractionContextManager.java" StructureKind="resource"/><InteractionEvent Delta="null" EndDate="2009-09-08 14:38:40.21 PDT" Interest="0.03400004" Kind="propagation" Navigation="org.eclipse.mylyn.core.model.edges.containment" OriginId="org.eclipse.mylyn.core.model.interest.propagation" StartDate="2009-09-08 14:38:40.21 PDT" StructureHandle="=org.eclipse.mylyn.context.core/src&amp;lt;org.eclipse.mylyn.context.core{IInteractionObject.java" StructureKind="java"/><InteractionEvent Delta="null" EndDate="2009-07-16 13:38:06.878 PDT" Interest="1.0" Kind="selection" Navigation="null" OriginId="org.eclipse.jdt.ui.PackageExplorer" StartDate="2009-07-16 13:38:06.878 PDT" StructureHandle="=org.eclipse.mylyn.context.core" StructureKind="java"/><InteractionEvent Delta="null" EndDate="2009-09-10 11:19:12.504 PDT" Interest="1.0" Kind="propagation" Navigation="org.eclipse.mylyn.core.model.edges.containment" OriginId="org.eclipse.mylyn.core.model.interest.propagation" StartDate="2009-09-10 11:19:12.504 PDT" StructureHandle="" StructureKind="java"/><InteractionEvent Delta="null" EndDate="2009-09-10 10:28:12.247 PDT" Interest="59.152996" Kind="propagation" Navigation="org.eclipse.mylyn.core.model.edges.containment" OriginId="org.eclipse.mylyn.core.model.interest.propagation" StartDate="2009-07-16 13:38:25.268 PDT" StructureHandle="=org.eclipse.mylyn.context.core/src&amp;lt;org.eclipse.mylyn.internal.context.core{InteractionContextManager.java" StructureKind="java" NumEvents="95" CreationCount="466"/><InteractionEvent Delta="null" EndDate="2009-09-08 14:38:41.148 PDT" Interest="2.0" Kind="selection" Navigation="null" OriginId="org.eclipse.jdt.ui.CompilationUnitEditor" StartDate="2009-09-08 14:38:41.8 PDT" StructureHandle="=org.eclipse.mylyn.context.core/src&amp;lt;org.eclipse.mylyn.context.core{IDegreeOfInterest.java" StructureKind="java" NumEvents="2" CreationCount="1014"/><InteractionEvent Delta="null" EndDate="2009-09-10 11:19:09.593 PDT" Interest="0.9489746" Kind="propagation" Navigation="org.eclipse.mylyn.core.model.edges.containment" OriginId="org.eclipse.mylyn.core.model.interest.propagation" StartDate="2009-09-10 11:19:09.593 PDT" StructureHandle="=org.eclipse.mylyn.context.core" StructureKind="resource"/><InteractionEvent Delta="null" EndDate="2009-09-10 11:08:49.143 PDT" Interest="248.949" Kind="propagation" Navigation="org.eclipse.mylyn.core.model.edges.containment" OriginId="org.eclipse.mylyn.core.model.interest.propagation" StartDate="2009-04-30 17:40:38.259 PDT" StructureHandle="=org.eclipse.mylyn.context.ui/src&amp;lt;org.eclipse.mylyn.internal.context.ui" StructureKind="java" NumEvents="279" CreationCount="5"/><InteractionEvent Delta="null" EndDate="2009-09-10 11:12:08.849 PDT" Interest="797.051" Kind="propagation" Navigation="null" OriginId="org.eclipse.jdt.ui.CompilationUnitEditor" StartDate="2009-07-16 13:38:08.166 PDT" StructureHandle="/org.eclipse.mylyn.context.core/src" StructureKind="resource" NumEvents="800" CreationCount="463"/><InteractionEvent Delta="null" EndDate="2009-09-08 14:06:37.322 PDT" Interest="6.0" Kind="selection" Navigation="null" OriginId="org.eclipse.jdt.ui.CompilationUnitEditor" StartDate="2009-09-08 13:39:40.478 PDT" StructureHandle="=org.eclipse.mylyn.context.core/src&amp;lt;org.eclipse.mylyn.internal.context.core{InteractionContextManager.java[InteractionContextManager~processInteractionEvents~QList\&amp;lt;QInteractionEvent;&amp;gt;;~Z" StructureKind="java" NumEvents="6" CreationCount="340"/><InteractionEvent Delta="null" EndDate="2009-09-08 13:52:03.785 PDT" Interest="25.0" Kind="propagation" Navigation="null" OriginId="org.eclipse.search.ui.views.SearchView" StartDate="2009-09-08 13:36:14.639 PDT" StructureHandle="/org.eclipse.mylyn.context.core/src/org/eclipse/mylyn/context/core/AbstractContextListener.java" StructureKind="resource" NumEvents="25" CreationCount="261"/><InteractionEvent Delta="null" EndDate="2009-09-10 11:09:41.372 PDT" Interest="412.0" Kind="propagation" Navigation="null" OriginId="org.eclipse.jdt.ui.CompilationUnitEditor" StartDate="2009-06-01 19:58:09.858 PDT" StructureHandle="/org.eclipse.mylyn.context.ui/src/org/eclipse/mylyn/internal/context/ui/FocusedViewerManager.java" StructureKind="resource" NumEvents="412" CreationCount="258"/><InteractionEvent Delta="null" EndDate="2009-06-02 09:13:44.247 PDT" Interest="4.8650002" Kind="manipulation" Navigation="null" OriginId="org.eclipse.mylyn.core.model.interest.decay.correction" StartDate="2009-06-02 09:13:44.247 PDT" StructureHandle="=org.eclipse.mylyn.context.ui/src&amp;lt;org.eclipse.mylyn.internal.context.ui{FocusedViewerManager.java[FocusedViewerManager~refreshViewer~QSet\&amp;lt;QIInteractionElement;&amp;gt;;~Z~QStructuredViewer;" StructureKind="java"/><InteractionEvent Delta="null" EndDate="2009-09-08 14:17:53.125 PDT" Interest="13.0" Kind="selection" Navigation="null" OriginId="org.eclipse.jdt.ui.CompilationUnitEditor" StartDate="2009-09-08 13:38:49.801 PDT" StructureHandle="=org.eclipse.mylyn.context.core/src&amp;lt;org.eclipse.mylyn.internal.context.core{InteractionContextManager.java[InteractionContextManager~manipulateInterestForElement~QIInteractionElement;~Z~Z~Z~QString;~QIInteractionContext;" StructureKind="java" NumEvents="13" CreationCount="319"/><InteractionEvent Delta="null" EndDate="2009-09-08 13:59:51.265 PDT" Interest="2.0" Kind="edit" Navigation="null" OriginId="org.eclipse.jdt.ui.CompilationUnitEditor" StartDate="2009-09-08 13:47:10.24 PDT" StructureHandle="=org.eclipse.mylyn.context.core/src&amp;lt;org.eclipse.mylyn.internal.context.core{InteractionContextManager.java[InteractionContextManager" StructureKind="java" NumEvents="2" CreationCount="468"/><InteractionEvent Delta="null" EndDate="2009-09-08 14:24:25.377 PDT" Interest="4.0" Kind="propagation" Navigation="null" OriginId="org.eclipse.jdt.ui.CompilationUnitEditor" StartDate="2009-09-08 14:24:14.789 PDT" StructureHandle="/org.eclipse.mylyn.commons.ui/src/org/eclipse/mylyn/internal/provisional/commons/ui/DelayedRefreshJob.java" StructureKind="resource" NumEvents="4" CreationCount="949"/><InteractionEvent Delta="null" EndDate="2009-06-01 20:31:31.171 PDT" Interest="2.0" Kind="edit" Navigation="null" OriginId="org.eclipse.jdt.ui.CompilationUnitEditor" StartDate="2009-04-30 13:32:17.328 PDT" StructureHandle="=org.eclipse.mylyn.context.ui/src&amp;lt;org.eclipse.mylyn.internal.context.ui{FocusedViewerManager.java" StructureKind="java" NumEvents="2" CreationCount="6"/><InteractionEvent Delta="null" EndDate="2009-09-10 11:12:08.849 PDT" Interest="797.431" Kind="propagation" Navigation="org.eclipse.mylyn.core.model.edges.containment" OriginId="org.eclipse.mylyn.core.model.interest.propagation" StartDate="2009-07-16 13:38:08.166 PDT" StructureHandle="=org.eclipse.mylyn.context.core" StructureKind="resource" NumEvents="800" CreationCount="323"/><InteractionEvent Delta="null" EndDate="2009-09-08 14:05:31.546 PDT" Interest="2.6410003" Kind="manipulation" Navigation="null" OriginId="org.eclipse.mylyn.core.model.interest.decay.correction" StartDate="2009-09-08 14:05:31.546 PDT" StructureHandle="=org.eclipse.mylyn.context.ui/src&amp;lt;org.eclipse.mylyn.internal.context.ui{FocusedViewerManager.java[FocusedViewerManager~refreshViewers~QList\&amp;lt;QIInteractionElement;&amp;gt;;~Z" StructureKind="java"/><InteractionEvent Delta="null" EndDate="2009-09-08 13:36:15.279 PDT" Interest="2.0" Kind="edit" Navigation="null" OriginId="org.eclipse.jdt.ui.CompilationUnitEditor" StartDate="2009-09-08 13:36:14.814 PDT" StructureHandle="=org.eclipse.mylyn.context.core/src&amp;lt;org.eclipse.mylyn.context.core{AbstractContextListener.java" StructureKind="java" NumEvents="2" CreationCount="261"/><InteractionEvent Delta="null" EndDate="2009-09-08 14:24:25.377 PDT" Interest="3.8339996" Kind="propagation" Navigation="org.eclipse.mylyn.core.model.edges.containment" OriginId="org.eclipse.mylyn.core.model.interest.propagation" StartDate="2009-05-01 09:17:08.328 PDT" StructureHandle="=org.eclipse.mylyn.commons.ui/src&amp;lt;org.eclipse.mylyn.internal.provisional.commons.ui{DelayedRefreshJob.java" StructureKind="java" NumEvents="7" CreationCount="315"/><InteractionEvent Delta="null" EndDate="2009-09-10 11:19:09.594 PDT" Interest="1.0" Kind="propagation" Navigation="null" OriginId="org.eclipse.jdt.ui.CompilationUnitEditor" StartDate="2009-09-10 11:19:09.594 PDT" StructureHandle="/org.eclipse.mylyn.context.core/src" StructureKind="resource"/><InteractionEvent Delta="null" EndDate="2009-07-16 13:44:24.433 PDT" Interest="199.532" Kind="propagation" Navigation="org.eclipse.mylyn.core.model.edges.containment" OriginId="org.eclipse.mylyn.core.model.interest.propagation" StartDate="2009-04-30 17:31:22.159 PDT" StructureHandle="=org.eclipse.mylyn.context.ui/src&amp;lt;org.eclipse.mylyn.internal.context.ui{FocusedViewerManager.java" StructureKind="java" NumEvents="229" CreationCount="6"/><InteractionEvent Delta="null" EndDate="2009-07-16 16:05:47.996 PDT" Interest="0.08500004" Kind="manipulation" Navigation="null" OriginId="org.eclipse.mylyn.core.model.interest.decay.correction" StartDate="2009-07-16 16:05:47.996 PDT" StructureHandle="=org.eclipse.mylyn.context.ui/src&amp;lt;org.eclipse.mylyn.internal.context.ui{FocusedViewerManager.java[FocusedViewerManager~updateExpansionState~QStructuredViewer;~QObject;" StructureKind="java"/><InteractionEvent Delta="null" EndDate="2009-09-08 14:24:20.150 PDT" Interest="12.461" Kind="propagation" Navigation="org.eclipse.mylyn.core.model.edges.containment" OriginId="org.eclipse.mylyn.core.model.interest.propagation" StartDate="2009-05-01 09:17:08.328 PDT" StructureHandle="=org.eclipse.mylyn.commons.ui/src&amp;lt;org.eclipse.mylyn.internal.provisional.commons.ui{DelayedRefreshJob.java[DelayedRefreshJob" StructureKind="java" NumEvents="6" CreationCount="316"/><InteractionEvent Delta="null" EndDate="2009-09-10 11:19:09.592 PDT" Interest="1.0" Kind="edit" Navigation="null" OriginId="org.eclipse.jdt.ui.CompilationUnitEditor" StartDate="2009-09-10 11:19:09.592 PDT" StructureHandle="=org.eclipse.mylyn.context.core/src&amp;lt;org.eclipse.mylyn.internal.context.core{InteractionContextManager.java[InteractionContextManager~propegateInterestToParents~QIInteractionContext;~QInteractionEvent.Kind;~QIInteractionElement;~F~F~I~QList\&amp;lt;QIInteractionElement;&amp;gt;;~QString;~QAbstractContextStructureBridge;~QSet\&amp;lt;QString;&amp;gt;;" StructureKind="java"/><InteractionEvent Delta="null" EndDate="2009-09-08 14:38:40.21 PDT" Interest="4.0" Kind="propagation" Navigation="null" OriginId="org.eclipse.jdt.ui.CompilationUnitEditor" StartDate="2009-09-08 14:38:37.232 PDT" StructureHandle="/org.eclipse.mylyn.context.core/src/org/eclipse/mylyn/context/core/IInteractionObject.java" StructureKind="resource" NumEvents="4" CreationCount="1010"/><InteractionEvent Delta="null" EndDate="2009-09-10 11:12:08.849 PDT" Interest="741.034" Kind="propagation" Navigation="null" OriginId="org.eclipse.jdt.ui.CompilationUnitEditor" StartDate="2009-07-16 13:38:09.309 PDT" StructureHandle="/org.eclipse.mylyn.context.core/src/org/eclipse/mylyn/internal/context/core" StructureKind="resource" NumEvents="742" CreationCount="464"/><InteractionEvent Delta="null" EndDate="2009-09-08 14:25:45.701 PDT" Interest="2.0" Kind="edit" Navigation="null" OriginId="org.eclipse.jdt.ui.CompilationUnitEditor" StartDate="2009-09-08 14:11:26.821 PDT" StructureHandle="=org.eclipse.mylyn.context.ui/src&amp;lt;org.eclipse.mylyn.internal.context.ui{FocusedViewerManager.java[FocusedViewerManager~refreshViewers~QList\&amp;lt;QIInteractionElement;&amp;gt;;~Z" StructureKind="java" NumEvents="2" CreationCount="495"/><InteractionEvent Delta="null" EndDate="2009-09-08 14:18:01.658 PDT" Interest="34.0" Kind="edit" Navigation="null" OriginId="org.eclipse.jdt.ui.CompilationUnitEditor" StartDate="2009-09-08 13:38:50.306 PDT" StructureHandle="=org.eclipse.mylyn.context.core/src&amp;lt;org.eclipse.mylyn.internal.context.core{InteractionContextManager.java[InteractionContextManager~manipulateInterestForElement~QIInteractionElement;~Z~Z~Z~QString;~QIInteractionContext;" StructureKind="java" NumEvents="34" CreationCount="319"/><InteractionEvent Delta="null" EndDate="2009-09-08 14:39:03.348 PDT" Interest="14.903" Kind="propagation" Navigation="org.eclipse.mylyn.core.model.edges.containment" OriginId="org.eclipse.mylyn.core.model.interest.propagation" StartDate="2009-09-08 13:36:03.60 PDT" StructureHandle="=org.eclipse.mylyn.context.core/src&amp;lt;org.eclipse.mylyn.context.core" StructureKind="java" NumEvents="29" CreationCount="257"/><InteractionEvent Delta="null" EndDate="2009-09-10 11:09:41.372 PDT" Interest="460.36902" Kind="propagation" Navigation="org.eclipse.mylyn.core.model.edges.containment" OriginId="org.eclipse.mylyn.core.model.interest.propagation" StartDate="2009-04-30 17:30:32.385 PDT" StructureHandle="=org.eclipse.mylyn.context.ui" StructureKind="resource" NumEvents="457" CreationCount="1"/><InteractionEvent Delta="null" EndDate="2009-09-10 11:12:08.849 PDT" Interest="803.92206" Kind="propagation" Navigation="org.eclipse.mylyn.core.model.edges.containment" OriginId="org.eclipse.mylyn.core.model.interest.propagation" StartDate="2009-04-30 17:43:55.104 PDT" StructureHandle="" StructureKind="java" NumEvents="176" CreationCount="0"/><InteractionEvent Delta="null" EndDate="2009-09-08 14:06:32.595 PDT" Interest="25.0" Kind="edit" Navigation="null" OriginId="org.eclipse.jdt.ui.CompilationUnitEditor" StartDate="2009-09-08 13:39:30.475 PDT" StructureHandle="=org.eclipse.mylyn.context.core/src&amp;lt;org.eclipse.mylyn.internal.context.core{InteractionContextManager.java[InteractionContextManager~processInteractionEvent~QObject;~QKind;~QString;~QIInteractionContext;" StructureKind="java" NumEvents="25" CreationCount="334"/><InteractionEvent Delta="null" EndDate="2009-09-08 14:24:25.377 PDT" Interest="1.0" Kind="selection" Navigation="null" OriginId="org.eclipse.jdt.ui.CompilationUnitEditor" StartDate="2009-09-08 14:24:25.377 PDT" StructureHandle="=org.eclipse.mylyn.commons.ui/src&amp;lt;org.eclipse.mylyn.internal.provisional.commons.ui{DelayedRefreshJob.java[DelayedRefreshJob" StructureKind="java"/><InteractionEvent Delta="null" EndDate="2009-09-08 13:52:03.785 PDT" Interest="4.0" Kind="selection" Navigation="null" OriginId="org.eclipse.search.ui.views.SearchView" StartDate="2009-09-08 13:36:21.324 PDT" StructureHandle="=org.eclipse.mylyn.context.core/src&amp;lt;org.eclipse.mylyn.context.core{AbstractContextListener.java[AbstractContextListener~contextChanged~QContextChangeEvent;" StructureKind="java" NumEvents="4" CreationCount="265"/><InteractionEvent Delta="null" EndDate="2009-09-08 14:18:38.253 PDT" Interest="7.0" Kind="selection" Navigation="null" OriginId="org.eclipse.jdt.ui.CompilationUnitEditor" StartDate="2009-09-08 13:39:03.752 PDT" StructureHandle="=org.eclipse.mylyn.context.core/src&amp;lt;org.eclipse.mylyn.internal.context.core{InteractionContextManager.java[InteractionContextManager~processInteractionEvent~QInteractionEvent;~Z~Z" StructureKind="java" NumEvents="7" CreationCount="327"/></InteractionHistory>