<?xml version="1.0" encoding="UTF-8"?><InteractionHistory Id="https://bugs.eclipse.org/bugs-430946" Version="1"><InteractionEvent Delta="null" EndDate="2014-03-23 06:54:33.653 CET" Interest="1.0" Kind="propagation" Navigation="org.eclipse.mylyn.core.model.edges.containment" OriginId="org.eclipse.mylyn.core.model.interest.propagation" StartDate="2014-03-23 06:54:33.653 CET" StructureHandle="=org.eclipse.mylyn.team.ui/src" StructureKind="java"/><InteractionEvent Delta="null" EndDate="2014-03-23 06:54:03.643 CET" Interest="1.0000001" Kind="propagation" Navigation="org.eclipse.mylyn.core.model.edges.containment" OriginId="org.eclipse.mylyn.core.model.interest.propagation" StartDate="2014-03-23 06:54:03.643 CET" StructureHandle="/org.eclipse.mylyn.team.ui/src/org/eclipse/mylyn/internal" StructureKind="resource"/><InteractionEvent Delta="null" EndDate="2014-03-23 06:53:58.633 CET" Interest="1.0" Kind="propagation" Navigation="org.eclipse.mylyn.core.model.edges.containment" OriginId="org.eclipse.mylyn.core.model.interest.propagation" StartDate="2014-03-23 06:53:58.633 CET" StructureHandle="/org.eclipse.mylyn.team.ui/src/org/eclipse/mylyn/internal/team/ui/preferences" StructureKind="resource"/><InteractionEvent Delta="null" EndDate="2014-03-23 06:55:00.302 CET" Interest="1.0" Kind="selection" Navigation="null" OriginId="org.eclipse.jdt.ui.PackageExplorer" StartDate="2014-03-23 06:55:00.302 CET" StructureHandle="=org.eclipse.mylyn.team.ui/src&amp;lt;org.eclipse.mylyn.internal.team.ui.preferences{FocusedTeamPreferencePage.java" StructureKind="java"/><InteractionEvent Delta="null" EndDate="2014-03-23 06:54:33.653 CET" Interest="1.0" Kind="propagation" Navigation="org.eclipse.mylyn.core.model.edges.containment" OriginId="org.eclipse.mylyn.core.model.interest.propagation" StartDate="2014-03-23 06:54:33.653 CET" StructureHandle="=org.eclipse.mylyn.team.ui" StructureKind="resource"/><InteractionEvent Delta="null" EndDate="2014-03-23 06:55:00.303 CET" Interest="1.0" Kind="propagation" Navigation="org.eclipse.mylyn.core.model.edges.containment" OriginId="org.eclipse.mylyn.core.model.interest.propagation" StartDate="2014-03-23 06:55:00.303 CET" StructureHandle="/org.eclipse.mylyn.team.ui/src/org/eclipse/mylyn/internal/team/ui/preferences" StructureKind="resource"/><InteractionEvent Delta="null" EndDate="2014-03-23 06:55:00.303 CET" Interest="1.0" Kind="propagation" Navigation="org.eclipse.mylyn.core.model.edges.containment" OriginId="org.eclipse.mylyn.core.model.interest.propagation" StartDate="2014-03-23 06:55:00.303 CET" StructureHandle="/org.eclipse.mylyn.team.ui/src/org/eclipse/mylyn" StructureKind="resource"/><InteractionEvent Delta="null" EndDate="2014-03-23 06:54:31.952 CET" Interest="1.0" Kind="propagation" Navigation="org.eclipse.mylyn.core.model.edges.containment" OriginId="org.eclipse.mylyn.core.model.interest.propagation" StartDate="2014-03-23 06:54:31.952 CET" StructureHandle="/" StructureKind="resource"/><InteractionEvent Delta="null" EndDate="2014-03-23 06:54:33.653 CET" Interest="1.0" Kind="propagation" Navigation="org.eclipse.mylyn.core.model.edges.containment" OriginId="org.eclipse.mylyn.core.model.interest.propagation" StartDate="2014-03-23 06:54:33.653 CET" StructureHandle="/" StructureKind="resource"/><InteractionEvent Delta="null" EndDate="2014-03-23 06:54:24.634 CET" Interest="1.0" Kind="propagation" Navigation="org.eclipse.mylyn.core.model.edges.containment" OriginId="org.eclipse.mylyn.core.model.interest.propagation" StartDate="2014-03-23 06:54:24.634 CET" StructureHandle="/org.eclipse.mylyn.team.ui/src/org/eclipse" StructureKind="resource"/><InteractionEvent Delta="null" EndDate="2014-03-23 06:54:24.633 CET" Interest="1.0" Kind="propagation" Navigation="org.eclipse.mylyn.core.model.edges.containment" OriginId="org.eclipse.mylyn.core.model.interest.propagation" StartDate="2014-03-23 06:54:24.633 CET" StructureHandle="/org.eclipse.mylyn.team.ui/src/org/eclipse/mylyn/internal/team" StructureKind="resource"/><InteractionEvent Delta="null" EndDate="2014-03-23 06:54:51.696 CET" Interest="1.0" Kind="selection" Navigation="null" OriginId="org.eclipse.jdt.ui.PackageExplorer" StartDate="2014-03-23 06:54:51.696 CET" StructureHandle="=org.eclipse.mylyn.team.ui/src&amp;lt;org.eclipse.mylyn.internal.team.ui.preferences{FocusedTeamPreferencePage.java" StructureKind="java"/><InteractionEvent Delta="null" EndDate="2014-03-23 06:54:51.697 CET" Interest="1.0" Kind="propagation" Navigation="org.eclipse.mylyn.core.model.edges.containment" OriginId="org.eclipse.mylyn.core.model.interest.propagation" StartDate="2014-03-23 06:54:51.697 CET" StructureHandle="/org.eclipse.mylyn.team.ui/src" StructureKind="resource"/><InteractionEvent Delta="null" EndDate="2014-03-23 06:54:31.952 CET" Interest="1.0" Kind="propagation" Navigation="org.eclipse.mylyn.core.model.edges.containment" OriginId="org.eclipse.mylyn.core.model.interest.propagation" StartDate="2014-03-23 06:54:31.952 CET" StructureHandle="/org.eclipse.mylyn.team.ui/src/org/eclipse/mylyn/internal/team" StructureKind="resource"/><InteractionEvent Delta="null" EndDate="2014-03-23 06:54:51.697 CET" Interest="1.0" Kind="propagation" Navigation="org.eclipse.mylyn.core.model.edges.containment" OriginId="org.eclipse.mylyn.core.model.interest.propagation" StartDate="2014-03-23 06:54:51.697 CET" StructureHandle="/org.eclipse.mylyn.team.ui/src/org/eclipse/mylyn/internal" StructureKind="resource"/><InteractionEvent Delta="null" EndDate="2014-03-23 06:54:33.652 CET" Interest="1.0" Kind="propagation" Navigation="org.eclipse.mylyn.core.model.edges.containment" OriginId="org.eclipse.mylyn.core.model.interest.propagation" StartDate="2014-03-23 06:54:33.652 CET" StructureHandle="/org.eclipse.mylyn.team.ui/src/org/eclipse/mylyn" StructureKind="resource"/><InteractionEvent Delta="null" EndDate="2014-03-23 06:53:58.668 CET" Interest="0.7" Kind="propagation" Navigation="org.eclipse.mylyn.core.model.edges.containment" OriginId="org.eclipse.mylyn.core.model.interest.propagation" StartDate="2014-03-23 06:53:58.668 CET" StructureHandle="=org.eclipse.mylyn.team.ui/src&amp;lt;org.eclipse.mylyn.internal.team.ui.preferences{FocusedTeamPreferencePage.java[FocusedTeamPreferencePage" StructureKind="java"/><InteractionEvent Delta="null" EndDate="2014-03-23 06:54:30.78 CET" Interest="1.0000005" Kind="propagation" Navigation="org.eclipse.mylyn.core.model.edges.containment" OriginId="org.eclipse.mylyn.core.model.interest.propagation" StartDate="2014-03-23 06:54:30.78 CET" StructureHandle="/org.eclipse.mylyn.team.ui/src/org/eclipse/mylyn/internal/team" StructureKind="resource"/><InteractionEvent Delta="null" EndDate="2014-03-23 06:54:29.399 CET" Interest="1.0" Kind="edit" Navigation="null" OriginId="org.eclipse.jdt.ui.CompilationUnitEditor" StartDate="2014-03-23 06:54:29.399 CET" StructureHandle="=org.eclipse.mylyn.team.ui/src&amp;lt;org.eclipse.mylyn.internal.team.ui.preferences{FocusedTeamPreferencePage.java[FocusedTeamPreferencePage~createCommitGroup~QComposite;" StructureKind="java"/><InteractionEvent Delta="null" EndDate="2014-03-23 06:54:03.643 CET" Interest="1.0000001" Kind="propagation" Navigation="org.eclipse.mylyn.core.model.edges.containment" OriginId="org.eclipse.mylyn.core.model.interest.propagation" StartDate="2014-03-23 06:54:03.643 CET" StructureHandle="=org.eclipse.mylyn.team.ui" StructureKind="resource"/><InteractionEvent Delta="null" EndDate="2014-03-23 06:55:00.304 CET" Interest="1.0000005" Kind="propagation" Navigation="org.eclipse.mylyn.core.model.edges.containment" OriginId="org.eclipse.mylyn.core.model.interest.propagation" StartDate="2014-03-23 06:55:00.304 CET" StructureHandle="=org.eclipse.mylyn.team.ui/src" StructureKind="java"/><InteractionEvent Delta="null" EndDate="2014-03-23 06:54:09.366 CET" Interest="1.0000002" Kind="propagation" Navigation="org.eclipse.mylyn.core.model.edges.containment" OriginId="org.eclipse.mylyn.core.model.interest.propagation" StartDate="2014-03-23 06:54:09.366 CET" StructureHandle="/org.eclipse.mylyn.team.ui/src/org/eclipse" StructureKind="resource"/><InteractionEvent Delta="null" EndDate="2014-03-23 06:54:03.643 CET" Interest="1.0000001" Kind="propagation" Navigation="org.eclipse.mylyn.core.model.edges.containment" OriginId="org.eclipse.mylyn.core.model.interest.propagation" StartDate="2014-03-23 06:54:03.643 CET" StructureHandle="/" StructureKind="resource"/><InteractionEvent Delta="null" EndDate="2014-03-23 06:54:29.404 CET" Interest="1.0" Kind="edit" Navigation="null" OriginId="org.eclipse.jdt.ui.CompilationUnitEditor" StartDate="2014-03-23 06:54:29.404 CET" StructureHandle="=org.eclipse.mylyn.team.ui/src&amp;lt;org.eclipse.mylyn.internal.team.ui.preferences{FocusedTeamPreferencePage.java[FocusedTeamPreferencePage~createCommitGroup~QComposite;" StructureKind="java"/><InteractionEvent Delta="null" EndDate="2014-03-23 06:54:09.366 CET" Interest="1.0000002" Kind="propagation" Navigation="org.eclipse.mylyn.core.model.edges.containment" OriginId="org.eclipse.mylyn.core.model.interest.propagation" StartDate="2014-03-23 06:54:09.366 CET" StructureHandle="/org.eclipse.mylyn.team.ui/src/org" StructureKind="resource"/><InteractionEvent Delta="null" EndDate="2014-03-23 06:53:58.633 CET" Interest="1.0" Kind="propagation" Navigation="org.eclipse.mylyn.core.model.edges.containment" OriginId="org.eclipse.mylyn.core.model.interest.propagation" StartDate="2014-03-23 06:53:58.633 CET" StructureHandle="/org.eclipse.mylyn.team.ui/src/org/eclipse/mylyn/internal" StructureKind="resource"/><InteractionEvent Delta="null" EndDate="2014-03-23 06:53:58.634 CET" Interest="1.0" Kind="propagation" Navigation="org.eclipse.mylyn.core.model.edges.containment" OriginId="org.eclipse.mylyn.core.model.interest.propagation" StartDate="2014-03-23 06:53:58.634 CET" StructureHandle="=org.eclipse.mylyn.team.ui" StructureKind="resource"/><InteractionEvent Delta="null" EndDate="2014-03-23 06:53:58.668 CET" Interest="1.0" Kind="propagation" Navigation="null" OriginId="org.eclipse.jdt.ui.CompilationUnitEditor" StartDate="2014-03-23 06:53:58.668 CET" StructureHandle="/org.eclipse.mylyn.team.ui/src/org/eclipse/mylyn/internal/team/ui/preferences/FocusedTeamPreferencePage.java" StructureKind="resource"/><InteractionEvent Delta="null" EndDate="2014-03-23 06:54:24.634 CET" Interest="1.0" Kind="propagation" Navigation="org.eclipse.mylyn.core.model.edges.containment" OriginId="org.eclipse.mylyn.core.model.interest.propagation" StartDate="2014-03-23 06:54:24.634 CET" StructureHandle="/org.eclipse.mylyn.team.ui/src" StructureKind="resource"/><InteractionEvent Delta="null" EndDate="2014-03-23 06:54:03.672 CET" Interest="0.6999999" Kind="propagation" Navigation="org.eclipse.mylyn.core.model.edges.containment" OriginId="org.eclipse.mylyn.core.model.interest.propagation" StartDate="2014-03-23 06:54:03.672 CET" StructureHandle="=org.eclipse.mylyn.team.ui/src&amp;lt;org.eclipse.mylyn.internal.team.ui.preferences{FocusedTeamPreferencePage.java[FocusedTeamPreferencePage" StructureKind="java"/><InteractionEvent Delta="null" EndDate="2014-03-23 06:54:31.952 CET" Interest="1.0" Kind="propagation" Navigation="org.eclipse.mylyn.core.model.edges.containment" OriginId="org.eclipse.mylyn.core.model.interest.propagation" StartDate="2014-03-23 06:54:31.952 CET" StructureHandle="/org.eclipse.mylyn.team.ui/src/org/eclipse" StructureKind="resource"/><InteractionEvent Delta="null" EndDate="2014-03-23 06:54:09.366 CET" Interest="1.0000002" Kind="propagation" Navigation="org.eclipse.mylyn.core.model.edges.containment" OriginId="org.eclipse.mylyn.core.model.interest.propagation" StartDate="2014-03-23 06:54:09.366 CET" StructureHandle="/org.eclipse.mylyn.team.ui/src/org/eclipse/mylyn/internal/team/ui" StructureKind="resource"/><InteractionEvent Delta="null" EndDate="2014-03-23 06:54:09.366 CET" Interest="1.0000002" Kind="propagation" Navigation="org.eclipse.mylyn.core.model.edges.containment" OriginId="org.eclipse.mylyn.core.model.interest.propagation" StartDate="2014-03-23 06:54:09.366 CET" StructureHandle="/org.eclipse.mylyn.team.ui/src/org/eclipse/mylyn" StructureKind="resource"/><InteractionEvent Delta="null" EndDate="2014-03-23 06:54:09.365 CET" Interest="1.0" Kind="propagation" Navigation="null" OriginId="org.eclipse.jdt.ui.CompilationUnitEditor" StartDate="2014-03-23 06:54:09.365 CET" StructureHandle="/org.eclipse.mylyn.team.ui/src/org/eclipse/mylyn/internal/team/ui/preferences/FocusedTeamPreferencePage.java" StructureKind="resource"/><InteractionEvent Delta="null" EndDate="2014-03-23 06:54:24.633 CET" Interest="1.0" Kind="selection" Navigation="null" OriginId="org.eclipse.ui.views.ContentOutline" StartDate="2014-03-23 06:54:24.633 CET" StructureHandle="=org.eclipse.mylyn.team.ui/src&amp;lt;org.eclipse.mylyn.internal.team.ui.preferences{FocusedTeamPreferencePage.java[FocusedTeamPreferencePage~createCommitGroup~QComposite;" StructureKind="java"/><InteractionEvent Delta="null" EndDate="2014-03-23 06:53:58.668 CET" Interest="1.0" Kind="propagation" Navigation="org.eclipse.mylyn.core.model.edges.containment" OriginId="org.eclipse.mylyn.core.model.interest.propagation" StartDate="2014-03-23 06:53:58.668 CET" StructureHandle="/org.eclipse.mylyn.team.ui/src/org/eclipse/mylyn" StructureKind="resource"/><InteractionEvent Delta="null" EndDate="2014-03-23 06:54:03.672 CET" Interest="1.0" Kind="propagation" Navigation="org.eclipse.mylyn.core.model.edges.containment" OriginId="org.eclipse.mylyn.core.model.interest.propagation" StartDate="2014-03-23 06:54:03.672 CET" StructureHandle="/org.eclipse.mylyn.team.ui/src/org/eclipse/mylyn/internal/team/ui" StructureKind="resource"/><InteractionEvent Delta="null" EndDate="2014-03-23 06:54:29.405 CET" Interest="1.0" Kind="propagation" Navigation="org.eclipse.mylyn.core.model.edges.containment" OriginId="org.eclipse.mylyn.core.model.interest.propagation" StartDate="2014-03-23 06:54:29.405 CET" StructureHandle="/org.eclipse.mylyn.team.ui/src/org/eclipse/mylyn" StructureKind="resource"/><InteractionEvent Delta="null" EndDate="2014-03-23 06:53:58.668 CET" Interest="1.0" Kind="propagation" Navigation="org.eclipse.mylyn.core.model.edges.containment" OriginId="org.eclipse.mylyn.core.model.interest.propagation" StartDate="2014-03-23 06:53:58.668 CET" StructureHandle="/org.eclipse.mylyn.team.ui/src/org/eclipse/mylyn/internal/team/ui" StructureKind="resource"/><InteractionEvent Delta="null" EndDate="2014-03-23 06:54:33.652 CET" Interest="1.0" Kind="propagation" Navigation="null" OriginId="org.eclipse.jdt.ui.CompilationUnitEditor" StartDate="2014-03-23 06:54:33.652 CET" StructureHandle="/org.eclipse.mylyn.team.ui/src/org/eclipse/mylyn/internal/team/ui/preferences/FocusedTeamPreferencePage.java" StructureKind="resource"/><InteractionEvent Delta="null" EndDate="2014-03-23 06:54:31.952 CET" Interest="1.0" Kind="propagation" Navigation="org.eclipse.mylyn.core.model.edges.containment" OriginId="org.eclipse.mylyn.core.model.interest.propagation" StartDate="2014-03-23 06:54:31.952 CET" StructureHandle="/org.eclipse.mylyn.team.ui/src/org/eclipse/mylyn/internal/team/ui/preferences" StructureKind="resource"/><InteractionEvent Delta="null" EndDate="2014-03-23 06:54:03.643 CET" Interest="1.0000001" Kind="propagation" Navigation="org.eclipse.mylyn.core.model.edges.containment" OriginId="org.eclipse.mylyn.core.model.interest.propagation" StartDate="2014-03-23 06:54:03.643 CET" StructureHandle="/org.eclipse.mylyn.team.ui/src/org/eclipse/mylyn/internal/team/ui/preferences" StructureKind="resource"/><InteractionEvent Delta="null" EndDate="2014-03-23 06:53:58.668 CET" Interest="1.0" Kind="propagation" Navigation="org.eclipse.mylyn.core.model.edges.containment" OriginId="org.eclipse.mylyn.core.model.interest.propagation" StartDate="2014-03-23 06:53:58.668 CET" StructureHandle="/org.eclipse.mylyn.team.ui/src/org/eclipse/mylyn/internal/team" StructureKind="resource"/><InteractionEvent Delta="null" EndDate="2014-03-23 06:54:31.952 CET" Interest="1.0" Kind="propagation" Navigation="null" OriginId="org.eclipse.jdt.ui.CompilationUnitEditor" StartDate="2014-03-23 06:54:31.952 CET" StructureHandle="/org.eclipse.mylyn.team.ui/src/org/eclipse/mylyn/internal/team/ui/preferences/FocusedTeamPreferencePage.java" StructureKind="resource"/><InteractionEvent Delta="null" EndDate="2014-03-23 06:54:09.366 CET" Interest="1.0000002" Kind="propagation" Navigation="org.eclipse.mylyn.core.model.edges.containment" OriginId="org.eclipse.mylyn.core.model.interest.propagation" StartDate="2014-03-23 06:54:09.366 CET" StructureHandle="/org.eclipse.mylyn.team.ui/src/org/eclipse/mylyn/internal/team" StructureKind="resource"/><InteractionEvent Delta="null" EndDate="2014-03-23 06:54:33.652 CET" Interest="1.0" Kind="propagation" Navigation="org.eclipse.mylyn.core.model.edges.containment" OriginId="org.eclipse.mylyn.core.model.interest.propagation" StartDate="2014-03-23 06:54:33.652 CET" StructureHandle="/org.eclipse.mylyn.team.ui/src/org/eclipse/mylyn/internal/team" StructureKind="resource"/><InteractionEvent Delta="null" EndDate="2014-03-23 06:55:43.738 CET" Interest="1.0" Kind="propagation" Navigation="org.eclipse.mylyn.core.model.edges.containment" OriginId="org.eclipse.mylyn.core.model.interest.propagation" StartDate="2014-03-23 06:55:43.738 CET" StructureHandle="/org.eclipse.mylyn.team.ui/src/org/eclipse/mylyn/internal/team/ui" StructureKind="resource"/><InteractionEvent Delta="null" EndDate="2014-03-23 06:54:51.696 CET" Interest="1.0" Kind="propagation" Navigation="null" OriginId="org.eclipse.jdt.ui.PackageExplorer" StartDate="2014-03-23 06:54:51.696 CET" StructureHandle="/org.eclipse.mylyn.team.ui/src/org/eclipse/mylyn/internal/team/ui/preferences/FocusedTeamPreferencePage.java" StructureKind="resource"/><InteractionEvent Delta="null" EndDate="2014-03-23 06:55:43.738 CET" Interest="1.0" Kind="propagation" Navigation="org.eclipse.mylyn.core.model.edges.containment" OriginId="org.eclipse.mylyn.core.model.interest.propagation" StartDate="2014-03-23 06:55:43.738 CET" StructureHandle="/org.eclipse.mylyn.team.ui/src/org/eclipse" StructureKind="resource"/><InteractionEvent Delta="null" EndDate="2014-03-23 06:54:33.652 CET" Interest="1.0" Kind="propagation" Navigation="org.eclipse.mylyn.core.model.edges.containment" OriginId="org.eclipse.mylyn.core.model.interest.propagation" StartDate="2014-03-23 06:54:33.652 CET" StructureHandle="/org.eclipse.mylyn.team.ui/src/org/eclipse/mylyn/internal/team/ui/preferences" StructureKind="resource"/><InteractionEvent Delta="null" EndDate="2014-03-23 06:55:00.303 CET" Interest="1.0" Kind="propagation" Navigation="org.eclipse.mylyn.core.model.edges.containment" OriginId="org.eclipse.mylyn.core.model.interest.propagation" StartDate="2014-03-23 06:55:00.303 CET" StructureHandle="/org.eclipse.mylyn.team.ui/src/org/eclipse/mylyn/internal/team/ui" StructureKind="resource"/><InteractionEvent Delta="null" EndDate="2014-03-23 06:54:03.672 CET" Interest="1.0" Kind="propagation" Navigation="org.eclipse.mylyn.core.model.edges.containment" OriginId="org.eclipse.mylyn.core.model.interest.propagation" StartDate="2014-03-23 06:54:03.672 CET" StructureHandle="/org.eclipse.mylyn.team.ui/src/org/eclipse/mylyn/internal/team" StructureKind="resource"/><InteractionEvent Delta="null" EndDate="2014-03-23 06:54:31.952 CET" Interest="1.0" Kind="propagation" Navigation="org.eclipse.mylyn.core.model.edges.containment" OriginId="org.eclipse.mylyn.core.model.interest.propagation" StartDate="2014-03-23 06:54:31.952 CET" StructureHandle="/org.eclipse.mylyn.team.ui/src/org/eclipse/mylyn" StructureKind="resource"/><InteractionEvent Delta="null" EndDate="2014-03-23 06:54:51.697 CET" Interest="0.9999995" Kind="propagation" Navigation="org.eclipse.mylyn.core.model.edges.containment" OriginId="org.eclipse.mylyn.core.model.interest.propagation" StartDate="2014-03-23 06:54:51.697 CET" StructureHandle="=org.eclipse.mylyn.team.ui/src&amp;lt;org.eclipse.mylyn.internal.team.ui.preferences" StructureKind="java"/><InteractionEvent Delta="null" EndDate="2014-03-23 06:55:43.739 CET" Interest="1.0" Kind="propagation" Navigation="org.eclipse.mylyn.core.model.edges.containment" OriginId="org.eclipse.mylyn.core.model.interest.propagation" StartDate="2014-03-23 06:55:43.739 CET" StructureHandle="=org.eclipse.mylyn.team.ui/src" StructureKind="java"/><InteractionEvent Delta="null" EndDate="2014-03-23 06:54:29.400 CET" Interest="1.0" Kind="propagation" Navigation="org.eclipse.mylyn.core.model.edges.containment" OriginId="org.eclipse.mylyn.core.model.interest.propagation" StartDate="2014-03-23 06:54:29.400 CET" StructureHandle="/org.eclipse.mylyn.team.ui/src/org/eclipse/mylyn" StructureKind="resource"/><InteractionEvent Delta="null" EndDate="2014-03-23 06:54:51.697 CET" Interest="1.0" Kind="propagation" Navigation="org.eclipse.mylyn.core.model.edges.containment" OriginId="org.eclipse.mylyn.core.model.interest.propagation" StartDate="2014-03-23 06:54:51.697 CET" StructureHandle="/org.eclipse.mylyn.team.ui/src/org" StructureKind="resource"/><InteractionEvent Delta="null" EndDate="2014-03-23 06:54:24.633 CET" Interest="0.65100014" Kind="propagation" Navigation="org.eclipse.mylyn.core.model.edges.containment" OriginId="org.eclipse.mylyn.core.model.interest.propagation" StartDate="2014-03-23 06:54:24.633 CET" StructureHandle="=org.eclipse.mylyn.team.ui/src&amp;lt;org.eclipse.mylyn.internal.team.ui.preferences{FocusedTeamPreferencePage.java[FocusedTeamPreferencePage" StructureKind="java"/><InteractionEvent Delta="null" EndDate="2014-03-23 06:54:03.672 CET" Interest="1.0" Kind="edit" Navigation="null" OriginId="org.eclipse.jdt.ui.CompilationUnitEditor" StartDate="2014-03-23 06:54:03.672 CET" StructureHandle="=org.eclipse.mylyn.team.ui/src&amp;lt;org.eclipse.mylyn.internal.team.ui.preferences{FocusedTeamPreferencePage.java[FocusedTeamPreferencePage~addTemplateField~QComposite;~QString;~QIContentProposalProvider;" StructureKind="java"/><InteractionEvent Delta="null" EndDate="2014-03-23 06:55:00.303 CET" Interest="1.0" Kind="propagation" Navigation="org.eclipse.mylyn.core.model.edges.containment" OriginId="org.eclipse.mylyn.core.model.interest.propagation" StartDate="2014-03-23 06:55:00.303 CET" StructureHandle="/" StructureKind="resource"/><InteractionEvent Delta="null" EndDate="2014-03-23 06:54:29.405 CET" Interest="1.0" Kind="propagation" Navigation="org.eclipse.mylyn.core.model.edges.containment" OriginId="org.eclipse.mylyn.core.model.interest.propagation" StartDate="2014-03-23 06:54:29.405 CET" StructureHandle="/org.eclipse.mylyn.team.ui/src" StructureKind="resource"/><InteractionEvent Delta="null" EndDate="2014-03-23 06:53:58.668 CET" Interest="1.0" Kind="propagation" Navigation="org.eclipse.mylyn.core.model.edges.containment" OriginId="org.eclipse.mylyn.core.model.interest.propagation" StartDate="2014-03-23 06:53:58.668 CET" StructureHandle="/org.eclipse.mylyn.team.ui/src/org" StructureKind="resource"/><InteractionEvent Delta="null" EndDate="2014-03-23 06:54:30.78 CET" Interest="0.70000005" Kind="propagation" Navigation="org.eclipse.mylyn.core.model.edges.containment" OriginId="org.eclipse.mylyn.core.model.interest.propagation" StartDate="2014-03-23 06:54:30.78 CET" StructureHandle="=org.eclipse.mylyn.team.ui/src&amp;lt;org.eclipse.mylyn.internal.team.ui.preferences{FocusedTeamPreferencePage.java[FocusedTeamPreferencePage" StructureKind="java"/><InteractionEvent Delta="null" EndDate="2014-03-23 06:54:29.405 CET" Interest="1.0" Kind="propagation" Navigation="org.eclipse.mylyn.core.model.edges.containment" OriginId="org.eclipse.mylyn.core.model.interest.propagation" StartDate="2014-03-23 06:54:29.405 CET" StructureHandle="/org.eclipse.mylyn.team.ui/src/org/eclipse" StructureKind="resource"/><InteractionEvent Delta="null" EndDate="2014-03-23 06:54:29.405 CET" Interest="0.6999998" Kind="propagation" Navigation="org.eclipse.mylyn.core.model.edges.containment" OriginId="org.eclipse.mylyn.core.model.interest.propagation" StartDate="2014-03-23 06:54:29.405 CET" StructureHandle="=org.eclipse.mylyn.team.ui/src&amp;lt;org.eclipse.mylyn.internal.team.ui.preferences{FocusedTeamPreferencePage.java" StructureKind="java"/><InteractionEvent Delta="null" EndDate="2014-03-23 06:54:03.672 CET" Interest="1.0" Kind="propagation" Navigation="org.eclipse.mylyn.core.model.edges.containment" OriginId="org.eclipse.mylyn.core.model.interest.propagation" StartDate="2014-03-23 06:54:03.672 CET" StructureHandle="/org.eclipse.mylyn.team.ui/src/org/eclipse/mylyn/internal" StructureKind="resource"/><InteractionEvent Delta="null" EndDate="2014-03-23 06:55:43.738 CET" Interest="1.0" Kind="propagation" Navigation="org.eclipse.mylyn.core.model.edges.containment" OriginId="org.eclipse.mylyn.core.model.interest.propagation" StartDate="2014-03-23 06:55:43.738 CET" StructureHandle="/org.eclipse.mylyn.team.ui/src/org/eclipse/mylyn/internal" StructureKind="resource"/><InteractionEvent Delta="null" EndDate="2014-03-23 06:54:03.644 CET" Interest="0.99999994" Kind="propagation" Navigation="org.eclipse.mylyn.core.model.edges.containment" OriginId="org.eclipse.mylyn.core.model.interest.propagation" StartDate="2014-03-23 06:54:03.644 CET" StructureHandle="=org.eclipse.mylyn.team.ui/src" StructureKind="java"/><InteractionEvent Delta="null" EndDate="2014-03-23 06:54:29.400 CET" Interest="1.0" Kind="propagation" Navigation="org.eclipse.mylyn.core.model.edges.containment" OriginId="org.eclipse.mylyn.core.model.interest.propagation" StartDate="2014-03-23 06:54:29.400 CET" StructureHandle="/org.eclipse.mylyn.team.ui/src/org/eclipse" StructureKind="resource"/><InteractionEvent Delta="null" EndDate="2014-03-23 06:53:58.633 CET" Interest="1.0" Kind="propagation" Navigation="org.eclipse.mylyn.core.model.edges.containment" OriginId="org.eclipse.mylyn.core.model.interest.propagation" StartDate="2014-03-23 06:53:58.633 CET" StructureHandle="/org.eclipse.mylyn.team.ui/src" StructureKind="resource"/><InteractionEvent Delta="null" EndDate="2014-03-23 06:54:03.673 CET" Interest="1.0" Kind="propagation" Navigation="org.eclipse.mylyn.core.model.edges.containment" OriginId="org.eclipse.mylyn.core.model.interest.propagation" StartDate="2014-03-23 06:54:03.673 CET" StructureHandle="=org.eclipse.mylyn.team.ui" StructureKind="resource"/><InteractionEvent Delta="null" EndDate="2014-03-23 06:54:29.400 CET" Interest="1.0" Kind="propagation" Navigation="org.eclipse.mylyn.core.model.edges.containment" OriginId="org.eclipse.mylyn.core.model.interest.propagation" StartDate="2014-03-23 06:54:29.400 CET" StructureHandle="/org.eclipse.mylyn.team.ui/src" StructureKind="resource"/><InteractionEvent Delta="null" EndDate="2014-03-23 06:54:03.644 CET" Interest="0.99999994" Kind="propagation" Navigation="org.eclipse.mylyn.core.model.edges.containment" OriginId="org.eclipse.mylyn.core.model.interest.propagation" StartDate="2014-03-23 06:54:03.644 CET" StructureHandle="=org.eclipse.mylyn.team.ui/src&amp;lt;org.eclipse.mylyn.internal.team.ui.preferences" StructureKind="java"/><InteractionEvent Delta="null" EndDate="2014-03-23 06:54:51.696 CET" Interest="1.0" Kind="propagation" Navigation="org.eclipse.mylyn.core.model.edges.containment" OriginId="org.eclipse.mylyn.core.model.interest.propagation" StartDate="2014-03-23 06:54:51.696 CET" StructureHandle="/org.eclipse.mylyn.team.ui/src/org/eclipse/mylyn/internal/team/ui/preferences" StructureKind="resource"/><InteractionEvent Delta="null" EndDate="2014-03-23 06:54:29.401 CET" Interest="0.6999999" Kind="propagation" Navigation="org.eclipse.mylyn.core.model.edges.containment" OriginId="org.eclipse.mylyn.core.model.interest.propagation" StartDate="2014-03-23 06:54:29.401 CET" StructureHandle="=org.eclipse.mylyn.team.ui/src&amp;lt;org.eclipse.mylyn.internal.team.ui.preferences{FocusedTeamPreferencePage.java" StructureKind="java"/><InteractionEvent Delta="null" EndDate="2014-03-23 06:53:58.668 CET" Interest="1.0" Kind="propagation" Navigation="org.eclipse.mylyn.core.model.edges.containment" OriginId="org.eclipse.mylyn.core.model.interest.propagation" StartDate="2014-03-23 06:53:58.668 CET" StructureHandle="/" StructureKind="resource"/><InteractionEvent Delta="null" EndDate="2014-03-23 06:55:43.738 CET" Interest="1.0" Kind="selection" Navigation="null" OriginId="org.eclipse.jdt.ui.PackageExplorer" StartDate="2014-03-23 06:55:43.738 CET" StructureHandle="=org.eclipse.mylyn.team.ui/src&amp;lt;org.eclipse.mylyn.internal.team.ui.preferences{FocusedTeamPreferencePage.java" StructureKind="java"/><InteractionEvent Delta="null" EndDate="2014-03-23 06:54:24.634 CET" Interest="1.0" Kind="propagation" Navigation="org.eclipse.mylyn.core.model.edges.containment" OriginId="org.eclipse.mylyn.core.model.interest.propagation" StartDate="2014-03-23 06:54:24.634 CET" StructureHandle="/org.eclipse.mylyn.team.ui/src/org/eclipse/mylyn" StructureKind="resource"/><InteractionEvent Delta="null" EndDate="2014-03-23 06:53:58.633 CET" Interest="1.0" Kind="selection" Navigation="null" OriginId="org.eclipse.jdt.ui.CompilationUnitEditor" StartDate="2014-03-23 06:53:58.633 CET" StructureHandle="=org.eclipse.mylyn.team.ui/src&amp;lt;org.eclipse.mylyn.internal.team.ui.preferences{FocusedTeamPreferencePage.java" StructureKind="java"/><InteractionEvent Delta="null" EndDate="2014-03-23 06:54:03.643 CET" Interest="1.0000001" Kind="propagation" Navigation="org.eclipse.mylyn.core.model.edges.containment" OriginId="org.eclipse.mylyn.core.model.interest.propagation" StartDate="2014-03-23 06:54:03.643 CET" StructureHandle="/org.eclipse.mylyn.team.ui/src/org/eclipse/mylyn" StructureKind="resource"/><InteractionEvent Delta="null" EndDate="2014-03-23 06:54:24.633 CET" Interest="1.0" Kind="propagation" Navigation="null" OriginId="org.eclipse.ui.views.ContentOutline" StartDate="2014-03-23 06:54:24.633 CET" StructureHandle="/org.eclipse.mylyn.team.ui/src/org/eclipse/mylyn/internal/team/ui/preferences/FocusedTeamPreferencePage.java" StructureKind="resource"/><InteractionEvent Delta="null" EndDate="2014-03-23 06:54:09.366 CET" Interest="1.0000002" Kind="propagation" Navigation="org.eclipse.mylyn.core.model.edges.containment" OriginId="org.eclipse.mylyn.core.model.interest.propagation" StartDate="2014-03-23 06:54:09.366 CET" StructureHandle="/org.eclipse.mylyn.team.ui/src/org/eclipse/mylyn/internal" StructureKind="resource"/><InteractionEvent Delta="null" EndDate="2014-03-23 06:54:33.653 CET" Interest="1.0" Kind="propagation" Navigation="org.eclipse.mylyn.core.model.edges.containment" OriginId="org.eclipse.mylyn.core.model.interest.propagation" StartDate="2014-03-23 06:54:33.653 CET" StructureHandle="=org.eclipse.mylyn.team.ui/src&amp;lt;org.eclipse.mylyn.internal.team.ui.preferences{FocusedTeamPreferencePage.java" StructureKind="java"/><InteractionEvent Delta="null" EndDate="2014-03-23 06:54:24.634 CET" Interest="0.0680002" Kind="propagation" Navigation="org.eclipse.mylyn.core.model.edges.containment" OriginId="org.eclipse.mylyn.core.model.interest.propagation" StartDate="2014-03-23 06:54:24.634 CET" StructureHandle="=org.eclipse.mylyn.team.ui/src&amp;lt;org.eclipse.mylyn.internal.team.ui.preferences" StructureKind="java"/><InteractionEvent Delta="null" EndDate="2014-03-23 06:54:03.672 CET" Interest="1.0" Kind="propagation" Navigation="org.eclipse.mylyn.core.model.edges.containment" OriginId="org.eclipse.mylyn.core.model.interest.propagation" StartDate="2014-03-23 06:54:03.672 CET" StructureHandle="/org.eclipse.mylyn.team.ui/src/org/eclipse" StructureKind="resource"/><InteractionEvent Delta="null" EndDate="2014-03-23 06:55:43.738 CET" Interest="1.0" Kind="propagation" Navigation="org.eclipse.mylyn.core.model.edges.containment" OriginId="org.eclipse.mylyn.core.model.interest.propagation" StartDate="2014-03-23 06:55:43.738 CET" StructureHandle="/org.eclipse.mylyn.team.ui/src/org/eclipse/mylyn/internal/team" StructureKind="resource"/><InteractionEvent Delta="null" EndDate="2014-03-23 06:53:58.668 CET" Interest="1.0" Kind="propagation" Navigation="org.eclipse.mylyn.core.model.edges.containment" OriginId="org.eclipse.mylyn.core.model.interest.propagation" StartDate="2014-03-23 06:53:58.668 CET" StructureHandle="/org.eclipse.mylyn.team.ui/src/org/eclipse" StructureKind="resource"/><InteractionEvent Delta="null" EndDate="2014-03-23 06:55:43.739 CET" Interest="1.0" Kind="propagation" Navigation="org.eclipse.mylyn.core.model.edges.containment" OriginId="org.eclipse.mylyn.core.model.interest.propagation" StartDate="2014-03-23 06:55:43.739 CET" StructureHandle="/org.eclipse.mylyn.team.ui/src" StructureKind="resource"/><InteractionEvent Delta="null" EndDate="2014-03-23 06:54:51.698 CET" Interest="0.9999995" Kind="propagation" Navigation="org.eclipse.mylyn.core.model.edges.containment" OriginId="org.eclipse.mylyn.core.model.interest.propagation" StartDate="2014-03-23 06:54:51.698 CET" StructureHandle="=org.eclipse.mylyn.team.ui/src" StructureKind="java"/><InteractionEvent Delta="null" EndDate="2014-03-23 06:54:09.365 CET" Interest="1.0" Kind="selection" Navigation="null" OriginId="org.eclipse.jdt.ui.CompilationUnitEditor" StartDate="2014-03-23 06:54:09.365 CET" StructureHandle="=org.eclipse.mylyn.team.ui/src&amp;lt;org.eclipse.mylyn.internal.team.ui.preferences{FocusedTeamPreferencePage.java[FocusedTeamPreferencePage~createCommitGroup~QComposite;" StructureKind="java"/><InteractionEvent Delta="null" EndDate="2014-03-23 06:54:30.78 CET" Interest="1.0" Kind="propagation" Navigation="null" OriginId="org.eclipse.jdt.ui.CompilationUnitEditor" StartDate="2014-03-23 06:54:30.78 CET" StructureHandle="/org.eclipse.mylyn.team.ui/src/org/eclipse/mylyn/internal/team/ui/preferences/FocusedTeamPreferencePage.java" StructureKind="resource"/><InteractionEvent Delta="null" EndDate="2014-03-23 06:54:03.643 CET" Interest="1.0" Kind="propagation" Navigation="null" OriginId="org.eclipse.jdt.ui.CompilationUnitEditor" StartDate="2014-03-23 06:54:03.643 CET" StructureHandle="/org.eclipse.mylyn.team.ui/src/org/eclipse/mylyn/internal/team/ui/preferences/FocusedTeamPreferencePage.java" StructureKind="resource"/><InteractionEvent Delta="null" EndDate="2014-03-23 06:54:29.400 CET" Interest="1.0" Kind="propagation" Navigation="org.eclipse.mylyn.core.model.edges.containment" OriginId="org.eclipse.mylyn.core.model.interest.propagation" StartDate="2014-03-23 06:54:29.400 CET" StructureHandle="/org.eclipse.mylyn.team.ui/src/org" StructureKind="resource"/><InteractionEvent Delta="null" EndDate="2014-03-23 06:54:24.633 CET" Interest="1.0" Kind="propagation" Navigation="org.eclipse.mylyn.core.model.edges.containment" OriginId="org.eclipse.mylyn.core.model.interest.propagation" StartDate="2014-03-23 06:54:24.633 CET" StructureHandle="/org.eclipse.mylyn.team.ui/src/org/eclipse/mylyn/internal/team/ui" StructureKind="resource"/><InteractionEvent Delta="null" EndDate="2014-03-23 06:55:00.303 CET" Interest="1.0" Kind="propagation" Navigation="org.eclipse.mylyn.core.model.edges.containment" OriginId="org.eclipse.mylyn.core.model.interest.propagation" StartDate="2014-03-23 06:55:00.303 CET" StructureHandle="/org.eclipse.mylyn.team.ui/src/org/eclipse/mylyn/internal/team" StructureKind="resource"/><InteractionEvent Delta="null" EndDate="2014-03-23 06:55:43.739 CET" Interest="1.0" Kind="propagation" Navigation="org.eclipse.mylyn.core.model.edges.containment" OriginId="org.eclipse.mylyn.core.model.interest.propagation" StartDate="2014-03-23 06:55:43.739 CET" StructureHandle="/org.eclipse.mylyn.team.ui/src/org" StructureKind="resource"/><InteractionEvent Delta="null" EndDate="2014-03-23 06:54:51.696 CET" Interest="1.0" Kind="propagation" Navigation="org.eclipse.mylyn.core.model.edges.containment" OriginId="org.eclipse.mylyn.core.model.interest.propagation" StartDate="2014-03-23 06:54:51.696 CET" StructureHandle="/org.eclipse.mylyn.team.ui/src/org/eclipse/mylyn/internal/team" StructureKind="resource"/><InteractionEvent Delta="null" EndDate="2014-03-23 06:55:00.303 CET" Interest="1.0" Kind="propagation" Navigation="org.eclipse.mylyn.core.model.edges.containment" OriginId="org.eclipse.mylyn.core.model.interest.propagation" StartDate="2014-03-23 06:55:00.303 CET" StructureHandle="/org.eclipse.mylyn.team.ui/src/org/eclipse/mylyn/internal" StructureKind="resource"/><InteractionEvent Delta="null" EndDate="2014-03-23 06:54:30.80 CET" Interest="0.70000005" Kind="propagation" Navigation="org.eclipse.mylyn.core.model.edges.containment" OriginId="org.eclipse.mylyn.core.model.interest.propagation" StartDate="2014-03-23 06:54:30.80 CET" StructureHandle="=org.eclipse.mylyn.team.ui/src" StructureKind="java"/><InteractionEvent Delta="null" EndDate="2014-03-23 06:54:30.78 CET" Interest="1.0000005" Kind="propagation" Navigation="org.eclipse.mylyn.core.model.edges.containment" OriginId="org.eclipse.mylyn.core.model.interest.propagation" StartDate="2014-03-23 06:54:30.78 CET" StructureHandle="/org.eclipse.mylyn.team.ui/src/org/eclipse/mylyn/internal" StructureKind="resource"/><InteractionEvent Delta="null" EndDate="2014-03-23 06:54:29.405 CET" Interest="1.0" Kind="propagation" Navigation="org.eclipse.mylyn.core.model.edges.containment" OriginId="org.eclipse.mylyn.core.model.interest.propagation" StartDate="2014-03-23 06:54:29.405 CET" StructureHandle="/org.eclipse.mylyn.team.ui/src/org" StructureKind="resource"/><InteractionEvent Delta="null" EndDate="2014-03-23 06:54:09.366 CET" Interest="1.0000002" Kind="propagation" Navigation="org.eclipse.mylyn.core.model.edges.containment" OriginId="org.eclipse.mylyn.core.model.interest.propagation" StartDate="2014-03-23 06:54:09.366 CET" StructureHandle="/" StructureKind="resource"/><InteractionEvent Delta="null" EndDate="2014-03-23 06:54:03.672 CET" Interest="1.0" Kind="propagation" Navigation="org.eclipse.mylyn.core.model.edges.containment" OriginId="org.eclipse.mylyn.core.model.interest.propagation" StartDate="2014-03-23 06:54:03.672 CET" StructureHandle="/org.eclipse.mylyn.team.ui/src" StructureKind="resource"/><InteractionEvent Delta="null" EndDate="2014-03-23 06:54:30.78 CET" Interest="1.0000005" Kind="propagation" Navigation="org.eclipse.mylyn.core.model.edges.containment" OriginId="org.eclipse.mylyn.core.model.interest.propagation" StartDate="2014-03-23 06:54:30.78 CET" StructureHandle="/org.eclipse.mylyn.team.ui/src/org/eclipse/mylyn/internal/team/ui" StructureKind="resource"/><InteractionEvent Delta="null" EndDate="2014-03-23 06:54:29.401 CET" Interest="0.6999998" Kind="propagation" Navigation="org.eclipse.mylyn.core.model.edges.containment" OriginId="org.eclipse.mylyn.core.model.interest.propagation" StartDate="2014-03-23 06:54:29.401 CET" StructureHandle="=org.eclipse.mylyn.team.ui/src&amp;lt;org.eclipse.mylyn.internal.team.ui.preferences" StructureKind="java"/><InteractionEvent Delta="null" EndDate="2014-03-23 06:54:29.406 CET" Interest="0.6999998" Kind="propagation" Navigation="org.eclipse.mylyn.core.model.edges.containment" OriginId="org.eclipse.mylyn.core.model.interest.propagation" StartDate="2014-03-23 06:54:29.406 CET" StructureHandle="=org.eclipse.mylyn.team.ui/src&amp;lt;org.eclipse.mylyn.internal.team.ui.preferences" StructureKind="java"/><InteractionEvent Delta="null" EndDate="2014-03-23 06:54:30.79 CET" Interest="1.0000005" Kind="propagation" Navigation="org.eclipse.mylyn.core.model.edges.containment" OriginId="org.eclipse.mylyn.core.model.interest.propagation" StartDate="2014-03-23 06:54:30.79 CET" StructureHandle="/" StructureKind="resource"/><InteractionEvent Delta="null" EndDate="2014-03-23 06:54:33.652 CET" Interest="1.0" Kind="propagation" Navigation="org.eclipse.mylyn.core.model.edges.containment" OriginId="org.eclipse.mylyn.core.model.interest.propagation" StartDate="2014-03-23 06:54:33.652 CET" StructureHandle="/org.eclipse.mylyn.team.ui/src/org/eclipse/mylyn/internal/team/ui" StructureKind="resource"/><InteractionEvent Delta="null" EndDate="2014-03-23 06:54:24.634 CET" Interest="1.0" Kind="propagation" Navigation="org.eclipse.mylyn.core.model.edges.containment" OriginId="org.eclipse.mylyn.core.model.interest.propagation" StartDate="2014-03-23 06:54:24.634 CET" StructureHandle="/org.eclipse.mylyn.team.ui/src/org" StructureKind="resource"/><InteractionEvent Delta="null" EndDate="2014-03-23 06:54:51.697 CET" Interest="1.0" Kind="propagation" Navigation="org.eclipse.mylyn.core.model.edges.containment" OriginId="org.eclipse.mylyn.core.model.interest.propagation" StartDate="2014-03-23 06:54:51.697 CET" StructureHandle="/org.eclipse.mylyn.team.ui/src/org/eclipse" StructureKind="resource"/><InteractionEvent Delta="null" EndDate="2014-03-23 06:54:29.402 CET" Interest="0.6999998" Kind="propagation" Navigation="org.eclipse.mylyn.core.model.edges.containment" OriginId="org.eclipse.mylyn.core.model.interest.propagation" StartDate="2014-03-23 06:54:29.402 CET" StructureHandle="=org.eclipse.mylyn.team.ui/src" StructureKind="java"/><InteractionEvent Delta="null" EndDate="2014-03-23 06:54:29.406 CET" Interest="0.6999998" Kind="propagation" Navigation="org.eclipse.mylyn.core.model.edges.containment" OriginId="org.eclipse.mylyn.core.model.interest.propagation" StartDate="2014-03-23 06:54:29.406 CET" StructureHandle="=org.eclipse.mylyn.team.ui/src" StructureKind="java"/><InteractionEvent Delta="null" EndDate="2014-03-23 06:54:29.399 CET" Interest="0.70000005" Kind="propagation" Navigation="org.eclipse.mylyn.core.model.edges.containment" OriginId="org.eclipse.mylyn.core.model.interest.propagation" StartDate="2014-03-23 06:54:29.399 CET" StructureHandle="=org.eclipse.mylyn.team.ui/src&amp;lt;org.eclipse.mylyn.internal.team.ui.preferences{FocusedTeamPreferencePage.java[FocusedTeamPreferencePage" StructureKind="java"/><InteractionEvent Delta="null" EndDate="2014-03-23 06:53:58.668 CET" Interest="1.0" Kind="propagation" Navigation="org.eclipse.mylyn.core.model.edges.containment" OriginId="org.eclipse.mylyn.core.model.interest.propagation" StartDate="2014-03-23 06:53:58.668 CET" StructureHandle="/org.eclipse.mylyn.team.ui/src/org/eclipse/mylyn/internal" StructureKind="resource"/><InteractionEvent Delta="null" EndDate="2014-03-23 06:54:03.643 CET" Interest="1.0000001" Kind="propagation" Navigation="org.eclipse.mylyn.core.model.edges.containment" OriginId="org.eclipse.mylyn.core.model.interest.propagation" StartDate="2014-03-23 06:54:03.643 CET" StructureHandle="/org.eclipse.mylyn.team.ui/src/org/eclipse/mylyn/internal/team" StructureKind="resource"/><InteractionEvent Delta="null" EndDate="2014-03-23 06:55:00.303 CET" Interest="1.0000005" Kind="propagation" Navigation="org.eclipse.mylyn.core.model.edges.containment" OriginId="org.eclipse.mylyn.core.model.interest.propagation" StartDate="2014-03-23 06:55:00.303 CET" StructureHandle="=org.eclipse.mylyn.team.ui/src&amp;lt;org.eclipse.mylyn.internal.team.ui.preferences" StructureKind="java"/><InteractionEvent Delta="null" EndDate="2014-03-23 06:54:29.404 CET" Interest="0.6999998" Kind="propagation" Navigation="org.eclipse.mylyn.core.model.edges.containment" OriginId="org.eclipse.mylyn.core.model.interest.propagation" StartDate="2014-03-23 06:54:29.404 CET" StructureHandle="=org.eclipse.mylyn.team.ui/src&amp;lt;org.eclipse.mylyn.internal.team.ui.preferences{FocusedTeamPreferencePage.java[FocusedTeamPreferencePage" StructureKind="java"/><InteractionEvent Delta="null" EndDate="2014-03-23 06:53:58.633 CET" Interest="1.0" Kind="propagation" Navigation="org.eclipse.mylyn.core.model.edges.containment" OriginId="org.eclipse.mylyn.core.model.interest.propagation" StartDate="2014-03-23 06:53:58.633 CET" StructureHandle="/org.eclipse.mylyn.team.ui/src/org/eclipse/mylyn/internal/team" StructureKind="resource"/><InteractionEvent Delta="null" EndDate="2014-03-23 06:54:29.404 CET" Interest="1.0" Kind="propagation" Navigation="null" OriginId="org.eclipse.jdt.ui.CompilationUnitEditor" StartDate="2014-03-23 06:54:29.404 CET" StructureHandle="/org.eclipse.mylyn.team.ui/src/org/eclipse/mylyn/internal/team/ui/preferences/FocusedTeamPreferencePage.java" StructureKind="resource"/><InteractionEvent Delta="null" EndDate="2014-03-23 06:54:24.634 CET" Interest="0.0680002" Kind="propagation" Navigation="org.eclipse.mylyn.core.model.edges.containment" OriginId="org.eclipse.mylyn.core.model.interest.propagation" StartDate="2014-03-23 06:54:24.634 CET" StructureHandle="=org.eclipse.mylyn.team.ui/src&amp;lt;org.eclipse.mylyn.internal.team.ui.preferences{FocusedTeamPreferencePage.java" StructureKind="java"/><InteractionEvent Delta="null" EndDate="2014-03-23 06:54:31.952 CET" Interest="1.0" Kind="propagation" Navigation="org.eclipse.mylyn.core.model.edges.containment" OriginId="org.eclipse.mylyn.core.model.interest.propagation" StartDate="2014-03-23 06:54:31.952 CET" StructureHandle="/org.eclipse.mylyn.team.ui/src" StructureKind="resource"/><InteractionEvent Delta="null" EndDate="2014-03-23 06:55:43.739 CET" Interest="1.0" Kind="propagation" Navigation="org.eclipse.mylyn.core.model.edges.containment" OriginId="org.eclipse.mylyn.core.model.interest.propagation" StartDate="2014-03-23 06:55:43.739 CET" StructureHandle="=org.eclipse.mylyn.team.ui/src&amp;lt;org.eclipse.mylyn.internal.team.ui.preferences" StructureKind="java"/><InteractionEvent Delta="null" EndDate="2014-03-23 06:54:29.400 CET" Interest="1.0" Kind="propagation" Navigation="null" OriginId="org.eclipse.jdt.ui.CompilationUnitEditor" StartDate="2014-03-23 06:54:29.400 CET" StructureHandle="/org.eclipse.mylyn.team.ui/src/org/eclipse/mylyn/internal/team/ui/preferences/FocusedTeamPreferencePage.java" StructureKind="resource"/><InteractionEvent Delta="null" EndDate="2014-03-23 06:53:58.633 CET" Interest="1.0" Kind="propagation" Navigation="null" OriginId="org.eclipse.jdt.ui.CompilationUnitEditor" StartDate="2014-03-23 06:53:58.633 CET" StructureHandle="/org.eclipse.mylyn.team.ui/src/org/eclipse/mylyn/internal/team/ui/preferences/FocusedTeamPreferencePage.java" StructureKind="resource"/><InteractionEvent Delta="null" EndDate="2014-03-23 06:54:03.643 CET" Interest="1.0" Kind="selection" Navigation="null" OriginId="org.eclipse.jdt.ui.CompilationUnitEditor" StartDate="2014-03-23 06:54:03.643 CET" StructureHandle="=org.eclipse.mylyn.team.ui/src&amp;lt;org.eclipse.mylyn.internal.team.ui.preferences{FocusedTeamPreferencePage.java" StructureKind="java"/><InteractionEvent Delta="null" EndDate="2014-03-23 06:54:31.951 CET" Interest="1.0" Kind="selection" Navigation="null" OriginId="org.eclipse.jdt.ui.CompilationUnitEditor" StartDate="2014-03-23 06:54:31.951 CET" StructureHandle="=org.eclipse.mylyn.team.ui/src&amp;lt;org.eclipse.mylyn.internal.team.ui.preferences{FocusedTeamPreferencePage.java[FocusedTeamPreferencePage~addTemplateField~QComposite;~QString;~QIContentProposalProvider;" StructureKind="java"/><InteractionEvent Delta="null" EndDate="2014-03-23 06:54:33.652 CET" Interest="1.0" Kind="propagation" Navigation="org.eclipse.mylyn.core.model.edges.containment" OriginId="org.eclipse.mylyn.core.model.interest.propagation" StartDate="2014-03-23 06:54:33.652 CET" StructureHandle="/org.eclipse.mylyn.team.ui/src" StructureKind="resource"/><InteractionEvent Delta="null" EndDate="2014-03-23 06:54:29.400 CET" Interest="1.0" Kind="propagation" Navigation="org.eclipse.mylyn.core.model.edges.containment" OriginId="org.eclipse.mylyn.core.model.interest.propagation" StartDate="2014-03-23 06:54:29.400 CET" StructureHandle="/org.eclipse.mylyn.team.ui/src/org/eclipse/mylyn/internal/team/ui" StructureKind="resource"/><InteractionEvent Delta="null" EndDate="2014-03-23 06:54:29.405 CET" Interest="1.0" Kind="propagation" Navigation="org.eclipse.mylyn.core.model.edges.containment" OriginId="org.eclipse.mylyn.core.model.interest.propagation" StartDate="2014-03-23 06:54:29.405 CET" StructureHandle="/org.eclipse.mylyn.team.ui/src/org/eclipse/mylyn/internal/team/ui" StructureKind="resource"/><InteractionEvent Delta="null" EndDate="2014-03-23 06:54:51.697 CET" Interest="1.0" Kind="propagation" Navigation="org.eclipse.mylyn.core.model.edges.containment" OriginId="org.eclipse.mylyn.core.model.interest.propagation" StartDate="2014-03-23 06:54:51.697 CET" StructureHandle="=org.eclipse.mylyn.team.ui" StructureKind="resource"/><InteractionEvent Delta="null" EndDate="2014-03-23 06:54:29.400 CET" Interest="1.0" Kind="propagation" Navigation="org.eclipse.mylyn.core.model.edges.containment" OriginId="org.eclipse.mylyn.core.model.interest.propagation" StartDate="2014-03-23 06:54:29.400 CET" StructureHandle="/org.eclipse.mylyn.team.ui/src/org/eclipse/mylyn/internal/team/ui/preferences" StructureKind="resource"/><InteractionEvent Delta="null" EndDate="2014-03-23 06:54:03.643 CET" Interest="1.0000001" Kind="propagation" Navigation="org.eclipse.mylyn.core.model.edges.containment" OriginId="org.eclipse.mylyn.core.model.interest.propagation" StartDate="2014-03-23 06:54:03.643 CET" StructureHandle="/org.eclipse.mylyn.team.ui/src/org/eclipse" StructureKind="resource"/><InteractionEvent Delta="null" EndDate="2014-03-23 06:54:33.652 CET" Interest="1.0" Kind="propagation" Navigation="org.eclipse.mylyn.core.model.edges.containment" OriginId="org.eclipse.mylyn.core.model.interest.propagation" StartDate="2014-03-23 06:54:33.652 CET" StructureHandle="/org.eclipse.mylyn.team.ui/src/org/eclipse/mylyn/internal" StructureKind="resource"/><InteractionEvent Delta="null" EndDate="2014-03-23 06:55:43.739 CET" Interest="1.0" Kind="propagation" Navigation="org.eclipse.mylyn.core.model.edges.containment" OriginId="org.eclipse.mylyn.core.model.interest.propagation" StartDate="2014-03-23 06:55:43.739 CET" StructureHandle="=org.eclipse.mylyn.team.ui" StructureKind="resource"/><InteractionEvent Delta="null" EndDate="2014-03-23 06:54:03.672 CET" Interest="1.0" Kind="propagation" Navigation="org.eclipse.mylyn.core.model.edges.containment" OriginId="org.eclipse.mylyn.core.model.interest.propagation" StartDate="2014-03-23 06:54:03.672 CET" StructureHandle="/org.eclipse.mylyn.team.ui/src/org" StructureKind="resource"/><InteractionEvent Delta="null" EndDate="2014-03-23 06:54:29.405 CET" Interest="1.0" Kind="propagation" Navigation="org.eclipse.mylyn.core.model.edges.containment" OriginId="org.eclipse.mylyn.core.model.interest.propagation" StartDate="2014-03-23 06:54:29.405 CET" StructureHandle="/org.eclipse.mylyn.team.ui/src/org/eclipse/mylyn/internal/team" StructureKind="resource"/><InteractionEvent Delta="null" EndDate="2014-03-23 06:54:33.652 CET" Interest="1.0" Kind="propagation" Navigation="org.eclipse.mylyn.core.model.edges.containment" OriginId="org.eclipse.mylyn.core.model.interest.propagation" StartDate="2014-03-23 06:54:33.652 CET" StructureHandle="/org.eclipse.mylyn.team.ui/src/org" StructureKind="resource"/><InteractionEvent Delta="null" EndDate="2014-03-23 06:54:29.405 CET" Interest="1.0" Kind="propagation" Navigation="org.eclipse.mylyn.core.model.edges.containment" OriginId="org.eclipse.mylyn.core.model.interest.propagation" StartDate="2014-03-23 06:54:29.405 CET" StructureHandle="/org.eclipse.mylyn.team.ui/src/org/eclipse/mylyn/internal/team/ui/preferences" StructureKind="resource"/><InteractionEvent Delta="null" EndDate="2014-03-23 06:54:29.400 CET" Interest="1.0" Kind="propagation" Navigation="org.eclipse.mylyn.core.model.edges.containment" OriginId="org.eclipse.mylyn.core.model.interest.propagation" StartDate="2014-03-23 06:54:29.400 CET" StructureHandle="/org.eclipse.mylyn.team.ui/src/org/eclipse/mylyn/internal/team" StructureKind="resource"/><InteractionEvent Delta="null" EndDate="2014-03-23 06:54:29.405 CET" Interest="1.0" Kind="propagation" Navigation="org.eclipse.mylyn.core.model.edges.containment" OriginId="org.eclipse.mylyn.core.model.interest.propagation" StartDate="2014-03-23 06:54:29.405 CET" StructureHandle="=org.eclipse.mylyn.team.ui" StructureKind="resource"/><InteractionEvent Delta="null" EndDate="2014-03-23 06:54:30.79 CET" Interest="0.70000005" Kind="propagation" Navigation="org.eclipse.mylyn.core.model.edges.containment" OriginId="org.eclipse.mylyn.core.model.interest.propagation" StartDate="2014-03-23 06:54:30.79 CET" StructureHandle="=org.eclipse.mylyn.team.ui/src&amp;lt;org.eclipse.mylyn.internal.team.ui.preferences" StructureKind="java"/><InteractionEvent Delta="null" EndDate="2014-03-23 06:54:29.400 CET" Interest="1.0" Kind="propagation" Navigation="org.eclipse.mylyn.core.model.edges.containment" OriginId="org.eclipse.mylyn.core.model.interest.propagation" StartDate="2014-03-23 06:54:29.400 CET" StructureHandle="=org.eclipse.mylyn.team.ui" StructureKind="resource"/><InteractionEvent Delta="null" EndDate="2014-03-23 06:54:33.652 CET" Interest="0.99999976" Kind="propagation" Navigation="org.eclipse.mylyn.core.model.edges.containment" OriginId="org.eclipse.mylyn.core.model.interest.propagation" StartDate="2014-03-23 06:54:33.652 CET" StructureHandle="=org.eclipse.mylyn.team.ui/src&amp;lt;org.eclipse.mylyn.internal.team.ui.preferences{FocusedTeamPreferencePage.java[FocusedTeamPreferencePage" StructureKind="java"/><InteractionEvent Delta="null" EndDate="2014-03-23 06:53:58.634 CET" Interest="1.0" Kind="propagation" Navigation="org.eclipse.mylyn.core.model.edges.containment" OriginId="org.eclipse.mylyn.core.model.interest.propagation" StartDate="2014-03-23 06:53:58.634 CET" StructureHandle="=org.eclipse.mylyn.team.ui/src&amp;lt;org.eclipse.mylyn.internal.team.ui.preferences" StructureKind="java"/><InteractionEvent Delta="null" EndDate="2014-03-23 06:54:03.672 CET" Interest="1.0" Kind="propagation" Navigation="org.eclipse.mylyn.core.model.edges.containment" OriginId="org.eclipse.mylyn.core.model.interest.propagation" StartDate="2014-03-23 06:54:03.672 CET" StructureHandle="/org.eclipse.mylyn.team.ui/src/org/eclipse/mylyn" StructureKind="resource"/><InteractionEvent Delta="null" EndDate="2014-03-23 06:54:03.672 CET" Interest="1.0" Kind="propagation" Navigation="org.eclipse.mylyn.core.model.edges.containment" OriginId="org.eclipse.mylyn.core.model.interest.propagation" StartDate="2014-03-23 06:54:03.672 CET" StructureHandle="/org.eclipse.mylyn.team.ui/src/org/eclipse/mylyn/internal/team/ui/preferences" StructureKind="resource"/><InteractionEvent Delta="null" EndDate="2014-03-23 06:54:24.633 CET" Interest="1.0" Kind="propagation" Navigation="org.eclipse.mylyn.core.model.edges.containment" OriginId="org.eclipse.mylyn.core.model.interest.propagation" StartDate="2014-03-23 06:54:24.633 CET" StructureHandle="/org.eclipse.mylyn.team.ui/src/org/eclipse/mylyn/internal/team/ui/preferences" StructureKind="resource"/><InteractionEvent Delta="null" EndDate="2014-03-23 06:54:30.79 CET" Interest="1.0000005" Kind="propagation" Navigation="org.eclipse.mylyn.core.model.edges.containment" OriginId="org.eclipse.mylyn.core.model.interest.propagation" StartDate="2014-03-23 06:54:30.79 CET" StructureHandle="/org.eclipse.mylyn.team.ui/src" StructureKind="resource"/><InteractionEvent Delta="null" EndDate="2014-03-23 06:53:58.633 CET" Interest="1.0" Kind="propagation" Navigation="org.eclipse.mylyn.core.model.edges.containment" OriginId="org.eclipse.mylyn.core.model.interest.propagation" StartDate="2014-03-23 06:53:58.633 CET" StructureHandle="/org.eclipse.mylyn.team.ui/src/org/eclipse/mylyn" StructureKind="resource"/><InteractionEvent Delta="null" EndDate="2014-03-23 06:53:58.633 CET" Interest="1.0" Kind="propagation" Navigation="org.eclipse.mylyn.core.model.edges.containment" OriginId="org.eclipse.mylyn.core.model.interest.propagation" StartDate="2014-03-23 06:53:58.633 CET" StructureHandle="/org.eclipse.mylyn.team.ui/src/org/eclipse/mylyn/internal/team/ui" StructureKind="resource"/><InteractionEvent Delta="null" EndDate="2014-03-23 06:55:43.739 CET" Interest="1.0" Kind="propagation" Navigation="org.eclipse.mylyn.core.model.edges.containment" OriginId="org.eclipse.mylyn.core.model.interest.propagation" StartDate="2014-03-23 06:55:43.739 CET" StructureHandle="/" StructureKind="resource"/><InteractionEvent Delta="null" EndDate="2014-03-23 06:54:03.643 CET" Interest="1.0000001" Kind="propagation" Navigation="org.eclipse.mylyn.core.model.edges.containment" OriginId="org.eclipse.mylyn.core.model.interest.propagation" StartDate="2014-03-23 06:54:03.643 CET" StructureHandle="/org.eclipse.mylyn.team.ui/src" StructureKind="resource"/><InteractionEvent Delta="null" EndDate="2014-03-23 06:54:33.653 CET" Interest="1.0" Kind="propagation" Navigation="org.eclipse.mylyn.core.model.edges.containment" OriginId="org.eclipse.mylyn.core.model.interest.propagation" StartDate="2014-03-23 06:54:33.653 CET" StructureHandle="=org.eclipse.mylyn.team.ui/src&amp;lt;org.eclipse.mylyn.internal.team.ui.preferences" StructureKind="java"/><InteractionEvent Delta="null" EndDate="2014-03-23 06:54:03.673 CET" Interest="1.0" Kind="propagation" Navigation="org.eclipse.mylyn.core.model.edges.containment" OriginId="org.eclipse.mylyn.core.model.interest.propagation" StartDate="2014-03-23 06:54:03.673 CET" StructureHandle="/" StructureKind="resource"/><InteractionEvent Delta="null" EndDate="2014-03-23 06:54:09.366 CET" Interest="1.0000002" Kind="propagation" Navigation="org.eclipse.mylyn.core.model.edges.containment" OriginId="org.eclipse.mylyn.core.model.interest.propagation" StartDate="2014-03-23 06:54:09.366 CET" StructureHandle="=org.eclipse.mylyn.team.ui" StructureKind="resource"/><InteractionEvent Delta="null" EndDate="2014-03-23 06:54:24.633 CET" Interest="1.0" Kind="propagation" Navigation="org.eclipse.mylyn.core.model.edges.containment" OriginId="org.eclipse.mylyn.core.model.interest.propagation" StartDate="2014-03-23 06:54:24.633 CET" StructureHandle="/org.eclipse.mylyn.team.ui/src/org/eclipse/mylyn/internal" StructureKind="resource"/><InteractionEvent Delta="null" EndDate="2014-03-23 06:53:58.668 CET" Interest="1.0" Kind="propagation" Navigation="org.eclipse.mylyn.core.model.edges.containment" OriginId="org.eclipse.mylyn.core.model.interest.propagation" StartDate="2014-03-23 06:53:58.668 CET" StructureHandle="/org.eclipse.mylyn.team.ui/src/org/eclipse/mylyn/internal/team/ui/preferences" StructureKind="resource"/><InteractionEvent Delta="null" EndDate="2014-03-23 06:53:58.633 CET" Interest="1.0" Kind="propagation" Navigation="org.eclipse.mylyn.core.model.edges.containment" OriginId="org.eclipse.mylyn.core.model.interest.propagation" StartDate="2014-03-23 06:53:58.633 CET" StructureHandle="/org.eclipse.mylyn.team.ui/src/org" StructureKind="resource"/><InteractionEvent Delta="null" EndDate="2014-03-23 06:53:58.668 CET" Interest="1.0" Kind="propagation" Navigation="org.eclipse.mylyn.core.model.edges.containment" OriginId="org.eclipse.mylyn.core.model.interest.propagation" StartDate="2014-03-23 06:53:58.668 CET" StructureHandle="=org.eclipse.mylyn.team.ui" StructureKind="resource"/><InteractionEvent Delta="null" EndDate="2014-03-23 06:55:00.303 CET" Interest="1.0" Kind="propagation" Navigation="org.eclipse.mylyn.core.model.edges.containment" OriginId="org.eclipse.mylyn.core.model.interest.propagation" StartDate="2014-03-23 06:55:00.303 CET" StructureHandle="=org.eclipse.mylyn.team.ui" StructureKind="resource"/><InteractionEvent Delta="null" EndDate="2014-03-23 06:55:00.303 CET" Interest="1.0" Kind="propagation" Navigation="org.eclipse.mylyn.core.model.edges.containment" OriginId="org.eclipse.mylyn.core.model.interest.propagation" StartDate="2014-03-23 06:55:00.303 CET" StructureHandle="/org.eclipse.mylyn.team.ui/src/org" StructureKind="resource"/><InteractionEvent Delta="null" EndDate="2014-03-23 06:54:33.652 CET" Interest="1.0" Kind="selection" Navigation="null" OriginId="org.eclipse.jdt.ui.CompilationUnitEditor" StartDate="2014-03-23 06:54:33.652 CET" StructureHandle="=org.eclipse.mylyn.team.ui/src&amp;lt;org.eclipse.mylyn.internal.team.ui.preferences{FocusedTeamPreferencePage.java[FocusedTeamPreferencePage~createCommitGroup~QComposite;" StructureKind="java"/><InteractionEvent Delta="null" EndDate="2014-03-23 06:55:43.738 CET" Interest="1.0" Kind="propagation" Navigation="org.eclipse.mylyn.core.model.edges.containment" OriginId="org.eclipse.mylyn.core.model.interest.propagation" StartDate="2014-03-23 06:55:43.738 CET" StructureHandle="/org.eclipse.mylyn.team.ui/src/org/eclipse/mylyn" StructureKind="resource"/><InteractionEvent Delta="null" EndDate="2014-03-23 06:54:30.78 CET" Interest="1.0" Kind="edit" Navigation="null" OriginId="org.eclipse.jdt.ui.CompilationUnitEditor" StartDate="2014-03-23 06:54:30.78 CET" StructureHandle="=org.eclipse.mylyn.team.ui/src&amp;lt;org.eclipse.mylyn.internal.team.ui.preferences{FocusedTeamPreferencePage.java[FocusedTeamPreferencePage~createCommitGroup~QComposite;" StructureKind="java"/><InteractionEvent Delta="null" EndDate="2014-03-23 06:55:00.303 CET" Interest="1.0" Kind="propagation" Navigation="org.eclipse.mylyn.core.model.edges.containment" OriginId="org.eclipse.mylyn.core.model.interest.propagation" StartDate="2014-03-23 06:55:00.303 CET" StructureHandle="/org.eclipse.mylyn.team.ui/src/org/eclipse" StructureKind="resource"/><InteractionEvent Delta="null" EndDate="2014-03-23 06:54:30.79 CET" Interest="1.0000005" Kind="propagation" Navigation="org.eclipse.mylyn.core.model.edges.containment" OriginId="org.eclipse.mylyn.core.model.interest.propagation" StartDate="2014-03-23 06:54:30.79 CET" StructureHandle="/org.eclipse.mylyn.team.ui/src/org" StructureKind="resource"/><InteractionEvent Delta="null" EndDate="2014-03-23 06:54:51.697 CET" Interest="1.0" Kind="propagation" Navigation="org.eclipse.mylyn.core.model.edges.containment" OriginId="org.eclipse.mylyn.core.model.interest.propagation" StartDate="2014-03-23 06:54:51.697 CET" StructureHandle="/org.eclipse.mylyn.team.ui/src/org/eclipse/mylyn" StructureKind="resource"/><InteractionEvent Delta="null" EndDate="2014-03-23 06:54:30.78 CET" Interest="1.0000005" Kind="propagation" Navigation="org.eclipse.mylyn.core.model.edges.containment" OriginId="org.eclipse.mylyn.core.model.interest.propagation" StartDate="2014-03-23 06:54:30.78 CET" StructureHandle="/org.eclipse.mylyn.team.ui/src/org/eclipse/mylyn" StructureKind="resource"/><InteractionEvent Delta="null" EndDate="2014-03-23 06:55:00.303 CET" Interest="1.0" Kind="propagation" Navigation="org.eclipse.mylyn.core.model.edges.containment" OriginId="org.eclipse.mylyn.core.model.interest.propagation" StartDate="2014-03-23 06:55:00.303 CET" StructureHandle="/org.eclipse.mylyn.team.ui/src" StructureKind="resource"/><InteractionEvent Delta="null" EndDate="2014-03-23 06:54:03.643 CET" Interest="1.0000001" Kind="propagation" Navigation="org.eclipse.mylyn.core.model.edges.containment" OriginId="org.eclipse.mylyn.core.model.interest.propagation" StartDate="2014-03-23 06:54:03.643 CET" StructureHandle="/org.eclipse.mylyn.team.ui/src/org" StructureKind="resource"/><InteractionEvent Delta="null" EndDate="2014-03-23 06:55:00.303 CET" Interest="1.0" Kind="propagation" Navigation="null" OriginId="org.eclipse.jdt.ui.PackageExplorer" StartDate="2014-03-23 06:55:00.303 CET" StructureHandle="/org.eclipse.mylyn.team.ui/src/org/eclipse/mylyn/internal/team/ui/preferences/FocusedTeamPreferencePage.java" StructureKind="resource"/><InteractionEvent Delta="null" EndDate="2014-03-23 06:54:29.405 CET" Interest="1.0" Kind="propagation" Navigation="org.eclipse.mylyn.core.model.edges.containment" OriginId="org.eclipse.mylyn.core.model.interest.propagation" StartDate="2014-03-23 06:54:29.405 CET" StructureHandle="/org.eclipse.mylyn.team.ui/src/org/eclipse/mylyn/internal" StructureKind="resource"/><InteractionEvent Delta="null" EndDate="2014-03-23 06:54:29.400 CET" Interest="1.0" Kind="propagation" Navigation="org.eclipse.mylyn.core.model.edges.containment" OriginId="org.eclipse.mylyn.core.model.interest.propagation" StartDate="2014-03-23 06:54:29.400 CET" StructureHandle="/org.eclipse.mylyn.team.ui/src/org/eclipse/mylyn/internal" StructureKind="resource"/><InteractionEvent Delta="null" EndDate="2014-03-23 06:54:51.696 CET" Interest="1.0" Kind="propagation" Navigation="org.eclipse.mylyn.core.model.edges.containment" OriginId="org.eclipse.mylyn.core.model.interest.propagation" StartDate="2014-03-23 06:54:51.696 CET" StructureHandle="/org.eclipse.mylyn.team.ui/src/org/eclipse/mylyn/internal/team/ui" StructureKind="resource"/><InteractionEvent Delta="null" EndDate="2014-03-23 06:54:29.405 CET" Interest="1.0" Kind="propagation" Navigation="org.eclipse.mylyn.core.model.edges.containment" OriginId="org.eclipse.mylyn.core.model.interest.propagation" StartDate="2014-03-23 06:54:29.405 CET" StructureHandle="/" StructureKind="resource"/><InteractionEvent Delta="null" EndDate="2014-03-23 06:54:51.697 CET" Interest="1.0" Kind="propagation" Navigation="org.eclipse.mylyn.core.model.edges.containment" OriginId="org.eclipse.mylyn.core.model.interest.propagation" StartDate="2014-03-23 06:54:51.697 CET" StructureHandle="/" StructureKind="resource"/><InteractionEvent Delta="null" EndDate="2014-03-23 06:54:29.400 CET" Interest="1.0" Kind="propagation" Navigation="org.eclipse.mylyn.core.model.edges.containment" OriginId="org.eclipse.mylyn.core.model.interest.propagation" StartDate="2014-03-23 06:54:29.400 CET" StructureHandle="/" StructureKind="resource"/><InteractionEvent Delta="null" EndDate="2014-03-23 06:54:24.634 CET" Interest="1.0" Kind="propagation" Navigation="org.eclipse.mylyn.core.model.edges.containment" OriginId="org.eclipse.mylyn.core.model.interest.propagation" StartDate="2014-03-23 06:54:24.634 CET" StructureHandle="=org.eclipse.mylyn.team.ui" StructureKind="resource"/><InteractionEvent Delta="null" EndDate="2014-03-23 06:54:31.952 CET" Interest="1.0" Kind="propagation" Navigation="org.eclipse.mylyn.core.model.edges.containment" OriginId="org.eclipse.mylyn.core.model.interest.propagation" StartDate="2014-03-23 06:54:31.952 CET" StructureHandle="/org.eclipse.mylyn.team.ui/src/org/eclipse/mylyn/internal" StructureKind="resource"/><InteractionEvent Delta="null" EndDate="2014-03-23 06:55:43.738 CET" Interest="1.0" Kind="propagation" Navigation="org.eclipse.mylyn.core.model.edges.containment" OriginId="org.eclipse.mylyn.core.model.interest.propagation" StartDate="2014-03-23 06:55:43.738 CET" StructureHandle="/org.eclipse.mylyn.team.ui/src/org/eclipse/mylyn/internal/team/ui/preferences" StructureKind="resource"/><InteractionEvent Delta="null" EndDate="2014-03-23 06:54:09.366 CET" Interest="1.0000002" Kind="propagation" Navigation="org.eclipse.mylyn.core.model.edges.containment" OriginId="org.eclipse.mylyn.core.model.interest.propagation" StartDate="2014-03-23 06:54:09.366 CET" StructureHandle="/org.eclipse.mylyn.team.ui/src/org/eclipse/mylyn/internal/team/ui/preferences" StructureKind="resource"/><InteractionEvent Delta="null" EndDate="2014-03-23 06:54:31.952 CET" Interest="1.0" Kind="propagation" Navigation="org.eclipse.mylyn.core.model.edges.containment" OriginId="org.eclipse.mylyn.core.model.interest.propagation" StartDate="2014-03-23 06:54:31.952 CET" StructureHandle="/org.eclipse.mylyn.team.ui/src/org/eclipse/mylyn/internal/team/ui" StructureKind="resource"/><InteractionEvent Delta="null" EndDate="2014-03-23 06:54:30.78 CET" Interest="1.0000005" Kind="propagation" Navigation="org.eclipse.mylyn.core.model.edges.containment" OriginId="org.eclipse.mylyn.core.model.interest.propagation" StartDate="2014-03-23 06:54:30.78 CET" StructureHandle="/org.eclipse.mylyn.team.ui/src/org/eclipse/mylyn/internal/team/ui/preferences" StructureKind="resource"/><InteractionEvent Delta="null" EndDate="2014-03-23 06:54:30.79 CET" Interest="1.0000005" Kind="propagation" Navigation="org.eclipse.mylyn.core.model.edges.containment" OriginId="org.eclipse.mylyn.core.model.interest.propagation" StartDate="2014-03-23 06:54:30.79 CET" StructureHandle="/org.eclipse.mylyn.team.ui/src/org/eclipse" StructureKind="resource"/><InteractionEvent Delta="null" EndDate="2014-03-23 06:53:58.634 CET" Interest="1.0" Kind="propagation" Navigation="org.eclipse.mylyn.core.model.edges.containment" OriginId="org.eclipse.mylyn.core.model.interest.propagation" StartDate="2014-03-23 06:53:58.634 CET" StructureHandle="=org.eclipse.mylyn.team.ui/src" StructureKind="java"/><InteractionEvent Delta="null" EndDate="2014-03-23 06:54:30.79 CET" Interest="1.0000005" Kind="propagation" Navigation="org.eclipse.mylyn.core.model.edges.containment" OriginId="org.eclipse.mylyn.core.model.interest.propagation" StartDate="2014-03-23 06:54:30.79 CET" StructureHandle="=org.eclipse.mylyn.team.ui" StructureKind="resource"/><InteractionEvent Delta="null" EndDate="2014-03-23 06:54:31.952 CET" Interest="1.0" Kind="propagation" Navigation="org.eclipse.mylyn.core.model.edges.containment" OriginId="org.eclipse.mylyn.core.model.interest.propagation" StartDate="2014-03-23 06:54:31.952 CET" StructureHandle="=org.eclipse.mylyn.team.ui" StructureKind="resource"/><InteractionEvent Delta="null" EndDate="2014-03-23 06:54:03.643 CET" Interest="1.0000001" Kind="propagation" Navigation="org.eclipse.mylyn.core.model.edges.containment" OriginId="org.eclipse.mylyn.core.model.interest.propagation" StartDate="2014-03-23 06:54:03.643 CET" StructureHandle="/org.eclipse.mylyn.team.ui/src/org/eclipse/mylyn/internal/team/ui" StructureKind="resource"/><InteractionEvent Delta="null" EndDate="2014-03-23 06:54:09.366 CET" Interest="1.0000002" Kind="propagation" Navigation="org.eclipse.mylyn.core.model.edges.containment" OriginId="org.eclipse.mylyn.core.model.interest.propagation" StartDate="2014-03-23 06:54:09.366 CET" StructureHandle="/org.eclipse.mylyn.team.ui/src" StructureKind="resource"/><InteractionEvent Delta="null" EndDate="2014-03-23 06:54:03.672 CET" Interest="1.0" Kind="propagation" Navigation="null" OriginId="org.eclipse.jdt.ui.CompilationUnitEditor" StartDate="2014-03-23 06:54:03.672 CET" StructureHandle="/org.eclipse.mylyn.team.ui/src/org/eclipse/mylyn/internal/team/ui/preferences/FocusedTeamPreferencePage.java" StructureKind="resource"/><InteractionEvent Delta="null" EndDate="2014-03-23 06:54:31.952 CET" Interest="1.0" Kind="propagation" Navigation="org.eclipse.mylyn.core.model.edges.containment" OriginId="org.eclipse.mylyn.core.model.interest.propagation" StartDate="2014-03-23 06:54:31.952 CET" StructureHandle="/org.eclipse.mylyn.team.ui/src/org" StructureKind="resource"/><InteractionEvent Delta="null" EndDate="2014-03-23 06:54:33.652 CET" Interest="1.0" Kind="propagation" Navigation="org.eclipse.mylyn.core.model.edges.containment" OriginId="org.eclipse.mylyn.core.model.interest.propagation" StartDate="2014-03-23 06:54:33.652 CET" StructureHandle="/org.eclipse.mylyn.team.ui/src/org/eclipse" StructureKind="resource"/><InteractionEvent Delta="null" EndDate="2014-03-23 06:53:58.633 CET" Interest="1.0" Kind="propagation" Navigation="org.eclipse.mylyn.core.model.edges.containment" OriginId="org.eclipse.mylyn.core.model.interest.propagation" StartDate="2014-03-23 06:53:58.633 CET" StructureHandle="/org.eclipse.mylyn.team.ui/src/org/eclipse" StructureKind="resource"/><InteractionEvent Delta="null" EndDate="2014-03-23 06:54:30.79 CET" Interest="0.7000003" Kind="propagation" Navigation="org.eclipse.mylyn.core.model.edges.containment" OriginId="org.eclipse.mylyn.core.model.interest.propagation" StartDate="2014-03-23 06:54:30.79 CET" StructureHandle="=org.eclipse.mylyn.team.ui/src&amp;lt;org.eclipse.mylyn.internal.team.ui.preferences{FocusedTeamPreferencePage.java" StructureKind="java"/><InteractionEvent Delta="null" EndDate="2014-03-23 06:55:43.738 CET" Interest="1.0" Kind="propagation" Navigation="null" OriginId="org.eclipse.jdt.ui.PackageExplorer" StartDate="2014-03-23 06:55:43.738 CET" StructureHandle="/org.eclipse.mylyn.team.ui/src/org/eclipse/mylyn/internal/team/ui/preferences/FocusedTeamPreferencePage.java" StructureKind="resource"/><InteractionEvent Delta="null" EndDate="2014-03-23 06:54:24.634 CET" Interest="1.0" Kind="propagation" Navigation="org.eclipse.mylyn.core.model.edges.containment" OriginId="org.eclipse.mylyn.core.model.interest.propagation" StartDate="2014-03-23 06:54:24.634 CET" StructureHandle="/" StructureKind="resource"/><InteractionEvent Delta="null" EndDate="2014-03-23 06:53:58.667 CET" Interest="1.0" Kind="edit" Navigation="null" OriginId="org.eclipse.jdt.ui.CompilationUnitEditor" StartDate="2014-03-23 06:53:58.667 CET" StructureHandle="=org.eclipse.mylyn.team.ui/src&amp;lt;org.eclipse.mylyn.internal.team.ui.preferences{FocusedTeamPreferencePage.java[FocusedTeamPreferencePage~addTemplateField~QComposite;~QString;~QIContentProposalProvider;" StructureKind="java"/><InteractionEvent Delta="null" EndDate="2014-03-23 06:53:58.668 CET" Interest="1.0" Kind="propagation" Navigation="org.eclipse.mylyn.core.model.edges.containment" OriginId="org.eclipse.mylyn.core.model.interest.propagation" StartDate="2014-03-23 06:53:58.668 CET" StructureHandle="/org.eclipse.mylyn.team.ui/src" StructureKind="resource"/><InteractionEvent Delta="null" EndDate="2014-03-23 06:53:58.634 CET" Interest="1.0" Kind="propagation" Navigation="org.eclipse.mylyn.core.model.edges.containment" OriginId="org.eclipse.mylyn.core.model.interest.propagation" StartDate="2014-03-23 06:53:58.634 CET" StructureHandle="/" StructureKind="resource"/><InteractionEvent Delta="null" EndDate="2014-03-23 06:54:24.635 CET" Interest="0.06800032" Kind="propagation" Navigation="org.eclipse.mylyn.core.model.edges.containment" OriginId="org.eclipse.mylyn.core.model.interest.propagation" StartDate="2014-03-23 06:54:24.635 CET" StructureHandle="=org.eclipse.mylyn.team.ui/src" StructureKind="java"/></InteractionHistory>