<?xml version="1.0" encoding="UTF-8"?><InteractionHistory Id="https://bugs.eclipse.org/bugs-365879" Version="1"><InteractionEvent Delta="null" EndDate="2011-12-07 16:57:41.550 CET" Interest="2.0" Kind="selection" Navigation="null" OriginId="org.eclipse.search.ui.views.SearchView" StartDate="2011-12-07 16:57:41.521 CET" StructureHandle="/org.eclipse.mylyn.java.tests/META-INF" StructureKind="resource" NumEvents="2" CreationCount="158"/><InteractionEvent Delta="null" EndDate="2011-12-07 17:19:29.166 CET" Interest="1.0" Kind="propagation" Navigation="org.eclipse.mylyn.core.model.edges.containment" OriginId="org.eclipse.mylyn.core.model.interest.propagation" StartDate="2011-12-07 17:19:29.166 CET" StructureHandle="/org.eclipse.mylyn.tasks.ui/src/org/eclipse/mylyn/tasks/ui/editors" StructureKind="resource"/><InteractionEvent Delta="null" EndDate="2011-12-07 16:51:10.87 CET" Interest="2.0" Kind="selection" Navigation="null" OriginId="org.eclipse.jdt.ui.CompilationUnitEditor" StartDate="2011-12-07 16:51:10.4 CET" StructureHandle="=org.eclipse.mylyn.commons.ui/src&amp;lt;org.eclipse.mylyn.commons.ui{ClipboardCopier.java" StructureKind="java" NumEvents="2" CreationCount="251"/><InteractionEvent Delta="null" EndDate="2011-12-07 17:19:27.358 CET" Interest="1.4390006" Kind="manipulation" Navigation="null" OriginId="org.eclipse.mylyn.core.model.interest.decay.correction" StartDate="2011-12-07 17:19:27.358 CET" StructureHandle="=org.eclipse.mylyn.tasks.ui/src&amp;lt;org.eclipse.mylyn.tasks.ui.editors{TaskTemplateVariableResolver.java" StructureKind="java"/><InteractionEvent Delta="null" EndDate="2011-12-07 17:08:12.94 CET" Interest="9.0" Kind="edit" Navigation="null" OriginId="org.eclipse.pde.ui.manifestEditor" StartDate="2011-12-07 17:07:19.737 CET" StructureHandle="/org.eclipse.mylyn.context.tasks.ui/META-INF/MANIFEST.MF" StructureKind="resource" NumEvents="9" CreationCount="392"/><InteractionEvent Delta="null" EndDate="2011-12-07 14:29:36.308 CET" Interest="7.0" Kind="propagation" Navigation="org.eclipse.mylyn.core.model.edges.containment" OriginId="org.eclipse.mylyn.core.model.interest.propagation" StartDate="2011-12-07 14:29:22.93 CET" StructureHandle="/org.eclipse.mylyn.tasks.ui/src/org/eclipse/mylyn/tasks/ui/editors" StructureKind="resource" NumEvents="7" CreationCount="115"/><InteractionEvent Delta="null" EndDate="2011-12-07 17:02:44.501 CET" Interest="54.0" Kind="propagation" Navigation="null" OriginId="org.eclipse.jdt.ui.CompilationUnitEditor" StartDate="2011-12-07 14:34:21.149 CET" StructureHandle="/org.eclipse.mylyn.context.tasks.ui/src/org/eclipse/mylyn/internal/context/tasks/ui/ContextTasksStartupHandler.java" StructureKind="resource" NumEvents="54" CreationCount="238"/><InteractionEvent Delta="null" EndDate="2011-12-07 17:02:31.531 CET" Interest="4.0" Kind="selection" Navigation="null" OriginId="org.eclipse.jdt.ui.CompilationUnitEditor" StartDate="2011-12-07 14:34:21.275 CET" StructureHandle="=org.eclipse.mylyn.context.tasks.ui/src&amp;lt;org.eclipse.mylyn.internal.context.tasks.ui{ContextTasksStartupHandler.java" StructureKind="java" NumEvents="4" CreationCount="238"/><InteractionEvent Delta="null" EndDate="2011-12-07 17:19:27.358 CET" Interest="1.0" Kind="propagation" Navigation="org.eclipse.mylyn.core.model.edges.containment" OriginId="org.eclipse.mylyn.core.model.interest.propagation" StartDate="2011-12-07 17:19:27.358 CET" StructureHandle="=org.eclipse.mylyn.tasks.ui" StructureKind="resource"/><InteractionEvent Delta="null" EndDate="2011-12-07 16:51:31.758 CET" Interest="8.0" Kind="propagation" Navigation="org.eclipse.mylyn.core.model.edges.containment" OriginId="org.eclipse.mylyn.core.model.interest.propagation" StartDate="2011-12-07 16:51:10.6 CET" StructureHandle="=org.eclipse.mylyn.commons.ui" StructureKind="resource" NumEvents="8" CreationCount="251"/><InteractionEvent Delta="null" EndDate="2011-12-07 16:57:14.905 CET" Interest="37.0" Kind="propagation" Navigation="org.eclipse.mylyn.core.model.edges.containment" OriginId="org.eclipse.mylyn.core.model.interest.propagation" StartDate="2011-12-07 14:31:01.272 CET" StructureHandle="=org.eclipse.mylyn.java.tests" StructureKind="resource" NumEvents="40" CreationCount="153"/><InteractionEvent Delta="null" EndDate="2011-12-07 16:51:31.759 CET" Interest="3.468" Kind="propagation" Navigation="org.eclipse.mylyn.core.model.edges.containment" OriginId="org.eclipse.mylyn.core.model.interest.propagation" StartDate="2011-12-07 16:51:10.6 CET" StructureHandle="=org.eclipse.mylyn.commons.ui/src&amp;lt;org.eclipse.mylyn.commons.ui" StructureKind="java" NumEvents="4" CreationCount="251"/><InteractionEvent Delta="null" EndDate="2011-12-07 17:06:30.6 CET" Interest="44.0" Kind="propagation" Navigation="null" OriginId="org.eclipse.jdt.ui.PackageExplorer" StartDate="2011-12-07 14:33:41.126 CET" StructureHandle="/org.eclipse.mylyn.java.ui/src/org/eclipse/mylyn/internal/java/ui/JavaStackTraceContextComputationStrategy.java" StructureKind="resource" NumEvents="44" CreationCount="219"/><InteractionEvent Delta="null" EndDate="2011-12-07 16:58:15.466 CET" Interest="11.0" Kind="edit" Navigation="null" OriginId="org.eclipse.pde.ui.manifestEditor" StartDate="2011-12-07 14:31:21.749 CET" StructureHandle="/org.eclipse.mylyn.java.tests/META-INF/MANIFEST.MF" StructureKind="resource" NumEvents="11" CreationCount="158"/><InteractionEvent Delta="null" EndDate="2011-12-07 14:33:57.822 CET" Interest="2.1" Kind="propagation" Navigation="org.eclipse.mylyn.core.model.edges.containment" OriginId="org.eclipse.mylyn.core.model.interest.propagation" StartDate="2011-12-07 14:33:51.722 CET" StructureHandle="=org.eclipse.mylyn.context.ui/src&amp;lt;org.eclipse.mylyn.internal.context.ui{CompoundContextComputationStrategy.java" StructureKind="java" NumEvents="3" CreationCount="226"/><InteractionEvent Delta="null" EndDate="2011-12-07 17:19:29.166 CET" Interest="1.0" Kind="propagation" Navigation="null" OriginId="org.eclipse.jdt.ui.CompilationUnitEditor" StartDate="2011-12-07 17:19:29.166 CET" StructureHandle="/org.eclipse.mylyn.tasks.ui/src/org/eclipse/mylyn/tasks/ui/editors/TaskTemplateVariableResolver.java" StructureKind="resource"/><InteractionEvent Delta="null" EndDate="2011-12-07 16:55:21.627 CET" Interest="1.0" Kind="selection" Navigation="null" OriginId="org.eclipse.jdt.ui.PackageExplorer" StartDate="2011-12-07 16:55:21.627 CET" StructureHandle="=org.eclipse.mylyn.java.tasks" StructureKind="java"/><InteractionEvent Delta="null" EndDate="2011-12-07 17:19:27.530 CET" Interest="1.0" Kind="propagation" Navigation="null" OriginId="org.eclipse.jdt.ui.CompilationUnitEditor" StartDate="2011-12-07 17:19:27.530 CET" StructureHandle="/org.eclipse.mylyn.tasks.ui/src" StructureKind="resource"/><InteractionEvent Delta="null" EndDate="2011-12-07 14:32:37.168 CET" Interest="8.5" Kind="propagation" Navigation="org.eclipse.mylyn.core.model.edges.containment" OriginId="org.eclipse.mylyn.core.model.interest.propagation" StartDate="2011-12-07 14:32:25.708 CET" StructureHandle="/org.eclipse.mylyn.ide.tests/META-INF" StructureKind="resource" NumEvents="10" CreationCount="195"/><InteractionEvent Delta="null" EndDate="2011-12-07 16:56:38.281 CET" Interest="7.0" Kind="propagation" Navigation="null" OriginId="org.eclipse.jdt.ui.CompilationUnitEditor" StartDate="2011-12-07 14:34:01.670 CET" StructureHandle="/org.eclipse.mylyn.context.ui/src/org/eclipse/mylyn/internal/context/ui/ContextPopulationStrategy.java" StructureKind="resource" NumEvents="7" CreationCount="233"/><InteractionEvent Delta="null" EndDate="2011-12-07 17:19:27.530 CET" Interest="1.0" Kind="propagation" Navigation="org.eclipse.mylyn.core.model.edges.containment" OriginId="org.eclipse.mylyn.core.model.interest.propagation" StartDate="2011-12-07 17:19:27.530 CET" StructureHandle="=org.eclipse.mylyn.tasks.ui/src&amp;lt;org.eclipse.mylyn.tasks.ui.editors" StructureKind="java"/><InteractionEvent Delta="null" EndDate="2011-12-07 17:02:44.502 CET" Interest="25.268002" Kind="propagation" Navigation="org.eclipse.mylyn.core.model.edges.containment" OriginId="org.eclipse.mylyn.core.model.interest.propagation" StartDate="2011-12-07 14:34:21.151 CET" StructureHandle="=org.eclipse.mylyn.context.tasks.ui/src" StructureKind="java" NumEvents="34" CreationCount="238"/><InteractionEvent Delta="null" EndDate="2011-12-07 17:01:12.261 CET" Interest="6.0" Kind="selection" Navigation="null" OriginId="org.eclipse.jdt.ui.CompilationUnitEditor" StartDate="2011-12-07 14:31:10.878 CET" StructureHandle="=org.eclipse.mylyn.java.tests/src&amp;lt;org.eclipse.mylyn.java.tests.tasks{JavaTaskTemplateVariableResolverTest.java" StructureKind="java" NumEvents="6" CreationCount="154"/><InteractionEvent Delta="null" EndDate="2011-12-07 14:32:10.137 CET" Interest="1.0" Kind="edit" Navigation="null" OriginId="org.eclipse.jdt.ui.CompilationUnitEditor" StartDate="2011-12-07 14:32:10.137 CET" StructureHandle="=org.eclipse.mylyn.ide.tests/src&amp;lt;org.eclipse.mylyn.ide.tests{AllIdeTests.java" StructureKind="java"/><InteractionEvent Delta="null" EndDate="2011-12-07 14:29:54.800 CET" Interest="20.0" Kind="propagation" Navigation="null" OriginId="org.eclipse.pde.ui.manifestEditor" StartDate="2011-12-07 14:28:28.261 CET" StructureHandle="/org.eclipse.mylyn.java.tasks/plugin.xml" StructureKind="resource" NumEvents="20" CreationCount="82"/><InteractionEvent Delta="null" EndDate="2011-12-07 16:51:31.758 CET" Interest="8.0" Kind="propagation" Navigation="org.eclipse.mylyn.core.model.edges.containment" OriginId="org.eclipse.mylyn.core.model.interest.propagation" StartDate="2011-12-07 16:51:10.6 CET" StructureHandle="/org.eclipse.mylyn.commons.ui/src" StructureKind="resource" NumEvents="8" CreationCount="251"/><InteractionEvent Delta="null" EndDate="2011-12-07 14:32:08.827 CET" Interest="28.3" Kind="propagation" Navigation="org.eclipse.mylyn.core.model.edges.containment" OriginId="org.eclipse.mylyn.core.model.interest.propagation" StartDate="2011-12-07 14:20:20.504 CET" StructureHandle="/org.eclipse.mylyn.ide.ui/META-INF" StructureKind="resource" NumEvents="34" CreationCount="11"/><InteractionEvent Delta="null" EndDate="2011-12-07 14:33:38.893 CET" Interest="11.299999" Kind="propagation" Navigation="org.eclipse.mylyn.core.model.edges.containment" OriginId="org.eclipse.mylyn.core.model.interest.propagation" StartDate="2011-12-07 14:32:55.830 CET" StructureHandle="/org.eclipse.mylyn.java.ui/META-INF" StructureKind="resource" NumEvents="14" CreationCount="205"/><InteractionEvent Delta="null" EndDate="2011-12-07 16:56:03.269 CET" Interest="13.0" Kind="propagation" Navigation="null" OriginId="org.eclipse.jdt.ui.CompilationUnitEditor" StartDate="2011-12-07 16:55:46.296 CET" StructureHandle="/org.eclipse.mylyn.java.tests/src/org/eclipse/mylyn/java/tests/AllJavaTests.java" StructureKind="resource" NumEvents="13" CreationCount="314"/><InteractionEvent Delta="null" EndDate="2011-12-07 16:57:05.792 CET" Interest="2.0" Kind="selection" Navigation="null" OriginId="org.eclipse.jdt.ui.PackageExplorer" StartDate="2011-12-07 16:56:47.226 CET" StructureHandle="=org.eclipse.mylyn.java.tests/src&amp;lt;org.eclipse.mylyn.java.tests{JavaStackTraceContextComputationStrategyTest.java" StructureKind="java" NumEvents="2" CreationCount="340"/><InteractionEvent Delta="null" EndDate="2011-12-07 16:56:38.282 CET" Interest="14.0" Kind="propagation" Navigation="org.eclipse.mylyn.core.model.edges.containment" OriginId="org.eclipse.mylyn.core.model.interest.propagation" StartDate="2011-12-07 14:33:51.722 CET" StructureHandle="=org.eclipse.mylyn.context.ui" StructureKind="resource" NumEvents="14" CreationCount="226"/><InteractionEvent Delta="null" EndDate="2011-12-07 14:32:22.283 CET" Interest="13.0" Kind="propagation" Navigation="org.eclipse.mylyn.core.model.edges.containment" OriginId="org.eclipse.mylyn.core.model.interest.propagation" StartDate="2011-12-07 14:30:35.973 CET" StructureHandle="/org.eclipse.mylyn.ide.tests/src" StructureKind="resource" NumEvents="13" CreationCount="151"/><InteractionEvent Delta="null" EndDate="2011-12-07 17:07:25.307 CET" Interest="10.0" Kind="selection" Navigation="null" OriginId="org.eclipse.search.ui.views.SearchView" StartDate="2011-12-07 14:31:20.975 CET" StructureHandle="/org.eclipse.mylyn.java.tests/META-INF/MANIFEST.MF" StructureKind="resource" NumEvents="10" CreationCount="158"/><InteractionEvent Delta="null" EndDate="2011-12-07 17:19:27.358 CET" Interest="1.0" Kind="propagation" Navigation="org.eclipse.mylyn.core.model.edges.containment" OriginId="org.eclipse.mylyn.core.model.interest.propagation" StartDate="2011-12-07 17:19:27.358 CET" StructureHandle="/org.eclipse.mylyn.tasks.ui/src/org/eclipse/mylyn/tasks/ui/editors" StructureKind="resource"/><InteractionEvent Delta="null" EndDate="2011-12-07 17:06:30.7 CET" Interest="46.706" Kind="propagation" Navigation="org.eclipse.mylyn.core.model.edges.containment" OriginId="org.eclipse.mylyn.core.model.interest.propagation" StartDate="2011-12-07 14:32:55.830 CET" StructureHandle="=org.eclipse.mylyn.java.ui" StructureKind="resource" NumEvents="47" CreationCount="1"/><InteractionEvent Delta="null" EndDate="2011-12-07 16:55:47.963 CET" Interest="1.0" Kind="edit" Navigation="null" OriginId="org.eclipse.jdt.ui.CompilationUnitEditor" StartDate="2011-12-07 16:55:47.963 CET" StructureHandle="=org.eclipse.mylyn.java.tests/src&amp;lt;org.eclipse.mylyn.java.tests{AllJavaTests.java" StructureKind="java"/><InteractionEvent Delta="null" EndDate="2011-12-07 17:01:12.262 CET" Interest="8.117001" Kind="propagation" Navigation="org.eclipse.mylyn.core.model.edges.containment" OriginId="org.eclipse.mylyn.core.model.interest.propagation" StartDate="2011-12-07 14:31:01.272 CET" StructureHandle="=org.eclipse.mylyn.java.tests/src&amp;lt;org.eclipse.mylyn.java.tests.tasks" StructureKind="java" NumEvents="10" CreationCount="153"/><InteractionEvent Delta="null" EndDate="2011-12-07 16:56:38.282 CET" Interest="14.0" Kind="propagation" Navigation="org.eclipse.mylyn.core.model.edges.containment" OriginId="org.eclipse.mylyn.core.model.interest.propagation" StartDate="2011-12-07 14:33:51.722 CET" StructureHandle="/org.eclipse.mylyn.context.ui/src" StructureKind="resource" NumEvents="14" CreationCount="226"/><InteractionEvent Delta="null" EndDate="2011-12-07 17:06:30.7 CET" Interest="47.706" Kind="propagation" Navigation="org.eclipse.mylyn.core.model.edges.containment" OriginId="org.eclipse.mylyn.core.model.interest.propagation" StartDate="2011-12-07 14:19:23.871 CET" StructureHandle="" StructureKind="java" NumEvents="48" CreationCount="1"/><InteractionEvent Delta="null" EndDate="2011-12-07 17:01:12.347 CET" Interest="4.0" Kind="propagation" Navigation="null" OriginId="org.eclipse.jdt.ui.CompilationUnitEditor" StartDate="2011-12-07 16:56:19.266 CET" StructureHandle="/org.eclipse.mylyn.java.tests/src/org/eclipse/mylyn/java/tests/tasks/JavaTaskTemplateVariableResolverTest.java" StructureKind="resource" NumEvents="4" CreationCount="332"/><InteractionEvent Delta="null" EndDate="2011-12-07 16:51:31.758 CET" Interest="1.4679999" Kind="propagation" Navigation="org.eclipse.mylyn.core.model.edges.containment" OriginId="org.eclipse.mylyn.core.model.interest.propagation" StartDate="2011-12-07 16:51:27.116 CET" StructureHandle="=org.eclipse.mylyn.commons.ui/src&amp;lt;org.eclipse.mylyn.commons.ui{ClipboardCopier.java" StructureKind="java" NumEvents="2" CreationCount="251"/><InteractionEvent Delta="null" EndDate="2011-12-07 14:29:54.801 CET" Interest="22.0" Kind="edit" Navigation="null" OriginId="org.eclipse.pde.ui.manifestEditor" StartDate="2011-12-07 14:28:27.201 CET" StructureHandle="/org.eclipse.mylyn.java.tasks/plugin.xml" StructureKind="plugin.xml" NumEvents="22" CreationCount="82"/><InteractionEvent Delta="null" EndDate="2011-12-07 17:19:27.530 CET" Interest="1.0" Kind="propagation" Navigation="org.eclipse.mylyn.core.model.edges.containment" OriginId="org.eclipse.mylyn.core.model.interest.propagation" StartDate="2011-12-07 17:19:27.530 CET" StructureHandle="=org.eclipse.mylyn.tasks.ui" StructureKind="resource"/><InteractionEvent Delta="null" EndDate="2011-12-07 16:57:14.904 CET" Interest="7.0" Kind="propagation" Navigation="null" OriginId="org.eclipse.search.ui.views.SearchView" StartDate="2011-12-07 16:56:46.321 CET" StructureHandle="/org.eclipse.mylyn.java.tests/src/org/eclipse/mylyn/java/tests/JavaStackTraceContextComputationStrategyTest.java" StructureKind="resource" NumEvents="7" CreationCount="340"/><InteractionEvent Delta="null" EndDate="2011-12-07 14:32:00.916 CET" Interest="19.0" Kind="edit" Navigation="null" OriginId="org.eclipse.pde.ui.manifestEditor" StartDate="2011-12-07 14:20:20.560 CET" StructureHandle="/org.eclipse.mylyn.ide.ui/META-INF/MANIFEST.MF" StructureKind="resource" NumEvents="19" CreationCount="11"/><InteractionEvent Delta="null" EndDate="2011-12-07 14:29:36.309 CET" Interest="3.2189999" Kind="propagation" Navigation="org.eclipse.mylyn.core.model.edges.containment" OriginId="org.eclipse.mylyn.core.model.interest.propagation" StartDate="2011-12-07 14:29:22.93 CET" StructureHandle="=org.eclipse.mylyn.tasks.ui/src&amp;lt;org.eclipse.mylyn.tasks.ui.editors" StructureKind="java" NumEvents="5" CreationCount="115"/><InteractionEvent Delta="null" EndDate="2011-12-07 16:51:31.758 CET" Interest="8.0" Kind="propagation" Navigation="null" OriginId="org.eclipse.jdt.ui.CompilationUnitEditor" StartDate="2011-12-07 16:51:10.5 CET" StructureHandle="/org.eclipse.mylyn.commons.ui/src/org/eclipse/mylyn/commons/ui/ClipboardCopier.java" StructureKind="resource" NumEvents="8" CreationCount="251"/><InteractionEvent Delta="null" EndDate="2011-12-07 16:56:38.203 CET" Interest="4.119" Kind="propagation" Navigation="org.eclipse.mylyn.core.model.edges.containment" OriginId="org.eclipse.mylyn.core.model.interest.propagation" StartDate="2011-12-07 14:33:51.722 CET" StructureHandle="=org.eclipse.mylyn.context.ui/src&amp;lt;org.eclipse.mylyn.internal.context.ui" StructureKind="java" NumEvents="7" CreationCount="226"/><InteractionEvent Delta="null" EndDate="2011-12-07 17:06:30.6 CET" Interest="44.0" Kind="propagation" Navigation="org.eclipse.mylyn.core.model.edges.containment" OriginId="org.eclipse.mylyn.core.model.interest.propagation" StartDate="2011-12-07 14:33:41.127 CET" StructureHandle="/org.eclipse.mylyn.java.ui/src" StructureKind="resource" NumEvents="44" CreationCount="219"/><InteractionEvent Delta="null" EndDate="2011-12-07 17:07:16.121 CET" Interest="1.0" Kind="selection" Navigation="null" OriginId="org.eclipse.jdt.ui.PackageExplorer" StartDate="2011-12-07 17:07:16.121 CET" StructureHandle="=org.eclipse.mylyn.context.tasks.ui" StructureKind="java"/><InteractionEvent Delta="null" EndDate="2011-12-07 14:29:09.804 CET" Interest="55.0" Kind="propagation" Navigation="org.eclipse.mylyn.core.model.edges.containment" OriginId="org.eclipse.mylyn.core.model.interest.propagation" StartDate="2011-12-07 14:25:24.139 CET" StructureHandle="/org.eclipse.mylyn.tasks.ui/src/org/eclipse/mylyn/internal/tasks/ui/editors" StructureKind="resource" NumEvents="55" CreationCount="17"/><InteractionEvent Delta="null" EndDate="2011-12-07 17:06:47.423 CET" Interest="3.717" Kind="propagation" Navigation="org.eclipse.mylyn.core.model.edges.containment" OriginId="org.eclipse.mylyn.core.model.interest.propagation" StartDate="2011-12-07 17:06:47.116 CET" StructureHandle="=org.eclipse.mylyn.context.sdk.java" StructureKind="java" NumEvents="5" CreationCount="385"/><InteractionEvent Delta="null" EndDate="2011-12-07 14:32:09.194 CET" Interest="3.0" Kind="selection" Navigation="null" OriginId="org.eclipse.jdt.ui.PackageExplorer" StartDate="2011-12-07 14:32:09.77 CET" StructureHandle="=org.eclipse.mylyn.ide.tests/src&amp;lt;org.eclipse.mylyn.ide.tests{AllIdeTests.java" StructureKind="java" NumEvents="3" CreationCount="154"/><InteractionEvent Delta="null" EndDate="2011-12-07 17:01:12.348 CET" Interest="18.0" Kind="propagation" Navigation="null" OriginId="org.eclipse.jdt.ui.CompilationUnitEditor" StartDate="2011-12-07 14:31:01.272 CET" StructureHandle="/org.eclipse.mylyn.java.tests/src/org/eclipse/mylyn/java/tests/tasks" StructureKind="resource" NumEvents="18" CreationCount="153"/><InteractionEvent Delta="null" EndDate="2011-12-07 14:33:27.175 CET" Interest="9.0" Kind="edit" Navigation="null" OriginId="org.eclipse.pde.ui.manifestEditor" StartDate="2011-12-07 14:32:55.926 CET" StructureHandle="/org.eclipse.mylyn.java.ui/META-INF/MANIFEST.MF" StructureKind="resource" NumEvents="9" CreationCount="205"/><InteractionEvent Delta="null" EndDate="2011-12-07 14:30:03.161 CET" Interest="43.399998" Kind="propagation" Navigation="org.eclipse.mylyn.core.model.edges.containment" OriginId="org.eclipse.mylyn.core.model.interest.propagation" StartDate="2011-12-07 14:28:24.899 CET" StructureHandle="=org.eclipse.mylyn.java.tasks" StructureKind="resource" NumEvents="50" CreationCount="82"/><InteractionEvent Delta="null" EndDate="2011-12-07 14:33:57.821 CET" Interest="7.0" Kind="propagation" Navigation="null" OriginId="org.eclipse.jdt.ui.CompilationUnitEditor" StartDate="2011-12-07 14:33:51.721 CET" StructureHandle="/org.eclipse.mylyn.context.ui/src/org/eclipse/mylyn/internal/context/ui/CompoundContextComputationStrategy.java" StructureKind="resource" NumEvents="7" CreationCount="226"/><InteractionEvent Delta="null" EndDate="2011-12-07 14:31:02.909 CET" Interest="1.0" Kind="prediction" Navigation="null" OriginId="org.eclipse.mylyn.resources.ui.interest.updater" StartDate="2011-12-07 14:31:02.909 CET" StructureHandle="=org.eclipse.mylyn.ide.tests/src&amp;lt;org.eclipse.mylyn.ide.tests{AllIdeTests.java" StructureKind="java"/><InteractionEvent Delta="null" EndDate="2011-12-07 17:19:29.168 CET" Interest="1.0" Kind="propagation" Navigation="org.eclipse.mylyn.core.model.edges.containment" OriginId="org.eclipse.mylyn.core.model.interest.propagation" StartDate="2011-12-07 17:19:29.168 CET" StructureHandle="=org.eclipse.mylyn.tasks.ui" StructureKind="resource"/><InteractionEvent Delta="null" EndDate="2011-12-07 14:32:22.283 CET" Interest="4.763" Kind="propagation" Navigation="org.eclipse.mylyn.core.model.edges.containment" OriginId="org.eclipse.mylyn.core.model.interest.propagation" StartDate="2011-12-07 14:30:35.974 CET" StructureHandle="=org.eclipse.mylyn.ide.tests/src" StructureKind="java" NumEvents="8" CreationCount="151"/><InteractionEvent Delta="null" EndDate="2011-12-07 17:06:30.7 CET" Interest="14.668" Kind="propagation" Navigation="org.eclipse.mylyn.core.model.edges.containment" OriginId="org.eclipse.mylyn.core.model.interest.propagation" StartDate="2011-12-07 14:33:41.127 CET" StructureHandle="=org.eclipse.mylyn.java.ui/src&amp;lt;org.eclipse.mylyn.internal.java.ui" StructureKind="java" NumEvents="21" CreationCount="219"/><InteractionEvent Delta="null" EndDate="2011-12-07 14:29:36.309 CET" Interest="62.0" Kind="propagation" Navigation="null" OriginId="org.eclipse.jdt.ui.CompilationUnitEditor" StartDate="2011-12-07 14:25:24.139 CET" StructureHandle="/org.eclipse.mylyn.tasks.ui/src" StructureKind="resource" NumEvents="62" CreationCount="17"/><InteractionEvent Delta="null" EndDate="2011-12-07 14:32:22.283 CET" Interest="4.763" Kind="propagation" Navigation="org.eclipse.mylyn.core.model.edges.containment" OriginId="org.eclipse.mylyn.core.model.interest.propagation" StartDate="2011-12-07 14:30:35.974 CET" StructureHandle="=org.eclipse.mylyn.ide.tests/src&amp;lt;org.eclipse.mylyn.ide.tests" StructureKind="java" NumEvents="8" CreationCount="151"/><InteractionEvent Delta="null" EndDate="2011-12-07 17:19:27.358 CET" Interest="2.4390006" Kind="propagation" Navigation="org.eclipse.mylyn.core.model.edges.containment" OriginId="org.eclipse.mylyn.core.model.interest.propagation" StartDate="2011-12-07 17:19:27.358 CET" StructureHandle="=org.eclipse.mylyn.tasks.ui/src&amp;lt;org.eclipse.mylyn.tasks.ui.editors" StructureKind="java"/><InteractionEvent Delta="null" EndDate="2011-12-07 16:56:44.593 CET" Interest="1.0" Kind="selection" Navigation="null" OriginId="org.eclipse.search.ui.views.SearchView" StartDate="2011-12-07 16:56:44.593 CET" StructureHandle="=org.eclipse.mylyn.java.tests/src&amp;lt;org.eclipse.mylyn.java.tests" StructureKind="java"/><InteractionEvent Delta="null" EndDate="2011-12-07 17:01:12.348 CET" Interest="39.0" Kind="propagation" Navigation="null" OriginId="org.eclipse.jdt.ui.CompilationUnitEditor" StartDate="2011-12-07 14:31:01.272 CET" StructureHandle="/org.eclipse.mylyn.java.tests/src" StructureKind="resource" NumEvents="39" CreationCount="153"/><InteractionEvent Delta="null" EndDate="2011-12-07 14:32:37.167 CET" Interest="5.0" Kind="selection" Navigation="null" OriginId="org.eclipse.jdt.ui.PackageExplorer" StartDate="2011-12-07 14:32:25.706 CET" StructureHandle="/org.eclipse.mylyn.ide.tests/META-INF/MANIFEST.MF" StructureKind="resource" NumEvents="5" CreationCount="195"/><InteractionEvent Delta="null" EndDate="2011-12-07 17:19:29.764 CET" Interest="1.0" Kind="propagation" Navigation="org.eclipse.mylyn.core.model.edges.containment" OriginId="org.eclipse.mylyn.core.model.interest.propagation" StartDate="2011-12-07 17:19:29.764 CET" StructureHandle="/org.eclipse.mylyn.tasks.ui/src/org/eclipse/mylyn/tasks/ui/editors" StructureKind="resource"/><InteractionEvent Delta="null" EndDate="2011-12-07 14:29:09.804 CET" Interest="32.517" Kind="propagation" Navigation="org.eclipse.mylyn.core.model.edges.containment" OriginId="org.eclipse.mylyn.core.model.interest.propagation" StartDate="2011-12-07 14:25:24.139 CET" StructureHandle="=org.eclipse.mylyn.tasks.ui/src" StructureKind="java" NumEvents="48" CreationCount="17"/><InteractionEvent Delta="null" EndDate="2011-12-07 17:19:29.764 CET" Interest="1.0" Kind="propagation" Navigation="null" OriginId="org.eclipse.jdt.ui.CompilationUnitEditor" StartDate="2011-12-07 17:19:29.764 CET" StructureHandle="/org.eclipse.mylyn.tasks.ui/src/org/eclipse/mylyn/tasks/ui/editors/TaskTemplateVariableResolver.java" StructureKind="resource"/><InteractionEvent Delta="null" EndDate="2011-12-07 16:56:48.38 CET" Interest="1.417" Kind="propagation" Navigation="org.eclipse.mylyn.core.model.edges.containment" OriginId="org.eclipse.mylyn.core.model.interest.propagation" StartDate="2011-12-07 16:56:46.321 CET" StructureHandle="=org.eclipse.mylyn.java.tests/src&amp;lt;org.eclipse.mylyn.java.tests{JavaStackTraceContextComputationStrategyTest.java" StructureKind="java" NumEvents="3" CreationCount="340"/><InteractionEvent Delta="null" EndDate="2011-12-07 14:33:38.891 CET" Interest="5.0" Kind="selection" Navigation="null" OriginId="org.eclipse.jdt.ui.PackageExplorer" StartDate="2011-12-07 14:32:55.827 CET" StructureHandle="/org.eclipse.mylyn.java.ui/META-INF/MANIFEST.MF" StructureKind="resource" NumEvents="5" CreationCount="205"/><InteractionEvent Delta="null" EndDate="2011-12-07 17:19:29.764 CET" Interest="1.0" Kind="propagation" Navigation="null" OriginId="org.eclipse.jdt.ui.CompilationUnitEditor" StartDate="2011-12-07 17:19:29.764 CET" StructureHandle="/org.eclipse.mylyn.tasks.ui/src" StructureKind="resource"/><InteractionEvent Delta="null" EndDate="2011-12-07 16:57:14.904 CET" Interest="30.0" Kind="propagation" Navigation="null" OriginId="org.eclipse.search.ui.views.SearchView" StartDate="2011-12-07 14:31:01.272 CET" StructureHandle="/org.eclipse.mylyn.java.tests/src/org/eclipse/mylyn/java/tests" StructureKind="resource" NumEvents="30" CreationCount="153"/><InteractionEvent Delta="null" EndDate="2011-12-07 16:56:03.269 CET" Interest="2.968" Kind="propagation" Navigation="org.eclipse.mylyn.core.model.edges.containment" OriginId="org.eclipse.mylyn.core.model.interest.propagation" StartDate="2011-12-07 16:55:55.338 CET" StructureHandle="=org.eclipse.mylyn.java.tests/src&amp;lt;org.eclipse.mylyn.java.tests{AllJavaTests.java" StructureKind="java" NumEvents="5" CreationCount="314"/><InteractionEvent Delta="null" EndDate="2011-12-07 14:34:01.671 CET" Interest="1.0" Kind="propagation" Navigation="org.eclipse.mylyn.core.model.edges.containment" OriginId="org.eclipse.mylyn.core.model.interest.propagation" StartDate="2011-12-07 14:34:01.671 CET" StructureHandle="=org.eclipse.mylyn.context.ui/src&amp;lt;org.eclipse.mylyn.internal.context.ui{ContextPopulationStrategy.java" StructureKind="java"/><InteractionEvent Delta="null" EndDate="2011-12-07 17:06:47.423 CET" Interest="4.7" Kind="propagation" Navigation="org.eclipse.mylyn.core.model.edges.containment" OriginId="org.eclipse.mylyn.core.model.interest.propagation" StartDate="2011-12-07 17:06:47.116 CET" StructureHandle="/org.eclipse.mylyn.context.sdk.java/META-INF" StructureKind="resource" NumEvents="5" CreationCount="386"/><InteractionEvent Delta="null" EndDate="2011-12-07 17:06:47.204 CET" Interest="1.0" Kind="edit" Navigation="null" OriginId="org.eclipse.pde.ui.manifestEditor" StartDate="2011-12-07 17:06:47.204 CET" StructureHandle="/org.eclipse.mylyn.context.sdk.java/META-INF/MANIFEST.MF" StructureKind="resource"/><InteractionEvent Delta="null" EndDate="2011-12-07 16:51:31.758 CET" Interest="8.0" Kind="propagation" Navigation="org.eclipse.mylyn.core.model.edges.containment" OriginId="org.eclipse.mylyn.core.model.interest.propagation" StartDate="2011-12-07 16:51:10.5 CET" StructureHandle="/org.eclipse.mylyn.commons.ui/src/org/eclipse/mylyn/commons/ui" StructureKind="resource" NumEvents="8" CreationCount="251"/><InteractionEvent Delta="null" EndDate="2011-12-07 17:02:44.502 CET" Interest="25.268002" Kind="propagation" Navigation="org.eclipse.mylyn.core.model.edges.containment" OriginId="org.eclipse.mylyn.core.model.interest.propagation" StartDate="2011-12-07 14:34:21.151 CET" StructureHandle="=org.eclipse.mylyn.context.tasks.ui/src&amp;lt;org.eclipse.mylyn.internal.context.tasks.ui" StructureKind="java" NumEvents="34" CreationCount="238"/><InteractionEvent Delta="null" EndDate="2011-12-07 17:19:27.358 CET" Interest="1.0" Kind="propagation" Navigation="null" OriginId="org.eclipse.jdt.ui.CompilationUnitEditor" StartDate="2011-12-07 17:19:27.358 CET" StructureHandle="/org.eclipse.mylyn.tasks.ui/src" StructureKind="resource"/><InteractionEvent Delta="null" EndDate="2011-12-07 14:30:03.160 CET" Interest="8.0" Kind="selection" Navigation="null" OriginId="org.eclipse.jdt.ui.PackageExplorer" StartDate="2011-12-07 14:28:24.899 CET" StructureHandle="/org.eclipse.mylyn.java.tasks/plugin.xml" StructureKind="plugin.xml" NumEvents="8" CreationCount="82"/><InteractionEvent Delta="null" EndDate="2011-12-07 17:19:27.358 CET" Interest="1.0" Kind="selection" Navigation="null" OriginId="org.eclipse.jdt.ui.CompilationUnitEditor" StartDate="2011-12-07 17:19:27.358 CET" StructureHandle="=org.eclipse.mylyn.tasks.ui/src&amp;lt;org.eclipse.mylyn.tasks.ui.editors{TaskTemplateVariableResolver.java" StructureKind="java"/><InteractionEvent Delta="null" EndDate="2011-12-07 17:08:12.96 CET" Interest="11.299999" Kind="propagation" Navigation="org.eclipse.mylyn.core.model.edges.containment" OriginId="org.eclipse.mylyn.core.model.interest.propagation" StartDate="2011-12-07 17:07:19.649 CET" StructureHandle="/org.eclipse.mylyn.context.tasks.ui/META-INF" StructureKind="resource" NumEvents="14" CreationCount="392"/><InteractionEvent Delta="null" EndDate="2011-12-07 17:02:44.501 CET" Interest="54.0" Kind="propagation" Navigation="org.eclipse.mylyn.core.model.edges.containment" OriginId="org.eclipse.mylyn.core.model.interest.propagation" StartDate="2011-12-07 14:34:21.150 CET" StructureHandle="=org.eclipse.mylyn.context.tasks.ui" StructureKind="resource" NumEvents="54" CreationCount="238"/><InteractionEvent Delta="null" EndDate="2011-12-07 14:31:01.439 CET" Interest="1.0" Kind="selection" Navigation="null" OriginId="org.eclipse.jdt.ui.PackageExplorer" StartDate="2011-12-07 14:31:01.439 CET" StructureHandle="=org.eclipse.mylyn.java.tests/src&amp;lt;org.eclipse.mylyn.java.tests.tasks" StructureKind="java"/><InteractionEvent Delta="null" EndDate="2011-12-07 17:19:36.493 CET" Interest="1.0" Kind="propagation" Navigation="org.eclipse.mylyn.core.model.edges.containment" OriginId="org.eclipse.mylyn.core.model.interest.propagation" StartDate="2011-12-07 17:19:36.493 CET" StructureHandle="=org.eclipse.mylyn.tasks.ui" StructureKind="resource"/><InteractionEvent Delta="null" EndDate="2011-12-07 14:29:36.308 CET" Interest="7.0" Kind="propagation" Navigation="null" OriginId="org.eclipse.jdt.ui.CompilationUnitEditor" StartDate="2011-12-07 14:29:22.93 CET" StructureHandle="/org.eclipse.mylyn.tasks.ui/src/org/eclipse/mylyn/tasks/ui/editors/TaskTemplateVariableResolver.java" StructureKind="resource" NumEvents="7" CreationCount="115"/><InteractionEvent Delta="null" EndDate="2011-12-07 16:55:46.446 CET" Interest="3.0" Kind="selection" Navigation="null" OriginId="org.eclipse.jdt.ui.PackageExplorer" StartDate="2011-12-07 16:55:46.296 CET" StructureHandle="=org.eclipse.mylyn.java.tests/src&amp;lt;org.eclipse.mylyn.java.tests{AllJavaTests.java" StructureKind="java" NumEvents="3" CreationCount="314"/><InteractionEvent Delta="null" EndDate="2011-12-07 16:56:38.203 CET" Interest="3.0" Kind="selection" Navigation="null" OriginId="org.eclipse.jdt.ui.CompilationUnitEditor" StartDate="2011-12-07 14:34:04.75 CET" StructureHandle="=org.eclipse.mylyn.context.ui/src&amp;lt;org.eclipse.mylyn.internal.context.ui{ContextPopulationStrategy.java" StructureKind="java" NumEvents="3" CreationCount="233"/><InteractionEvent Delta="null" EndDate="2011-12-07 14:29:36.309 CET" Interest="1.2189999" Kind="propagation" Navigation="org.eclipse.mylyn.core.model.edges.containment" OriginId="org.eclipse.mylyn.core.model.interest.propagation" StartDate="2011-12-07 14:29:22.93 CET" StructureHandle="=org.eclipse.mylyn.tasks.ui/src&amp;lt;org.eclipse.mylyn.tasks.ui.editors{TaskTemplateVariableResolver.java" StructureKind="java" NumEvents="2" CreationCount="115"/><InteractionEvent Delta="null" EndDate="2011-12-07 14:33:43.560 CET" Interest="2.0" Kind="edit" Navigation="null" OriginId="org.eclipse.jdt.ui.CompilationUnitEditor" StartDate="2011-12-07 14:33:41.210 CET" StructureHandle="=org.eclipse.mylyn.java.ui/src&amp;lt;org.eclipse.mylyn.internal.java.ui{JavaStackTraceContextComputationStrategy.java" StructureKind="java" NumEvents="2" CreationCount="219"/><InteractionEvent Delta="null" EndDate="2011-12-07 16:57:22.926 CET" Interest="2.0" Kind="selection" Navigation="null" OriginId="org.eclipse.search.ui.views.SearchView" StartDate="2011-12-07 16:57:22.885 CET" StructureHandle="=org.eclipse.mylyn.ide.ui" StructureKind="java" NumEvents="2" CreationCount="2"/><InteractionEvent Delta="null" EndDate="2011-12-07 14:33:52.980 CET" Interest="2.0" Kind="selection" Navigation="null" OriginId="org.eclipse.jdt.ui.CompilationUnitEditor" StartDate="2011-12-07 14:33:52.873 CET" StructureHandle="=org.eclipse.mylyn.context.ui/src&amp;lt;org.eclipse.mylyn.internal.context.ui{CompoundContextComputationStrategy.java" StructureKind="java" NumEvents="2" CreationCount="226"/><InteractionEvent Delta="null" EndDate="2011-12-07 17:02:44.501 CET" Interest="54.0" Kind="propagation" Navigation="org.eclipse.mylyn.core.model.edges.containment" OriginId="org.eclipse.mylyn.core.model.interest.propagation" StartDate="2011-12-07 14:34:21.150 CET" StructureHandle="/org.eclipse.mylyn.context.tasks.ui/src" StructureKind="resource" NumEvents="54" CreationCount="238"/><InteractionEvent Delta="null" EndDate="2011-12-07 17:19:27.358 CET" Interest="1.0" Kind="propagation" Navigation="null" OriginId="org.eclipse.jdt.ui.CompilationUnitEditor" StartDate="2011-12-07 17:19:27.358 CET" StructureHandle="/org.eclipse.mylyn.tasks.ui/src/org/eclipse/mylyn/tasks/ui/editors/TaskTemplateVariableResolver.java" StructureKind="resource"/><InteractionEvent Delta="null" EndDate="2011-12-07 14:29:32.544 CET" Interest="2.0" Kind="selection" Navigation="null" OriginId="org.eclipse.jdt.ui.PackageExplorer" StartDate="2011-12-07 14:29:32.502 CET" StructureHandle="=org.eclipse.mylyn.tasks.ui/src&amp;lt;org.eclipse.mylyn.tasks.ui.editors{TaskTemplateVariableResolver.java" StructureKind="java" NumEvents="2" CreationCount="115"/><InteractionEvent Delta="null" EndDate="2011-12-07 17:02:44.501 CET" Interest="21.268002" Kind="propagation" Navigation="org.eclipse.mylyn.core.model.edges.containment" OriginId="org.eclipse.mylyn.core.model.interest.propagation" StartDate="2011-12-07 14:34:21.150 CET" StructureHandle="=org.eclipse.mylyn.context.tasks.ui/src&amp;lt;org.eclipse.mylyn.internal.context.tasks.ui{ContextTasksStartupHandler.java" StructureKind="java" NumEvents="29" CreationCount="238"/><InteractionEvent Delta="null" EndDate="2011-12-07 17:06:47.421 CET" Interest="4.0" Kind="selection" Navigation="null" OriginId="org.eclipse.jdt.ui.PackageExplorer" StartDate="2011-12-07 17:06:47.114 CET" StructureHandle="/org.eclipse.mylyn.context.sdk.java/META-INF/MANIFEST.MF" StructureKind="resource" NumEvents="4" CreationCount="386"/><InteractionEvent Delta="null" EndDate="2011-12-07 14:32:35.690 CET" Interest="5.0" Kind="edit" Navigation="null" OriginId="org.eclipse.pde.ui.manifestEditor" StartDate="2011-12-07 14:32:26.40 CET" StructureHandle="/org.eclipse.mylyn.ide.tests/META-INF/MANIFEST.MF" StructureKind="resource" NumEvents="5" CreationCount="195"/><InteractionEvent Delta="null" EndDate="2011-12-07 17:06:30.7 CET" Interest="14.668" Kind="propagation" Navigation="org.eclipse.mylyn.core.model.edges.containment" OriginId="org.eclipse.mylyn.core.model.interest.propagation" StartDate="2011-12-07 14:33:41.127 CET" StructureHandle="=org.eclipse.mylyn.java.ui/src" StructureKind="java" NumEvents="20" CreationCount="219"/><InteractionEvent Delta="null" EndDate="2011-12-07 17:06:30.6 CET" Interest="11.0" Kind="selection" Navigation="null" OriginId="org.eclipse.jdt.ui.PackageExplorer" StartDate="2011-12-07 14:33:41.126 CET" StructureHandle="=org.eclipse.mylyn.java.ui/src&amp;lt;org.eclipse.mylyn.internal.java.ui{JavaStackTraceContextComputationStrategy.java" StructureKind="java" NumEvents="11" CreationCount="219"/><InteractionEvent Delta="null" EndDate="2011-12-07 17:19:27.529 CET" Interest="1.0" Kind="selection" Navigation="null" OriginId="org.eclipse.jdt.ui.CompilationUnitEditor" StartDate="2011-12-07 17:19:27.529 CET" StructureHandle="=org.eclipse.mylyn.tasks.ui/src&amp;lt;org.eclipse.mylyn.tasks.ui.editors{TaskTemplateVariableResolver.java" StructureKind="java"/><InteractionEvent Delta="null" EndDate="2011-12-07 14:29:09.804 CET" Interest="32.517" Kind="propagation" Navigation="org.eclipse.mylyn.core.model.edges.containment" OriginId="org.eclipse.mylyn.core.model.interest.propagation" StartDate="2011-12-07 14:25:24.139 CET" StructureHandle="=org.eclipse.mylyn.tasks.ui/src&amp;lt;org.eclipse.mylyn.internal.tasks.ui.editors" StructureKind="java" NumEvents="48" CreationCount="17"/><InteractionEvent Delta="null" EndDate="2011-12-07 14:32:22.283 CET" Interest="10.0" Kind="propagation" Navigation="null" OriginId="org.eclipse.jdt.ui.CompilationUnitEditor" StartDate="2011-12-07 14:31:02.909 CET" StructureHandle="/org.eclipse.mylyn.ide.tests/src/org/eclipse/mylyn/ide/tests/AllIdeTests.java" StructureKind="resource" NumEvents="10" CreationCount="154"/><InteractionEvent Delta="null" EndDate="2011-12-07 16:56:03.269 CET" Interest="6.6679997" Kind="propagation" Navigation="org.eclipse.mylyn.core.model.edges.containment" OriginId="org.eclipse.mylyn.core.model.interest.propagation" StartDate="2011-12-07 16:55:46.296 CET" StructureHandle="=org.eclipse.mylyn.java.tests/src&amp;lt;org.eclipse.mylyn.java.tests" StructureKind="java" NumEvents="9" CreationCount="314"/><InteractionEvent Delta="null" EndDate="2011-12-07 16:51:31.759 CET" Interest="3.468" Kind="propagation" Navigation="org.eclipse.mylyn.core.model.edges.containment" OriginId="org.eclipse.mylyn.core.model.interest.propagation" StartDate="2011-12-07 16:51:10.7 CET" StructureHandle="=org.eclipse.mylyn.commons.ui/src" StructureKind="java" NumEvents="4" CreationCount="251"/><InteractionEvent Delta="null" EndDate="2011-12-07 16:56:47.226 CET" Interest="10.405001" Kind="propagation" Navigation="org.eclipse.mylyn.core.model.edges.containment" OriginId="org.eclipse.mylyn.core.model.interest.propagation" StartDate="2011-12-07 14:31:01.273 CET" StructureHandle="=org.eclipse.mylyn.java.tests/src" StructureKind="java" NumEvents="16" CreationCount="153"/><InteractionEvent Delta="null" EndDate="2011-12-07 14:32:08.825 CET" Interest="15.0" Kind="selection" Navigation="null" OriginId="org.eclipse.jdt.ui.PackageExplorer" StartDate="2011-12-07 14:20:20.502 CET" StructureHandle="/org.eclipse.mylyn.ide.ui/META-INF/MANIFEST.MF" StructureKind="resource" NumEvents="15" CreationCount="11"/><InteractionEvent Delta="null" EndDate="2011-12-07 17:19:36.492 CET" Interest="1.0" Kind="propagation" Navigation="null" OriginId="org.eclipse.jdt.ui.CompilationUnitEditor" StartDate="2011-12-07 17:19:36.492 CET" StructureHandle="/org.eclipse.mylyn.tasks.ui/src/org/eclipse/mylyn/tasks/ui/editors/TaskTemplateVariableResolver.java" StructureKind="resource"/><InteractionEvent Delta="null" EndDate="2011-12-07 16:57:40.709 CET" Interest="2.0" Kind="selection" Navigation="null" OriginId="org.eclipse.search.ui.views.SearchView" StartDate="2011-12-07 16:57:40.679 CET" StructureHandle="=org.eclipse.mylyn.java.tests" StructureKind="java" NumEvents="2" CreationCount="153"/><InteractionEvent Delta="null" EndDate="2011-12-07 14:32:22.283 CET" Interest="13.0" Kind="propagation" Navigation="null" OriginId="org.eclipse.jdt.ui.CompilationUnitEditor" StartDate="2011-12-07 14:30:35.973 CET" StructureHandle="/org.eclipse.mylyn.ide.tests/src/org/eclipse/mylyn/ide/tests" StructureKind="resource" NumEvents="13" CreationCount="151"/><InteractionEvent Delta="null" EndDate="2011-12-07 16:56:38.282 CET" Interest="14.0" Kind="propagation" Navigation="null" OriginId="org.eclipse.jdt.ui.CompilationUnitEditor" StartDate="2011-12-07 14:33:51.722 CET" StructureHandle="/org.eclipse.mylyn.context.ui/src/org/eclipse/mylyn/internal/context/ui" StructureKind="resource" NumEvents="14" CreationCount="226"/><InteractionEvent Delta="null" EndDate="2011-12-07 17:06:30.6 CET" Interest="44.0" Kind="propagation" Navigation="org.eclipse.mylyn.core.model.edges.containment" OriginId="org.eclipse.mylyn.core.model.interest.propagation" StartDate="2011-12-07 14:33:41.126 CET" StructureHandle="/org.eclipse.mylyn.java.ui/src/org/eclipse/mylyn/internal/java/ui" StructureKind="resource" NumEvents="44" CreationCount="219"/><InteractionEvent Delta="null" EndDate="2011-12-07 14:32:22.283 CET" Interest="0.012000084" Kind="propagation" Navigation="org.eclipse.mylyn.core.model.edges.containment" OriginId="org.eclipse.mylyn.core.model.interest.propagation" StartDate="2011-12-07 14:32:22.283 CET" StructureHandle="=org.eclipse.mylyn.ide.tests/src&amp;lt;org.eclipse.mylyn.ide.tests{AllIdeTests.java" StructureKind="java"/><InteractionEvent Delta="null" EndDate="2011-12-07 14:19:23.871 CET" Interest="1.0" Kind="selection" Navigation="null" OriginId="org.eclipse.jdt.ui.PackageExplorer" StartDate="2011-12-07 14:19:23.871 CET" StructureHandle="=org.eclipse.mylyn.java.ui" StructureKind="java"/><InteractionEvent Delta="null" EndDate="2011-12-07 17:19:36.493 CET" Interest="1.0" Kind="propagation" Navigation="null" OriginId="org.eclipse.jdt.ui.CompilationUnitEditor" StartDate="2011-12-07 17:19:36.493 CET" StructureHandle="/org.eclipse.mylyn.tasks.ui/src" StructureKind="resource"/><InteractionEvent Delta="null" EndDate="2011-12-07 14:32:08.827 CET" Interest="28.453" Kind="propagation" Navigation="org.eclipse.mylyn.core.model.edges.containment" OriginId="org.eclipse.mylyn.core.model.interest.propagation" StartDate="2011-12-07 14:19:30.719 CET" StructureHandle="=org.eclipse.mylyn.ide.ui" StructureKind="java" NumEvents="33" CreationCount="2"/><InteractionEvent Delta="null" EndDate="2011-12-07 17:02:44.501 CET" Interest="54.0" Kind="propagation" Navigation="org.eclipse.mylyn.core.model.edges.containment" OriginId="org.eclipse.mylyn.core.model.interest.propagation" StartDate="2011-12-07 14:34:21.150 CET" StructureHandle="/org.eclipse.mylyn.context.tasks.ui/src/org/eclipse/mylyn/internal/context/tasks/ui" StructureKind="resource" NumEvents="54" CreationCount="238"/><InteractionEvent Delta="null" EndDate="2011-12-07 17:19:36.493 CET" Interest="1.0" Kind="propagation" Navigation="org.eclipse.mylyn.core.model.edges.containment" OriginId="org.eclipse.mylyn.core.model.interest.propagation" StartDate="2011-12-07 17:19:36.493 CET" StructureHandle="/org.eclipse.mylyn.tasks.ui/src/org/eclipse/mylyn/tasks/ui/editors" StructureKind="resource"/><InteractionEvent Delta="null" EndDate="2011-12-07 17:07:25.310 CET" Interest="15.700001" Kind="propagation" Navigation="org.eclipse.mylyn.core.model.edges.containment" OriginId="org.eclipse.mylyn.core.model.interest.propagation" StartDate="2011-12-07 14:31:20.977 CET" StructureHandle="/org.eclipse.mylyn.java.tests/META-INF" StructureKind="resource" NumEvents="19" CreationCount="158"/><InteractionEvent Delta="null" EndDate="2011-12-07 17:02:52.290 CET" Interest="2.2680006" Kind="propagation" Navigation="org.eclipse.mylyn.core.model.edges.containment" OriginId="org.eclipse.mylyn.core.model.interest.propagation" StartDate="2011-12-07 16:53:09.241 CET" StructureHandle="=org.eclipse.mylyn.java.ui/src&amp;lt;org.eclipse.mylyn.internal.java.ui{JavaStackTraceContextComputationStrategy.java" StructureKind="java" NumEvents="6" CreationCount="219"/><InteractionEvent Delta="null" EndDate="2011-12-07 17:19:29.764 CET" Interest="1.0" Kind="propagation" Navigation="org.eclipse.mylyn.core.model.edges.containment" OriginId="org.eclipse.mylyn.core.model.interest.propagation" StartDate="2011-12-07 17:19:29.764 CET" StructureHandle="=org.eclipse.mylyn.tasks.ui" StructureKind="resource"/><InteractionEvent Delta="null" EndDate="2011-12-07 17:19:29.168 CET" Interest="1.0" Kind="propagation" Navigation="null" OriginId="org.eclipse.jdt.ui.CompilationUnitEditor" StartDate="2011-12-07 17:19:29.168 CET" StructureHandle="/org.eclipse.mylyn.tasks.ui/src" StructureKind="resource"/><InteractionEvent Delta="null" EndDate="2011-12-07 17:19:27.530 CET" Interest="1.0" Kind="propagation" Navigation="org.eclipse.mylyn.core.model.edges.containment" OriginId="org.eclipse.mylyn.core.model.interest.propagation" StartDate="2011-12-07 17:19:27.530 CET" StructureHandle="/org.eclipse.mylyn.tasks.ui/src/org/eclipse/mylyn/tasks/ui/editors" StructureKind="resource"/><InteractionEvent Delta="null" EndDate="2011-12-07 14:29:36.309 CET" Interest="62.0" Kind="propagation" Navigation="org.eclipse.mylyn.core.model.edges.containment" OriginId="org.eclipse.mylyn.core.model.interest.propagation" StartDate="2011-12-07 14:25:24.139 CET" StructureHandle="=org.eclipse.mylyn.tasks.ui" StructureKind="resource" NumEvents="62" CreationCount="17"/><InteractionEvent Delta="null" EndDate="2011-12-07 14:32:22.283 CET" Interest="13.0" Kind="propagation" Navigation="org.eclipse.mylyn.core.model.edges.containment" OriginId="org.eclipse.mylyn.core.model.interest.propagation" StartDate="2011-12-07 14:30:35.973 CET" StructureHandle="=org.eclipse.mylyn.ide.tests" StructureKind="resource" NumEvents="13" CreationCount="151"/><InteractionEvent Delta="null" EndDate="2011-12-07 17:07:34.725 CET" Interest="5.0" Kind="selection" Navigation="null" OriginId="org.eclipse.jdt.ui.PackageExplorer" StartDate="2011-12-07 17:07:19.647 CET" StructureHandle="/org.eclipse.mylyn.context.tasks.ui/META-INF/MANIFEST.MF" StructureKind="resource" NumEvents="5" CreationCount="392"/><InteractionEvent Delta="null" EndDate="2011-12-07 17:06:44.59 CET" Interest="1.0" Kind="selection" Navigation="null" OriginId="org.eclipse.jdt.ui.PackageExplorer" StartDate="2011-12-07 17:06:44.59 CET" StructureHandle="=org.eclipse.mylyn.context.sdk.java" StructureKind="java"/><InteractionEvent Delta="null" EndDate="2011-12-07 17:19:27.530 CET" Interest="1.0" Kind="propagation" Navigation="null" OriginId="org.eclipse.jdt.ui.CompilationUnitEditor" StartDate="2011-12-07 17:19:27.530 CET" StructureHandle="/org.eclipse.mylyn.tasks.ui/src/org/eclipse/mylyn/tasks/ui/editors/TaskTemplateVariableResolver.java" StructureKind="resource"/><InteractionEvent Delta="null" EndDate="2011-12-07 16:56:38.204 CET" Interest="4.119" Kind="propagation" Navigation="org.eclipse.mylyn.core.model.edges.containment" OriginId="org.eclipse.mylyn.core.model.interest.propagation" StartDate="2011-12-07 14:33:51.723 CET" StructureHandle="=org.eclipse.mylyn.context.ui/src" StructureKind="java" NumEvents="7" CreationCount="226"/></InteractionHistory>