<?xml version="1.0" encoding="UTF-8"?><InteractionHistory Id="https://bugs.eclipse.org/bugs-358644" Version="1"><InteractionEvent Delta="null" EndDate="2011-09-22 12:27:20.582 PDT" Interest="1.0" Kind="propagation" Navigation="null" OriginId="org.eclipse.jdt.ui.PackageExplorer" StartDate="2011-09-22 12:27:20.582 PDT" StructureHandle="/org.eclipse.mylyn.modeling.gmf.ui" StructureKind="resource"/><InteractionEvent Delta="null" EndDate="2011-09-22 11:34:45.690 PDT" Interest="1.0" Kind="propagation" Navigation="null" OriginId="org.eclipse.pde.ui.manifestEditor" StartDate="2011-09-22 11:34:45.690 PDT" StructureHandle="/org.eclipse.mylyn.modeling.ui" StructureKind="resource"/><InteractionEvent Delta="null" EndDate="2011-09-22 11:34:15.956 PDT" Interest="1.0" Kind="selection" Navigation="null" OriginId="org.eclipse.jdt.ui.PackageExplorer" StartDate="2011-09-22 11:34:15.956 PDT" StructureHandle="=org.eclipse.mylyn.context.ui" StructureKind="java"/><InteractionEvent Delta="null" EndDate="2011-09-22 11:34:15.956 PDT" Interest="1.0" Kind="propagation" Navigation="null" OriginId="org.eclipse.jdt.ui.PackageExplorer" StartDate="2011-09-22 11:34:15.956 PDT" StructureHandle="/org.eclipse.mylyn.context.ui" StructureKind="resource"/><InteractionEvent Delta="null" EndDate="2011-09-22 12:27:10.833 PDT" Interest="1.0" Kind="propagation" Navigation="null" OriginId="org.eclipse.jdt.ui.PackageExplorer" StartDate="2011-09-22 12:27:10.833 PDT" StructureHandle="/" StructureKind="resource"/><InteractionEvent Delta="null" EndDate="2011-09-22 11:24:49.33 PDT" Interest="1.0" Kind="propagation" Navigation="org.eclipse.mylyn.core.model.edges.containment" OriginId="org.eclipse.mylyn.core.model.interest.propagation" StartDate="2011-09-22 11:24:49.33 PDT" StructureHandle="" StructureKind="java"/><InteractionEvent Delta="null" EndDate="2011-09-22 12:27:10.833 PDT" Interest="1.0" Kind="propagation" Navigation="null" OriginId="org.eclipse.jdt.ui.PackageExplorer" StartDate="2011-09-22 12:27:10.833 PDT" StructureHandle="/org.eclipse.mylyn.modeling.gmf.ui" StructureKind="resource"/><InteractionEvent Delta="null" EndDate="2011-09-22 11:25:25.9 PDT" Interest="1.0" Kind="edit" Navigation="null" OriginId="org.eclipse.compare.CompareEditor" StartDate="2011-09-22 11:25:25.9 PDT" StructureHandle="/org.eclipse.mylyn.resources.ui/plugin.xml" StructureKind="plugin.xml"/><InteractionEvent Delta="null" EndDate="2011-09-22 11:35:53.87 PDT" Interest="1.0" Kind="selection" Navigation="null" OriginId="org.eclipse.pde.ui.manifestEditor" StartDate="2011-09-22 11:35:53.87 PDT" StructureHandle="/org.eclipse.mylyn.modeling.gmf.ui/plugin.xml;223616666" StructureKind="plugin.xml"/><InteractionEvent Delta="null" EndDate="2011-09-22 12:27:10.833 PDT" Interest="1.0000019" Kind="propagation" Navigation="org.eclipse.mylyn.core.model.edges.containment" OriginId="org.eclipse.mylyn.core.model.interest.propagation" StartDate="2011-09-22 12:27:10.833 PDT" StructureHandle="" StructureKind="java"/><InteractionEvent Delta="null" EndDate="2011-09-22 12:27:11.461 PDT" Interest="1.0" Kind="propagation" Navigation="null" OriginId="org.eclipse.pde.ui.manifestEditor" StartDate="2011-09-22 12:27:11.461 PDT" StructureHandle="/org.eclipse.mylyn.modeling.gmf.ui" StructureKind="resource"/><InteractionEvent Delta="null" EndDate="2011-09-22 12:27:20.795 PDT" Interest="1.0" Kind="propagation" Navigation="null" OriginId="org.eclipse.jdt.ui.PackageExplorer" StartDate="2011-09-22 12:27:20.795 PDT" StructureHandle="/org.eclipse.mylyn.resources.ui" StructureKind="resource"/><InteractionEvent Delta="null" EndDate="2011-09-22 11:24:49.33 PDT" Interest="1.0" Kind="selection" Navigation="null" OriginId="org.eclipse.jdt.ui.PackageExplorer" StartDate="2011-09-22 11:24:49.33 PDT" StructureHandle="=org.eclipse.mylyn.resources.ui" StructureKind="java"/><InteractionEvent Delta="null" EndDate="2011-09-22 11:35:14.883 PDT" Interest="0.7000003" Kind="propagation" Navigation="org.eclipse.mylyn.core.model.edges.containment" OriginId="org.eclipse.mylyn.core.model.interest.propagation" StartDate="2011-09-22 11:35:14.883 PDT" StructureHandle="=org.eclipse.mylyn.modeling.gmf.ui" StructureKind="resource"/><InteractionEvent Delta="null" EndDate="2011-09-22 11:35:44.937 PDT" Interest="0.70000076" Kind="propagation" Navigation="org.eclipse.mylyn.core.model.edges.containment" OriginId="org.eclipse.mylyn.core.model.interest.propagation" StartDate="2011-09-22 11:35:44.937 PDT" StructureHandle="=org.eclipse.mylyn.modeling.gmf.ui" StructureKind="resource"/><InteractionEvent Delta="null" EndDate="2011-09-22 11:34:15.956 PDT" Interest="1.0" Kind="propagation" Navigation="null" OriginId="org.eclipse.jdt.ui.PackageExplorer" StartDate="2011-09-22 11:34:15.956 PDT" StructureHandle="/" StructureKind="resource"/><InteractionEvent Delta="null" EndDate="2011-09-22 11:35:14.882 PDT" Interest="0.9999999" Kind="propagation" Navigation="org.eclipse.mylyn.core.model.edges.containment" OriginId="org.eclipse.mylyn.core.model.interest.propagation" StartDate="2011-09-22 11:35:14.882 PDT" StructureHandle="/org.eclipse.mylyn.modeling.gmf.ui/plugin.xml;-985174221" StructureKind="plugin.xml"/><InteractionEvent Delta="null" EndDate="2011-09-22 11:25:24.655 PDT" Interest="1.0" Kind="propagation" Navigation="org.eclipse.mylyn.core.model.edges.containment" OriginId="org.eclipse.mylyn.core.model.interest.propagation" StartDate="2011-09-22 11:25:24.655 PDT" StructureHandle="/" StructureKind="resource"/><InteractionEvent Delta="null" EndDate="2011-09-22 11:34:41.860 PDT" Interest="1.0" Kind="selection" Navigation="null" OriginId="org.eclipse.jdt.ui.PackageExplorer" StartDate="2011-09-22 11:34:41.860 PDT" StructureHandle="=org.eclipse.mylyn.modeling.ui" StructureKind="java"/><InteractionEvent Delta="null" EndDate="2011-09-22 11:35:14.883 PDT" Interest="1.0" Kind="propagation" Navigation="null" OriginId="org.eclipse.pde.ui.manifestEditor" StartDate="2011-09-22 11:35:14.883 PDT" StructureHandle="/" StructureKind="resource"/><InteractionEvent Delta="null" EndDate="2011-09-22 12:27:11.420 PDT" Interest="1.0" Kind="propagation" Navigation="null" OriginId="org.eclipse.pde.ui.manifestEditor" StartDate="2011-09-22 12:27:11.420 PDT" StructureHandle="/" StructureKind="resource"/><InteractionEvent Delta="null" EndDate="2011-09-22 11:35:02.868 PDT" Interest="1.0" Kind="propagation" Navigation="null" OriginId="org.eclipse.jdt.ui.PackageExplorer" StartDate="2011-09-22 11:35:02.868 PDT" StructureHandle="/" StructureKind="resource"/><InteractionEvent Delta="null" EndDate="2011-09-22 11:34:41.513 PDT" Interest="0.99999976" Kind="propagation" Navigation="org.eclipse.mylyn.core.model.edges.containment" OriginId="org.eclipse.mylyn.core.model.interest.propagation" StartDate="2011-09-22 11:34:41.513 PDT" StructureHandle="=org.eclipse.mylyn.context.ui" StructureKind="resource"/><InteractionEvent Delta="null" EndDate="2011-09-22 11:34:43.342 PDT" Interest="1.0" Kind="propagation" Navigation="null" OriginId="org.eclipse.jdt.ui.PackageExplorer" StartDate="2011-09-22 11:34:43.342 PDT" StructureHandle="/" StructureKind="resource"/><InteractionEvent Delta="null" EndDate="2011-09-22 11:34:18.210 PDT" Interest="1.0" Kind="propagation" Navigation="null" OriginId="org.eclipse.pde.ui.manifestEditor" StartDate="2011-09-22 11:34:18.210 PDT" StructureHandle="/org.eclipse.mylyn.context.ui" StructureKind="resource"/><InteractionEvent Delta="null" EndDate="2011-09-22 11:25:09.29 PDT" Interest="1.0" Kind="propagation" Navigation="null" OriginId="org.eclipse.jdt.ui.PackageExplorer" StartDate="2011-09-22 11:25:09.29 PDT" StructureHandle="/org.eclipse.mylyn.resources.ui" StructureKind="resource"/><InteractionEvent Delta="null" EndDate="2011-09-22 11:35:38.596 PDT" Interest="1.0" Kind="propagation" Navigation="null" OriginId="org.eclipse.pde.ui.manifestEditor" StartDate="2011-09-22 11:35:38.596 PDT" StructureHandle="/org.eclipse.mylyn.modeling.gmf.ui" StructureKind="resource"/><InteractionEvent Delta="null" EndDate="2011-09-22 11:35:54.660 PDT" Interest="1.0" Kind="propagation" Navigation="null" OriginId="org.eclipse.pde.ui.manifestEditor" StartDate="2011-09-22 11:35:54.660 PDT" StructureHandle="/org.eclipse.mylyn.modeling.gmf.ui" StructureKind="resource"/><InteractionEvent Delta="null" EndDate="2011-09-22 11:35:38.597 PDT" Interest="1.0" Kind="propagation" Navigation="null" OriginId="org.eclipse.pde.ui.manifestEditor" StartDate="2011-09-22 11:35:38.597 PDT" StructureHandle="/org.eclipse.mylyn.modeling.gmf.ui" StructureKind="resource"/><InteractionEvent Delta="null" EndDate="2011-09-22 12:02:15.334 PDT" Interest="0.70000076" Kind="propagation" Navigation="org.eclipse.mylyn.core.model.edges.containment" OriginId="org.eclipse.mylyn.core.model.interest.propagation" StartDate="2011-09-22 12:02:15.334 PDT" StructureHandle="=org.eclipse.mylyn.modeling.gmf.ui" StructureKind="resource"/><InteractionEvent Delta="null" EndDate="2011-09-22 11:24:49.33 PDT" Interest="1.0" Kind="propagation" Navigation="org.eclipse.mylyn.core.model.edges.containment" OriginId="org.eclipse.mylyn.core.model.interest.propagation" StartDate="2011-09-22 11:24:49.33 PDT" StructureHandle="/" StructureKind="resource"/><InteractionEvent Delta="null" EndDate="2011-09-22 12:27:20.795 PDT" Interest="1.0" Kind="propagation" Navigation="null" OriginId="org.eclipse.jdt.ui.PackageExplorer" StartDate="2011-09-22 12:27:20.795 PDT" StructureHandle="/" StructureKind="resource"/><InteractionEvent Delta="null" EndDate="2011-09-22 11:25:25.463 PDT" Interest="0.6999998" Kind="propagation" Navigation="org.eclipse.mylyn.core.model.edges.containment" OriginId="org.eclipse.mylyn.core.model.interest.propagation" StartDate="2011-09-22 11:25:25.463 PDT" StructureHandle="" StructureKind="java"/><InteractionEvent Delta="null" EndDate="2011-09-22 11:34:45.690 PDT" Interest="0.01700002" Kind="propagation" Navigation="org.eclipse.mylyn.core.model.edges.containment" OriginId="org.eclipse.mylyn.core.model.interest.propagation" StartDate="2011-09-22 11:34:45.690 PDT" StructureHandle="/org.eclipse.mylyn.modeling.ui/plugin.xml" StructureKind="resource"/><InteractionEvent Delta="null" EndDate="2011-09-22 12:27:20.582 PDT" Interest="1.0" Kind="propagation" Navigation="org.eclipse.mylyn.core.model.edges.containment" OriginId="org.eclipse.mylyn.core.model.interest.propagation" StartDate="2011-09-22 12:27:20.582 PDT" StructureHandle="=org.eclipse.mylyn.modeling.gmf.ui" StructureKind="resource"/><InteractionEvent Delta="null" EndDate="2011-09-22 12:02:15.334 PDT" Interest="0.70000076" Kind="propagation" Navigation="org.eclipse.mylyn.core.model.edges.containment" OriginId="org.eclipse.mylyn.core.model.interest.propagation" StartDate="2011-09-22 12:02:15.334 PDT" StructureHandle="" StructureKind="java"/><InteractionEvent Delta="null" EndDate="2011-09-22 11:34:17.817 PDT" Interest="1.0" Kind="propagation" Navigation="null" OriginId="org.eclipse.jdt.ui.PackageExplorer" StartDate="2011-09-22 11:34:17.817 PDT" StructureHandle="/org.eclipse.mylyn.context.ui" StructureKind="resource"/><InteractionEvent Delta="null" EndDate="2011-09-22 11:35:01.593 PDT" Interest="1.0" Kind="propagation" Navigation="null" OriginId="org.eclipse.jdt.ui.PackageExplorer" StartDate="2011-09-22 11:35:01.593 PDT" StructureHandle="/" StructureKind="resource"/><InteractionEvent Delta="null" EndDate="2011-09-22 11:34:41.513 PDT" Interest="1.0" Kind="propagation" Navigation="null" OriginId="org.eclipse.jdt.ui.PackageExplorer" StartDate="2011-09-22 11:34:41.513 PDT" StructureHandle="/" StructureKind="resource"/><InteractionEvent Delta="null" EndDate="2011-09-22 11:35:38.596 PDT" Interest="1.0" Kind="selection" Navigation="null" OriginId="org.eclipse.pde.ui.manifestEditor" StartDate="2011-09-22 11:35:38.596 PDT" StructureHandle="/org.eclipse.mylyn.modeling.gmf.ui/plugin.xml;-985174221" StructureKind="plugin.xml"/><InteractionEvent Delta="null" EndDate="2011-09-22 11:35:44.936 PDT" Interest="1.0" Kind="propagation" Navigation="null" OriginId="org.eclipse.pde.ui.manifestEditor" StartDate="2011-09-22 11:35:44.936 PDT" StructureHandle="/org.eclipse.mylyn.modeling.gmf.ui/plugin.xml" StructureKind="resource"/><InteractionEvent Delta="null" EndDate="2011-09-22 11:35:54.660 PDT" Interest="0.69999886" Kind="propagation" Navigation="org.eclipse.mylyn.core.model.edges.containment" OriginId="org.eclipse.mylyn.core.model.interest.propagation" StartDate="2011-09-22 11:35:54.660 PDT" StructureHandle="=org.eclipse.mylyn.modeling.gmf.ui" StructureKind="resource"/><InteractionEvent Delta="null" EndDate="2011-09-22 11:24:49.33 PDT" Interest="1.0" Kind="propagation" Navigation="null" OriginId="org.eclipse.jdt.ui.PackageExplorer" StartDate="2011-09-22 11:24:49.33 PDT" StructureHandle="/org.eclipse.mylyn.resources.ui" StructureKind="resource"/><InteractionEvent Delta="null" EndDate="2011-09-22 11:35:40.367 PDT" Interest="1.0" Kind="selection" Navigation="null" OriginId="org.eclipse.pde.ui.manifestEditor" StartDate="2011-09-22 11:35:40.367 PDT" StructureHandle="/org.eclipse.mylyn.modeling.gmf.ui/plugin.xml;1919310411" StructureKind="plugin.xml"/><InteractionEvent Delta="null" EndDate="2011-09-22 11:34:12.85 PDT" Interest="1.000001" Kind="propagation" Navigation="org.eclipse.mylyn.core.model.edges.containment" OriginId="org.eclipse.mylyn.core.model.interest.propagation" StartDate="2011-09-22 11:34:12.85 PDT" StructureHandle="" StructureKind="java"/><InteractionEvent Delta="null" EndDate="2011-09-22 11:35:12.440 PDT" Interest="1.0" Kind="propagation" Navigation="org.eclipse.mylyn.core.model.edges.containment" OriginId="org.eclipse.mylyn.core.model.interest.propagation" StartDate="2011-09-22 11:35:12.440 PDT" StructureHandle="/org.eclipse.mylyn.modeling.gmf.ui/plugin.xml;-985174221" StructureKind="plugin.xml"/><InteractionEvent Delta="null" EndDate="2011-09-22 11:35:03.270 PDT" Interest="1.0" Kind="selection" Navigation="null" OriginId="org.eclipse.pde.ui.manifestEditor" StartDate="2011-09-22 11:35:03.270 PDT" StructureHandle="/org.eclipse.mylyn.modeling.ecoretools.ui/plugin.xml" StructureKind="plugin.xml"/><InteractionEvent Delta="null" EndDate="2011-09-22 11:35:38.596 PDT" Interest="1.0" Kind="propagation" Navigation="null" OriginId="org.eclipse.pde.ui.manifestEditor" StartDate="2011-09-22 11:35:38.596 PDT" StructureHandle="/org.eclipse.mylyn.modeling.gmf.ui/plugin.xml" StructureKind="resource"/><InteractionEvent Delta="null" EndDate="2011-09-22 11:35:54.660 PDT" Interest="1.0" Kind="edit" Navigation="null" OriginId="org.eclipse.pde.ui.manifestEditor" StartDate="2011-09-22 11:35:54.660 PDT" StructureHandle="/org.eclipse.mylyn.modeling.gmf.ui/plugin.xml" StructureKind="plugin.xml"/><InteractionEvent Delta="null" EndDate="2011-09-22 11:34:45.664 PDT" Interest="1.0" Kind="propagation" Navigation="null" OriginId="org.eclipse.pde.ui.manifestEditor" StartDate="2011-09-22 11:34:45.664 PDT" StructureHandle="/org.eclipse.mylyn.modeling.ui" StructureKind="resource"/><InteractionEvent Delta="null" EndDate="2011-09-22 11:35:10.487 PDT" Interest="1.0" Kind="propagation" Navigation="null" OriginId="org.eclipse.jdt.ui.PackageExplorer" StartDate="2011-09-22 11:35:10.487 PDT" StructureHandle="/" StructureKind="resource"/><InteractionEvent Delta="null" EndDate="2011-09-22 11:35:38.597 PDT" Interest="0.70000076" Kind="propagation" Navigation="org.eclipse.mylyn.core.model.edges.containment" OriginId="org.eclipse.mylyn.core.model.interest.propagation" StartDate="2011-09-22 11:35:38.597 PDT" StructureHandle="=org.eclipse.mylyn.modeling.gmf.ui" StructureKind="resource"/><InteractionEvent Delta="null" EndDate="2011-09-22 11:34:12.85 PDT" Interest="1.0" Kind="propagation" Navigation="org.eclipse.mylyn.core.model.edges.containment" OriginId="org.eclipse.mylyn.core.model.interest.propagation" StartDate="2011-09-22 11:34:12.85 PDT" StructureHandle="/" StructureKind="resource"/><InteractionEvent Delta="null" EndDate="2011-09-22 12:02:15.332 PDT" Interest="0.03399998" Kind="propagation" Navigation="org.eclipse.mylyn.core.model.edges.containment" OriginId="org.eclipse.mylyn.core.model.interest.propagation" StartDate="2011-09-22 12:02:15.332 PDT" StructureHandle="/org.eclipse.mylyn.modeling.gmf.ui/plugin.xml;1919310411" StructureKind="plugin.xml"/><InteractionEvent Delta="null" EndDate="2011-09-22 11:25:25.463 PDT" Interest="1.0" Kind="propagation" Navigation="null" OriginId="org.eclipse.compare.CompareEditor" StartDate="2011-09-22 11:25:25.463 PDT" StructureHandle="/org.eclipse.mylyn.resources.ui" StructureKind="resource"/><InteractionEvent Delta="null" EndDate="2011-09-22 11:34:12.84 PDT" Interest="1.0" Kind="propagation" Navigation="null" OriginId="org.eclipse.jdt.ui.PackageExplorer" StartDate="2011-09-22 11:34:12.84 PDT" StructureHandle="/org.eclipse.mylyn.resources.ui" StructureKind="resource"/><InteractionEvent Delta="null" EndDate="2011-09-22 11:35:36.982 PDT" Interest="1.0" Kind="propagation" Navigation="null" OriginId="org.eclipse.pde.ui.manifestEditor" StartDate="2011-09-22 11:35:36.982 PDT" StructureHandle="/org.eclipse.mylyn.modeling.gmf.ui" StructureKind="resource"/><InteractionEvent Delta="null" EndDate="2011-09-22 11:35:36.981 PDT" Interest="1.0" Kind="propagation" Navigation="null" OriginId="org.eclipse.pde.ui.manifestEditor" StartDate="2011-09-22 11:35:36.981 PDT" StructureHandle="/org.eclipse.mylyn.modeling.gmf.ui" StructureKind="resource"/><InteractionEvent Delta="null" EndDate="2011-09-22 11:25:25.463 PDT" Interest="1.0" Kind="edit" Navigation="null" OriginId="org.eclipse.compare.CompareEditor" StartDate="2011-09-22 11:25:25.463 PDT" StructureHandle="/org.eclipse.mylyn.resources.ui/plugin.xml" StructureKind="plugin.xml"/><InteractionEvent Delta="null" EndDate="2011-09-22 11:35:12.414 PDT" Interest="1.0" Kind="selection" Navigation="null" OriginId="org.eclipse.pde.ui.manifestEditor" StartDate="2011-09-22 11:35:12.414 PDT" StructureHandle="/org.eclipse.mylyn.modeling.gmf.ui/plugin.xml" StructureKind="plugin.xml"/><InteractionEvent Delta="null" EndDate="2011-09-22 11:35:36.981 PDT" Interest="1.0" Kind="propagation" Navigation="org.eclipse.mylyn.core.model.edges.containment" OriginId="org.eclipse.mylyn.core.model.interest.propagation" StartDate="2011-09-22 11:35:36.981 PDT" StructureHandle="=org.eclipse.mylyn.modeling.gmf.ui" StructureKind="resource"/><InteractionEvent Delta="null" EndDate="2011-09-22 11:35:36.981 PDT" Interest="1.0" Kind="edit" Navigation="null" OriginId="org.eclipse.pde.ui.manifestEditor" StartDate="2011-09-22 11:35:36.981 PDT" StructureHandle="/org.eclipse.mylyn.modeling.gmf.ui/plugin.xml" StructureKind="plugin.xml"/><InteractionEvent Delta="null" EndDate="2011-09-22 11:35:54.660 PDT" Interest="0.69999886" Kind="propagation" Navigation="org.eclipse.mylyn.core.model.edges.containment" OriginId="org.eclipse.mylyn.core.model.interest.propagation" StartDate="2011-09-22 11:35:54.660 PDT" StructureHandle="" StructureKind="java"/><InteractionEvent Delta="null" EndDate="2011-09-22 11:34:18.211 PDT" Interest="1.0" Kind="propagation" Navigation="null" OriginId="org.eclipse.pde.ui.manifestEditor" StartDate="2011-09-22 11:34:18.211 PDT" StructureHandle="/" StructureKind="resource"/><InteractionEvent Delta="null" EndDate="2011-09-22 11:31:04.495 PDT" Interest="2.5830002" Kind="propagation" Navigation="org.eclipse.mylyn.core.model.edges.containment" OriginId="org.eclipse.mylyn.core.model.interest.propagation" StartDate="2011-09-22 11:31:04.495 PDT" StructureHandle="/" StructureKind="resource"/><InteractionEvent Delta="null" EndDate="2011-09-22 11:34:12.84 PDT" Interest="1.0" Kind="propagation" Navigation="org.eclipse.mylyn.core.model.edges.containment" OriginId="org.eclipse.mylyn.core.model.interest.propagation" StartDate="2011-09-22 11:34:12.84 PDT" StructureHandle="=org.eclipse.mylyn.resources.ui" StructureKind="java"/><InteractionEvent Delta="null" EndDate="2011-09-22 11:31:04.494 PDT" Interest="11.668" Kind="propagation" Navigation="org.eclipse.mylyn.core.model.edges.containment" OriginId="org.eclipse.mylyn.core.model.interest.propagation" StartDate="2011-09-22 11:31:04.494 PDT" StructureHandle="=org.eclipse.mylyn.resources.ui" StructureKind="java"/><InteractionEvent Delta="null" EndDate="2011-09-22 11:35:14.402 PDT" Interest="1.0" Kind="edit" Navigation="null" OriginId="org.eclipse.pde.ui.manifestEditor" StartDate="2011-09-22 11:35:14.402 PDT" StructureHandle="/org.eclipse.mylyn.modeling.gmf.ui/plugin.xml" StructureKind="plugin.xml"/><InteractionEvent Delta="null" EndDate="2011-09-22 11:35:53.88 PDT" Interest="1.0" Kind="propagation" Navigation="null" OriginId="org.eclipse.pde.ui.manifestEditor" StartDate="2011-09-22 11:35:53.88 PDT" StructureHandle="/" StructureKind="resource"/><InteractionEvent Delta="null" EndDate="2011-09-22 11:35:50.30 PDT" Interest="1.0" Kind="edit" Navigation="null" OriginId="org.eclipse.pde.ui.manifestEditor" StartDate="2011-09-22 11:35:50.30 PDT" StructureHandle="/org.eclipse.mylyn.modeling.gmf.ui/plugin.xml" StructureKind="plugin.xml"/><InteractionEvent Delta="null" EndDate="2011-09-22 11:31:04.495 PDT" Interest="1.0" Kind="propagation" Navigation="org.eclipse.mylyn.core.model.edges.containment" OriginId="org.eclipse.mylyn.core.model.interest.propagation" StartDate="2011-09-22 11:31:04.495 PDT" StructureHandle="" StructureKind="java"/><InteractionEvent Delta="null" EndDate="2011-09-22 11:35:11.960 PDT" Interest="1.0" Kind="propagation" Navigation="null" OriginId="org.eclipse.jdt.ui.PackageExplorer" StartDate="2011-09-22 11:35:11.960 PDT" StructureHandle="/org.eclipse.mylyn.modeling.gmf.ui" StructureKind="resource"/><InteractionEvent Delta="null" EndDate="2011-09-22 12:27:11.462 PDT" Interest="1.0" Kind="propagation" Navigation="null" OriginId="org.eclipse.pde.ui.manifestEditor" StartDate="2011-09-22 12:27:11.462 PDT" StructureHandle="/" StructureKind="resource"/><InteractionEvent Delta="null" EndDate="2011-09-22 11:25:09.28 PDT" Interest="0.01700002" Kind="propagation" Navigation="org.eclipse.mylyn.core.model.edges.containment" OriginId="org.eclipse.mylyn.core.model.interest.propagation" StartDate="2011-09-22 11:25:09.28 PDT" StructureHandle="/" StructureKind="resource"/><InteractionEvent Delta="null" EndDate="2011-09-22 11:35:14.401 PDT" Interest="1.0" Kind="propagation" Navigation="null" OriginId="org.eclipse.pde.ui.manifestEditor" StartDate="2011-09-22 11:35:14.401 PDT" StructureHandle="/org.eclipse.mylyn.modeling.gmf.ui/plugin.xml" StructureKind="resource"/><InteractionEvent Delta="null" EndDate="2011-09-22 11:35:36.982 PDT" Interest="1.0" Kind="propagation" Navigation="null" OriginId="org.eclipse.pde.ui.manifestEditor" StartDate="2011-09-22 11:35:36.982 PDT" StructureHandle="/" StructureKind="resource"/><InteractionEvent Delta="null" EndDate="2011-09-22 11:35:53.88 PDT" Interest="1.0" Kind="propagation" Navigation="null" OriginId="org.eclipse.pde.ui.manifestEditor" StartDate="2011-09-22 11:35:53.88 PDT" StructureHandle="/org.eclipse.mylyn.modeling.gmf.ui/plugin.xml" StructureKind="resource"/><InteractionEvent Delta="null" EndDate="2011-09-22 11:35:40.370 PDT" Interest="1.0" Kind="edit" Navigation="null" OriginId="org.eclipse.pde.ui.manifestEditor" StartDate="2011-09-22 11:35:40.370 PDT" StructureHandle="/org.eclipse.mylyn.modeling.gmf.ui/plugin.xml" StructureKind="plugin.xml"/><InteractionEvent Delta="null" EndDate="2011-09-22 12:02:15.334 PDT" Interest="1.0" Kind="edit" Navigation="null" OriginId="org.eclipse.pde.ui.manifestEditor" StartDate="2011-09-22 12:02:15.334 PDT" StructureHandle="/org.eclipse.mylyn.modeling.gmf.ui/plugin.xml" StructureKind="plugin.xml"/><InteractionEvent Delta="null" EndDate="2011-09-22 11:35:36.981 PDT" Interest="1.0" Kind="propagation" Navigation="null" OriginId="org.eclipse.pde.ui.manifestEditor" StartDate="2011-09-22 11:35:36.981 PDT" StructureHandle="/" StructureKind="resource"/><InteractionEvent Delta="null" EndDate="2011-09-22 11:34:43.342 PDT" Interest="1.0" Kind="propagation" Navigation="null" OriginId="org.eclipse.jdt.ui.PackageExplorer" StartDate="2011-09-22 11:34:43.342 PDT" StructureHandle="/org.eclipse.mylyn.modeling.ui/src" StructureKind="resource"/><InteractionEvent Delta="null" EndDate="2011-09-22 11:35:38.596 PDT" Interest="1.0" Kind="propagation" Navigation="null" OriginId="org.eclipse.pde.ui.manifestEditor" StartDate="2011-09-22 11:35:38.596 PDT" StructureHandle="/" StructureKind="resource"/><InteractionEvent Delta="null" EndDate="2011-09-22 12:02:15.333 PDT" Interest="1.0" Kind="propagation" Navigation="null" OriginId="org.eclipse.pde.ui.manifestEditor" StartDate="2011-09-22 12:02:15.333 PDT" StructureHandle="/org.eclipse.mylyn.modeling.gmf.ui/plugin.xml" StructureKind="resource"/><InteractionEvent Delta="null" EndDate="2011-09-22 11:24:47.820 PDT" Interest="15.0" Kind="selection" Navigation="null" OriginId="org.eclipse.mylyn.core.model.interest.decay.correction" StartDate="2011-09-22 11:24:47.820 PDT" StructureHandle="/attachments/bugzilla-https%3A%2F%2Fbugs.eclipse.org%2Fbugs/358644" StructureKind="resource"/><InteractionEvent Delta="null" EndDate="2011-09-22 11:24:47.817 PDT" Interest="15.0" Kind="selection" Navigation="null" OriginId="org.eclipse.mylyn.core.model.interest.decay.correction" StartDate="2011-09-22 11:24:47.817 PDT" StructureHandle="/attachments/bugzilla-https%3A%2F%2Fbugs.eclipse.org%2Fbugs/358644" StructureKind="resource"/><InteractionEvent Delta="null" EndDate="2011-09-22 11:34:45.690 PDT" Interest="1.0" Kind="selection" Navigation="null" OriginId="org.eclipse.pde.ui.manifestEditor" StartDate="2011-09-22 11:34:45.690 PDT" StructureHandle="/org.eclipse.mylyn.modeling.ui/plugin.xml;-2041646044" StructureKind="plugin.xml"/><InteractionEvent Delta="null" EndDate="2011-09-22 11:35:44.937 PDT" Interest="1.0" Kind="edit" Navigation="null" OriginId="org.eclipse.pde.ui.manifestEditor" StartDate="2011-09-22 11:35:44.937 PDT" StructureHandle="/org.eclipse.mylyn.modeling.gmf.ui/plugin.xml" StructureKind="plugin.xml"/><InteractionEvent Delta="null" EndDate="2011-09-22 11:35:38.597 PDT" Interest="1.0" Kind="propagation" Navigation="null" OriginId="org.eclipse.pde.ui.manifestEditor" StartDate="2011-09-22 11:35:38.597 PDT" StructureHandle="/" StructureKind="resource"/><InteractionEvent Delta="null" EndDate="2011-09-22 11:35:02.868 PDT" Interest="1.0" Kind="propagation" Navigation="null" OriginId="org.eclipse.jdt.ui.PackageExplorer" StartDate="2011-09-22 11:35:02.868 PDT" StructureHandle="/org.eclipse.mylyn.modeling.ecoretools.ui" StructureKind="resource"/><InteractionEvent Delta="null" EndDate="2011-09-22 11:24:47.815 PDT" Interest="15.0" Kind="selection" Navigation="null" OriginId="org.eclipse.mylyn.core.model.interest.decay.correction" StartDate="2011-09-22 11:24:47.815 PDT" StructureHandle="/attachments/bugzilla-https%3A%2F%2Fbugs.eclipse.org%2Fbugs/358644" StructureKind="resource"/><InteractionEvent Delta="null" EndDate="2011-09-22 11:35:54.659 PDT" Interest="0.03400004" Kind="propagation" Navigation="org.eclipse.mylyn.core.model.edges.containment" OriginId="org.eclipse.mylyn.core.model.interest.propagation" StartDate="2011-09-22 11:35:54.659 PDT" StructureHandle="/org.eclipse.mylyn.modeling.gmf.ui/plugin.xml;1919310411" StructureKind="plugin.xml"/><InteractionEvent Delta="null" EndDate="2011-09-22 11:35:12.439 PDT" Interest="1.0" Kind="selection" Navigation="null" OriginId="org.eclipse.pde.ui.manifestEditor" StartDate="2011-09-22 11:35:12.439 PDT" StructureHandle="/org.eclipse.mylyn.modeling.gmf.ui/plugin.xml;-1526464987" StructureKind="plugin.xml"/><InteractionEvent Delta="null" EndDate="2011-09-22 11:34:18.258 PDT" Interest="1.0" Kind="propagation" Navigation="null" OriginId="org.eclipse.pde.ui.manifestEditor" StartDate="2011-09-22 11:34:18.258 PDT" StructureHandle="/org.eclipse.mylyn.context.ui" StructureKind="resource"/><InteractionEvent Delta="null" EndDate="2011-09-22 11:31:04.495 PDT" Interest="1.0" Kind="propagation" Navigation="org.eclipse.mylyn.core.model.edges.containment" OriginId="org.eclipse.mylyn.core.model.interest.propagation" StartDate="2011-09-22 11:31:04.495 PDT" StructureHandle="/" StructureKind="resource"/><InteractionEvent Delta="null" EndDate="2011-09-22 11:35:10.640 PDT" Interest="1.0" Kind="selection" Navigation="null" OriginId="org.eclipse.jdt.ui.PackageExplorer" StartDate="2011-09-22 11:35:10.640 PDT" StructureHandle="=org.eclipse.mylyn.modeling.gmf.ui" StructureKind="java"/><InteractionEvent Delta="null" EndDate="2011-09-22 11:35:36.981 PDT" Interest="1.0" Kind="selection" Navigation="null" OriginId="org.eclipse.pde.ui.manifestEditor" StartDate="2011-09-22 11:35:36.981 PDT" StructureHandle="/org.eclipse.mylyn.modeling.gmf.ui/plugin.xml;-985174221" StructureKind="plugin.xml"/><InteractionEvent Delta="null" EndDate="2011-09-22 11:24:47.818 PDT" Interest="15.0" Kind="selection" Navigation="null" OriginId="org.eclipse.mylyn.core.model.interest.decay.correction" StartDate="2011-09-22 11:24:47.818 PDT" StructureHandle="/attachments/bugzilla-https%3A%2F%2Fbugs.eclipse.org%2Fbugs/358644" StructureKind="resource"/><InteractionEvent Delta="null" EndDate="2011-09-22 11:25:09.29 PDT" Interest="0.01700002" Kind="propagation" Navigation="org.eclipse.mylyn.core.model.edges.containment" OriginId="org.eclipse.mylyn.core.model.interest.propagation" StartDate="2011-09-22 11:25:09.29 PDT" StructureHandle="" StructureKind="java"/><InteractionEvent Delta="null" EndDate="2011-09-22 11:34:41.513 PDT" Interest="1.0" Kind="propagation" Navigation="null" OriginId="org.eclipse.jdt.ui.PackageExplorer" StartDate="2011-09-22 11:34:41.513 PDT" StructureHandle="/org.eclipse.mylyn.context.ui" StructureKind="resource"/><InteractionEvent Delta="null" EndDate="2011-09-22 12:02:15.333 PDT" Interest="1.0" Kind="propagation" Navigation="null" OriginId="org.eclipse.pde.ui.manifestEditor" StartDate="2011-09-22 12:02:15.333 PDT" StructureHandle="/org.eclipse.mylyn.modeling.gmf.ui" StructureKind="resource"/><InteractionEvent Delta="null" EndDate="2011-09-22 11:35:54.660 PDT" Interest="1.0000019" Kind="propagation" Navigation="org.eclipse.mylyn.core.model.edges.containment" OriginId="org.eclipse.mylyn.core.model.interest.propagation" StartDate="2011-09-22 11:35:54.660 PDT" StructureHandle="=org.eclipse.mylyn.modeling.gmf.ui" StructureKind="resource"/><InteractionEvent Delta="null" EndDate="2011-09-22 11:25:25.463 PDT" Interest="0.6999998" Kind="propagation" Navigation="org.eclipse.mylyn.core.model.edges.containment" OriginId="org.eclipse.mylyn.core.model.interest.propagation" StartDate="2011-09-22 11:25:25.463 PDT" StructureHandle="=org.eclipse.mylyn.resources.ui" StructureKind="resource"/><InteractionEvent Delta="null" EndDate="2011-09-22 11:35:14.882 PDT" Interest="1.0" Kind="selection" Navigation="null" OriginId="org.eclipse.pde.ui.manifestEditor" StartDate="2011-09-22 11:35:14.882 PDT" StructureHandle="/org.eclipse.mylyn.modeling.gmf.ui/plugin.xml;-1526464987" StructureKind="plugin.xml"/><InteractionEvent Delta="null" EndDate="2011-09-22 12:02:15.334 PDT" Interest="1.0" Kind="propagation" Navigation="null" OriginId="org.eclipse.pde.ui.manifestEditor" StartDate="2011-09-22 12:02:15.334 PDT" StructureHandle="/org.eclipse.mylyn.modeling.gmf.ui" StructureKind="resource"/><InteractionEvent Delta="null" EndDate="2011-09-22 11:25:24.655 PDT" Interest="1.0" Kind="propagation" Navigation="null" OriginId="org.eclipse.compare.CompareEditor" StartDate="2011-09-22 11:25:24.655 PDT" StructureHandle="/org.eclipse.mylyn.resources.ui" StructureKind="resource"/><InteractionEvent Delta="null" EndDate="2011-09-22 11:35:14.402 PDT" Interest="1.0" Kind="propagation" Navigation="null" OriginId="org.eclipse.pde.ui.manifestEditor" StartDate="2011-09-22 11:35:14.402 PDT" StructureHandle="/org.eclipse.mylyn.modeling.gmf.ui" StructureKind="resource"/><InteractionEvent Delta="null" EndDate="2011-09-22 12:27:11.419 PDT" Interest="0.9999981" Kind="propagation" Navigation="org.eclipse.mylyn.core.model.edges.containment" OriginId="org.eclipse.mylyn.core.model.interest.propagation" StartDate="2011-09-22 12:27:11.419 PDT" StructureHandle="=org.eclipse.mylyn.modeling.gmf.ui" StructureKind="resource"/><InteractionEvent Delta="null" EndDate="2011-09-22 11:35:03.271 PDT" Interest="1.0" Kind="propagation" Navigation="null" OriginId="org.eclipse.pde.ui.manifestEditor" StartDate="2011-09-22 11:35:03.271 PDT" StructureHandle="/org.eclipse.mylyn.modeling.ecoretools.ui" StructureKind="resource"/><InteractionEvent Delta="null" EndDate="2011-09-22 11:35:14.401 PDT" Interest="1.0" Kind="propagation" Navigation="null" OriginId="org.eclipse.pde.ui.manifestEditor" StartDate="2011-09-22 11:35:14.401 PDT" StructureHandle="/org.eclipse.mylyn.modeling.gmf.ui" StructureKind="resource"/><InteractionEvent Delta="null" EndDate="2011-09-22 11:25:24.655 PDT" Interest="1.0" Kind="selection" Navigation="null" OriginId="org.eclipse.compare.CompareEditor" StartDate="2011-09-22 11:25:24.655 PDT" StructureHandle="/org.eclipse.mylyn.resources.ui/plugin.xml" StructureKind="plugin.xml"/><InteractionEvent Delta="null" EndDate="2011-09-22 11:35:36.981 PDT" Interest="0.69999933" Kind="propagation" Navigation="org.eclipse.mylyn.core.model.edges.containment" OriginId="org.eclipse.mylyn.core.model.interest.propagation" StartDate="2011-09-22 11:35:36.981 PDT" StructureHandle="=org.eclipse.mylyn.modeling.gmf.ui" StructureKind="resource"/><InteractionEvent Delta="null" EndDate="2011-09-22 11:31:04.494 PDT" Interest="15.0" Kind="selection" Navigation="null" OriginId="org.eclipse.jdt.ui.PackageExplorer" StartDate="2011-09-22 11:31:04.494 PDT" StructureHandle="/org.eclipse.mylyn.resources.ui/.cvsignore" StructureKind="resource"/><InteractionEvent Delta="null" EndDate="2011-09-22 11:35:02.868 PDT" Interest="1.0" Kind="selection" Navigation="null" OriginId="org.eclipse.jdt.ui.PackageExplorer" StartDate="2011-09-22 11:35:02.868 PDT" StructureHandle="/org.eclipse.mylyn.modeling.ecoretools.ui/plugin.xml" StructureKind="plugin.xml"/><InteractionEvent Delta="null" EndDate="2011-09-22 11:35:03.295 PDT" Interest="1.0" Kind="propagation" Navigation="null" OriginId="org.eclipse.pde.ui.manifestEditor" StartDate="2011-09-22 11:35:03.295 PDT" StructureHandle="/org.eclipse.mylyn.modeling.ecoretools.ui" StructureKind="resource"/><InteractionEvent Delta="null" EndDate="2011-09-22 12:27:11.420 PDT" Interest="0.9999981" Kind="propagation" Navigation="org.eclipse.mylyn.core.model.edges.containment" OriginId="org.eclipse.mylyn.core.model.interest.propagation" StartDate="2011-09-22 12:27:11.420 PDT" StructureHandle="" StructureKind="java"/><InteractionEvent Delta="null" EndDate="2011-09-22 11:35:01.724 PDT" Interest="1.0" Kind="propagation" Navigation="null" OriginId="org.eclipse.jdt.ui.PackageExplorer" StartDate="2011-09-22 11:35:01.724 PDT" StructureHandle="/org.eclipse.mylyn.modeling.ecoretools.ui" StructureKind="resource"/><InteractionEvent Delta="null" EndDate="2011-09-22 11:31:04.495 PDT" Interest="11.668" Kind="propagation" Navigation="org.eclipse.mylyn.core.model.edges.containment" OriginId="org.eclipse.mylyn.core.model.interest.propagation" StartDate="2011-09-22 11:31:04.495 PDT" StructureHandle="" StructureKind="java"/><InteractionEvent Delta="null" EndDate="2011-09-22 11:34:12.416 PDT" Interest="1.0" Kind="selection" Navigation="null" OriginId="org.eclipse.jdt.ui.PackageExplorer" StartDate="2011-09-22 11:34:12.416 PDT" StructureHandle="=org.eclipse.mylyn.context.core" StructureKind="java"/><InteractionEvent Delta="null" EndDate="2011-09-22 11:34:41.860 PDT" Interest="1.0" Kind="propagation" Navigation="null" OriginId="org.eclipse.jdt.ui.PackageExplorer" StartDate="2011-09-22 11:34:41.860 PDT" StructureHandle="/org.eclipse.mylyn.modeling.ui" StructureKind="resource"/><InteractionEvent Delta="null" EndDate="2011-09-22 11:25:24.655 PDT" Interest="1.0" Kind="propagation" Navigation="org.eclipse.mylyn.core.model.edges.containment" OriginId="org.eclipse.mylyn.core.model.interest.propagation" StartDate="2011-09-22 11:25:24.655 PDT" StructureHandle="" StructureKind="java"/><InteractionEvent Delta="null" EndDate="2011-09-22 11:35:53.88 PDT" Interest="1.0" Kind="edit" Navigation="null" OriginId="org.eclipse.pde.ui.manifestEditor" StartDate="2011-09-22 11:35:53.88 PDT" StructureHandle="/org.eclipse.mylyn.modeling.gmf.ui/plugin.xml" StructureKind="plugin.xml"/><InteractionEvent Delta="null" EndDate="2011-09-22 11:25:09.28 PDT" Interest="0.01700002" Kind="propagation" Navigation="org.eclipse.mylyn.core.model.edges.containment" OriginId="org.eclipse.mylyn.core.model.interest.propagation" StartDate="2011-09-22 11:25:09.28 PDT" StructureHandle="=org.eclipse.mylyn.resources.ui" StructureKind="resource"/><InteractionEvent Delta="null" EndDate="2011-09-22 11:35:54.659 PDT" Interest="1.0" Kind="propagation" Navigation="null" OriginId="org.eclipse.pde.ui.manifestEditor" StartDate="2011-09-22 11:35:54.659 PDT" StructureHandle="/org.eclipse.mylyn.modeling.gmf.ui/plugin.xml" StructureKind="resource"/><InteractionEvent Delta="null" EndDate="2011-09-22 11:35:01.593 PDT" Interest="1.0" Kind="propagation" Navigation="org.eclipse.mylyn.core.model.edges.containment" OriginId="org.eclipse.mylyn.core.model.interest.propagation" StartDate="2011-09-22 11:35:01.593 PDT" StructureHandle="=org.eclipse.mylyn.modeling.ui" StructureKind="resource"/><InteractionEvent Delta="null" EndDate="2011-09-22 11:35:14.883 PDT" Interest="1.0" Kind="propagation" Navigation="org.eclipse.mylyn.core.model.edges.containment" OriginId="org.eclipse.mylyn.core.model.interest.propagation" StartDate="2011-09-22 11:35:14.883 PDT" StructureHandle="=org.eclipse.mylyn.modeling.gmf.ui" StructureKind="resource"/><InteractionEvent Delta="null" EndDate="2011-09-22 11:35:12.415 PDT" Interest="1.0" Kind="propagation" Navigation="null" OriginId="org.eclipse.pde.ui.manifestEditor" StartDate="2011-09-22 11:35:12.415 PDT" StructureHandle="/org.eclipse.mylyn.modeling.gmf.ui" StructureKind="resource"/><InteractionEvent Delta="null" EndDate="2011-09-22 11:35:10.487 PDT" Interest="1.0" Kind="selection" Navigation="null" OriginId="org.eclipse.jdt.ui.PackageExplorer" StartDate="2011-09-22 11:35:10.487 PDT" StructureHandle="/org.eclipse.mylyn.modeling.ecoretools.ui/plugin.xml" StructureKind="plugin.xml"/><InteractionEvent Delta="null" EndDate="2011-09-22 12:02:15.333 PDT" Interest="1.0" Kind="propagation" Navigation="null" OriginId="org.eclipse.pde.ui.manifestEditor" StartDate="2011-09-22 12:02:15.333 PDT" StructureHandle="/" StructureKind="resource"/><InteractionEvent Delta="null" EndDate="2011-09-22 11:34:43.342 PDT" Interest="0.01700002" Kind="propagation" Navigation="org.eclipse.mylyn.core.model.edges.containment" OriginId="org.eclipse.mylyn.core.model.interest.propagation" StartDate="2011-09-22 11:34:43.342 PDT" StructureHandle="=org.eclipse.mylyn.modeling.ui" StructureKind="resource"/><InteractionEvent Delta="null" EndDate="2011-09-22 11:35:14.883 PDT" Interest="1.0" Kind="propagation" Navigation="null" OriginId="org.eclipse.pde.ui.manifestEditor" StartDate="2011-09-22 11:35:14.883 PDT" StructureHandle="/org.eclipse.mylyn.modeling.gmf.ui" StructureKind="resource"/><InteractionEvent Delta="null" EndDate="2011-09-22 11:35:01.593 PDT" Interest="1.0" Kind="propagation" Navigation="null" OriginId="org.eclipse.jdt.ui.PackageExplorer" StartDate="2011-09-22 11:35:01.593 PDT" StructureHandle="/org.eclipse.mylyn.modeling.ui" StructureKind="resource"/><InteractionEvent Delta="null" EndDate="2011-09-22 11:25:25.9 PDT" Interest="0.70000017" Kind="propagation" Navigation="org.eclipse.mylyn.core.model.edges.containment" OriginId="org.eclipse.mylyn.core.model.interest.propagation" StartDate="2011-09-22 11:25:25.9 PDT" StructureHandle="=org.eclipse.mylyn.resources.ui" StructureKind="resource"/><InteractionEvent Delta="null" EndDate="2011-09-22 12:02:15.334 PDT" Interest="1.0" Kind="propagation" Navigation="null" OriginId="org.eclipse.pde.ui.manifestEditor" StartDate="2011-09-22 12:02:15.334 PDT" StructureHandle="/" StructureKind="resource"/><InteractionEvent Delta="null" EndDate="2011-09-22 11:35:14.883 PDT" Interest="1.0" Kind="edit" Navigation="null" OriginId="org.eclipse.pde.ui.manifestEditor" StartDate="2011-09-22 11:35:14.883 PDT" StructureHandle="/org.eclipse.mylyn.modeling.gmf.ui/plugin.xml" StructureKind="plugin.xml"/><InteractionEvent Delta="null" EndDate="2011-09-22 12:27:11.461 PDT" Interest="1.0" Kind="edit" Navigation="null" OriginId="org.eclipse.pde.ui.manifestEditor" StartDate="2011-09-22 12:27:11.461 PDT" StructureHandle="/org.eclipse.mylyn.modeling.gmf.ui/plugin.xml" StructureKind="plugin.xml"/><InteractionEvent Delta="null" EndDate="2011-09-22 11:34:41.512 PDT" Interest="1.0" Kind="selection" Navigation="null" OriginId="org.eclipse.jdt.ui.PackageExplorer" StartDate="2011-09-22 11:34:41.512 PDT" StructureHandle="/org.eclipse.mylyn.context.ui/plugin.xml" StructureKind="plugin.xml"/><InteractionEvent Delta="null" EndDate="2011-09-22 11:35:44.936 PDT" Interest="1.0" Kind="selection" Navigation="null" OriginId="org.eclipse.pde.ui.manifestEditor" StartDate="2011-09-22 11:35:44.936 PDT" StructureHandle="/org.eclipse.mylyn.modeling.gmf.ui/plugin.xml;-985174221" StructureKind="plugin.xml"/><InteractionEvent Delta="null" EndDate="2011-09-22 11:35:12.414 PDT" Interest="1.0" Kind="propagation" Navigation="org.eclipse.mylyn.core.model.edges.containment" OriginId="org.eclipse.mylyn.core.model.interest.propagation" StartDate="2011-09-22 11:35:12.414 PDT" StructureHandle="=org.eclipse.mylyn.modeling.gmf.ui" StructureKind="resource"/><InteractionEvent Delta="null" EndDate="2011-09-22 11:35:53.87 PDT" Interest="0.03399998" Kind="propagation" Navigation="org.eclipse.mylyn.core.model.edges.containment" OriginId="org.eclipse.mylyn.core.model.interest.propagation" StartDate="2011-09-22 11:35:53.87 PDT" StructureHandle="/org.eclipse.mylyn.modeling.gmf.ui/plugin.xml;1919310411" StructureKind="plugin.xml"/><InteractionEvent Delta="null" EndDate="2011-09-22 12:27:20.795 PDT" Interest="1.0" Kind="selection" Navigation="null" OriginId="org.eclipse.jdt.ui.PackageExplorer" StartDate="2011-09-22 12:27:20.795 PDT" StructureHandle="/org.eclipse.mylyn.resources.ui/plugin.xml" StructureKind="plugin.xml"/><InteractionEvent Delta="null" EndDate="2011-09-22 11:35:53.88 PDT" Interest="0.99999905" Kind="propagation" Navigation="org.eclipse.mylyn.core.model.edges.containment" OriginId="org.eclipse.mylyn.core.model.interest.propagation" StartDate="2011-09-22 11:35:53.88 PDT" StructureHandle="=org.eclipse.mylyn.modeling.gmf.ui" StructureKind="resource"/><InteractionEvent Delta="null" EndDate="2011-09-22 11:35:10.640 PDT" Interest="1.0" Kind="propagation" Navigation="null" OriginId="org.eclipse.jdt.ui.PackageExplorer" StartDate="2011-09-22 11:35:10.640 PDT" StructureHandle="/" StructureKind="resource"/><InteractionEvent Delta="null" EndDate="2011-09-22 11:35:11.960 PDT" Interest="1.0" Kind="propagation" Navigation="null" OriginId="org.eclipse.jdt.ui.PackageExplorer" StartDate="2011-09-22 11:35:11.960 PDT" StructureHandle="/" StructureKind="resource"/><InteractionEvent Delta="null" EndDate="2011-09-22 11:31:04.495 PDT" Interest="1.0" Kind="propagation" Navigation="org.eclipse.mylyn.core.model.edges.containment" OriginId="org.eclipse.mylyn.core.model.interest.propagation" StartDate="2011-09-22 11:31:04.495 PDT" StructureHandle="=org.eclipse.mylyn.resources.ui" StructureKind="java"/><InteractionEvent Delta="null" EndDate="2011-09-22 11:34:45.690 PDT" Interest="1.0" Kind="propagation" Navigation="null" OriginId="org.eclipse.pde.ui.manifestEditor" StartDate="2011-09-22 11:34:45.690 PDT" StructureHandle="/" StructureKind="resource"/><InteractionEvent Delta="null" EndDate="2011-09-22 11:34:17.817 PDT" Interest="1.0" Kind="selection" Navigation="null" OriginId="org.eclipse.jdt.ui.PackageExplorer" StartDate="2011-09-22 11:34:17.817 PDT" StructureHandle="/org.eclipse.mylyn.context.ui/plugin.xml" StructureKind="plugin.xml"/><InteractionEvent Delta="null" EndDate="2011-09-22 11:25:09.28 PDT" Interest="1.0" Kind="selection" Navigation="null" OriginId="org.eclipse.jdt.ui.PackageExplorer" StartDate="2011-09-22 11:25:09.28 PDT" StructureHandle="/org.eclipse.mylyn.resources.ui/plugin.xml" StructureKind="plugin.xml"/><InteractionEvent Delta="null" EndDate="2011-09-22 11:35:10.640 PDT" Interest="1.0" Kind="propagation" Navigation="null" OriginId="org.eclipse.jdt.ui.PackageExplorer" StartDate="2011-09-22 11:35:10.640 PDT" StructureHandle="/org.eclipse.mylyn.modeling.gmf.ui" StructureKind="resource"/><InteractionEvent Delta="null" EndDate="2011-09-22 11:35:50.30 PDT" Interest="1.0" Kind="propagation" Navigation="null" OriginId="org.eclipse.pde.ui.manifestEditor" StartDate="2011-09-22 11:35:50.30 PDT" StructureHandle="/" StructureKind="resource"/><InteractionEvent Delta="null" EndDate="2011-09-22 12:27:11.461 PDT" Interest="0.70000076" Kind="propagation" Navigation="org.eclipse.mylyn.core.model.edges.containment" OriginId="org.eclipse.mylyn.core.model.interest.propagation" StartDate="2011-09-22 12:27:11.461 PDT" StructureHandle="" StructureKind="java"/><InteractionEvent Delta="null" EndDate="2011-09-22 11:35:44.937 PDT" Interest="1.0" Kind="propagation" Navigation="null" OriginId="org.eclipse.pde.ui.manifestEditor" StartDate="2011-09-22 11:35:44.937 PDT" StructureHandle="/" StructureKind="resource"/><InteractionEvent Delta="null" EndDate="2011-09-22 11:35:50.29 PDT" Interest="1.0" Kind="propagation" Navigation="null" OriginId="org.eclipse.pde.ui.manifestEditor" StartDate="2011-09-22 11:35:50.29 PDT" StructureHandle="/" StructureKind="resource"/><InteractionEvent Delta="null" EndDate="2011-09-22 11:34:45.664 PDT" Interest="1.0" Kind="propagation" Navigation="null" OriginId="org.eclipse.pde.ui.manifestEditor" StartDate="2011-09-22 11:34:45.664 PDT" StructureHandle="/" StructureKind="resource"/><InteractionEvent Delta="null" EndDate="2011-09-22 11:31:04.494 PDT" Interest="1.0" Kind="propagation" Navigation="null" OriginId="org.eclipse.jdt.ui.PackageExplorer" StartDate="2011-09-22 11:31:04.494 PDT" StructureHandle="/org.eclipse.mylyn.resources.ui" StructureKind="resource"/><InteractionEvent Delta="null" EndDate="2011-09-22 11:35:44.937 PDT" Interest="1.0" Kind="propagation" Navigation="org.eclipse.mylyn.core.model.edges.containment" OriginId="org.eclipse.mylyn.core.model.interest.propagation" StartDate="2011-09-22 11:35:44.937 PDT" StructureHandle="=org.eclipse.mylyn.modeling.gmf.ui" StructureKind="resource"/><InteractionEvent Delta="null" EndDate="2011-09-22 11:31:04.495 PDT" Interest="1.0" Kind="propagation" Navigation="null" OriginId="org.eclipse.jdt.ui.PackageExplorer" StartDate="2011-09-22 11:31:04.495 PDT" StructureHandle="/org.eclipse.mylyn.resources.ui" StructureKind="resource"/><InteractionEvent Delta="null" EndDate="2011-09-22 11:34:43.341 PDT" Interest="1.0" Kind="selection" Navigation="null" OriginId="org.eclipse.jdt.ui.PackageExplorer" StartDate="2011-09-22 11:34:43.341 PDT" StructureHandle="=org.eclipse.mylyn.modeling.ui/src" StructureKind="java"/><InteractionEvent Delta="null" EndDate="2011-09-22 11:35:03.295 PDT" Interest="1.0000001" Kind="propagation" Navigation="org.eclipse.mylyn.core.model.edges.containment" OriginId="org.eclipse.mylyn.core.model.interest.propagation" StartDate="2011-09-22 11:35:03.295 PDT" StructureHandle="=org.eclipse.mylyn.modeling.ecoretools.ui" StructureKind="resource"/><InteractionEvent Delta="null" EndDate="2011-09-22 11:35:14.401 PDT" Interest="0.99999976" Kind="propagation" Navigation="org.eclipse.mylyn.core.model.edges.containment" OriginId="org.eclipse.mylyn.core.model.interest.propagation" StartDate="2011-09-22 11:35:14.401 PDT" StructureHandle="=org.eclipse.mylyn.modeling.gmf.ui" StructureKind="resource"/><InteractionEvent Delta="null" EndDate="2011-09-22 12:02:15.333 PDT" Interest="1.0" Kind="propagation" Navigation="org.eclipse.mylyn.core.model.edges.containment" OriginId="org.eclipse.mylyn.core.model.interest.propagation" StartDate="2011-09-22 12:02:15.333 PDT" StructureHandle="=org.eclipse.mylyn.modeling.gmf.ui" StructureKind="resource"/><InteractionEvent Delta="null" EndDate="2011-09-22 11:35:44.937 PDT" Interest="1.0" Kind="propagation" Navigation="null" OriginId="org.eclipse.pde.ui.manifestEditor" StartDate="2011-09-22 11:35:44.937 PDT" StructureHandle="/org.eclipse.mylyn.modeling.gmf.ui" StructureKind="resource"/><InteractionEvent Delta="null" EndDate="2011-09-22 11:35:14.883 PDT" Interest="1.0" Kind="propagation" Navigation="null" OriginId="org.eclipse.pde.ui.manifestEditor" StartDate="2011-09-22 11:35:14.883 PDT" StructureHandle="/org.eclipse.mylyn.modeling.gmf.ui/plugin.xml" StructureKind="resource"/><InteractionEvent Delta="null" EndDate="2011-09-22 11:35:10.487 PDT" Interest="0.99999976" Kind="propagation" Navigation="org.eclipse.mylyn.core.model.edges.containment" OriginId="org.eclipse.mylyn.core.model.interest.propagation" StartDate="2011-09-22 11:35:10.487 PDT" StructureHandle="=org.eclipse.mylyn.modeling.ecoretools.ui" StructureKind="resource"/><InteractionEvent Delta="null" EndDate="2011-09-22 11:35:12.440 PDT" Interest="1.0" Kind="propagation" Navigation="null" OriginId="org.eclipse.pde.ui.manifestEditor" StartDate="2011-09-22 11:35:12.440 PDT" StructureHandle="/org.eclipse.mylyn.modeling.gmf.ui" StructureKind="resource"/><InteractionEvent Delta="null" EndDate="2011-09-22 11:35:03.271 PDT" Interest="1.0" Kind="propagation" Navigation="org.eclipse.mylyn.core.model.edges.containment" OriginId="org.eclipse.mylyn.core.model.interest.propagation" StartDate="2011-09-22 11:35:03.271 PDT" StructureHandle="=org.eclipse.mylyn.modeling.ecoretools.ui" StructureKind="resource"/><InteractionEvent Delta="null" EndDate="2011-09-22 11:35:38.597 PDT" Interest="1.0" Kind="edit" Navigation="null" OriginId="org.eclipse.pde.ui.manifestEditor" StartDate="2011-09-22 11:35:38.597 PDT" StructureHandle="/org.eclipse.mylyn.modeling.gmf.ui/plugin.xml" StructureKind="plugin.xml"/><InteractionEvent Delta="null" EndDate="2011-09-22 11:34:12.416 PDT" Interest="1.0" Kind="propagation" Navigation="null" OriginId="org.eclipse.jdt.ui.PackageExplorer" StartDate="2011-09-22 11:34:12.416 PDT" StructureHandle="/" StructureKind="resource"/><InteractionEvent Delta="null" EndDate="2011-09-22 11:35:50.29 PDT" Interest="1.0" Kind="propagation" Navigation="org.eclipse.mylyn.core.model.edges.containment" OriginId="org.eclipse.mylyn.core.model.interest.propagation" StartDate="2011-09-22 11:35:50.29 PDT" StructureHandle="=org.eclipse.mylyn.modeling.gmf.ui" StructureKind="resource"/><InteractionEvent Delta="null" EndDate="2011-09-22 11:35:50.30 PDT" Interest="1.0" Kind="propagation" Navigation="null" OriginId="org.eclipse.pde.ui.manifestEditor" StartDate="2011-09-22 11:35:50.30 PDT" StructureHandle="/org.eclipse.mylyn.modeling.gmf.ui" StructureKind="resource"/><InteractionEvent Delta="null" EndDate="2011-09-22 12:27:11.461 PDT" Interest="0.70000076" Kind="propagation" Navigation="org.eclipse.mylyn.core.model.edges.containment" OriginId="org.eclipse.mylyn.core.model.interest.propagation" StartDate="2011-09-22 12:27:11.461 PDT" StructureHandle="=org.eclipse.mylyn.modeling.gmf.ui" StructureKind="resource"/><InteractionEvent Delta="null" EndDate="2011-09-22 11:35:50.29 PDT" Interest="1.0" Kind="propagation" Navigation="null" OriginId="org.eclipse.pde.ui.manifestEditor" StartDate="2011-09-22 11:35:50.29 PDT" StructureHandle="/org.eclipse.mylyn.modeling.gmf.ui" StructureKind="resource"/><InteractionEvent Delta="null" EndDate="2011-09-22 11:25:25.463 PDT" Interest="0.6999998" Kind="propagation" Navigation="org.eclipse.mylyn.core.model.edges.containment" OriginId="org.eclipse.mylyn.core.model.interest.propagation" StartDate="2011-09-22 11:25:25.463 PDT" StructureHandle="/" StructureKind="resource"/><InteractionEvent Delta="null" EndDate="2011-09-22 11:35:03.295 PDT" Interest="1.0" Kind="selection" Navigation="null" OriginId="org.eclipse.pde.ui.manifestEditor" StartDate="2011-09-22 11:35:03.295 PDT" StructureHandle="/org.eclipse.mylyn.modeling.ecoretools.ui/plugin.xml;1713240261" StructureKind="plugin.xml"/><InteractionEvent Delta="null" EndDate="2011-09-22 11:34:43.342 PDT" Interest="1.0" Kind="propagation" Navigation="null" OriginId="org.eclipse.jdt.ui.PackageExplorer" StartDate="2011-09-22 11:34:43.342 PDT" StructureHandle="/org.eclipse.mylyn.modeling.ui" StructureKind="resource"/><InteractionEvent Delta="null" EndDate="2011-09-22 11:35:50.29 PDT" Interest="0.06800002" Kind="propagation" Navigation="org.eclipse.mylyn.core.model.edges.containment" OriginId="org.eclipse.mylyn.core.model.interest.propagation" StartDate="2011-09-22 11:35:50.29 PDT" StructureHandle="/org.eclipse.mylyn.modeling.gmf.ui/plugin.xml;1919310411" StructureKind="plugin.xml"/><InteractionEvent Delta="null" EndDate="2011-09-22 12:27:20.582 PDT" Interest="1.0" Kind="selection" Navigation="null" OriginId="org.eclipse.jdt.ui.PackageExplorer" StartDate="2011-09-22 12:27:20.582 PDT" StructureHandle="/org.eclipse.mylyn.modeling.gmf.ui/plugin.xml" StructureKind="plugin.xml"/><InteractionEvent Delta="null" EndDate="2011-09-22 12:27:20.582 PDT" Interest="1.0" Kind="propagation" Navigation="org.eclipse.mylyn.core.model.edges.containment" OriginId="org.eclipse.mylyn.core.model.interest.propagation" StartDate="2011-09-22 12:27:20.582 PDT" StructureHandle="" StructureKind="java"/><InteractionEvent Delta="null" EndDate="2011-09-22 11:35:03.295 PDT" Interest="1.0" Kind="propagation" Navigation="null" OriginId="org.eclipse.pde.ui.manifestEditor" StartDate="2011-09-22 11:35:03.295 PDT" StructureHandle="/org.eclipse.mylyn.modeling.ecoretools.ui/plugin.xml" StructureKind="resource"/><InteractionEvent Delta="null" EndDate="2011-09-22 11:35:03.295 PDT" Interest="1.0" Kind="propagation" Navigation="null" OriginId="org.eclipse.pde.ui.manifestEditor" StartDate="2011-09-22 11:35:03.295 PDT" StructureHandle="/" StructureKind="resource"/><InteractionEvent Delta="null" EndDate="2011-09-22 11:34:45.664 PDT" Interest="0.01699996" Kind="propagation" Navigation="org.eclipse.mylyn.core.model.edges.containment" OriginId="org.eclipse.mylyn.core.model.interest.propagation" StartDate="2011-09-22 11:34:45.664 PDT" StructureHandle="=org.eclipse.mylyn.modeling.ui" StructureKind="resource"/><InteractionEvent Delta="null" EndDate="2011-09-22 11:35:12.440 PDT" Interest="1.0" Kind="propagation" Navigation="null" OriginId="org.eclipse.pde.ui.manifestEditor" StartDate="2011-09-22 11:35:12.440 PDT" StructureHandle="/" StructureKind="resource"/><InteractionEvent Delta="null" EndDate="2011-09-22 11:34:41.860 PDT" Interest="1.0" Kind="propagation" Navigation="null" OriginId="org.eclipse.jdt.ui.PackageExplorer" StartDate="2011-09-22 11:34:41.860 PDT" StructureHandle="/" StructureKind="resource"/><InteractionEvent Delta="null" EndDate="2011-09-22 11:34:45.690 PDT" Interest="1.0" Kind="propagation" Navigation="org.eclipse.mylyn.core.model.edges.containment" OriginId="org.eclipse.mylyn.core.model.interest.propagation" StartDate="2011-09-22 11:34:45.690 PDT" StructureHandle="/org.eclipse.mylyn.modeling.ui/plugin.xml;-985174221" StructureKind="plugin.xml"/><InteractionEvent Delta="null" EndDate="2011-09-22 11:35:10.487 PDT" Interest="1.0" Kind="propagation" Navigation="null" OriginId="org.eclipse.jdt.ui.PackageExplorer" StartDate="2011-09-22 11:35:10.487 PDT" StructureHandle="/org.eclipse.mylyn.modeling.ecoretools.ui" StructureKind="resource"/><InteractionEvent Delta="null" EndDate="2011-09-22 11:35:03.271 PDT" Interest="1.0" Kind="propagation" Navigation="null" OriginId="org.eclipse.pde.ui.manifestEditor" StartDate="2011-09-22 11:35:03.271 PDT" StructureHandle="/" StructureKind="resource"/><InteractionEvent Delta="null" EndDate="2011-09-22 11:34:17.817 PDT" Interest="0.01700002" Kind="propagation" Navigation="org.eclipse.mylyn.core.model.edges.containment" OriginId="org.eclipse.mylyn.core.model.interest.propagation" StartDate="2011-09-22 11:34:17.817 PDT" StructureHandle="=org.eclipse.mylyn.context.ui" StructureKind="resource"/><InteractionEvent Delta="null" EndDate="2011-09-22 11:35:14.401 PDT" Interest="1.0" Kind="propagation" Navigation="null" OriginId="org.eclipse.pde.ui.manifestEditor" StartDate="2011-09-22 11:35:14.401 PDT" StructureHandle="/" StructureKind="resource"/><InteractionEvent Delta="null" EndDate="2011-09-22 11:35:01.724 PDT" Interest="1.0" Kind="propagation" Navigation="null" OriginId="org.eclipse.jdt.ui.PackageExplorer" StartDate="2011-09-22 11:35:01.724 PDT" StructureHandle="/" StructureKind="resource"/><InteractionEvent Delta="null" EndDate="2011-09-22 12:02:15.333 PDT" Interest="1.0" Kind="propagation" Navigation="org.eclipse.mylyn.core.model.edges.containment" OriginId="org.eclipse.mylyn.core.model.interest.propagation" StartDate="2011-09-22 12:02:15.333 PDT" StructureHandle="" StructureKind="java"/><InteractionEvent Delta="null" EndDate="2011-09-22 11:34:45.690 PDT" Interest="0.01700002" Kind="propagation" Navigation="org.eclipse.mylyn.core.model.edges.containment" OriginId="org.eclipse.mylyn.core.model.interest.propagation" StartDate="2011-09-22 11:34:45.690 PDT" StructureHandle="=org.eclipse.mylyn.modeling.ui" StructureKind="resource"/><InteractionEvent Delta="null" EndDate="2011-09-22 11:25:25.9 PDT" Interest="1.0" Kind="propagation" Navigation="null" OriginId="org.eclipse.compare.CompareEditor" StartDate="2011-09-22 11:25:25.9 PDT" StructureHandle="/org.eclipse.mylyn.resources.ui" StructureKind="resource"/><InteractionEvent Delta="null" EndDate="2011-09-22 11:35:14.400 PDT" Interest="1.0" Kind="selection" Navigation="null" OriginId="org.eclipse.pde.ui.manifestEditor" StartDate="2011-09-22 11:35:14.400 PDT" StructureHandle="/org.eclipse.mylyn.modeling.gmf.ui/plugin.xml;-1526464987" StructureKind="plugin.xml"/><InteractionEvent Delta="null" EndDate="2011-09-22 12:27:10.833 PDT" Interest="1.0" Kind="propagation" Navigation="org.eclipse.mylyn.core.model.edges.containment" OriginId="org.eclipse.mylyn.core.model.interest.propagation" StartDate="2011-09-22 12:27:10.833 PDT" StructureHandle="=org.eclipse.mylyn.modeling.gmf.ui" StructureKind="resource"/><InteractionEvent Delta="null" EndDate="2011-09-22 11:35:03.295 PDT" Interest="1.0" Kind="propagation" Navigation="org.eclipse.mylyn.core.model.edges.containment" OriginId="org.eclipse.mylyn.core.model.interest.propagation" StartDate="2011-09-22 11:35:03.295 PDT" StructureHandle="/org.eclipse.mylyn.modeling.ecoretools.ui/plugin.xml;-985174221" StructureKind="plugin.xml"/><InteractionEvent Delta="null" EndDate="2011-09-22 11:35:40.370 PDT" Interest="0.69999886" Kind="propagation" Navigation="org.eclipse.mylyn.core.model.edges.containment" OriginId="org.eclipse.mylyn.core.model.interest.propagation" StartDate="2011-09-22 11:35:40.370 PDT" StructureHandle="=org.eclipse.mylyn.modeling.gmf.ui" StructureKind="resource"/><InteractionEvent Delta="null" EndDate="2011-09-22 11:35:14.401 PDT" Interest="1.0" Kind="propagation" Navigation="org.eclipse.mylyn.core.model.edges.containment" OriginId="org.eclipse.mylyn.core.model.interest.propagation" StartDate="2011-09-22 11:35:14.401 PDT" StructureHandle="/org.eclipse.mylyn.modeling.gmf.ui/plugin.xml;-985174221" StructureKind="plugin.xml"/><InteractionEvent Delta="null" EndDate="2011-09-22 12:27:10.832 PDT" Interest="1.0" Kind="selection" Navigation="null" OriginId="org.eclipse.jdt.ui.PackageExplorer" StartDate="2011-09-22 12:27:10.832 PDT" StructureHandle="/org.eclipse.mylyn.modeling.gmf.ui/plugin.xml" StructureKind="plugin.xml"/><InteractionEvent Delta="null" EndDate="2011-09-22 11:35:14.402 PDT" Interest="1.0" Kind="propagation" Navigation="null" OriginId="org.eclipse.pde.ui.manifestEditor" StartDate="2011-09-22 11:35:14.402 PDT" StructureHandle="/" StructureKind="resource"/><InteractionEvent Delta="null" EndDate="2011-09-22 11:31:04.495 PDT" Interest="1.0" Kind="selection" Navigation="null" OriginId="org.eclipse.jdt.ui.PackageExplorer" StartDate="2011-09-22 11:31:04.495 PDT" StructureHandle="/org.eclipse.mylyn.resources.ui/.cvsignore" StructureKind="resource"/><InteractionEvent Delta="null" EndDate="2011-09-22 11:35:40.369 PDT" Interest="1.0" Kind="propagation" Navigation="org.eclipse.mylyn.core.model.edges.containment" OriginId="org.eclipse.mylyn.core.model.interest.propagation" StartDate="2011-09-22 11:35:40.369 PDT" StructureHandle="=org.eclipse.mylyn.modeling.gmf.ui" StructureKind="resource"/><InteractionEvent Delta="null" EndDate="2011-09-22 11:34:45.664 PDT" Interest="1.0" Kind="selection" Navigation="null" OriginId="org.eclipse.pde.ui.manifestEditor" StartDate="2011-09-22 11:34:45.664 PDT" StructureHandle="/org.eclipse.mylyn.modeling.ui/plugin.xml" StructureKind="plugin.xml"/><InteractionEvent Delta="null" EndDate="2011-09-22 12:27:11.419 PDT" Interest="1.0" Kind="selection" Navigation="null" OriginId="org.eclipse.pde.ui.manifestEditor" StartDate="2011-09-22 12:27:11.419 PDT" StructureHandle="/org.eclipse.mylyn.modeling.gmf.ui/plugin.xml" StructureKind="plugin.xml"/><InteractionEvent Delta="null" EndDate="2011-09-22 11:35:40.369 PDT" Interest="1.0" Kind="propagation" Navigation="null" OriginId="org.eclipse.pde.ui.manifestEditor" StartDate="2011-09-22 11:35:40.369 PDT" StructureHandle="/" StructureKind="resource"/><InteractionEvent Delta="null" EndDate="2011-09-22 11:35:50.30 PDT" Interest="0.70000076" Kind="propagation" Navigation="org.eclipse.mylyn.core.model.edges.containment" OriginId="org.eclipse.mylyn.core.model.interest.propagation" StartDate="2011-09-22 11:35:50.30 PDT" StructureHandle="=org.eclipse.mylyn.modeling.gmf.ui" StructureKind="resource"/><InteractionEvent Delta="null" EndDate="2011-09-22 12:27:20.582 PDT" Interest="1.0" Kind="propagation" Navigation="null" OriginId="org.eclipse.jdt.ui.PackageExplorer" StartDate="2011-09-22 12:27:20.582 PDT" StructureHandle="/" StructureKind="resource"/><InteractionEvent Delta="null" EndDate="2011-09-22 11:34:12.84 PDT" Interest="1.0" Kind="selection" Navigation="null" OriginId="org.eclipse.jdt.ui.PackageExplorer" StartDate="2011-09-22 11:34:12.84 PDT" StructureHandle="/org.eclipse.mylyn.resources.ui/.cvsignore" StructureKind="resource"/><InteractionEvent Delta="null" EndDate="2011-09-22 11:35:36.981 PDT" Interest="1.0" Kind="propagation" Navigation="null" OriginId="org.eclipse.pde.ui.manifestEditor" StartDate="2011-09-22 11:35:36.981 PDT" StructureHandle="/org.eclipse.mylyn.modeling.gmf.ui/plugin.xml" StructureKind="resource"/><InteractionEvent Delta="null" EndDate="2011-09-22 12:02:15.331 PDT" Interest="1.0" Kind="selection" Navigation="null" OriginId="org.eclipse.pde.ui.manifestEditor" StartDate="2011-09-22 12:02:15.331 PDT" StructureHandle="/org.eclipse.mylyn.modeling.gmf.ui/plugin.xml;-658680777" StructureKind="plugin.xml"/><InteractionEvent Delta="null" EndDate="2011-09-22 11:35:40.370 PDT" Interest="1.0" Kind="propagation" Navigation="null" OriginId="org.eclipse.pde.ui.manifestEditor" StartDate="2011-09-22 11:35:40.370 PDT" StructureHandle="/" StructureKind="resource"/><InteractionEvent Delta="null" EndDate="2011-09-22 11:35:54.659 PDT" Interest="1.0" Kind="selection" Navigation="null" OriginId="org.eclipse.pde.ui.manifestEditor" StartDate="2011-09-22 11:35:54.659 PDT" StructureHandle="/org.eclipse.mylyn.modeling.gmf.ui/plugin.xml;-2128595218" StructureKind="plugin.xml"/><InteractionEvent Delta="null" EndDate="2011-09-22 11:34:12.416 PDT" Interest="1.0" Kind="propagation" Navigation="null" OriginId="org.eclipse.jdt.ui.PackageExplorer" StartDate="2011-09-22 11:34:12.416 PDT" StructureHandle="/org.eclipse.mylyn.context.core" StructureKind="resource"/><InteractionEvent Delta="null" EndDate="2011-09-22 11:34:17.817 PDT" Interest="1.0" Kind="propagation" Navigation="null" OriginId="org.eclipse.jdt.ui.PackageExplorer" StartDate="2011-09-22 11:34:17.817 PDT" StructureHandle="/" StructureKind="resource"/><InteractionEvent Delta="null" EndDate="2011-09-22 11:34:18.258 PDT" Interest="1.0" Kind="edit" Navigation="null" OriginId="org.eclipse.pde.ui.manifestEditor" StartDate="2011-09-22 11:34:18.258 PDT" StructureHandle="/org.eclipse.mylyn.context.ui/plugin.xml" StructureKind="plugin.xml"/><InteractionEvent Delta="null" EndDate="2011-09-22 11:35:54.660 PDT" Interest="0.94000053" Kind="propagation" Navigation="org.eclipse.mylyn.core.model.edges.containment" OriginId="org.eclipse.mylyn.core.model.interest.propagation" StartDate="2011-09-22 11:35:54.660 PDT" StructureHandle="" StructureKind="java"/><InteractionEvent Delta="null" EndDate="2011-09-22 11:25:24.655 PDT" Interest="1.0" Kind="propagation" Navigation="org.eclipse.mylyn.core.model.edges.containment" OriginId="org.eclipse.mylyn.core.model.interest.propagation" StartDate="2011-09-22 11:25:24.655 PDT" StructureHandle="=org.eclipse.mylyn.resources.ui" StructureKind="resource"/><InteractionEvent Delta="null" EndDate="2011-09-22 11:35:12.415 PDT" Interest="1.0" Kind="propagation" Navigation="null" OriginId="org.eclipse.pde.ui.manifestEditor" StartDate="2011-09-22 11:35:12.415 PDT" StructureHandle="/" StructureKind="resource"/><InteractionEvent Delta="null" EndDate="2011-09-22 11:35:38.596 PDT" Interest="1.0" Kind="propagation" Navigation="org.eclipse.mylyn.core.model.edges.containment" OriginId="org.eclipse.mylyn.core.model.interest.propagation" StartDate="2011-09-22 11:35:38.596 PDT" StructureHandle="=org.eclipse.mylyn.modeling.gmf.ui" StructureKind="resource"/><InteractionEvent Delta="null" EndDate="2011-09-22 11:35:01.724 PDT" Interest="1.0" Kind="selection" Navigation="null" OriginId="org.eclipse.jdt.ui.PackageExplorer" StartDate="2011-09-22 11:35:01.724 PDT" StructureHandle="=org.eclipse.mylyn.modeling.ecoretools.ui" StructureKind="java"/><InteractionEvent Delta="null" EndDate="2011-09-22 11:35:40.368 PDT" Interest="1.0" Kind="propagation" Navigation="null" OriginId="org.eclipse.pde.ui.manifestEditor" StartDate="2011-09-22 11:35:40.368 PDT" StructureHandle="/org.eclipse.mylyn.modeling.gmf.ui/plugin.xml" StructureKind="resource"/><InteractionEvent Delta="null" EndDate="2011-09-22 11:34:18.258 PDT" Interest="0.70000017" Kind="propagation" Navigation="org.eclipse.mylyn.core.model.edges.containment" OriginId="org.eclipse.mylyn.core.model.interest.propagation" StartDate="2011-09-22 11:34:18.258 PDT" StructureHandle="=org.eclipse.mylyn.context.ui" StructureKind="resource"/><InteractionEvent Delta="null" EndDate="2011-09-22 11:34:18.210 PDT" Interest="1.0" Kind="propagation" Navigation="org.eclipse.mylyn.core.model.edges.containment" OriginId="org.eclipse.mylyn.core.model.interest.propagation" StartDate="2011-09-22 11:34:18.210 PDT" StructureHandle="=org.eclipse.mylyn.context.ui" StructureKind="resource"/><InteractionEvent Delta="null" EndDate="2011-09-22 11:35:11.960 PDT" Interest="0.01700002" Kind="propagation" Navigation="org.eclipse.mylyn.core.model.edges.containment" OriginId="org.eclipse.mylyn.core.model.interest.propagation" StartDate="2011-09-22 11:35:11.960 PDT" StructureHandle="=org.eclipse.mylyn.modeling.gmf.ui" StructureKind="resource"/><InteractionEvent Delta="null" EndDate="2011-09-22 11:35:53.88 PDT" Interest="0.69999886" Kind="propagation" Navigation="org.eclipse.mylyn.core.model.edges.containment" OriginId="org.eclipse.mylyn.core.model.interest.propagation" StartDate="2011-09-22 11:35:53.88 PDT" StructureHandle="=org.eclipse.mylyn.modeling.gmf.ui" StructureKind="resource"/><InteractionEvent Delta="null" EndDate="2011-09-22 11:35:54.660 PDT" Interest="1.0" Kind="propagation" Navigation="null" OriginId="org.eclipse.pde.ui.manifestEditor" StartDate="2011-09-22 11:35:54.660 PDT" StructureHandle="/" StructureKind="resource"/><InteractionEvent Delta="null" EndDate="2011-09-22 11:25:25.10 PDT" Interest="0.70000017" Kind="propagation" Navigation="org.eclipse.mylyn.core.model.edges.containment" OriginId="org.eclipse.mylyn.core.model.interest.propagation" StartDate="2011-09-22 11:25:25.10 PDT" StructureHandle="" StructureKind="java"/><InteractionEvent Delta="null" EndDate="2011-09-22 11:25:25.9 PDT" Interest="0.70000017" Kind="propagation" Navigation="org.eclipse.mylyn.core.model.edges.containment" OriginId="org.eclipse.mylyn.core.model.interest.propagation" StartDate="2011-09-22 11:25:25.9 PDT" StructureHandle="/" StructureKind="resource"/><InteractionEvent Delta="null" EndDate="2011-09-22 11:35:01.592 PDT" Interest="1.0" Kind="selection" Navigation="null" OriginId="org.eclipse.jdt.ui.PackageExplorer" StartDate="2011-09-22 11:35:01.592 PDT" StructureHandle="/org.eclipse.mylyn.modeling.ui/plugin.xml" StructureKind="plugin.xml"/><InteractionEvent Delta="null" EndDate="2011-09-22 11:35:12.440 PDT" Interest="1.0" Kind="propagation" Navigation="null" OriginId="org.eclipse.pde.ui.manifestEditor" StartDate="2011-09-22 11:35:12.440 PDT" StructureHandle="/org.eclipse.mylyn.modeling.gmf.ui/plugin.xml" StructureKind="resource"/><InteractionEvent Delta="null" EndDate="2011-09-22 11:35:50.28 PDT" Interest="1.0" Kind="selection" Navigation="null" OriginId="org.eclipse.pde.ui.manifestEditor" StartDate="2011-09-22 11:35:50.28 PDT" StructureHandle="/org.eclipse.mylyn.modeling.gmf.ui/plugin.xml;-962141039" StructureKind="plugin.xml"/><InteractionEvent Delta="null" EndDate="2011-09-22 11:35:12.440 PDT" Interest="1.0000001" Kind="propagation" Navigation="org.eclipse.mylyn.core.model.edges.containment" OriginId="org.eclipse.mylyn.core.model.interest.propagation" StartDate="2011-09-22 11:35:12.440 PDT" StructureHandle="=org.eclipse.mylyn.modeling.gmf.ui" StructureKind="resource"/><InteractionEvent Delta="null" EndDate="2011-09-22 11:35:50.29 PDT" Interest="1.0" Kind="propagation" Navigation="null" OriginId="org.eclipse.pde.ui.manifestEditor" StartDate="2011-09-22 11:35:50.29 PDT" StructureHandle="/org.eclipse.mylyn.modeling.gmf.ui/plugin.xml" StructureKind="resource"/><InteractionEvent Delta="null" EndDate="2011-09-22 11:35:14.402 PDT" Interest="0.70000005" Kind="propagation" Navigation="org.eclipse.mylyn.core.model.edges.containment" OriginId="org.eclipse.mylyn.core.model.interest.propagation" StartDate="2011-09-22 11:35:14.402 PDT" StructureHandle="=org.eclipse.mylyn.modeling.gmf.ui" StructureKind="resource"/><InteractionEvent Delta="null" EndDate="2011-09-22 11:35:11.960 PDT" Interest="1.0" Kind="selection" Navigation="null" OriginId="org.eclipse.jdt.ui.PackageExplorer" StartDate="2011-09-22 11:35:11.960 PDT" StructureHandle="/org.eclipse.mylyn.modeling.gmf.ui/plugin.xml" StructureKind="plugin.xml"/><InteractionEvent Delta="null" EndDate="2011-09-22 11:35:40.370 PDT" Interest="1.0" Kind="propagation" Navigation="null" OriginId="org.eclipse.pde.ui.manifestEditor" StartDate="2011-09-22 11:35:40.370 PDT" StructureHandle="/org.eclipse.mylyn.modeling.gmf.ui" StructureKind="resource"/><InteractionEvent Delta="null" EndDate="2011-09-22 11:35:40.369 PDT" Interest="1.0" Kind="propagation" Navigation="null" OriginId="org.eclipse.pde.ui.manifestEditor" StartDate="2011-09-22 11:35:40.369 PDT" StructureHandle="/org.eclipse.mylyn.modeling.gmf.ui" StructureKind="resource"/><InteractionEvent Delta="null" EndDate="2011-09-22 12:27:11.420 PDT" Interest="1.0" Kind="propagation" Navigation="null" OriginId="org.eclipse.pde.ui.manifestEditor" StartDate="2011-09-22 12:27:11.420 PDT" StructureHandle="/org.eclipse.mylyn.modeling.gmf.ui" StructureKind="resource"/><InteractionEvent Delta="null" EndDate="2011-09-22 11:35:53.88 PDT" Interest="1.0" Kind="propagation" Navigation="null" OriginId="org.eclipse.pde.ui.manifestEditor" StartDate="2011-09-22 11:35:53.88 PDT" StructureHandle="/org.eclipse.mylyn.modeling.gmf.ui" StructureKind="resource"/><InteractionEvent Delta="null" EndDate="2011-09-22 11:35:02.868 PDT" Interest="0.01700002" Kind="propagation" Navigation="org.eclipse.mylyn.core.model.edges.containment" OriginId="org.eclipse.mylyn.core.model.interest.propagation" StartDate="2011-09-22 11:35:02.868 PDT" StructureHandle="=org.eclipse.mylyn.modeling.ecoretools.ui" StructureKind="resource"/><InteractionEvent Delta="null" EndDate="2011-09-22 11:34:18.258 PDT" Interest="1.0" Kind="propagation" Navigation="null" OriginId="org.eclipse.pde.ui.manifestEditor" StartDate="2011-09-22 11:34:18.258 PDT" StructureHandle="/" StructureKind="resource"/><InteractionEvent Delta="null" EndDate="2011-09-22 11:34:18.210 PDT" Interest="1.0" Kind="selection" Navigation="null" OriginId="org.eclipse.pde.ui.manifestEditor" StartDate="2011-09-22 11:34:18.210 PDT" StructureHandle="/org.eclipse.mylyn.context.ui/plugin.xml" StructureKind="plugin.xml"/></InteractionHistory>