<?xml version="1.0" encoding="UTF-8"?><InteractionHistory Id="https://bugs.eclipse.org/bugs-357544" Version="1"><InteractionEvent Delta="null" EndDate="2011-09-13 12:04:50.983 PDT" Interest="1.0" Kind="propagation" Navigation="null" OriginId="org.eclipse.jdt.ui.PackageExplorer" StartDate="2011-09-13 12:04:50.983 PDT" StructureHandle="/org.eclipse.mylyn.context.ui/src" StructureKind="resource"/><InteractionEvent Delta="null" EndDate="2011-09-13 12:06:12.871 PDT" Interest="1.0" Kind="propagation" Navigation="null" OriginId="org.eclipse.jdt.ui.CompilationUnitEditor" StartDate="2011-09-13 12:06:12.871 PDT" StructureHandle="/org.eclipse.mylyn.context.ui" StructureKind="resource"/><InteractionEvent Delta="null" EndDate="2011-09-13 12:04:46.650 PDT" Interest="1.0" Kind="propagation" Navigation="null" OriginId="org.eclipse.jdt.ui.CompilationUnitEditor" StartDate="2011-09-13 12:04:46.650 PDT" StructureHandle="/org.eclipse.mylyn.context.ui/src" StructureKind="resource"/><InteractionEvent Delta="null" EndDate="2011-09-13 12:04:42.558 PDT" Interest="0.0169999" Kind="propagation" Navigation="org.eclipse.mylyn.core.model.edges.containment" OriginId="org.eclipse.mylyn.core.model.interest.propagation" StartDate="2011-09-13 12:04:42.558 PDT" StructureHandle="=org.eclipse.mylyn.context.ui" StructureKind="resource"/><InteractionEvent Delta="null" EndDate="2011-09-13 12:04:50.983 PDT" Interest="0.99999976" Kind="propagation" Navigation="org.eclipse.mylyn.core.model.edges.containment" OriginId="org.eclipse.mylyn.core.model.interest.propagation" StartDate="2011-09-13 12:04:50.983 PDT" StructureHandle="=org.eclipse.mylyn.context.ui/src" StructureKind="java"/><InteractionEvent Delta="null" EndDate="2011-09-13 12:05:56.941 PDT" Interest="1.0000005" Kind="propagation" Navigation="org.eclipse.mylyn.core.model.edges.containment" OriginId="org.eclipse.mylyn.core.model.interest.propagation" StartDate="2011-09-13 12:05:56.941 PDT" StructureHandle="=org.eclipse.mylyn.context.ui/src" StructureKind="java"/><InteractionEvent Delta="null" EndDate="2011-09-13 12:05:56.941 PDT" Interest="0.99999905" Kind="propagation" Navigation="org.eclipse.mylyn.core.model.edges.containment" OriginId="org.eclipse.mylyn.core.model.interest.propagation" StartDate="2011-09-13 12:05:56.941 PDT" StructureHandle="=org.eclipse.mylyn.context.ui" StructureKind="resource"/><InteractionEvent Delta="null" EndDate="2011-09-13 12:04:46.598 PDT" Interest="0.03399992" Kind="propagation" Navigation="org.eclipse.mylyn.core.model.edges.containment" OriginId="org.eclipse.mylyn.core.model.interest.propagation" StartDate="2011-09-13 12:04:46.598 PDT" StructureHandle="/org.eclipse.mylyn.context.ui/src/org/eclipse/mylyn/internal" StructureKind="resource"/><InteractionEvent Delta="null" EndDate="2011-09-13 12:05:19.62 PDT" Interest="1.0" Kind="propagation" Navigation="org.eclipse.mylyn.core.model.edges.containment" OriginId="org.eclipse.mylyn.core.model.interest.propagation" StartDate="2011-09-13 12:05:19.62 PDT" StructureHandle="/org.eclipse.mylyn.context.ui/src/org" StructureKind="resource"/><InteractionEvent Delta="null" EndDate="2011-09-13 12:04:40.723 PDT" Interest="0.01700002" Kind="propagation" Navigation="org.eclipse.mylyn.core.model.edges.containment" OriginId="org.eclipse.mylyn.core.model.interest.propagation" StartDate="2011-09-13 12:04:40.723 PDT" StructureHandle="=org.eclipse.mylyn.context.ui" StructureKind="resource"/><InteractionEvent Delta="null" EndDate="2011-09-13 12:04:47.74 PDT" Interest="1.0" Kind="propagation" Navigation="null" OriginId="org.eclipse.jdt.ui.CompilationUnitEditor" StartDate="2011-09-13 12:04:47.74 PDT" StructureHandle="/org.eclipse.mylyn.context.ui" StructureKind="resource"/><InteractionEvent Delta="null" EndDate="2011-09-13 12:05:17.37 PDT" Interest="1.0" Kind="propagation" Navigation="org.eclipse.mylyn.core.model.edges.containment" OriginId="org.eclipse.mylyn.core.model.interest.propagation" StartDate="2011-09-13 12:05:17.37 PDT" StructureHandle="/org.eclipse.mylyn.context.ui/src/org/eclipse/mylyn/internal/context" StructureKind="resource"/><InteractionEvent Delta="null" EndDate="2011-09-13 12:04:47.73 PDT" Interest="1.0" Kind="propagation" Navigation="org.eclipse.mylyn.core.model.edges.containment" OriginId="org.eclipse.mylyn.core.model.interest.propagation" StartDate="2011-09-13 12:04:47.73 PDT" StructureHandle="/org.eclipse.mylyn.context.ui/src/org/eclipse/mylyn/internal/context/ui" StructureKind="resource"/><InteractionEvent Delta="null" EndDate="2011-09-13 12:05:19.62 PDT" Interest="1.0" Kind="propagation" Navigation="null" OriginId="org.eclipse.jdt.ui.PackageExplorer" StartDate="2011-09-13 12:05:19.62 PDT" StructureHandle="/org.eclipse.mylyn.context.ui/src/org/eclipse/mylyn/internal/context/ui/actions/AbstractInterestManipulationAction.java" StructureKind="resource"/><InteractionEvent Delta="null" EndDate="2011-09-13 12:06:12.870 PDT" Interest="1.0" Kind="propagation" Navigation="org.eclipse.mylyn.core.model.edges.containment" OriginId="org.eclipse.mylyn.core.model.interest.propagation" StartDate="2011-09-13 12:06:12.870 PDT" StructureHandle="/org.eclipse.mylyn.context.ui/src/org" StructureKind="resource"/><InteractionEvent Delta="null" EndDate="2011-09-13 12:05:56.941 PDT" Interest="1.0000005" Kind="propagation" Navigation="org.eclipse.mylyn.core.model.edges.containment" OriginId="org.eclipse.mylyn.core.model.interest.propagation" StartDate="2011-09-13 12:05:56.941 PDT" StructureHandle="=org.eclipse.mylyn.context.ui/src&amp;lt;org.eclipse.mylyn.internal.context.ui.actions" StructureKind="java"/><InteractionEvent Delta="null" EndDate="2011-09-13 12:04:37.414 PDT" Interest="15.0" Kind="selection" Navigation="null" OriginId="org.eclipse.mylyn.core.model.interest.decay.correction" StartDate="2011-09-13 12:04:37.414 PDT" StructureHandle="/attachments/bugzilla-https%3A%2F%2Fbugs.eclipse.org%2Fbugs/357544" StructureKind="resource"/><InteractionEvent Delta="null" EndDate="2011-09-13 12:04:37.415 PDT" Interest="15.0" Kind="selection" Navigation="null" OriginId="org.eclipse.mylyn.core.model.interest.decay.correction" StartDate="2011-09-13 12:04:37.415 PDT" StructureHandle="/attachments/bugzilla-https%3A%2F%2Fbugs.eclipse.org%2Fbugs/357544" StructureKind="resource"/><InteractionEvent Delta="null" EndDate="2011-09-13 12:04:37.418 PDT" Interest="15.0" Kind="selection" Navigation="null" OriginId="org.eclipse.mylyn.core.model.interest.decay.correction" StartDate="2011-09-13 12:04:37.418 PDT" StructureHandle="/attachments/bugzilla-https%3A%2F%2Fbugs.eclipse.org%2Fbugs/357544" StructureKind="resource"/><InteractionEvent Delta="null" EndDate="2011-09-13 12:06:21.493 PDT" Interest="0.70000076" Kind="propagation" Navigation="org.eclipse.mylyn.core.model.edges.containment" OriginId="org.eclipse.mylyn.core.model.interest.propagation" StartDate="2011-09-13 12:06:21.493 PDT" StructureHandle="=org.eclipse.mylyn.context.ui/src&amp;lt;org.eclipse.mylyn.internal.context.ui.actions" StructureKind="java"/><InteractionEvent Delta="null" EndDate="2011-09-13 12:05:05.875 PDT" Interest="0.9999995" Kind="propagation" Navigation="org.eclipse.mylyn.core.model.edges.containment" OriginId="org.eclipse.mylyn.core.model.interest.propagation" StartDate="2011-09-13 12:05:05.875 PDT" StructureHandle="" StructureKind="java"/><InteractionEvent Delta="null" EndDate="2011-09-13 12:04:50.982 PDT" Interest="1.0" Kind="selection" Navigation="null" OriginId="org.eclipse.jdt.ui.PackageExplorer" StartDate="2011-09-13 12:04:50.982 PDT" StructureHandle="=org.eclipse.mylyn.context.ui/src&amp;lt;org.eclipse.mylyn.internal.context.ui.actions" StructureKind="java"/><InteractionEvent Delta="null" EndDate="2011-09-13 12:05:56.941 PDT" Interest="1.0" Kind="propagation" Navigation="org.eclipse.mylyn.core.model.edges.containment" OriginId="org.eclipse.mylyn.core.model.interest.propagation" StartDate="2011-09-13 12:05:56.941 PDT" StructureHandle="/" StructureKind="resource"/><InteractionEvent Delta="null" EndDate="2011-09-13 12:06:21.229 PDT" Interest="1.0" Kind="selection" Navigation="null" OriginId="org.eclipse.jdt.ui.CompilationUnitEditor" StartDate="2011-09-13 12:06:21.229 PDT" StructureHandle="=org.eclipse.mylyn.context.ui/src&amp;lt;org.eclipse.mylyn.internal.context.ui.actions{AbstractInterestManipulationAction.java" StructureKind="java"/><InteractionEvent Delta="null" EndDate="2011-09-13 12:06:21.98 PDT" Interest="1.0" Kind="propagation" Navigation="org.eclipse.mylyn.core.model.edges.containment" OriginId="org.eclipse.mylyn.core.model.interest.propagation" StartDate="2011-09-13 12:06:21.98 PDT" StructureHandle="/org.eclipse.mylyn.context.ui/src/org/eclipse/mylyn/internal/context" StructureKind="resource"/><InteractionEvent Delta="null" EndDate="2011-09-13 12:06:12.870 PDT" Interest="1.0" Kind="propagation" Navigation="org.eclipse.mylyn.core.model.edges.containment" OriginId="org.eclipse.mylyn.core.model.interest.propagation" StartDate="2011-09-13 12:06:12.870 PDT" StructureHandle="/org.eclipse.mylyn.context.ui/src/org/eclipse/mylyn" StructureKind="resource"/><InteractionEvent Delta="null" EndDate="2011-09-13 12:04:50.983 PDT" Interest="0.9999993" Kind="propagation" Navigation="org.eclipse.mylyn.core.model.edges.containment" OriginId="org.eclipse.mylyn.core.model.interest.propagation" StartDate="2011-09-13 12:04:50.983 PDT" StructureHandle="/org.eclipse.mylyn.context.ui/src/org/eclipse/mylyn" StructureKind="resource"/><InteractionEvent Delta="null" EndDate="2011-09-13 12:04:37.416 PDT" Interest="15.0" Kind="selection" Navigation="null" OriginId="org.eclipse.mylyn.core.model.interest.decay.correction" StartDate="2011-09-13 12:04:37.416 PDT" StructureHandle="/attachments/bugzilla-https%3A%2F%2Fbugs.eclipse.org%2Fbugs/357544" StructureKind="resource"/><InteractionEvent Delta="null" EndDate="2011-09-13 12:05:17.37 PDT" Interest="1.0" Kind="propagation" Navigation="org.eclipse.mylyn.core.model.edges.containment" OriginId="org.eclipse.mylyn.core.model.interest.propagation" StartDate="2011-09-13 12:05:17.37 PDT" StructureHandle="/org.eclipse.mylyn.context.ui/src/org/eclipse" StructureKind="resource"/><InteractionEvent Delta="null" EndDate="2011-09-13 12:06:12.870 PDT" Interest="1.0" Kind="propagation" Navigation="org.eclipse.mylyn.core.model.edges.containment" OriginId="org.eclipse.mylyn.core.model.interest.propagation" StartDate="2011-09-13 12:06:12.870 PDT" StructureHandle="/org.eclipse.mylyn.context.ui/src/org/eclipse/mylyn/internal/context/ui" StructureKind="resource"/><InteractionEvent Delta="null" EndDate="2011-09-13 12:05:05.874 PDT" Interest="4.7683716E-7" Kind="propagation" Navigation="org.eclipse.mylyn.core.model.edges.containment" OriginId="org.eclipse.mylyn.core.model.interest.propagation" StartDate="2011-09-13 12:05:05.874 PDT" StructureHandle="/org.eclipse.mylyn.context.ui/src/org/eclipse" StructureKind="resource"/><InteractionEvent Delta="null" EndDate="2011-09-13 12:06:21.494 PDT" Interest="1.0" Kind="propagation" Navigation="org.eclipse.mylyn.core.model.edges.containment" OriginId="org.eclipse.mylyn.core.model.interest.propagation" StartDate="2011-09-13 12:06:21.494 PDT" StructureHandle="/" StructureKind="resource"/><InteractionEvent Delta="null" EndDate="2011-09-13 12:05:56.941 PDT" Interest="1.0" Kind="propagation" Navigation="null" OriginId="org.eclipse.jdt.ui.CompilationUnitEditor" StartDate="2011-09-13 12:05:56.941 PDT" StructureHandle="/org.eclipse.mylyn.context.ui/src" StructureKind="resource"/><InteractionEvent Delta="null" EndDate="2011-09-13 12:06:21.229 PDT" Interest="1.0" Kind="propagation" Navigation="org.eclipse.mylyn.core.model.edges.containment" OriginId="org.eclipse.mylyn.core.model.interest.propagation" StartDate="2011-09-13 12:06:21.229 PDT" StructureHandle="/org.eclipse.mylyn.context.ui/src/org" StructureKind="resource"/><InteractionEvent Delta="null" EndDate="2011-09-13 12:05:05.875 PDT" Interest="1.0" Kind="propagation" Navigation="null" OriginId="org.eclipse.jdt.ui.CompilationUnitEditor" StartDate="2011-09-13 12:05:05.875 PDT" StructureHandle="/org.eclipse.mylyn.context.ui/src" StructureKind="resource"/><InteractionEvent Delta="null" EndDate="2011-09-13 12:04:50.983 PDT" Interest="0.9999993" Kind="propagation" Navigation="org.eclipse.mylyn.core.model.edges.containment" OriginId="org.eclipse.mylyn.core.model.interest.propagation" StartDate="2011-09-13 12:04:50.983 PDT" StructureHandle="/org.eclipse.mylyn.context.ui/src/org/eclipse/mylyn/internal" StructureKind="resource"/><InteractionEvent Delta="null" EndDate="2011-09-13 12:06:11.636 PDT" Interest="1.0" Kind="propagation" Navigation="org.eclipse.mylyn.core.model.edges.containment" OriginId="org.eclipse.mylyn.core.model.interest.propagation" StartDate="2011-09-13 12:06:11.636 PDT" StructureHandle="=org.eclipse.mylyn.context.ui/src" StructureKind="java"/><InteractionEvent Delta="null" EndDate="2011-09-13 12:06:12.871 PDT" Interest="1.0" Kind="propagation" Navigation="org.eclipse.mylyn.core.model.edges.containment" OriginId="org.eclipse.mylyn.core.model.interest.propagation" StartDate="2011-09-13 12:06:12.871 PDT" StructureHandle="" StructureKind="java"/><InteractionEvent Delta="null" EndDate="2011-09-13 12:04:43.503 PDT" Interest="1.0" Kind="propagation" Navigation="org.eclipse.mylyn.core.model.edges.containment" OriginId="org.eclipse.mylyn.core.model.interest.propagation" StartDate="2011-09-13 12:04:43.503 PDT" StructureHandle="/org.eclipse.mylyn.context.ui/src/org/eclipse/mylyn/internal/context" StructureKind="resource"/><InteractionEvent Delta="null" EndDate="2011-09-13 12:05:17.37 PDT" Interest="1.0000005" Kind="propagation" Navigation="org.eclipse.mylyn.core.model.edges.containment" OriginId="org.eclipse.mylyn.core.model.interest.propagation" StartDate="2011-09-13 12:05:17.37 PDT" StructureHandle="=org.eclipse.mylyn.context.ui" StructureKind="resource"/><InteractionEvent Delta="null" EndDate="2011-09-13 12:04:50.983 PDT" Interest="0.9999993" Kind="propagation" Navigation="org.eclipse.mylyn.core.model.edges.containment" OriginId="org.eclipse.mylyn.core.model.interest.propagation" StartDate="2011-09-13 12:04:50.983 PDT" StructureHandle="/org.eclipse.mylyn.context.ui/src/org/eclipse" StructureKind="resource"/><InteractionEvent Delta="null" EndDate="2011-09-13 12:06:21.493 PDT" Interest="1.0" Kind="propagation" Navigation="org.eclipse.mylyn.core.model.edges.containment" OriginId="org.eclipse.mylyn.core.model.interest.propagation" StartDate="2011-09-13 12:06:21.493 PDT" StructureHandle="/org.eclipse.mylyn.context.ui/src/org" StructureKind="resource"/><InteractionEvent Delta="null" EndDate="2011-09-13 12:04:46.483 PDT" Interest="1.0" Kind="propagation" Navigation="null" OriginId="org.eclipse.jdt.ui.PackageExplorer" StartDate="2011-09-13 12:04:46.483 PDT" StructureHandle="/org.eclipse.mylyn.context.ui/src/org/eclipse/mylyn/internal/context/ui/actions/AbstractInterestManipulationAction.java" StructureKind="resource"/><InteractionEvent Delta="null" EndDate="2011-09-13 12:05:19.63 PDT" Interest="1.0" Kind="propagation" Navigation="null" OriginId="org.eclipse.jdt.ui.PackageExplorer" StartDate="2011-09-13 12:05:19.63 PDT" StructureHandle="/org.eclipse.mylyn.context.ui" StructureKind="resource"/><InteractionEvent Delta="null" EndDate="2011-09-13 12:04:46.484 PDT" Interest="0.01700002" Kind="propagation" Navigation="org.eclipse.mylyn.core.model.edges.containment" OriginId="org.eclipse.mylyn.core.model.interest.propagation" StartDate="2011-09-13 12:04:46.484 PDT" StructureHandle="=org.eclipse.mylyn.context.ui/src" StructureKind="java"/><InteractionEvent Delta="null" EndDate="2011-09-13 12:05:56.941 PDT" Interest="1.0000005" Kind="propagation" Navigation="org.eclipse.mylyn.core.model.edges.containment" OriginId="org.eclipse.mylyn.core.model.interest.propagation" StartDate="2011-09-13 12:05:56.941 PDT" StructureHandle="/org.eclipse.mylyn.context.ui/src/org/eclipse" StructureKind="resource"/><InteractionEvent Delta="null" EndDate="2011-09-13 12:06:12.870 PDT" Interest="1.0" Kind="propagation" Navigation="org.eclipse.mylyn.core.model.edges.containment" OriginId="org.eclipse.mylyn.core.model.interest.propagation" StartDate="2011-09-13 12:06:12.870 PDT" StructureHandle="/org.eclipse.mylyn.context.ui/src/org/eclipse" StructureKind="resource"/><InteractionEvent Delta="null" EndDate="2011-09-13 12:06:21.99 PDT" Interest="1.0" Kind="propagation" Navigation="org.eclipse.mylyn.core.model.edges.containment" OriginId="org.eclipse.mylyn.core.model.interest.propagation" StartDate="2011-09-13 12:06:21.99 PDT" StructureHandle="=org.eclipse.mylyn.context.ui/src" StructureKind="java"/><InteractionEvent Delta="null" EndDate="2011-09-13 12:04:47.74 PDT" Interest="1.0" Kind="propagation" Navigation="org.eclipse.mylyn.core.model.edges.containment" OriginId="org.eclipse.mylyn.core.model.interest.propagation" StartDate="2011-09-13 12:04:47.74 PDT" StructureHandle="/org.eclipse.mylyn.context.ui/src/org" StructureKind="resource"/><InteractionEvent Delta="null" EndDate="2011-09-13 12:04:46.598 PDT" Interest="1.0000001" Kind="propagation" Navigation="org.eclipse.mylyn.core.model.edges.containment" OriginId="org.eclipse.mylyn.core.model.interest.propagation" StartDate="2011-09-13 12:04:46.598 PDT" StructureHandle="/org.eclipse.mylyn.context.ui/src/org/eclipse/mylyn/internal/context/ui/actions" StructureKind="resource"/><InteractionEvent Delta="null" EndDate="2011-09-13 12:06:21.229 PDT" Interest="1.0" Kind="propagation" Navigation="org.eclipse.mylyn.core.model.edges.containment" OriginId="org.eclipse.mylyn.core.model.interest.propagation" StartDate="2011-09-13 12:06:21.229 PDT" StructureHandle="=org.eclipse.mylyn.context.ui/src&amp;lt;org.eclipse.mylyn.internal.context.ui.actions" StructureKind="java"/><InteractionEvent Delta="null" EndDate="2011-09-13 12:06:12.870 PDT" Interest="1.0" Kind="propagation" Navigation="org.eclipse.mylyn.core.model.edges.containment" OriginId="org.eclipse.mylyn.core.model.interest.propagation" StartDate="2011-09-13 12:06:12.870 PDT" StructureHandle="=org.eclipse.mylyn.context.ui" StructureKind="resource"/><InteractionEvent Delta="null" EndDate="2011-09-13 12:04:43.503 PDT" Interest="1.0" Kind="propagation" Navigation="org.eclipse.mylyn.core.model.edges.containment" OriginId="org.eclipse.mylyn.core.model.interest.propagation" StartDate="2011-09-13 12:04:43.503 PDT" StructureHandle="/org.eclipse.mylyn.context.ui/src/org/eclipse/mylyn" StructureKind="resource"/><InteractionEvent Delta="null" EndDate="2011-09-13 12:04:47.74 PDT" Interest="1.0" Kind="propagation" Navigation="null" OriginId="org.eclipse.jdt.ui.CompilationUnitEditor" StartDate="2011-09-13 12:04:47.74 PDT" StructureHandle="/org.eclipse.mylyn.context.ui/src" StructureKind="resource"/><InteractionEvent Delta="null" EndDate="2011-09-13 12:05:17.37 PDT" Interest="1.0" Kind="propagation" Navigation="null" OriginId="org.eclipse.jdt.ui.CompilationUnitEditor" StartDate="2011-09-13 12:05:17.37 PDT" StructureHandle="/org.eclipse.mylyn.context.ui/src/org/eclipse/mylyn/internal/context/ui/actions/AbstractInterestManipulationAction.java" StructureKind="resource"/><InteractionEvent Delta="null" EndDate="2011-09-13 12:05:17.37 PDT" Interest="1.0" Kind="propagation" Navigation="org.eclipse.mylyn.core.model.edges.containment" OriginId="org.eclipse.mylyn.core.model.interest.propagation" StartDate="2011-09-13 12:05:17.37 PDT" StructureHandle="/org.eclipse.mylyn.context.ui/src/org/eclipse/mylyn/internal" StructureKind="resource"/><InteractionEvent Delta="null" EndDate="2011-09-13 12:04:40.723 PDT" Interest="1.0" Kind="propagation" Navigation="null" OriginId="org.eclipse.jdt.ui.PackageExplorer" StartDate="2011-09-13 12:04:40.723 PDT" StructureHandle="/org.eclipse.mylyn.context.ui/src" StructureKind="resource"/><InteractionEvent Delta="null" EndDate="2011-09-13 12:05:56.941 PDT" Interest="1.0000005" Kind="propagation" Navigation="org.eclipse.mylyn.core.model.edges.containment" OriginId="org.eclipse.mylyn.core.model.interest.propagation" StartDate="2011-09-13 12:05:56.941 PDT" StructureHandle="/org.eclipse.mylyn.context.ui/src/org/eclipse/mylyn/internal" StructureKind="resource"/><InteractionEvent Delta="null" EndDate="2011-09-13 12:06:21.493 PDT" Interest="1.0" Kind="propagation" Navigation="org.eclipse.mylyn.core.model.edges.containment" OriginId="org.eclipse.mylyn.core.model.interest.propagation" StartDate="2011-09-13 12:06:21.493 PDT" StructureHandle="/org.eclipse.mylyn.context.ui/src/org/eclipse/mylyn/internal/context/ui" StructureKind="resource"/><InteractionEvent Delta="null" EndDate="2011-09-13 12:05:17.37 PDT" Interest="1.0000005" Kind="propagation" Navigation="org.eclipse.mylyn.core.model.edges.containment" OriginId="org.eclipse.mylyn.core.model.interest.propagation" StartDate="2011-09-13 12:05:17.37 PDT" StructureHandle="/" StructureKind="resource"/><InteractionEvent Delta="null" EndDate="2011-09-13 12:04:42.558 PDT" Interest="1.0" Kind="propagation" Navigation="org.eclipse.mylyn.core.model.edges.containment" OriginId="org.eclipse.mylyn.core.model.interest.propagation" StartDate="2011-09-13 12:04:42.558 PDT" StructureHandle="/org.eclipse.mylyn.context.ui/src/org/eclipse/mylyn/internal" StructureKind="resource"/><InteractionEvent Delta="null" EndDate="2011-09-13 12:04:46.483 PDT" Interest="1.0" Kind="selection" Navigation="null" OriginId="org.eclipse.jdt.ui.PackageExplorer" StartDate="2011-09-13 12:04:46.483 PDT" StructureHandle="=org.eclipse.mylyn.context.ui/src&amp;lt;org.eclipse.mylyn.internal.context.ui.actions{AbstractInterestManipulationAction.java" StructureKind="java"/><InteractionEvent Delta="null" EndDate="2011-09-13 12:04:46.484 PDT" Interest="1.1920929E-7" Kind="propagation" Navigation="org.eclipse.mylyn.core.model.edges.containment" OriginId="org.eclipse.mylyn.core.model.interest.propagation" StartDate="2011-09-13 12:04:46.484 PDT" StructureHandle="" StructureKind="java"/><InteractionEvent Delta="null" EndDate="2011-09-13 12:04:43.503 PDT" Interest="1.0" Kind="propagation" Navigation="org.eclipse.mylyn.core.model.edges.containment" OriginId="org.eclipse.mylyn.core.model.interest.propagation" StartDate="2011-09-13 12:04:43.503 PDT" StructureHandle="/" StructureKind="resource"/><InteractionEvent Delta="null" EndDate="2011-09-13 12:04:46.599 PDT" Interest="0.99999994" Kind="propagation" Navigation="org.eclipse.mylyn.core.model.edges.containment" OriginId="org.eclipse.mylyn.core.model.interest.propagation" StartDate="2011-09-13 12:04:46.599 PDT" StructureHandle="=org.eclipse.mylyn.context.ui/src" StructureKind="java"/><InteractionEvent Delta="null" EndDate="2011-09-13 12:06:11.636 PDT" Interest="0.9999995" Kind="propagation" Navigation="org.eclipse.mylyn.core.model.edges.containment" OriginId="org.eclipse.mylyn.core.model.interest.propagation" StartDate="2011-09-13 12:06:11.636 PDT" StructureHandle="/org.eclipse.mylyn.context.ui/src/org/eclipse/mylyn/internal" StructureKind="resource"/><InteractionEvent Delta="null" EndDate="2011-09-13 12:05:05.874 PDT" Interest="1.0" Kind="propagation" Navigation="null" OriginId="org.eclipse.jdt.ui.CompilationUnitEditor" StartDate="2011-09-13 12:05:05.874 PDT" StructureHandle="/org.eclipse.mylyn.context.ui/src/org/eclipse/mylyn/internal/context/ui/actions" StructureKind="resource"/><InteractionEvent Delta="null" EndDate="2011-09-13 12:06:21.98 PDT" Interest="1.0" Kind="propagation" Navigation="org.eclipse.mylyn.core.model.edges.containment" OriginId="org.eclipse.mylyn.core.model.interest.propagation" StartDate="2011-09-13 12:06:21.98 PDT" StructureHandle="/org.eclipse.mylyn.context.ui/src/org/eclipse/mylyn/internal/context/ui" StructureKind="resource"/><InteractionEvent Delta="null" EndDate="2011-09-13 12:05:05.875 PDT" Interest="1.0" Kind="propagation" Navigation="null" OriginId="org.eclipse.jdt.ui.CompilationUnitEditor" StartDate="2011-09-13 12:05:05.875 PDT" StructureHandle="/org.eclipse.mylyn.context.ui" StructureKind="resource"/><InteractionEvent Delta="null" EndDate="2011-09-13 12:04:50.983 PDT" Interest="1.0" Kind="propagation" Navigation="null" OriginId="org.eclipse.jdt.ui.PackageExplorer" StartDate="2011-09-13 12:04:50.983 PDT" StructureHandle="/org.eclipse.mylyn.context.ui" StructureKind="resource"/><InteractionEvent Delta="null" EndDate="2011-09-13 12:05:56.941 PDT" Interest="1.0000005" Kind="propagation" Navigation="org.eclipse.mylyn.core.model.edges.containment" OriginId="org.eclipse.mylyn.core.model.interest.propagation" StartDate="2011-09-13 12:05:56.941 PDT" StructureHandle="/org.eclipse.mylyn.context.ui/src/org/eclipse/mylyn" StructureKind="resource"/><InteractionEvent Delta="null" EndDate="2011-09-13 12:06:12.871 PDT" Interest="1.0" Kind="propagation" Navigation="org.eclipse.mylyn.core.model.edges.containment" OriginId="org.eclipse.mylyn.core.model.interest.propagation" StartDate="2011-09-13 12:06:12.871 PDT" StructureHandle="/" StructureKind="resource"/><InteractionEvent Delta="null" EndDate="2011-09-13 12:05:19.62 PDT" Interest="1.0" Kind="propagation" Navigation="null" OriginId="org.eclipse.jdt.ui.PackageExplorer" StartDate="2011-09-13 12:05:19.62 PDT" StructureHandle="/org.eclipse.mylyn.context.ui/src/org/eclipse/mylyn/internal/context/ui/actions" StructureKind="resource"/><InteractionEvent Delta="null" EndDate="2011-09-13 12:05:19.249 PDT" Interest="1.0" Kind="propagation" Navigation="org.eclipse.mylyn.core.model.edges.containment" OriginId="org.eclipse.mylyn.core.model.interest.propagation" StartDate="2011-09-13 12:05:19.249 PDT" StructureHandle="" StructureKind="java"/><InteractionEvent Delta="null" EndDate="2011-09-13 12:06:11.636 PDT" Interest="1.0" Kind="propagation" Navigation="null" OriginId="org.eclipse.jdt.ui.CompilationUnitEditor" StartDate="2011-09-13 12:06:11.636 PDT" StructureHandle="/org.eclipse.mylyn.context.ui/src" StructureKind="resource"/><InteractionEvent Delta="null" EndDate="2011-09-13 12:04:39.557 PDT" Interest="1.0" Kind="propagation" Navigation="org.eclipse.mylyn.core.model.edges.containment" OriginId="org.eclipse.mylyn.core.model.interest.propagation" StartDate="2011-09-13 12:04:39.557 PDT" StructureHandle="/" StructureKind="resource"/><InteractionEvent Delta="null" EndDate="2011-09-13 12:05:17.38 PDT" Interest="1.0" Kind="propagation" Navigation="null" OriginId="org.eclipse.jdt.ui.CompilationUnitEditor" StartDate="2011-09-13 12:05:17.38 PDT" StructureHandle="/org.eclipse.mylyn.context.ui" StructureKind="resource"/><InteractionEvent Delta="null" EndDate="2011-09-13 12:05:19.62 PDT" Interest="1.0" Kind="selection" Navigation="null" OriginId="org.eclipse.jdt.ui.PackageExplorer" StartDate="2011-09-13 12:05:19.62 PDT" StructureHandle="=org.eclipse.mylyn.context.ui/src&amp;lt;org.eclipse.mylyn.internal.context.ui.actions{AbstractInterestManipulationAction.java" StructureKind="java"/><InteractionEvent Delta="null" EndDate="2011-09-13 12:05:56.941 PDT" Interest="1.0" Kind="propagation" Navigation="null" OriginId="org.eclipse.jdt.ui.CompilationUnitEditor" StartDate="2011-09-13 12:05:56.941 PDT" StructureHandle="/org.eclipse.mylyn.context.ui/src/org/eclipse/mylyn/internal/context/ui/actions" StructureKind="resource"/><InteractionEvent Delta="null" EndDate="2011-09-13 12:06:21.229 PDT" Interest="1.0" Kind="propagation" Navigation="org.eclipse.mylyn.core.model.edges.containment" OriginId="org.eclipse.mylyn.core.model.interest.propagation" StartDate="2011-09-13 12:06:21.229 PDT" StructureHandle="/org.eclipse.mylyn.context.ui/src/org/eclipse/mylyn" StructureKind="resource"/><InteractionEvent Delta="null" EndDate="2011-09-13 12:04:39.557 PDT" Interest="1.0" Kind="propagation" Navigation="org.eclipse.mylyn.core.model.edges.containment" OriginId="org.eclipse.mylyn.core.model.interest.propagation" StartDate="2011-09-13 12:04:39.557 PDT" StructureHandle="" StructureKind="java"/><InteractionEvent Delta="null" EndDate="2011-09-13 12:04:46.484 PDT" Interest="1.0" Kind="propagation" Navigation="null" OriginId="org.eclipse.jdt.ui.PackageExplorer" StartDate="2011-09-13 12:04:46.484 PDT" StructureHandle="/org.eclipse.mylyn.context.ui" StructureKind="resource"/><InteractionEvent Delta="null" EndDate="2011-09-13 12:05:05.874 PDT" Interest="4.7683716E-7" Kind="propagation" Navigation="org.eclipse.mylyn.core.model.edges.containment" OriginId="org.eclipse.mylyn.core.model.interest.propagation" StartDate="2011-09-13 12:05:05.874 PDT" StructureHandle="/org.eclipse.mylyn.context.ui/src/org/eclipse/mylyn" StructureKind="resource"/><InteractionEvent Delta="null" EndDate="2011-09-13 12:05:05.874 PDT" Interest="4.7683716E-7" Kind="propagation" Navigation="org.eclipse.mylyn.core.model.edges.containment" OriginId="org.eclipse.mylyn.core.model.interest.propagation" StartDate="2011-09-13 12:05:05.874 PDT" StructureHandle="/org.eclipse.mylyn.context.ui/src/org" StructureKind="resource"/><InteractionEvent Delta="null" EndDate="2011-09-13 12:05:19.249 PDT" Interest="1.0" Kind="propagation" Navigation="null" OriginId="org.eclipse.jdt.ui.PackageExplorer" StartDate="2011-09-13 12:05:19.249 PDT" StructureHandle="/org.eclipse.mylyn.context.ui" StructureKind="resource"/><InteractionEvent Delta="null" EndDate="2011-09-13 12:04:46.649 PDT" Interest="0.9999999" Kind="propagation" Navigation="org.eclipse.mylyn.core.model.edges.containment" OriginId="org.eclipse.mylyn.core.model.interest.propagation" StartDate="2011-09-13 12:04:46.649 PDT" StructureHandle="/org.eclipse.mylyn.context.ui/src/org/eclipse/mylyn/internal" StructureKind="resource"/><InteractionEvent Delta="null" EndDate="2011-09-13 12:06:11.636 PDT" Interest="9.536743E-7" Kind="propagation" Navigation="org.eclipse.mylyn.core.model.edges.containment" OriginId="org.eclipse.mylyn.core.model.interest.propagation" StartDate="2011-09-13 12:06:11.636 PDT" StructureHandle="=org.eclipse.mylyn.context.ui" StructureKind="resource"/><InteractionEvent Delta="null" EndDate="2011-09-13 12:04:46.649 PDT" Interest="0.9999999" Kind="propagation" Navigation="org.eclipse.mylyn.core.model.edges.containment" OriginId="org.eclipse.mylyn.core.model.interest.propagation" StartDate="2011-09-13 12:04:46.649 PDT" StructureHandle="/org.eclipse.mylyn.context.ui/src/org" StructureKind="resource"/><InteractionEvent Delta="null" EndDate="2011-09-13 12:04:47.73 PDT" Interest="1.0" Kind="propagation" Navigation="org.eclipse.mylyn.core.model.edges.containment" OriginId="org.eclipse.mylyn.core.model.interest.propagation" StartDate="2011-09-13 12:04:47.73 PDT" StructureHandle="/org.eclipse.mylyn.context.ui/src/org/eclipse" StructureKind="resource"/><InteractionEvent Delta="null" EndDate="2011-09-13 12:06:12.870 PDT" Interest="1.0" Kind="propagation" Navigation="null" OriginId="org.eclipse.jdt.ui.CompilationUnitEditor" StartDate="2011-09-13 12:06:12.870 PDT" StructureHandle="/org.eclipse.mylyn.context.ui/src/org/eclipse/mylyn/internal/context/ui/actions/AbstractInterestManipulationAction.java" StructureKind="resource"/><InteractionEvent Delta="null" EndDate="2011-09-13 12:04:46.484 PDT" Interest="1.1920929E-7" Kind="propagation" Navigation="org.eclipse.mylyn.core.model.edges.containment" OriginId="org.eclipse.mylyn.core.model.interest.propagation" StartDate="2011-09-13 12:04:46.484 PDT" StructureHandle="=org.eclipse.mylyn.context.ui" StructureKind="resource"/><InteractionEvent Delta="null" EndDate="2011-09-13 12:06:21.99 PDT" Interest="1.000001" Kind="propagation" Navigation="org.eclipse.mylyn.core.model.edges.containment" OriginId="org.eclipse.mylyn.core.model.interest.propagation" StartDate="2011-09-13 12:06:21.99 PDT" StructureHandle="/" StructureKind="resource"/><InteractionEvent Delta="null" EndDate="2011-09-13 12:04:46.649 PDT" Interest="0.9999999" Kind="propagation" Navigation="org.eclipse.mylyn.core.model.edges.containment" OriginId="org.eclipse.mylyn.core.model.interest.propagation" StartDate="2011-09-13 12:04:46.649 PDT" StructureHandle="/org.eclipse.mylyn.context.ui/src/org/eclipse" StructureKind="resource"/><InteractionEvent Delta="null" EndDate="2011-09-13 12:04:46.598 PDT" Interest="0.03399992" Kind="propagation" Navigation="org.eclipse.mylyn.core.model.edges.containment" OriginId="org.eclipse.mylyn.core.model.interest.propagation" StartDate="2011-09-13 12:04:46.598 PDT" StructureHandle="/org.eclipse.mylyn.context.ui/src/org/eclipse/mylyn/internal/context/ui" StructureKind="resource"/><InteractionEvent Delta="null" EndDate="2011-09-13 12:06:21.98 PDT" Interest="1.0" Kind="propagation" Navigation="org.eclipse.mylyn.core.model.edges.containment" OriginId="org.eclipse.mylyn.core.model.interest.propagation" StartDate="2011-09-13 12:06:21.98 PDT" StructureHandle="=org.eclipse.mylyn.context.ui" StructureKind="resource"/><InteractionEvent Delta="null" EndDate="2011-09-13 12:04:46.483 PDT" Interest="0.03399998" Kind="propagation" Navigation="org.eclipse.mylyn.core.model.edges.containment" OriginId="org.eclipse.mylyn.core.model.interest.propagation" StartDate="2011-09-13 12:04:46.483 PDT" StructureHandle="/org.eclipse.mylyn.context.ui/src/org/eclipse/mylyn/internal/context/ui/actions" StructureKind="resource"/><InteractionEvent Delta="null" EndDate="2011-09-13 12:06:11.636 PDT" Interest="0.9999995" Kind="propagation" Navigation="org.eclipse.mylyn.core.model.edges.containment" OriginId="org.eclipse.mylyn.core.model.interest.propagation" StartDate="2011-09-13 12:06:11.636 PDT" StructureHandle="/org.eclipse.mylyn.context.ui/src/org" StructureKind="resource"/><InteractionEvent Delta="null" EndDate="2011-09-13 12:05:19.63 PDT" Interest="0.9999995" Kind="propagation" Navigation="org.eclipse.mylyn.core.model.edges.containment" OriginId="org.eclipse.mylyn.core.model.interest.propagation" StartDate="2011-09-13 12:05:19.63 PDT" StructureHandle="" StructureKind="java"/><InteractionEvent Delta="null" EndDate="2011-09-13 12:04:46.598 PDT" Interest="0.03399992" Kind="propagation" Navigation="org.eclipse.mylyn.core.model.edges.containment" OriginId="org.eclipse.mylyn.core.model.interest.propagation" StartDate="2011-09-13 12:04:46.598 PDT" StructureHandle="/org.eclipse.mylyn.context.ui/src/org/eclipse/mylyn/internal/context" StructureKind="resource"/><InteractionEvent Delta="null" EndDate="2011-09-13 12:04:47.73 PDT" Interest="1.0" Kind="propagation" Navigation="org.eclipse.mylyn.core.model.edges.containment" OriginId="org.eclipse.mylyn.core.model.interest.propagation" StartDate="2011-09-13 12:04:47.73 PDT" StructureHandle="/org.eclipse.mylyn.context.ui/src/org/eclipse/mylyn/internal/context/ui/actions" StructureKind="resource"/><InteractionEvent Delta="null" EndDate="2011-09-13 12:04:43.503 PDT" Interest="0.01699996" Kind="propagation" Navigation="org.eclipse.mylyn.core.model.edges.containment" OriginId="org.eclipse.mylyn.core.model.interest.propagation" StartDate="2011-09-13 12:04:43.503 PDT" StructureHandle="=org.eclipse.mylyn.context.ui/src" StructureKind="java"/><InteractionEvent Delta="null" EndDate="2011-09-13 12:05:05.874 PDT" Interest="4.7683716E-7" Kind="propagation" Navigation="org.eclipse.mylyn.core.model.edges.containment" OriginId="org.eclipse.mylyn.core.model.interest.propagation" StartDate="2011-09-13 12:05:05.874 PDT" StructureHandle="/org.eclipse.mylyn.context.ui/src/org/eclipse/mylyn/internal/context" StructureKind="resource"/><InteractionEvent Delta="null" EndDate="2011-09-13 12:05:17.37 PDT" Interest="1.0" Kind="propagation" Navigation="org.eclipse.mylyn.core.model.edges.containment" OriginId="org.eclipse.mylyn.core.model.interest.propagation" StartDate="2011-09-13 12:05:17.37 PDT" StructureHandle="/org.eclipse.mylyn.context.ui/src/org/eclipse/mylyn" StructureKind="resource"/><InteractionEvent Delta="null" EndDate="2011-09-13 12:04:47.73 PDT" Interest="1.0" Kind="propagation" Navigation="org.eclipse.mylyn.core.model.edges.containment" OriginId="org.eclipse.mylyn.core.model.interest.propagation" StartDate="2011-09-13 12:04:47.73 PDT" StructureHandle="/org.eclipse.mylyn.context.ui/src/org/eclipse/mylyn/internal/context" StructureKind="resource"/><InteractionEvent Delta="null" EndDate="2011-09-13 12:06:12.871 PDT" Interest="1.0" Kind="propagation" Navigation="null" OriginId="org.eclipse.jdt.ui.CompilationUnitEditor" StartDate="2011-09-13 12:06:12.871 PDT" StructureHandle="/org.eclipse.mylyn.context.ui/src" StructureKind="resource"/><InteractionEvent Delta="null" EndDate="2011-09-13 12:05:56.941 PDT" Interest="0.99999905" Kind="propagation" Navigation="org.eclipse.mylyn.core.model.edges.containment" OriginId="org.eclipse.mylyn.core.model.interest.propagation" StartDate="2011-09-13 12:05:56.941 PDT" StructureHandle="" StructureKind="java"/><InteractionEvent Delta="null" EndDate="2011-09-13 12:04:47.74 PDT" Interest="0.9999995" Kind="propagation" Navigation="org.eclipse.mylyn.core.model.edges.containment" OriginId="org.eclipse.mylyn.core.model.interest.propagation" StartDate="2011-09-13 12:04:47.74 PDT" StructureHandle="/" StructureKind="resource"/><InteractionEvent Delta="null" EndDate="2011-09-13 12:06:21.230 PDT" Interest="1.0" Kind="propagation" Navigation="null" OriginId="org.eclipse.jdt.ui.CompilationUnitEditor" StartDate="2011-09-13 12:06:21.230 PDT" StructureHandle="/org.eclipse.mylyn.context.ui" StructureKind="resource"/><InteractionEvent Delta="null" EndDate="2011-09-13 12:05:05.874 PDT" Interest="1.0" Kind="propagation" Navigation="null" OriginId="org.eclipse.jdt.ui.CompilationUnitEditor" StartDate="2011-09-13 12:05:05.874 PDT" StructureHandle="/org.eclipse.mylyn.context.ui/src/org/eclipse/mylyn/internal/context/ui/actions/AbstractInterestManipulationAction.java" StructureKind="resource"/><InteractionEvent Delta="null" EndDate="2011-09-13 12:06:21.99 PDT" Interest="1.0" Kind="propagation" Navigation="null" OriginId="org.eclipse.jdt.ui.PackageExplorer" StartDate="2011-09-13 12:06:21.99 PDT" StructureHandle="/org.eclipse.mylyn.context.ui/src" StructureKind="resource"/><InteractionEvent Delta="null" EndDate="2011-09-13 12:06:12.870 PDT" Interest="1.0" Kind="propagation" Navigation="null" OriginId="org.eclipse.jdt.ui.CompilationUnitEditor" StartDate="2011-09-13 12:06:12.870 PDT" StructureHandle="/org.eclipse.mylyn.context.ui/src/org/eclipse/mylyn/internal/context/ui/actions" StructureKind="resource"/><InteractionEvent Delta="null" EndDate="2011-09-13 12:05:19.62 PDT" Interest="1.0" Kind="propagation" Navigation="org.eclipse.mylyn.core.model.edges.containment" OriginId="org.eclipse.mylyn.core.model.interest.propagation" StartDate="2011-09-13 12:05:19.62 PDT" StructureHandle="/org.eclipse.mylyn.context.ui/src/org/eclipse" StructureKind="resource"/><InteractionEvent Delta="null" EndDate="2011-09-13 12:05:05.874 PDT" Interest="4.7683716E-7" Kind="propagation" Navigation="org.eclipse.mylyn.core.model.edges.containment" OriginId="org.eclipse.mylyn.core.model.interest.propagation" StartDate="2011-09-13 12:05:05.874 PDT" StructureHandle="/org.eclipse.mylyn.context.ui/src/org/eclipse/mylyn/internal" StructureKind="resource"/><InteractionEvent Delta="null" EndDate="2011-09-13 12:04:46.650 PDT" Interest="1.0000002" Kind="propagation" Navigation="org.eclipse.mylyn.core.model.edges.containment" OriginId="org.eclipse.mylyn.core.model.interest.propagation" StartDate="2011-09-13 12:04:46.650 PDT" StructureHandle="" StructureKind="java"/><InteractionEvent Delta="null" EndDate="2011-09-13 12:04:50.983 PDT" Interest="1.0000005" Kind="propagation" Navigation="org.eclipse.mylyn.core.model.edges.containment" OriginId="org.eclipse.mylyn.core.model.interest.propagation" StartDate="2011-09-13 12:04:50.983 PDT" StructureHandle="=org.eclipse.mylyn.context.ui" StructureKind="resource"/><InteractionEvent Delta="null" EndDate="2011-09-13 12:04:47.73 PDT" Interest="1.0" Kind="propagation" Navigation="org.eclipse.mylyn.core.model.edges.containment" OriginId="org.eclipse.mylyn.core.model.interest.propagation" StartDate="2011-09-13 12:04:47.73 PDT" StructureHandle="/org.eclipse.mylyn.context.ui/src/org/eclipse/mylyn" StructureKind="resource"/><InteractionEvent Delta="null" EndDate="2011-09-13 12:04:47.74 PDT" Interest="0.9999995" Kind="propagation" Navigation="org.eclipse.mylyn.core.model.edges.containment" OriginId="org.eclipse.mylyn.core.model.interest.propagation" StartDate="2011-09-13 12:04:47.74 PDT" StructureHandle="" StructureKind="java"/><InteractionEvent Delta="null" EndDate="2011-09-13 12:06:11.636 PDT" Interest="1.0" Kind="propagation" Navigation="org.eclipse.mylyn.core.model.edges.containment" OriginId="org.eclipse.mylyn.core.model.interest.propagation" StartDate="2011-09-13 12:06:11.636 PDT" StructureHandle="=org.eclipse.mylyn.context.ui/src&amp;lt;org.eclipse.mylyn.internal.context.ui.actions" StructureKind="java"/><InteractionEvent Delta="null" EndDate="2011-09-13 12:06:21.98 PDT" Interest="1.0" Kind="propagation" Navigation="org.eclipse.mylyn.core.model.edges.containment" OriginId="org.eclipse.mylyn.core.model.interest.propagation" StartDate="2011-09-13 12:06:21.98 PDT" StructureHandle="/org.eclipse.mylyn.context.ui/src/org/eclipse/mylyn/internal" StructureKind="resource"/><InteractionEvent Delta="null" EndDate="2011-09-13 12:06:21.98 PDT" Interest="1.0" Kind="propagation" Navigation="org.eclipse.mylyn.core.model.edges.containment" OriginId="org.eclipse.mylyn.core.model.interest.propagation" StartDate="2011-09-13 12:06:21.98 PDT" StructureHandle="/org.eclipse.mylyn.context.ui/src/org/eclipse" StructureKind="resource"/><InteractionEvent Delta="null" EndDate="2011-09-13 12:06:11.636 PDT" Interest="0.9999995" Kind="propagation" Navigation="org.eclipse.mylyn.core.model.edges.containment" OriginId="org.eclipse.mylyn.core.model.interest.propagation" StartDate="2011-09-13 12:06:11.636 PDT" StructureHandle="/org.eclipse.mylyn.context.ui/src/org/eclipse" StructureKind="resource"/><InteractionEvent Delta="null" EndDate="2011-09-13 12:06:11.636 PDT" Interest="0.9999995" Kind="propagation" Navigation="org.eclipse.mylyn.core.model.edges.containment" OriginId="org.eclipse.mylyn.core.model.interest.propagation" StartDate="2011-09-13 12:06:11.636 PDT" StructureHandle="/org.eclipse.mylyn.context.ui/src/org/eclipse/mylyn/internal/context/ui" StructureKind="resource"/><InteractionEvent Delta="null" EndDate="2011-09-13 12:04:40.723 PDT" Interest="0.01700002" Kind="propagation" Navigation="org.eclipse.mylyn.core.model.edges.containment" OriginId="org.eclipse.mylyn.core.model.interest.propagation" StartDate="2011-09-13 12:04:40.723 PDT" StructureHandle="/" StructureKind="resource"/><InteractionEvent Delta="null" EndDate="2011-09-13 12:04:42.558 PDT" Interest="1.0" Kind="propagation" Navigation="org.eclipse.mylyn.core.model.edges.containment" OriginId="org.eclipse.mylyn.core.model.interest.propagation" StartDate="2011-09-13 12:04:42.558 PDT" StructureHandle="/org.eclipse.mylyn.context.ui/src/org" StructureKind="resource"/><InteractionEvent Delta="null" EndDate="2011-09-13 12:04:50.983 PDT" Interest="0.99999976" Kind="propagation" Navigation="org.eclipse.mylyn.core.model.edges.containment" OriginId="org.eclipse.mylyn.core.model.interest.propagation" StartDate="2011-09-13 12:04:50.983 PDT" StructureHandle="/org.eclipse.mylyn.context.ui/src/org/eclipse/mylyn/internal/context/ui" StructureKind="resource"/><InteractionEvent Delta="null" EndDate="2011-09-13 12:04:42.558 PDT" Interest="1.0" Kind="propagation" Navigation="org.eclipse.mylyn.core.model.edges.containment" OriginId="org.eclipse.mylyn.core.model.interest.propagation" StartDate="2011-09-13 12:04:42.558 PDT" StructureHandle="/org.eclipse.mylyn.context.ui/src/org/eclipse/mylyn/internal/context/ui" StructureKind="resource"/><InteractionEvent Delta="null" EndDate="2011-09-13 12:06:21.494 PDT" Interest="1.0" Kind="propagation" Navigation="null" OriginId="org.eclipse.jdt.ui.CompilationUnitEditor" StartDate="2011-09-13 12:06:21.494 PDT" StructureHandle="/org.eclipse.mylyn.context.ui" StructureKind="resource"/><InteractionEvent Delta="null" EndDate="2011-09-13 12:05:56.941 PDT" Interest="1.0000005" Kind="propagation" Navigation="org.eclipse.mylyn.core.model.edges.containment" OriginId="org.eclipse.mylyn.core.model.interest.propagation" StartDate="2011-09-13 12:05:56.941 PDT" StructureHandle="/org.eclipse.mylyn.context.ui/src/org/eclipse/mylyn/internal/context/ui" StructureKind="resource"/><InteractionEvent Delta="null" EndDate="2011-09-13 12:06:11.636 PDT" Interest="0.9999995" Kind="propagation" Navigation="org.eclipse.mylyn.core.model.edges.containment" OriginId="org.eclipse.mylyn.core.model.interest.propagation" StartDate="2011-09-13 12:06:11.636 PDT" StructureHandle="/org.eclipse.mylyn.context.ui/src/org/eclipse/mylyn" StructureKind="resource"/><InteractionEvent Delta="null" EndDate="2011-09-13 12:06:21.99 PDT" Interest="1.0" Kind="propagation" Navigation="null" OriginId="org.eclipse.jdt.ui.PackageExplorer" StartDate="2011-09-13 12:06:21.99 PDT" StructureHandle="/org.eclipse.mylyn.context.ui" StructureKind="resource"/><InteractionEvent Delta="null" EndDate="2011-09-13 12:05:17.37 PDT" Interest="0.6999998" Kind="propagation" Navigation="org.eclipse.mylyn.core.model.edges.containment" OriginId="org.eclipse.mylyn.core.model.interest.propagation" StartDate="2011-09-13 12:05:17.37 PDT" StructureHandle="=org.eclipse.mylyn.context.ui/src&amp;lt;org.eclipse.mylyn.internal.context.ui.actions" StructureKind="java"/><InteractionEvent Delta="null" EndDate="2011-09-13 12:05:56.941 PDT" Interest="1.0000005" Kind="propagation" Navigation="org.eclipse.mylyn.core.model.edges.containment" OriginId="org.eclipse.mylyn.core.model.interest.propagation" StartDate="2011-09-13 12:05:56.941 PDT" StructureHandle="/org.eclipse.mylyn.context.ui/src/org" StructureKind="resource"/><InteractionEvent Delta="null" EndDate="2011-09-13 12:06:21.493 PDT" Interest="1.0" Kind="propagation" Navigation="org.eclipse.mylyn.core.model.edges.containment" OriginId="org.eclipse.mylyn.core.model.interest.propagation" StartDate="2011-09-13 12:06:21.493 PDT" StructureHandle="/org.eclipse.mylyn.context.ui/src/org/eclipse" StructureKind="resource"/><InteractionEvent Delta="null" EndDate="2011-09-13 12:04:50.983 PDT" Interest="0.9999993" Kind="propagation" Navigation="org.eclipse.mylyn.core.model.edges.containment" OriginId="org.eclipse.mylyn.core.model.interest.propagation" StartDate="2011-09-13 12:04:50.983 PDT" StructureHandle="/org.eclipse.mylyn.context.ui/src/org" StructureKind="resource"/><InteractionEvent Delta="null" EndDate="2011-09-13 12:06:21.493 PDT" Interest="1.0" Kind="propagation" Navigation="org.eclipse.mylyn.core.model.edges.containment" OriginId="org.eclipse.mylyn.core.model.interest.propagation" StartDate="2011-09-13 12:06:21.493 PDT" StructureHandle="/org.eclipse.mylyn.context.ui/src/org/eclipse/mylyn/internal/context" StructureKind="resource"/><InteractionEvent Delta="null" EndDate="2011-09-13 12:05:56.941 PDT" Interest="1.0" Kind="propagation" Navigation="null" OriginId="org.eclipse.jdt.ui.CompilationUnitEditor" StartDate="2011-09-13 12:05:56.941 PDT" StructureHandle="/org.eclipse.mylyn.context.ui/src/org/eclipse/mylyn/internal/context/ui/actions/AbstractInterestManipulationAction.java" StructureKind="resource"/><InteractionEvent Delta="null" EndDate="2011-09-13 12:04:42.558 PDT" Interest="0.01700002" Kind="propagation" Navigation="org.eclipse.mylyn.core.model.edges.containment" OriginId="org.eclipse.mylyn.core.model.interest.propagation" StartDate="2011-09-13 12:04:42.558 PDT" StructureHandle="/org.eclipse.mylyn.context.ui/src" StructureKind="resource"/><InteractionEvent Delta="null" EndDate="2011-09-13 12:05:17.37 PDT" Interest="1.0" Kind="propagation" Navigation="org.eclipse.mylyn.core.model.edges.containment" OriginId="org.eclipse.mylyn.core.model.interest.propagation" StartDate="2011-09-13 12:05:17.37 PDT" StructureHandle="/org.eclipse.mylyn.context.ui/src/org" StructureKind="resource"/><InteractionEvent Delta="null" EndDate="2011-09-13 12:06:12.870 PDT" Interest="1.0" Kind="propagation" Navigation="org.eclipse.mylyn.core.model.edges.containment" OriginId="org.eclipse.mylyn.core.model.interest.propagation" StartDate="2011-09-13 12:06:12.870 PDT" StructureHandle="/org.eclipse.mylyn.context.ui/src/org/eclipse/mylyn/internal/context" StructureKind="resource"/><InteractionEvent Delta="null" EndDate="2011-09-13 12:04:46.649 PDT" Interest="1.0" Kind="propagation" Navigation="null" OriginId="org.eclipse.jdt.ui.CompilationUnitEditor" StartDate="2011-09-13 12:04:46.649 PDT" StructureHandle="/org.eclipse.mylyn.context.ui/src/org/eclipse/mylyn/internal/context/ui/actions/AbstractInterestManipulationAction.java" StructureKind="resource"/><InteractionEvent Delta="null" EndDate="2011-09-13 12:04:40.723 PDT" Interest="1.0" Kind="selection" Navigation="null" OriginId="org.eclipse.jdt.ui.PackageExplorer" StartDate="2011-09-13 12:04:40.723 PDT" StructureHandle="=org.eclipse.mylyn.context.ui/src" StructureKind="java"/><InteractionEvent Delta="null" EndDate="2011-09-13 12:04:40.723 PDT" Interest="1.0" Kind="propagation" Navigation="null" OriginId="org.eclipse.jdt.ui.PackageExplorer" StartDate="2011-09-13 12:04:40.723 PDT" StructureHandle="/org.eclipse.mylyn.context.ui" StructureKind="resource"/><InteractionEvent Delta="null" EndDate="2011-09-13 12:06:11.637 PDT" Interest="9.536743E-7" Kind="propagation" Navigation="org.eclipse.mylyn.core.model.edges.containment" OriginId="org.eclipse.mylyn.core.model.interest.propagation" StartDate="2011-09-13 12:06:11.637 PDT" StructureHandle="" StructureKind="java"/><InteractionEvent Delta="null" EndDate="2011-09-13 12:04:42.558 PDT" Interest="1.0" Kind="propagation" Navigation="null" OriginId="org.eclipse.jdt.ui.PackageExplorer" StartDate="2011-09-13 12:04:42.558 PDT" StructureHandle="/org.eclipse.mylyn.context.ui/src/org/eclipse/mylyn/internal/context/ui/actions" StructureKind="resource"/><InteractionEvent Delta="null" EndDate="2011-09-13 12:05:05.874 PDT" Interest="0.9999995" Kind="propagation" Navigation="org.eclipse.mylyn.core.model.edges.containment" OriginId="org.eclipse.mylyn.core.model.interest.propagation" StartDate="2011-09-13 12:05:05.874 PDT" StructureHandle="=org.eclipse.mylyn.context.ui" StructureKind="resource"/><InteractionEvent Delta="null" EndDate="2011-09-13 12:06:21.98 PDT" Interest="1.0" Kind="propagation" Navigation="org.eclipse.mylyn.core.model.edges.containment" OriginId="org.eclipse.mylyn.core.model.interest.propagation" StartDate="2011-09-13 12:06:21.98 PDT" StructureHandle="/org.eclipse.mylyn.context.ui/src/org" StructureKind="resource"/><InteractionEvent Delta="null" EndDate="2011-09-13 12:06:21.494 PDT" Interest="1.0000019" Kind="propagation" Navigation="org.eclipse.mylyn.core.model.edges.containment" OriginId="org.eclipse.mylyn.core.model.interest.propagation" StartDate="2011-09-13 12:06:21.494 PDT" StructureHandle="" StructureKind="java"/><InteractionEvent Delta="null" EndDate="2011-09-13 12:04:46.598 PDT" Interest="0.03399992" Kind="propagation" Navigation="org.eclipse.mylyn.core.model.edges.containment" OriginId="org.eclipse.mylyn.core.model.interest.propagation" StartDate="2011-09-13 12:04:46.598 PDT" StructureHandle="/org.eclipse.mylyn.context.ui/src/org/eclipse/mylyn" StructureKind="resource"/><InteractionEvent Delta="null" EndDate="2011-09-13 12:04:42.558 PDT" Interest="0.01699996" Kind="propagation" Navigation="org.eclipse.mylyn.core.model.edges.containment" OriginId="org.eclipse.mylyn.core.model.interest.propagation" StartDate="2011-09-13 12:04:42.558 PDT" StructureHandle="" StructureKind="java"/><InteractionEvent Delta="null" EndDate="2011-09-13 12:04:46.650 PDT" Interest="1.0" Kind="propagation" Navigation="null" OriginId="org.eclipse.jdt.ui.CompilationUnitEditor" StartDate="2011-09-13 12:04:46.650 PDT" StructureHandle="/org.eclipse.mylyn.context.ui" StructureKind="resource"/><InteractionEvent Delta="null" EndDate="2011-09-13 12:04:40.724 PDT" Interest="0.01700002" Kind="propagation" Navigation="org.eclipse.mylyn.core.model.edges.containment" OriginId="org.eclipse.mylyn.core.model.interest.propagation" StartDate="2011-09-13 12:04:40.724 PDT" StructureHandle="" StructureKind="java"/><InteractionEvent Delta="null" EndDate="2011-09-13 12:04:42.558 PDT" Interest="0.01699996" Kind="propagation" Navigation="org.eclipse.mylyn.core.model.edges.containment" OriginId="org.eclipse.mylyn.core.model.interest.propagation" StartDate="2011-09-13 12:04:42.558 PDT" StructureHandle="/" StructureKind="resource"/><InteractionEvent Delta="null" EndDate="2011-09-13 12:04:43.503 PDT" Interest="1.0" Kind="propagation" Navigation="org.eclipse.mylyn.core.model.edges.containment" OriginId="org.eclipse.mylyn.core.model.interest.propagation" StartDate="2011-09-13 12:04:43.503 PDT" StructureHandle="/org.eclipse.mylyn.context.ui/src/org" StructureKind="resource"/><InteractionEvent Delta="null" EndDate="2011-09-13 12:04:46.649 PDT" Interest="0.9999999" Kind="propagation" Navigation="org.eclipse.mylyn.core.model.edges.containment" OriginId="org.eclipse.mylyn.core.model.interest.propagation" StartDate="2011-09-13 12:04:46.649 PDT" StructureHandle="/org.eclipse.mylyn.context.ui/src/org/eclipse/mylyn/internal/context/ui" StructureKind="resource"/><InteractionEvent Delta="null" EndDate="2011-09-13 12:06:21.493 PDT" Interest="1.0" Kind="propagation" Navigation="org.eclipse.mylyn.core.model.edges.containment" OriginId="org.eclipse.mylyn.core.model.interest.propagation" StartDate="2011-09-13 12:06:21.493 PDT" StructureHandle="/org.eclipse.mylyn.context.ui/src/org/eclipse/mylyn" StructureKind="resource"/><InteractionEvent Delta="null" EndDate="2011-09-13 12:04:46.649 PDT" Interest="0.9999999" Kind="propagation" Navigation="org.eclipse.mylyn.core.model.edges.containment" OriginId="org.eclipse.mylyn.core.model.interest.propagation" StartDate="2011-09-13 12:04:46.649 PDT" StructureHandle="/org.eclipse.mylyn.context.ui/src/org/eclipse/mylyn" StructureKind="resource"/><InteractionEvent Delta="null" EndDate="2011-09-13 12:06:21.98 PDT" Interest="1.0" Kind="propagation" Navigation="org.eclipse.mylyn.core.model.edges.containment" OriginId="org.eclipse.mylyn.core.model.interest.propagation" StartDate="2011-09-13 12:06:21.98 PDT" StructureHandle="=org.eclipse.mylyn.context.ui/src&amp;lt;org.eclipse.mylyn.internal.context.ui.actions" StructureKind="java"/><InteractionEvent Delta="null" EndDate="2011-09-13 12:06:21.229 PDT" Interest="1.0" Kind="propagation" Navigation="null" OriginId="org.eclipse.jdt.ui.CompilationUnitEditor" StartDate="2011-09-13 12:06:21.229 PDT" StructureHandle="/org.eclipse.mylyn.context.ui/src/org/eclipse/mylyn/internal/context/ui/actions/AbstractInterestManipulationAction.java" StructureKind="resource"/><InteractionEvent Delta="null" EndDate="2011-09-13 12:04:46.598 PDT" Interest="1.0" Kind="propagation" Navigation="org.eclipse.mylyn.core.model.edges.containment" OriginId="org.eclipse.mylyn.core.model.interest.propagation" StartDate="2011-09-13 12:04:46.598 PDT" StructureHandle="=org.eclipse.mylyn.context.ui/src&amp;lt;org.eclipse.mylyn.internal.context.ui.actions" StructureKind="java"/><InteractionEvent Delta="null" EndDate="2011-09-13 12:06:11.637 PDT" Interest="1.0" Kind="propagation" Navigation="org.eclipse.mylyn.core.model.edges.containment" OriginId="org.eclipse.mylyn.core.model.interest.propagation" StartDate="2011-09-13 12:06:11.637 PDT" StructureHandle="/" StructureKind="resource"/><InteractionEvent Delta="null" EndDate="2011-09-13 12:05:17.38 PDT" Interest="1.0" Kind="propagation" Navigation="null" OriginId="org.eclipse.jdt.ui.CompilationUnitEditor" StartDate="2011-09-13 12:05:17.38 PDT" StructureHandle="/org.eclipse.mylyn.context.ui/src/org/eclipse/mylyn/internal/context/ui/actions" StructureKind="resource"/><InteractionEvent Delta="null" EndDate="2011-09-13 12:06:21.230 PDT" Interest="0.9999981" Kind="propagation" Navigation="org.eclipse.mylyn.core.model.edges.containment" OriginId="org.eclipse.mylyn.core.model.interest.propagation" StartDate="2011-09-13 12:06:21.230 PDT" StructureHandle="" StructureKind="java"/><InteractionEvent Delta="null" EndDate="2011-09-13 12:04:46.599 PDT" Interest="1.0" Kind="propagation" Navigation="null" OriginId="org.eclipse.jdt.ui.CompilationUnitEditor" StartDate="2011-09-13 12:04:46.599 PDT" StructureHandle="/org.eclipse.mylyn.context.ui/src" StructureKind="resource"/><InteractionEvent Delta="null" EndDate="2011-09-13 12:05:19.62 PDT" Interest="1.0000005" Kind="propagation" Navigation="org.eclipse.mylyn.core.model.edges.containment" OriginId="org.eclipse.mylyn.core.model.interest.propagation" StartDate="2011-09-13 12:05:19.62 PDT" StructureHandle="=org.eclipse.mylyn.context.ui/src" StructureKind="java"/><InteractionEvent Delta="null" EndDate="2011-09-13 12:06:21.230 PDT" Interest="1.0" Kind="propagation" Navigation="org.eclipse.mylyn.core.model.edges.containment" OriginId="org.eclipse.mylyn.core.model.interest.propagation" StartDate="2011-09-13 12:06:21.230 PDT" StructureHandle="/" StructureKind="resource"/><InteractionEvent Delta="null" EndDate="2011-09-13 12:04:46.599 PDT" Interest="1.0" Kind="propagation" Navigation="org.eclipse.mylyn.core.model.edges.containment" OriginId="org.eclipse.mylyn.core.model.interest.propagation" StartDate="2011-09-13 12:04:46.599 PDT" StructureHandle="" StructureKind="java"/><InteractionEvent Delta="null" EndDate="2011-09-13 12:05:19.62 PDT" Interest="0.9999995" Kind="propagation" Navigation="org.eclipse.mylyn.core.model.edges.containment" OriginId="org.eclipse.mylyn.core.model.interest.propagation" StartDate="2011-09-13 12:05:19.62 PDT" StructureHandle="/" StructureKind="resource"/><InteractionEvent Delta="null" EndDate="2011-09-13 12:05:19.249 PDT" Interest="1.0" Kind="selection" Navigation="null" OriginId="org.eclipse.jdt.ui.PackageExplorer" StartDate="2011-09-13 12:05:19.249 PDT" StructureHandle="=org.eclipse.mylyn.context.ui" StructureKind="java"/><InteractionEvent Delta="null" EndDate="2011-09-13 12:06:12.870 PDT" Interest="0.69999933" Kind="propagation" Navigation="org.eclipse.mylyn.core.model.edges.containment" OriginId="org.eclipse.mylyn.core.model.interest.propagation" StartDate="2011-09-13 12:06:12.870 PDT" StructureHandle="=org.eclipse.mylyn.context.ui/src" StructureKind="java"/><InteractionEvent Delta="null" EndDate="2011-09-13 12:04:46.650 PDT" Interest="0.7000003" Kind="propagation" Navigation="org.eclipse.mylyn.core.model.edges.containment" OriginId="org.eclipse.mylyn.core.model.interest.propagation" StartDate="2011-09-13 12:04:46.650 PDT" StructureHandle="=org.eclipse.mylyn.context.ui/src" StructureKind="java"/><InteractionEvent Delta="null" EndDate="2011-09-13 12:04:39.557 PDT" Interest="1.0" Kind="propagation" Navigation="null" OriginId="org.eclipse.jdt.ui.PackageExplorer" StartDate="2011-09-13 12:04:39.557 PDT" StructureHandle="/org.eclipse.mylyn.context.ui" StructureKind="resource"/><InteractionEvent Delta="null" EndDate="2011-09-13 12:04:39.557 PDT" Interest="1.0" Kind="selection" Navigation="null" OriginId="org.eclipse.jdt.ui.PackageExplorer" StartDate="2011-09-13 12:04:39.557 PDT" StructureHandle="=org.eclipse.mylyn.context.ui" StructureKind="java"/><InteractionEvent Delta="null" EndDate="2011-09-13 12:04:43.503 PDT" Interest="1.0" Kind="propagation" Navigation="org.eclipse.mylyn.core.model.edges.containment" OriginId="org.eclipse.mylyn.core.model.interest.propagation" StartDate="2011-09-13 12:04:43.503 PDT" StructureHandle="/org.eclipse.mylyn.context.ui/src/org/eclipse/mylyn/internal" StructureKind="resource"/><InteractionEvent Delta="null" EndDate="2011-09-13 12:06:21.229 PDT" Interest="1.0" Kind="propagation" Navigation="org.eclipse.mylyn.core.model.edges.containment" OriginId="org.eclipse.mylyn.core.model.interest.propagation" StartDate="2011-09-13 12:06:21.229 PDT" StructureHandle="/org.eclipse.mylyn.context.ui/src/org/eclipse/mylyn/internal/context" StructureKind="resource"/><InteractionEvent Delta="null" EndDate="2011-09-13 12:04:42.558 PDT" Interest="1.0" Kind="propagation" Navigation="org.eclipse.mylyn.core.model.edges.containment" OriginId="org.eclipse.mylyn.core.model.interest.propagation" StartDate="2011-09-13 12:04:42.558 PDT" StructureHandle="/org.eclipse.mylyn.context.ui/src/org/eclipse/mylyn" StructureKind="resource"/><InteractionEvent Delta="null" EndDate="2011-09-13 12:05:19.62 PDT" Interest="1.0" Kind="propagation" Navigation="org.eclipse.mylyn.core.model.edges.containment" OriginId="org.eclipse.mylyn.core.model.interest.propagation" StartDate="2011-09-13 12:05:19.62 PDT" StructureHandle="=org.eclipse.mylyn.context.ui" StructureKind="resource"/><InteractionEvent Delta="null" EndDate="2011-09-13 12:05:19.62 PDT" Interest="1.0" Kind="propagation" Navigation="org.eclipse.mylyn.core.model.edges.containment" OriginId="org.eclipse.mylyn.core.model.interest.propagation" StartDate="2011-09-13 12:05:19.62 PDT" StructureHandle="/org.eclipse.mylyn.context.ui/src/org/eclipse/mylyn/internal" StructureKind="resource"/><InteractionEvent Delta="null" EndDate="2011-09-13 12:04:50.983 PDT" Interest="1.0000005" Kind="propagation" Navigation="org.eclipse.mylyn.core.model.edges.containment" OriginId="org.eclipse.mylyn.core.model.interest.propagation" StartDate="2011-09-13 12:04:50.983 PDT" StructureHandle="" StructureKind="java"/><InteractionEvent Delta="null" EndDate="2011-09-13 12:06:21.98 PDT" Interest="1.0" Kind="propagation" Navigation="null" OriginId="org.eclipse.jdt.ui.PackageExplorer" StartDate="2011-09-13 12:06:21.98 PDT" StructureHandle="/org.eclipse.mylyn.context.ui/src/org/eclipse/mylyn/internal/context/ui/actions/AbstractInterestManipulationAction.java" StructureKind="resource"/><InteractionEvent Delta="null" EndDate="2011-09-13 12:05:19.249 PDT" Interest="3.9659996" Kind="propagation" Navigation="org.eclipse.mylyn.core.model.edges.containment" OriginId="org.eclipse.mylyn.core.model.interest.propagation" StartDate="2011-09-13 12:05:19.249 PDT" StructureHandle="/" StructureKind="resource"/><InteractionEvent Delta="null" EndDate="2011-09-13 12:06:21.230 PDT" Interest="1.0" Kind="propagation" Navigation="org.eclipse.mylyn.core.model.edges.containment" OriginId="org.eclipse.mylyn.core.model.interest.propagation" StartDate="2011-09-13 12:06:21.230 PDT" StructureHandle="=org.eclipse.mylyn.context.ui/src" StructureKind="java"/><InteractionEvent Delta="null" EndDate="2011-09-13 12:04:42.558 PDT" Interest="1.0" Kind="propagation" Navigation="org.eclipse.mylyn.core.model.edges.containment" OriginId="org.eclipse.mylyn.core.model.interest.propagation" StartDate="2011-09-13 12:04:42.558 PDT" StructureHandle="/org.eclipse.mylyn.context.ui/src/org/eclipse" StructureKind="resource"/><InteractionEvent Delta="null" EndDate="2011-09-13 12:05:05.875 PDT" Interest="4.7683716E-7" Kind="propagation" Navigation="org.eclipse.mylyn.core.model.edges.containment" OriginId="org.eclipse.mylyn.core.model.interest.propagation" StartDate="2011-09-13 12:05:05.875 PDT" StructureHandle="=org.eclipse.mylyn.context.ui/src" StructureKind="java"/><InteractionEvent Delta="null" EndDate="2011-09-13 12:05:19.62 PDT" Interest="1.0" Kind="propagation" Navigation="org.eclipse.mylyn.core.model.edges.containment" OriginId="org.eclipse.mylyn.core.model.interest.propagation" StartDate="2011-09-13 12:05:19.62 PDT" StructureHandle="/org.eclipse.mylyn.context.ui/src/org/eclipse/mylyn/internal/context/ui" StructureKind="resource"/><InteractionEvent Delta="null" EndDate="2011-09-13 12:04:46.649 PDT" Interest="1.0" Kind="edit" Navigation="null" OriginId="org.eclipse.jdt.ui.CompilationUnitEditor" StartDate="2011-09-13 12:04:46.649 PDT" StructureHandle="=org.eclipse.mylyn.context.ui/src&amp;lt;org.eclipse.mylyn.internal.context.ui.actions{AbstractInterestManipulationAction.java" StructureKind="java"/><InteractionEvent Delta="null" EndDate="2011-09-13 12:04:42.558 PDT" Interest="1.0" Kind="propagation" Navigation="org.eclipse.mylyn.core.model.edges.containment" OriginId="org.eclipse.mylyn.core.model.interest.propagation" StartDate="2011-09-13 12:04:42.558 PDT" StructureHandle="/org.eclipse.mylyn.context.ui/src/org/eclipse/mylyn/internal/context" StructureKind="resource"/><InteractionEvent Delta="null" EndDate="2011-09-13 12:05:17.37 PDT" Interest="1.0" Kind="propagation" Navigation="org.eclipse.mylyn.core.model.edges.containment" OriginId="org.eclipse.mylyn.core.model.interest.propagation" StartDate="2011-09-13 12:05:17.37 PDT" StructureHandle="/org.eclipse.mylyn.context.ui/src/org/eclipse/mylyn/internal/context/ui" StructureKind="resource"/><InteractionEvent Delta="null" EndDate="2011-09-13 12:04:46.649 PDT" Interest="1.0000001" Kind="propagation" Navigation="org.eclipse.mylyn.core.model.edges.containment" OriginId="org.eclipse.mylyn.core.model.interest.propagation" StartDate="2011-09-13 12:04:46.649 PDT" StructureHandle="/org.eclipse.mylyn.context.ui/src/org/eclipse/mylyn/internal/context/ui/actions" StructureKind="resource"/><InteractionEvent Delta="null" EndDate="2011-09-13 12:04:46.484 PDT" Interest="1.1920929E-7" Kind="propagation" Navigation="org.eclipse.mylyn.core.model.edges.containment" OriginId="org.eclipse.mylyn.core.model.interest.propagation" StartDate="2011-09-13 12:04:46.484 PDT" StructureHandle="/" StructureKind="resource"/><InteractionEvent Delta="null" EndDate="2011-09-13 12:05:17.38 PDT" Interest="0.69999933" Kind="propagation" Navigation="org.eclipse.mylyn.core.model.edges.containment" OriginId="org.eclipse.mylyn.core.model.interest.propagation" StartDate="2011-09-13 12:05:17.38 PDT" StructureHandle="=org.eclipse.mylyn.context.ui/src" StructureKind="java"/><InteractionEvent Delta="null" EndDate="2011-09-13 12:06:11.635 PDT" Interest="1.0" Kind="propagation" Navigation="null" OriginId="org.eclipse.jdt.ui.CompilationUnitEditor" StartDate="2011-09-13 12:06:11.635 PDT" StructureHandle="/org.eclipse.mylyn.context.ui/src/org/eclipse/mylyn/internal/context/ui/actions/AbstractInterestManipulationAction.java" StructureKind="resource"/><InteractionEvent Delta="null" EndDate="2011-09-13 12:05:17.38 PDT" Interest="1.0" Kind="propagation" Navigation="null" OriginId="org.eclipse.jdt.ui.CompilationUnitEditor" StartDate="2011-09-13 12:05:17.38 PDT" StructureHandle="/org.eclipse.mylyn.context.ui/src" StructureKind="resource"/><InteractionEvent Delta="null" EndDate="2011-09-13 12:05:56.941 PDT" Interest="1.0" Kind="propagation" Navigation="null" OriginId="org.eclipse.jdt.ui.CompilationUnitEditor" StartDate="2011-09-13 12:05:56.941 PDT" StructureHandle="/org.eclipse.mylyn.context.ui" StructureKind="resource"/><InteractionEvent Delta="null" EndDate="2011-09-13 12:06:11.635 PDT" Interest="1.0" Kind="selection" Navigation="null" OriginId="org.eclipse.jdt.ui.CompilationUnitEditor" StartDate="2011-09-13 12:06:11.635 PDT" StructureHandle="=org.eclipse.mylyn.context.ui/src&amp;lt;org.eclipse.mylyn.internal.context.ui.actions{AbstractInterestManipulationAction.java" StructureKind="java"/><InteractionEvent Delta="null" EndDate="2011-09-13 12:06:21.493 PDT" Interest="1.000001" Kind="propagation" Navigation="org.eclipse.mylyn.core.model.edges.containment" OriginId="org.eclipse.mylyn.core.model.interest.propagation" StartDate="2011-09-13 12:06:21.493 PDT" StructureHandle="=org.eclipse.mylyn.context.ui" StructureKind="resource"/><InteractionEvent Delta="null" EndDate="2011-09-13 12:04:46.599 PDT" Interest="1.0" Kind="propagation" Navigation="null" OriginId="org.eclipse.jdt.ui.CompilationUnitEditor" StartDate="2011-09-13 12:04:46.599 PDT" StructureHandle="/org.eclipse.mylyn.context.ui" StructureKind="resource"/><InteractionEvent Delta="null" EndDate="2011-09-13 12:04:46.598 PDT" Interest="1.0" Kind="propagation" Navigation="org.eclipse.mylyn.core.model.edges.containment" OriginId="org.eclipse.mylyn.core.model.interest.propagation" StartDate="2011-09-13 12:04:46.598 PDT" StructureHandle="/" StructureKind="resource"/><InteractionEvent Delta="null" EndDate="2011-09-13 12:05:19.62 PDT" Interest="1.0" Kind="propagation" Navigation="org.eclipse.mylyn.core.model.edges.containment" OriginId="org.eclipse.mylyn.core.model.interest.propagation" StartDate="2011-09-13 12:05:19.62 PDT" StructureHandle="/org.eclipse.mylyn.context.ui/src/org/eclipse/mylyn/internal/context" StructureKind="resource"/><InteractionEvent Delta="null" EndDate="2011-09-13 12:04:43.502 PDT" Interest="1.0" Kind="selection" Navigation="null" OriginId="org.eclipse.jdt.ui.PackageExplorer" StartDate="2011-09-13 12:04:43.502 PDT" StructureHandle="=org.eclipse.mylyn.context.ui/src&amp;lt;org.eclipse.mylyn.internal.context.ui" StructureKind="java"/><InteractionEvent Delta="null" EndDate="2011-09-13 12:04:43.503 PDT" Interest="1.0" Kind="propagation" Navigation="null" OriginId="org.eclipse.jdt.ui.PackageExplorer" StartDate="2011-09-13 12:04:43.503 PDT" StructureHandle="/org.eclipse.mylyn.context.ui" StructureKind="resource"/><InteractionEvent Delta="null" EndDate="2011-09-13 12:05:56.941 PDT" Interest="1.0000005" Kind="propagation" Navigation="org.eclipse.mylyn.core.model.edges.containment" OriginId="org.eclipse.mylyn.core.model.interest.propagation" StartDate="2011-09-13 12:05:56.941 PDT" StructureHandle="/org.eclipse.mylyn.context.ui/src/org/eclipse/mylyn/internal/context" StructureKind="resource"/><InteractionEvent Delta="null" EndDate="2011-09-13 12:05:19.62 PDT" Interest="1.0" Kind="propagation" Navigation="org.eclipse.mylyn.core.model.edges.containment" OriginId="org.eclipse.mylyn.core.model.interest.propagation" StartDate="2011-09-13 12:05:19.62 PDT" StructureHandle="/org.eclipse.mylyn.context.ui/src/org/eclipse/mylyn" StructureKind="resource"/><InteractionEvent Delta="null" EndDate="2011-09-13 12:06:21.494 PDT" Interest="0.6999998" Kind="propagation" Navigation="org.eclipse.mylyn.core.model.edges.containment" OriginId="org.eclipse.mylyn.core.model.interest.propagation" StartDate="2011-09-13 12:06:21.494 PDT" StructureHandle="=org.eclipse.mylyn.context.ui/src" StructureKind="java"/><InteractionEvent Delta="null" EndDate="2011-09-13 12:04:46.598 PDT" Interest="1.0" Kind="selection" Navigation="null" OriginId="org.eclipse.jdt.ui.CompilationUnitEditor" StartDate="2011-09-13 12:04:46.598 PDT" StructureHandle="=org.eclipse.mylyn.context.ui/src&amp;lt;org.eclipse.mylyn.internal.context.ui.actions{AbstractInterestManipulationAction.java" StructureKind="java"/><InteractionEvent Delta="null" EndDate="2011-09-13 12:06:21.229 PDT" Interest="0.99999905" Kind="propagation" Navigation="org.eclipse.mylyn.core.model.edges.containment" OriginId="org.eclipse.mylyn.core.model.interest.propagation" StartDate="2011-09-13 12:06:21.229 PDT" StructureHandle="=org.eclipse.mylyn.context.ui" StructureKind="resource"/><InteractionEvent Delta="null" EndDate="2011-09-13 12:04:43.502 PDT" Interest="1.0" Kind="propagation" Navigation="null" OriginId="org.eclipse.jdt.ui.PackageExplorer" StartDate="2011-09-13 12:04:43.502 PDT" StructureHandle="/org.eclipse.mylyn.context.ui/src/org/eclipse/mylyn/internal/context/ui" StructureKind="resource"/><InteractionEvent Delta="null" EndDate="2011-09-13 12:06:11.636 PDT" Interest="1.0" Kind="propagation" Navigation="null" OriginId="org.eclipse.jdt.ui.CompilationUnitEditor" StartDate="2011-09-13 12:06:11.636 PDT" StructureHandle="/org.eclipse.mylyn.context.ui/src/org/eclipse/mylyn/internal/context/ui/actions" StructureKind="resource"/><InteractionEvent Delta="null" EndDate="2011-09-13 12:05:19.62 PDT" Interest="1.0" Kind="propagation" Navigation="org.eclipse.mylyn.core.model.edges.containment" OriginId="org.eclipse.mylyn.core.model.interest.propagation" StartDate="2011-09-13 12:05:19.62 PDT" StructureHandle="=org.eclipse.mylyn.context.ui/src&amp;lt;org.eclipse.mylyn.internal.context.ui.actions" StructureKind="java"/><InteractionEvent Delta="null" EndDate="2011-09-13 12:06:21.493 PDT" Interest="1.0" Kind="propagation" Navigation="org.eclipse.mylyn.core.model.edges.containment" OriginId="org.eclipse.mylyn.core.model.interest.propagation" StartDate="2011-09-13 12:06:21.493 PDT" StructureHandle="/org.eclipse.mylyn.context.ui/src/org/eclipse/mylyn/internal" StructureKind="resource"/><InteractionEvent Delta="null" EndDate="2011-09-13 12:06:21.229 PDT" Interest="1.0" Kind="propagation" Navigation="org.eclipse.mylyn.core.model.edges.containment" OriginId="org.eclipse.mylyn.core.model.interest.propagation" StartDate="2011-09-13 12:06:21.229 PDT" StructureHandle="/org.eclipse.mylyn.context.ui/src/org/eclipse/mylyn/internal/context/ui" StructureKind="resource"/><InteractionEvent Delta="null" EndDate="2011-09-13 12:04:43.503 PDT" Interest="1.0" Kind="propagation" Navigation="org.eclipse.mylyn.core.model.edges.containment" OriginId="org.eclipse.mylyn.core.model.interest.propagation" StartDate="2011-09-13 12:04:43.503 PDT" StructureHandle="=org.eclipse.mylyn.context.ui" StructureKind="resource"/><InteractionEvent Delta="null" EndDate="2011-09-13 12:05:05.874 PDT" Interest="4.7683716E-7" Kind="propagation" Navigation="org.eclipse.mylyn.core.model.edges.containment" OriginId="org.eclipse.mylyn.core.model.interest.propagation" StartDate="2011-09-13 12:05:05.874 PDT" StructureHandle="/org.eclipse.mylyn.context.ui/src/org/eclipse/mylyn/internal/context/ui" StructureKind="resource"/><InteractionEvent Delta="null" EndDate="2011-09-13 12:04:46.484 PDT" Interest="0.03399998" Kind="propagation" Navigation="org.eclipse.mylyn.core.model.edges.containment" OriginId="org.eclipse.mylyn.core.model.interest.propagation" StartDate="2011-09-13 12:04:46.484 PDT" StructureHandle="=org.eclipse.mylyn.context.ui/src&amp;lt;org.eclipse.mylyn.internal.context.ui.actions" StructureKind="java"/><InteractionEvent Delta="null" EndDate="2011-09-13 12:04:47.73 PDT" Interest="1.0" Kind="edit" Navigation="null" OriginId="org.eclipse.jdt.ui.CompilationUnitEditor" StartDate="2011-09-13 12:04:47.73 PDT" StructureHandle="=org.eclipse.mylyn.context.ui/src&amp;lt;org.eclipse.mylyn.internal.context.ui.actions{AbstractInterestManipulationAction.java" StructureKind="java"/><InteractionEvent Delta="null" EndDate="2011-09-13 12:06:21.230 PDT" Interest="1.0" Kind="propagation" Navigation="null" OriginId="org.eclipse.jdt.ui.CompilationUnitEditor" StartDate="2011-09-13 12:06:21.230 PDT" StructureHandle="/org.eclipse.mylyn.context.ui/src" StructureKind="resource"/><InteractionEvent Delta="null" EndDate="2011-09-13 12:06:12.870 PDT" Interest="0.6999998" Kind="propagation" Navigation="org.eclipse.mylyn.core.model.edges.containment" OriginId="org.eclipse.mylyn.core.model.interest.propagation" StartDate="2011-09-13 12:06:12.870 PDT" StructureHandle="=org.eclipse.mylyn.context.ui/src&amp;lt;org.eclipse.mylyn.internal.context.ui.actions" StructureKind="java"/><InteractionEvent Delta="null" EndDate="2011-09-13 12:06:21.98 PDT" Interest="1.0" Kind="selection" Navigation="null" OriginId="org.eclipse.jdt.ui.PackageExplorer" StartDate="2011-09-13 12:06:21.98 PDT" StructureHandle="=org.eclipse.mylyn.context.ui/src&amp;lt;org.eclipse.mylyn.internal.context.ui.actions{AbstractInterestManipulationAction.java" StructureKind="java"/><InteractionEvent Delta="null" EndDate="2011-09-13 12:04:46.649 PDT" Interest="1.0000002" Kind="propagation" Navigation="org.eclipse.mylyn.core.model.edges.containment" OriginId="org.eclipse.mylyn.core.model.interest.propagation" StartDate="2011-09-13 12:04:46.649 PDT" StructureHandle="=org.eclipse.mylyn.context.ui" StructureKind="resource"/><InteractionEvent Delta="null" EndDate="2011-09-13 12:04:50.983 PDT" Interest="0.9999993" Kind="propagation" Navigation="org.eclipse.mylyn.core.model.edges.containment" OriginId="org.eclipse.mylyn.core.model.interest.propagation" StartDate="2011-09-13 12:04:50.983 PDT" StructureHandle="/org.eclipse.mylyn.context.ui/src/org/eclipse/mylyn/internal/context" StructureKind="resource"/><InteractionEvent Delta="null" EndDate="2011-09-13 12:05:17.38 PDT" Interest="1.0000005" Kind="propagation" Navigation="org.eclipse.mylyn.core.model.edges.containment" OriginId="org.eclipse.mylyn.core.model.interest.propagation" StartDate="2011-09-13 12:05:17.38 PDT" StructureHandle="" StructureKind="java"/><InteractionEvent Delta="null" EndDate="2011-09-13 12:04:46.598 PDT" Interest="1.0" Kind="propagation" Navigation="null" OriginId="org.eclipse.jdt.ui.CompilationUnitEditor" StartDate="2011-09-13 12:04:46.598 PDT" StructureHandle="/org.eclipse.mylyn.context.ui/src/org/eclipse/mylyn/internal/context/ui/actions/AbstractInterestManipulationAction.java" StructureKind="resource"/><InteractionEvent Delta="null" EndDate="2011-09-13 12:06:21.229 PDT" Interest="1.0" Kind="propagation" Navigation="null" OriginId="org.eclipse.jdt.ui.CompilationUnitEditor" StartDate="2011-09-13 12:06:21.229 PDT" StructureHandle="/org.eclipse.mylyn.context.ui/src/org/eclipse/mylyn/internal/context/ui/actions" StructureKind="resource"/><InteractionEvent Delta="null" EndDate="2011-09-13 12:04:47.74 PDT" Interest="0.99999976" Kind="propagation" Navigation="org.eclipse.mylyn.core.model.edges.containment" OriginId="org.eclipse.mylyn.core.model.interest.propagation" StartDate="2011-09-13 12:04:47.74 PDT" StructureHandle="=org.eclipse.mylyn.context.ui" StructureKind="resource"/><InteractionEvent Delta="null" EndDate="2011-09-13 12:04:46.484 PDT" Interest="1.0" Kind="propagation" Navigation="null" OriginId="org.eclipse.jdt.ui.PackageExplorer" StartDate="2011-09-13 12:04:46.484 PDT" StructureHandle="/org.eclipse.mylyn.context.ui/src" StructureKind="resource"/><InteractionEvent Delta="null" EndDate="2011-09-13 12:04:47.74 PDT" Interest="0.6999998" Kind="propagation" Navigation="org.eclipse.mylyn.core.model.edges.containment" OriginId="org.eclipse.mylyn.core.model.interest.propagation" StartDate="2011-09-13 12:04:47.74 PDT" StructureHandle="=org.eclipse.mylyn.context.ui/src" StructureKind="java"/><InteractionEvent Delta="null" EndDate="2011-09-13 12:04:43.503 PDT" Interest="1.0" Kind="propagation" Navigation="org.eclipse.mylyn.core.model.edges.containment" OriginId="org.eclipse.mylyn.core.model.interest.propagation" StartDate="2011-09-13 12:04:43.503 PDT" StructureHandle="" StructureKind="java"/><InteractionEvent Delta="null" EndDate="2011-09-13 12:06:12.870 PDT" Interest="1.0" Kind="edit" Navigation="null" OriginId="org.eclipse.jdt.ui.CompilationUnitEditor" StartDate="2011-09-13 12:06:12.870 PDT" StructureHandle="=org.eclipse.mylyn.context.ui/src&amp;lt;org.eclipse.mylyn.internal.context.ui.actions{AbstractInterestManipulationAction.java" StructureKind="java"/><InteractionEvent Delta="null" EndDate="2011-09-13 12:04:42.558 PDT" Interest="0.01700002" Kind="propagation" Navigation="org.eclipse.mylyn.core.model.edges.containment" OriginId="org.eclipse.mylyn.core.model.interest.propagation" StartDate="2011-09-13 12:04:42.558 PDT" StructureHandle="=org.eclipse.mylyn.context.ui/src" StructureKind="java"/><InteractionEvent Delta="null" EndDate="2011-09-13 12:06:21.493 PDT" Interest="1.0" Kind="propagation" Navigation="null" OriginId="org.eclipse.jdt.ui.CompilationUnitEditor" StartDate="2011-09-13 12:06:21.493 PDT" StructureHandle="/org.eclipse.mylyn.context.ui/src/org/eclipse/mylyn/internal/context/ui/actions/AbstractInterestManipulationAction.java" StructureKind="resource"/><InteractionEvent Delta="null" EndDate="2011-09-13 12:06:21.99 PDT" Interest="1.0" Kind="propagation" Navigation="org.eclipse.mylyn.core.model.edges.containment" OriginId="org.eclipse.mylyn.core.model.interest.propagation" StartDate="2011-09-13 12:06:21.99 PDT" StructureHandle="" StructureKind="java"/><InteractionEvent Delta="null" EndDate="2011-09-13 12:04:42.558 PDT" Interest="1.0" Kind="selection" Navigation="null" OriginId="org.eclipse.jdt.ui.PackageExplorer" StartDate="2011-09-13 12:04:42.558 PDT" StructureHandle="=org.eclipse.mylyn.context.ui/src&amp;lt;org.eclipse.mylyn.internal.context.ui.actions" StructureKind="java"/><InteractionEvent Delta="null" EndDate="2011-09-13 12:06:21.493 PDT" Interest="1.0" Kind="propagation" Navigation="null" OriginId="org.eclipse.jdt.ui.CompilationUnitEditor" StartDate="2011-09-13 12:06:21.493 PDT" StructureHandle="/org.eclipse.mylyn.context.ui/src/org/eclipse/mylyn/internal/context/ui/actions" StructureKind="resource"/><InteractionEvent Delta="null" EndDate="2011-09-13 12:04:46.649 PDT" Interest="0.9999999" Kind="propagation" Navigation="org.eclipse.mylyn.core.model.edges.containment" OriginId="org.eclipse.mylyn.core.model.interest.propagation" StartDate="2011-09-13 12:04:46.649 PDT" StructureHandle="/org.eclipse.mylyn.context.ui/src/org/eclipse/mylyn/internal/context" StructureKind="resource"/><InteractionEvent Delta="null" EndDate="2011-09-13 12:06:21.98 PDT" Interest="1.0" Kind="propagation" Navigation="null" OriginId="org.eclipse.jdt.ui.PackageExplorer" StartDate="2011-09-13 12:06:21.98 PDT" StructureHandle="/org.eclipse.mylyn.context.ui/src/org/eclipse/mylyn/internal/context/ui/actions" StructureKind="resource"/><InteractionEvent Delta="null" EndDate="2011-09-13 12:06:21.229 PDT" Interest="1.0" Kind="propagation" Navigation="org.eclipse.mylyn.core.model.edges.containment" OriginId="org.eclipse.mylyn.core.model.interest.propagation" StartDate="2011-09-13 12:06:21.229 PDT" StructureHandle="/org.eclipse.mylyn.context.ui/src/org/eclipse" StructureKind="resource"/><InteractionEvent Delta="null" EndDate="2011-09-13 12:04:43.503 PDT" Interest="1.0" Kind="propagation" Navigation="org.eclipse.mylyn.core.model.edges.containment" OriginId="org.eclipse.mylyn.core.model.interest.propagation" StartDate="2011-09-13 12:04:43.503 PDT" StructureHandle="/org.eclipse.mylyn.context.ui/src/org/eclipse" StructureKind="resource"/><InteractionEvent Delta="null" EndDate="2011-09-13 12:06:21.229 PDT" Interest="1.0" Kind="propagation" Navigation="org.eclipse.mylyn.core.model.edges.containment" OriginId="org.eclipse.mylyn.core.model.interest.propagation" StartDate="2011-09-13 12:06:21.229 PDT" StructureHandle="/org.eclipse.mylyn.context.ui/src/org/eclipse/mylyn/internal" StructureKind="resource"/><InteractionEvent Delta="null" EndDate="2011-09-13 12:04:47.73 PDT" Interest="1.0" Kind="propagation" Navigation="org.eclipse.mylyn.core.model.edges.containment" OriginId="org.eclipse.mylyn.core.model.interest.propagation" StartDate="2011-09-13 12:04:47.73 PDT" StructureHandle="/org.eclipse.mylyn.context.ui/src/org/eclipse/mylyn/internal" StructureKind="resource"/><InteractionEvent Delta="null" EndDate="2011-09-13 12:05:05.874 PDT" Interest="1.0" Kind="selection" Navigation="null" OriginId="org.eclipse.jdt.ui.CompilationUnitEditor" StartDate="2011-09-13 12:05:05.874 PDT" StructureHandle="=org.eclipse.mylyn.context.ui/src&amp;lt;org.eclipse.mylyn.internal.context.ui.actions{AbstractInterestManipulationAction.java" StructureKind="java"/><InteractionEvent Delta="null" EndDate="2011-09-13 12:04:46.598 PDT" Interest="0.9999999" Kind="propagation" Navigation="org.eclipse.mylyn.core.model.edges.containment" OriginId="org.eclipse.mylyn.core.model.interest.propagation" StartDate="2011-09-13 12:04:46.598 PDT" StructureHandle="=org.eclipse.mylyn.context.ui" StructureKind="resource"/><InteractionEvent Delta="null" EndDate="2011-09-13 12:06:11.636 PDT" Interest="0.9999995" Kind="propagation" Navigation="org.eclipse.mylyn.core.model.edges.containment" OriginId="org.eclipse.mylyn.core.model.interest.propagation" StartDate="2011-09-13 12:06:11.636 PDT" StructureHandle="/org.eclipse.mylyn.context.ui/src/org/eclipse/mylyn/internal/context" StructureKind="resource"/><InteractionEvent Delta="null" EndDate="2011-09-13 12:06:12.870 PDT" Interest="1.0" Kind="propagation" Navigation="org.eclipse.mylyn.core.model.edges.containment" OriginId="org.eclipse.mylyn.core.model.interest.propagation" StartDate="2011-09-13 12:06:12.870 PDT" StructureHandle="/org.eclipse.mylyn.context.ui/src/org/eclipse/mylyn/internal" StructureKind="resource"/><InteractionEvent Delta="null" EndDate="2011-09-13 12:04:43.503 PDT" Interest="1.0" Kind="propagation" Navigation="org.eclipse.mylyn.core.model.edges.containment" OriginId="org.eclipse.mylyn.core.model.interest.propagation" StartDate="2011-09-13 12:04:43.503 PDT" StructureHandle="/org.eclipse.mylyn.context.ui/src" StructureKind="resource"/><InteractionEvent Delta="null" EndDate="2011-09-13 12:06:21.494 PDT" Interest="1.0" Kind="propagation" Navigation="null" OriginId="org.eclipse.jdt.ui.CompilationUnitEditor" StartDate="2011-09-13 12:06:21.494 PDT" StructureHandle="/org.eclipse.mylyn.context.ui/src" StructureKind="resource"/><InteractionEvent Delta="null" EndDate="2011-09-13 12:04:50.983 PDT" Interest="1.0000005" Kind="propagation" Navigation="org.eclipse.mylyn.core.model.edges.containment" OriginId="org.eclipse.mylyn.core.model.interest.propagation" StartDate="2011-09-13 12:04:50.983 PDT" StructureHandle="/" StructureKind="resource"/><InteractionEvent Delta="null" EndDate="2011-09-13 12:04:46.649 PDT" Interest="1.0000002" Kind="propagation" Navigation="org.eclipse.mylyn.core.model.edges.containment" OriginId="org.eclipse.mylyn.core.model.interest.propagation" StartDate="2011-09-13 12:04:46.649 PDT" StructureHandle="/" StructureKind="resource"/><InteractionEvent Delta="null" EndDate="2011-09-13 12:05:17.37 PDT" Interest="1.0" Kind="edit" Navigation="null" OriginId="org.eclipse.jdt.ui.CompilationUnitEditor" StartDate="2011-09-13 12:05:17.37 PDT" StructureHandle="=org.eclipse.mylyn.context.ui/src&amp;lt;org.eclipse.mylyn.internal.context.ui.actions{AbstractInterestManipulationAction.java" StructureKind="java"/><InteractionEvent Delta="null" EndDate="2011-09-13 12:04:46.649 PDT" Interest="0.7000003" Kind="propagation" Navigation="org.eclipse.mylyn.core.model.edges.containment" OriginId="org.eclipse.mylyn.core.model.interest.propagation" StartDate="2011-09-13 12:04:46.649 PDT" StructureHandle="=org.eclipse.mylyn.context.ui/src&amp;lt;org.eclipse.mylyn.internal.context.ui.actions" StructureKind="java"/><InteractionEvent Delta="null" EndDate="2011-09-13 12:05:05.874 PDT" Interest="0.9999995" Kind="propagation" Navigation="org.eclipse.mylyn.core.model.edges.containment" OriginId="org.eclipse.mylyn.core.model.interest.propagation" StartDate="2011-09-13 12:05:05.874 PDT" StructureHandle="/" StructureKind="resource"/><InteractionEvent Delta="null" EndDate="2011-09-13 12:06:21.493 PDT" Interest="1.0" Kind="edit" Navigation="null" OriginId="org.eclipse.jdt.ui.CompilationUnitEditor" StartDate="2011-09-13 12:06:21.493 PDT" StructureHandle="=org.eclipse.mylyn.context.ui/src&amp;lt;org.eclipse.mylyn.internal.context.ui.actions{AbstractInterestManipulationAction.java" StructureKind="java"/><InteractionEvent Delta="null" EndDate="2011-09-13 12:06:11.637 PDT" Interest="1.0" Kind="propagation" Navigation="null" OriginId="org.eclipse.jdt.ui.CompilationUnitEditor" StartDate="2011-09-13 12:06:11.637 PDT" StructureHandle="/org.eclipse.mylyn.context.ui" StructureKind="resource"/><InteractionEvent Delta="null" EndDate="2011-09-13 12:05:19.62 PDT" Interest="1.0" Kind="propagation" Navigation="null" OriginId="org.eclipse.jdt.ui.PackageExplorer" StartDate="2011-09-13 12:05:19.62 PDT" StructureHandle="/org.eclipse.mylyn.context.ui/src" StructureKind="resource"/><InteractionEvent Delta="null" EndDate="2011-09-13 12:04:50.983 PDT" Interest="1.0" Kind="propagation" Navigation="null" OriginId="org.eclipse.jdt.ui.PackageExplorer" StartDate="2011-09-13 12:04:50.983 PDT" StructureHandle="/org.eclipse.mylyn.context.ui/src/org/eclipse/mylyn/internal/context/ui/actions" StructureKind="resource"/><InteractionEvent Delta="null" EndDate="2011-09-13 12:05:56.940 PDT" Interest="1.0" Kind="selection" Navigation="null" OriginId="org.eclipse.jdt.ui.CompilationUnitEditor" StartDate="2011-09-13 12:05:56.940 PDT" StructureHandle="=org.eclipse.mylyn.context.ui/src&amp;lt;org.eclipse.mylyn.internal.context.ui.actions{AbstractInterestManipulationAction.java" StructureKind="java"/><InteractionEvent Delta="null" EndDate="2011-09-13 12:06:21.98 PDT" Interest="1.0" Kind="propagation" Navigation="org.eclipse.mylyn.core.model.edges.containment" OriginId="org.eclipse.mylyn.core.model.interest.propagation" StartDate="2011-09-13 12:06:21.98 PDT" StructureHandle="/org.eclipse.mylyn.context.ui/src/org/eclipse/mylyn" StructureKind="resource"/><InteractionEvent Delta="null" EndDate="2011-09-13 12:04:42.558 PDT" Interest="1.0" Kind="propagation" Navigation="null" OriginId="org.eclipse.jdt.ui.PackageExplorer" StartDate="2011-09-13 12:04:42.558 PDT" StructureHandle="/org.eclipse.mylyn.context.ui" StructureKind="resource"/><InteractionEvent Delta="null" EndDate="2011-09-13 12:04:47.73 PDT" Interest="1.0" Kind="propagation" Navigation="null" OriginId="org.eclipse.jdt.ui.CompilationUnitEditor" StartDate="2011-09-13 12:04:47.73 PDT" StructureHandle="/org.eclipse.mylyn.context.ui/src/org/eclipse/mylyn/internal/context/ui/actions/AbstractInterestManipulationAction.java" StructureKind="resource"/><InteractionEvent Delta="null" EndDate="2011-09-13 12:04:46.598 PDT" Interest="0.03399992" Kind="propagation" Navigation="org.eclipse.mylyn.core.model.edges.containment" OriginId="org.eclipse.mylyn.core.model.interest.propagation" StartDate="2011-09-13 12:04:46.598 PDT" StructureHandle="/org.eclipse.mylyn.context.ui/src/org" StructureKind="resource"/><InteractionEvent Delta="null" EndDate="2011-09-13 12:04:46.598 PDT" Interest="0.03399992" Kind="propagation" Navigation="org.eclipse.mylyn.core.model.edges.containment" OriginId="org.eclipse.mylyn.core.model.interest.propagation" StartDate="2011-09-13 12:04:46.598 PDT" StructureHandle="/org.eclipse.mylyn.context.ui/src/org/eclipse" StructureKind="resource"/><InteractionEvent Delta="null" EndDate="2011-09-13 12:04:47.74 PDT" Interest="0.6999998" Kind="propagation" Navigation="org.eclipse.mylyn.core.model.edges.containment" OriginId="org.eclipse.mylyn.core.model.interest.propagation" StartDate="2011-09-13 12:04:47.74 PDT" StructureHandle="=org.eclipse.mylyn.context.ui/src&amp;lt;org.eclipse.mylyn.internal.context.ui.actions" StructureKind="java"/></InteractionHistory>