<?xml version="1.0" encoding="UTF-8"?><InteractionHistory Id="https://bugs.eclipse.org/bugs-349624" Version="1"><InteractionEvent Delta="null" EndDate="2011-06-19 19:12:08.322 PDT" Interest="1.0" Kind="selection" Navigation="null" OriginId="org.eclipse.jdt.ui.CompilationUnitEditor" StartDate="2011-06-19 19:12:08.322 PDT" StructureHandle="=org.eclipse.mylyn.java.ui/src&amp;lt;org.eclipse.mylyn.internal.java.ui{JavaStackTraceContextComputationStrategy.java" StructureKind="java"/><InteractionEvent Delta="null" EndDate="2011-06-19 19:12:09.9 PDT" Interest="0.651" Kind="propagation" Navigation="org.eclipse.mylyn.core.model.edges.containment" OriginId="org.eclipse.mylyn.core.model.interest.propagation" StartDate="2011-06-19 19:12:09.9 PDT" StructureHandle="=org.eclipse.mylyn.java.ui" StructureKind="resource"/><InteractionEvent Delta="null" EndDate="2011-06-19 19:12:08.324 PDT" Interest="1.0" Kind="propagation" Navigation="null" OriginId="org.eclipse.jdt.ui.CompilationUnitEditor" StartDate="2011-06-19 19:12:08.324 PDT" StructureHandle="/" StructureKind="resource"/><InteractionEvent Delta="null" EndDate="2011-06-19 19:12:09.8 PDT" Interest="1.0" Kind="propagation" Navigation="null" OriginId="org.eclipse.jdt.ui.CompilationUnitEditor" StartDate="2011-06-19 19:12:09.8 PDT" StructureHandle="/org.eclipse.mylyn.java.ui/src/org/eclipse/mylyn/internal/java/ui/JavaStackTraceContextComputationStrategy.java" StructureKind="resource"/><InteractionEvent Delta="null" EndDate="2011-06-19 19:11:58.322 PDT" Interest="1.0" Kind="propagation" Navigation="null" OriginId="org.eclipse.pde.ui.manifestEditor" StartDate="2011-06-19 19:11:58.322 PDT" StructureHandle="/" StructureKind="resource"/><InteractionEvent Delta="null" EndDate="2011-06-19 19:13:37.847 PDT" Interest="1.0" Kind="propagation" Navigation="null" OriginId="org.eclipse.jdt.ui.PackageExplorer" StartDate="2011-06-19 19:13:37.847 PDT" StructureHandle="/" StructureKind="resource"/><InteractionEvent Delta="null" EndDate="2011-06-19 19:13:37.847 PDT" Interest="1.0" Kind="propagation" Navigation="null" OriginId="org.eclipse.jdt.ui.PackageExplorer" StartDate="2011-06-19 19:13:37.847 PDT" StructureHandle="/org.eclipse.mylyn.java.ui" StructureKind="resource"/><InteractionEvent Delta="null" EndDate="2011-06-19 19:13:21.991 PDT" Interest="1.0" Kind="selection" Navigation="null" OriginId="org.eclipse.jdt.ui.CompilationUnitEditor" StartDate="2011-06-19 19:13:21.991 PDT" StructureHandle="=org.eclipse.mylyn.java.ui/src&amp;lt;org.eclipse.mylyn.internal.java.ui{JavaStackTraceContextComputationStrategy.java[JavaStackTraceContextComputationStrategy^maxElements" StructureKind="java"/><InteractionEvent Delta="null" EndDate="2011-06-19 19:12:08.323 PDT" Interest="1.0" Kind="propagation" Navigation="org.eclipse.mylyn.core.model.edges.containment" OriginId="org.eclipse.mylyn.core.model.interest.propagation" StartDate="2011-06-19 19:12:08.323 PDT" StructureHandle="/org.eclipse.mylyn.java.ui/src/org/eclipse" StructureKind="resource"/><InteractionEvent Delta="null" EndDate="2011-06-19 19:13:20.353 PDT" Interest="0.01700002" Kind="propagation" Navigation="org.eclipse.mylyn.core.model.edges.containment" OriginId="org.eclipse.mylyn.core.model.interest.propagation" StartDate="2011-06-19 19:13:20.353 PDT" StructureHandle="=org.eclipse.mylyn.java.ui/src&amp;lt;org.eclipse.mylyn.internal.java.ui{JavaStackTraceContextComputationStrategy.java[JavaStackTraceContextComputationStrategy" StructureKind="java"/><InteractionEvent Delta="null" EndDate="2011-06-19 19:13:21.992 PDT" Interest="1.0" Kind="propagation" Navigation="null" OriginId="org.eclipse.jdt.ui.CompilationUnitEditor" StartDate="2011-06-19 19:13:21.992 PDT" StructureHandle="/org.eclipse.mylyn.java.ui/src/org/eclipse/mylyn/internal/java/ui/JavaStackTraceContextComputationStrategy.java" StructureKind="resource"/><InteractionEvent Delta="null" EndDate="2011-06-19 19:13:23.912 PDT" Interest="1.0" Kind="propagation" Navigation="org.eclipse.mylyn.core.model.edges.containment" OriginId="org.eclipse.mylyn.core.model.interest.propagation" StartDate="2011-06-19 19:13:23.912 PDT" StructureHandle="=org.eclipse.mylyn.java.ui" StructureKind="resource"/><InteractionEvent Delta="null" EndDate="2011-06-19 19:13:23.911 PDT" Interest="1.0" Kind="selection" Navigation="null" OriginId="org.eclipse.jdt.ui.CompilationUnitEditor" StartDate="2011-06-19 19:13:23.911 PDT" StructureHandle="=org.eclipse.mylyn.java.ui/src&amp;lt;org.eclipse.mylyn.internal.java.ui{JavaStackTraceContextComputationStrategy.java[JavaStackTraceContextComputationStrategy~computeElements~QString;" StructureKind="java"/><InteractionEvent Delta="null" EndDate="2011-06-19 19:13:37.846 PDT" Interest="1.0" Kind="propagation" Navigation="org.eclipse.mylyn.core.model.edges.containment" OriginId="org.eclipse.mylyn.core.model.interest.propagation" StartDate="2011-06-19 19:13:37.846 PDT" StructureHandle="=org.eclipse.mylyn.java.ui" StructureKind="resource"/><InteractionEvent Delta="null" EndDate="2011-06-19 19:11:43.427 PDT" Interest="1.0" Kind="propagation" Navigation="null" OriginId="org.eclipse.jdt.ui.PackageExplorer" StartDate="2011-06-19 19:11:43.427 PDT" StructureHandle="/" StructureKind="resource"/><InteractionEvent Delta="null" EndDate="2011-06-19 19:13:21.992 PDT" Interest="1.0000002" Kind="propagation" Navigation="org.eclipse.mylyn.core.model.edges.containment" OriginId="org.eclipse.mylyn.core.model.interest.propagation" StartDate="2011-06-19 19:13:21.992 PDT" StructureHandle="/org.eclipse.mylyn.java.ui/src/org/eclipse/mylyn" StructureKind="resource"/><InteractionEvent Delta="null" EndDate="2011-06-19 19:13:21.992 PDT" Interest="1.0000002" Kind="propagation" Navigation="org.eclipse.mylyn.core.model.edges.containment" OriginId="org.eclipse.mylyn.core.model.interest.propagation" StartDate="2011-06-19 19:13:21.992 PDT" StructureHandle="/org.eclipse.mylyn.java.ui/src/org/eclipse" StructureKind="resource"/><InteractionEvent Delta="null" EndDate="2011-06-19 19:12:08.322 PDT" Interest="1.0" Kind="propagation" Navigation="org.eclipse.mylyn.core.model.edges.containment" OriginId="org.eclipse.mylyn.core.model.interest.propagation" StartDate="2011-06-19 19:12:08.322 PDT" StructureHandle="/org.eclipse.mylyn.java.ui/src/org/eclipse/mylyn/internal/java/ui" StructureKind="resource"/><InteractionEvent Delta="null" EndDate="2011-06-19 19:13:23.912 PDT" Interest="1.0" Kind="propagation" Navigation="null" OriginId="org.eclipse.jdt.ui.CompilationUnitEditor" StartDate="2011-06-19 19:13:23.912 PDT" StructureHandle="/org.eclipse.mylyn.java.ui/src/org/eclipse/mylyn/internal/java/ui/JavaStackTraceContextComputationStrategy.java" StructureKind="resource"/><InteractionEvent Delta="null" EndDate="2011-06-19 19:12:08.300 PDT" Interest="1.0" Kind="propagation" Navigation="org.eclipse.mylyn.core.model.edges.containment" OriginId="org.eclipse.mylyn.core.model.interest.propagation" StartDate="2011-06-19 19:12:08.300 PDT" StructureHandle="/org.eclipse.mylyn.java.ui/src/org" StructureKind="resource"/><InteractionEvent Delta="null" EndDate="2011-06-19 19:13:37.845 PDT" Interest="1.0" Kind="propagation" Navigation="org.eclipse.mylyn.core.model.edges.containment" OriginId="org.eclipse.mylyn.core.model.interest.propagation" StartDate="2011-06-19 19:13:37.845 PDT" StructureHandle="/org.eclipse.mylyn.java.ui/src/org/eclipse/mylyn/internal/java" StructureKind="resource"/><InteractionEvent Delta="null" EndDate="2011-06-19 19:12:09.9 PDT" Interest="1.0000001" Kind="propagation" Navigation="org.eclipse.mylyn.core.model.edges.containment" OriginId="org.eclipse.mylyn.core.model.interest.propagation" StartDate="2011-06-19 19:12:09.9 PDT" StructureHandle="/org.eclipse.mylyn.java.ui/src/org" StructureKind="resource"/><InteractionEvent Delta="null" EndDate="2011-06-19 19:12:08.323 PDT" Interest="1.0" Kind="propagation" Navigation="org.eclipse.mylyn.core.model.edges.containment" OriginId="org.eclipse.mylyn.core.model.interest.propagation" StartDate="2011-06-19 19:12:08.323 PDT" StructureHandle="/org.eclipse.mylyn.java.ui/src" StructureKind="resource"/><InteractionEvent Delta="null" EndDate="2011-06-19 19:12:09.9 PDT" Interest="1.0000001" Kind="propagation" Navigation="org.eclipse.mylyn.core.model.edges.containment" OriginId="org.eclipse.mylyn.core.model.interest.propagation" StartDate="2011-06-19 19:12:09.9 PDT" StructureHandle="/org.eclipse.mylyn.java.ui/src/org/eclipse" StructureKind="resource"/><InteractionEvent Delta="null" EndDate="2011-06-19 19:11:47.929 PDT" Interest="1.0" Kind="propagation" Navigation="null" OriginId="org.eclipse.jdt.ui.PackageExplorer" StartDate="2011-06-19 19:11:47.929 PDT" StructureHandle="/" StructureKind="resource"/><InteractionEvent Delta="null" EndDate="2011-06-19 19:13:20.356 PDT" Interest="1.0" Kind="propagation" Navigation="null" OriginId="org.eclipse.jdt.ui.CompilationUnitEditor" StartDate="2011-06-19 19:13:20.356 PDT" StructureHandle="/org.eclipse.mylyn.java.ui" StructureKind="resource"/><InteractionEvent Delta="null" EndDate="2011-06-19 19:12:01.958 PDT" Interest="1.0" Kind="propagation" Navigation="null" OriginId="org.eclipse.pde.ui.manifestEditor" StartDate="2011-06-19 19:12:01.958 PDT" StructureHandle="/org.eclipse.mylyn.java.ui" StructureKind="resource"/><InteractionEvent Delta="null" EndDate="2011-06-19 19:11:31.471 PDT" Interest="1.0" Kind="propagation" Navigation="null" OriginId="org.eclipse.jdt.ui.PackageExplorer" StartDate="2011-06-19 19:11:31.471 PDT" StructureHandle="/org.eclipse.mylyn.wikitext.mediawiki.core" StructureKind="resource"/><InteractionEvent Delta="null" EndDate="2011-06-19 19:12:08.323 PDT" Interest="1.0" Kind="propagation" Navigation="org.eclipse.mylyn.core.model.edges.containment" OriginId="org.eclipse.mylyn.core.model.interest.propagation" StartDate="2011-06-19 19:12:08.323 PDT" StructureHandle="/org.eclipse.mylyn.java.ui/src/org/eclipse/mylyn" StructureKind="resource"/><InteractionEvent Delta="null" EndDate="2011-06-19 19:12:08.300 PDT" Interest="1.0" Kind="propagation" Navigation="null" OriginId="org.eclipse.jdt.ui.CompilationUnitEditor" StartDate="2011-06-19 19:12:08.300 PDT" StructureHandle="/org.eclipse.mylyn.java.ui/src/org/eclipse/mylyn/internal/java/ui/JavaStackTraceContextComputationStrategy.java" StructureKind="resource"/><InteractionEvent Delta="null" EndDate="2011-06-19 19:12:08.324 PDT" Interest="1.0" Kind="propagation" Navigation="org.eclipse.mylyn.core.model.edges.containment" OriginId="org.eclipse.mylyn.core.model.interest.propagation" StartDate="2011-06-19 19:12:08.324 PDT" StructureHandle="=org.eclipse.mylyn.java.ui/src" StructureKind="java"/><InteractionEvent Delta="null" EndDate="2011-06-19 19:13:21.992 PDT" Interest="1.0" Kind="propagation" Navigation="org.eclipse.mylyn.core.model.edges.containment" OriginId="org.eclipse.mylyn.core.model.interest.propagation" StartDate="2011-06-19 19:13:21.992 PDT" StructureHandle="=org.eclipse.mylyn.java.ui" StructureKind="resource"/><InteractionEvent Delta="null" EndDate="2011-06-19 19:10:59.650 PDT" Interest="15.0" Kind="propagation" Navigation="org.eclipse.mylyn.core.model.edges.containment" OriginId="org.eclipse.mylyn.core.model.interest.propagation" StartDate="2011-06-19 19:10:59.650 PDT" StructureHandle="=attachments" StructureKind="java"/><InteractionEvent Delta="null" EndDate="2011-06-19 19:12:08.322 PDT" Interest="1.0" Kind="propagation" Navigation="null" OriginId="org.eclipse.jdt.ui.CompilationUnitEditor" StartDate="2011-06-19 19:12:08.322 PDT" StructureHandle="/org.eclipse.mylyn.java.ui/src/org/eclipse/mylyn/internal/java/ui/JavaStackTraceContextComputationStrategy.java" StructureKind="resource"/><InteractionEvent Delta="null" EndDate="2011-06-19 19:13:23.912 PDT" Interest="1.0" Kind="propagation" Navigation="org.eclipse.mylyn.core.model.edges.containment" OriginId="org.eclipse.mylyn.core.model.interest.propagation" StartDate="2011-06-19 19:13:23.912 PDT" StructureHandle="/org.eclipse.mylyn.java.ui/src/org/eclipse/mylyn/internal/java/ui" StructureKind="resource"/><InteractionEvent Delta="null" EndDate="2011-06-19 19:13:37.846 PDT" Interest="1.0" Kind="propagation" Navigation="org.eclipse.mylyn.core.model.edges.containment" OriginId="org.eclipse.mylyn.core.model.interest.propagation" StartDate="2011-06-19 19:13:37.846 PDT" StructureHandle="/org.eclipse.mylyn.java.ui/src/org" StructureKind="resource"/><InteractionEvent Delta="null" EndDate="2011-06-19 19:13:21.992 PDT" Interest="1.0000002" Kind="propagation" Navigation="org.eclipse.mylyn.core.model.edges.containment" OriginId="org.eclipse.mylyn.core.model.interest.propagation" StartDate="2011-06-19 19:13:21.992 PDT" StructureHandle="/org.eclipse.mylyn.java.ui/src/org" StructureKind="resource"/><InteractionEvent Delta="null" EndDate="2011-06-19 19:10:59.653 PDT" Interest="15.0" Kind="propagation" Navigation="org.eclipse.mylyn.core.model.edges.containment" OriginId="org.eclipse.mylyn.core.model.interest.propagation" StartDate="2011-06-19 19:10:59.653 PDT" StructureHandle="=attachments" StructureKind="java"/><InteractionEvent Delta="null" EndDate="2011-06-19 19:12:08.300 PDT" Interest="1.0" Kind="propagation" Navigation="org.eclipse.mylyn.core.model.edges.containment" OriginId="org.eclipse.mylyn.core.model.interest.propagation" StartDate="2011-06-19 19:12:08.300 PDT" StructureHandle="/org.eclipse.mylyn.java.ui/src" StructureKind="resource"/><InteractionEvent Delta="null" EndDate="2011-06-19 19:10:59.656 PDT" Interest="15.0" Kind="propagation" Navigation="org.eclipse.mylyn.core.model.edges.containment" OriginId="org.eclipse.mylyn.core.model.interest.propagation" StartDate="2011-06-19 19:10:59.656 PDT" StructureHandle="=attachments" StructureKind="java"/><InteractionEvent Delta="null" EndDate="2011-06-19 19:12:09.9 PDT" Interest="1.0000001" Kind="propagation" Navigation="org.eclipse.mylyn.core.model.edges.containment" OriginId="org.eclipse.mylyn.core.model.interest.propagation" StartDate="2011-06-19 19:12:09.9 PDT" StructureHandle="/org.eclipse.mylyn.java.ui/src" StructureKind="resource"/><InteractionEvent Delta="null" EndDate="2011-06-19 19:13:37.845 PDT" Interest="1.0" Kind="propagation" Navigation="null" OriginId="org.eclipse.jdt.ui.PackageExplorer" StartDate="2011-06-19 19:13:37.845 PDT" StructureHandle="/org.eclipse.mylyn.java.ui/src/org/eclipse/mylyn/internal/java/ui/JavaStackTraceContextComputationStrategy.java" StructureKind="resource"/><InteractionEvent Delta="null" EndDate="2011-06-19 19:13:23.912 PDT" Interest="1.0" Kind="propagation" Navigation="org.eclipse.mylyn.core.model.edges.containment" OriginId="org.eclipse.mylyn.core.model.interest.propagation" StartDate="2011-06-19 19:13:23.912 PDT" StructureHandle="/org.eclipse.mylyn.java.ui/src/org" StructureKind="resource"/><InteractionEvent Delta="null" EndDate="2011-06-19 19:10:59.659 PDT" Interest="15.0" Kind="propagation" Navigation="org.eclipse.mylyn.core.model.edges.containment" OriginId="org.eclipse.mylyn.core.model.interest.propagation" StartDate="2011-06-19 19:10:59.659 PDT" StructureHandle="=attachments" StructureKind="java"/><InteractionEvent Delta="null" EndDate="2011-06-19 19:12:08.300 PDT" Interest="1.0" Kind="propagation" Navigation="org.eclipse.mylyn.core.model.edges.containment" OriginId="org.eclipse.mylyn.core.model.interest.propagation" StartDate="2011-06-19 19:12:08.300 PDT" StructureHandle="/org.eclipse.mylyn.java.ui/src/org/eclipse/mylyn" StructureKind="resource"/><InteractionEvent Delta="null" EndDate="2011-06-19 19:12:08.301 PDT" Interest="1.0" Kind="propagation" Navigation="org.eclipse.mylyn.core.model.edges.containment" OriginId="org.eclipse.mylyn.core.model.interest.propagation" StartDate="2011-06-19 19:12:08.301 PDT" StructureHandle="=org.eclipse.mylyn.java.ui/src" StructureKind="java"/><InteractionEvent Delta="null" EndDate="2011-06-19 19:13:21.992 PDT" Interest="1.0000002" Kind="propagation" Navigation="org.eclipse.mylyn.core.model.edges.containment" OriginId="org.eclipse.mylyn.core.model.interest.propagation" StartDate="2011-06-19 19:13:21.992 PDT" StructureHandle="/org.eclipse.mylyn.java.ui/src/org/eclipse/mylyn/internal/java/ui" StructureKind="resource"/><InteractionEvent Delta="null" EndDate="2011-06-19 19:13:20.354 PDT" Interest="1.0" Kind="propagation" Navigation="null" OriginId="org.eclipse.jdt.ui.CompilationUnitEditor" StartDate="2011-06-19 19:13:20.354 PDT" StructureHandle="/org.eclipse.mylyn.java.ui/src/org/eclipse/mylyn/internal/java/ui/JavaStackTraceContextComputationStrategy.java" StructureKind="resource"/><InteractionEvent Delta="null" EndDate="2011-06-19 19:11:58.290 PDT" Interest="1.0" Kind="selection" Navigation="null" OriginId="org.eclipse.pde.ui.manifestEditor" StartDate="2011-06-19 19:11:58.290 PDT" StructureHandle="/org.eclipse.mylyn.java.ui/plugin.xml" StructureKind="plugin.xml"/><InteractionEvent Delta="null" EndDate="2011-06-19 19:12:08.300 PDT" Interest="1.0" Kind="propagation" Navigation="org.eclipse.mylyn.core.model.edges.containment" OriginId="org.eclipse.mylyn.core.model.interest.propagation" StartDate="2011-06-19 19:12:08.300 PDT" StructureHandle="/org.eclipse.mylyn.java.ui/src/org/eclipse/mylyn/internal/java" StructureKind="resource"/><InteractionEvent Delta="null" EndDate="2011-06-19 19:13:23.914 PDT" Interest="1.0" Kind="propagation" Navigation="null" OriginId="org.eclipse.jdt.ui.CompilationUnitEditor" StartDate="2011-06-19 19:13:23.914 PDT" StructureHandle="/org.eclipse.mylyn.java.ui" StructureKind="resource"/><InteractionEvent Delta="null" EndDate="2011-06-19 19:12:09.8 PDT" Interest="1.0000001" Kind="propagation" Navigation="org.eclipse.mylyn.core.model.edges.containment" OriginId="org.eclipse.mylyn.core.model.interest.propagation" StartDate="2011-06-19 19:12:09.8 PDT" StructureHandle="/org.eclipse.mylyn.java.ui/src/org/eclipse/mylyn/internal/java/ui" StructureKind="resource"/><InteractionEvent Delta="null" EndDate="2011-06-19 19:13:21.991 PDT" Interest="0.01699996" Kind="propagation" Navigation="org.eclipse.mylyn.core.model.edges.containment" OriginId="org.eclipse.mylyn.core.model.interest.propagation" StartDate="2011-06-19 19:13:21.991 PDT" StructureHandle="=org.eclipse.mylyn.java.ui/src&amp;lt;org.eclipse.mylyn.internal.java.ui{JavaStackTraceContextComputationStrategy.java[JavaStackTraceContextComputationStrategy" StructureKind="java"/><InteractionEvent Delta="null" EndDate="2011-06-19 19:13:23.912 PDT" Interest="1.0" Kind="propagation" Navigation="org.eclipse.mylyn.core.model.edges.containment" OriginId="org.eclipse.mylyn.core.model.interest.propagation" StartDate="2011-06-19 19:13:23.912 PDT" StructureHandle="/org.eclipse.mylyn.java.ui/src/org/eclipse/mylyn/internal/java" StructureKind="resource"/><InteractionEvent Delta="null" EndDate="2011-06-19 19:13:20.353 PDT" Interest="1.0" Kind="selection" Navigation="null" OriginId="org.eclipse.jdt.ui.CompilationUnitEditor" StartDate="2011-06-19 19:13:20.353 PDT" StructureHandle="=org.eclipse.mylyn.java.ui/src&amp;lt;org.eclipse.mylyn.internal.java.ui{JavaStackTraceContextComputationStrategy.java[JavaStackTraceContextComputationStrategy~computeContext~QIInteractionContext;~QIAdaptable;~QIProgressMonitor;" StructureKind="java"/><InteractionEvent Delta="null" EndDate="2011-06-19 19:12:09.9 PDT" Interest="1.0000001" Kind="propagation" Navigation="org.eclipse.mylyn.core.model.edges.containment" OriginId="org.eclipse.mylyn.core.model.interest.propagation" StartDate="2011-06-19 19:12:09.9 PDT" StructureHandle="/org.eclipse.mylyn.java.ui/src/org/eclipse/mylyn/internal" StructureKind="resource"/><InteractionEvent Delta="null" EndDate="2011-06-19 19:10:59.657 PDT" Interest="15.0" Kind="selection" Navigation="null" OriginId="org.eclipse.mylyn.core.model.interest.decay.correction" StartDate="2011-06-19 19:10:59.657 PDT" StructureHandle="/attachments/bugzilla-https%3A%2F%2Fbugs.eclipse.org%2Fbugs/349624" StructureKind="resource"/><InteractionEvent Delta="null" EndDate="2011-06-19 19:13:20.356 PDT" Interest="1.0" Kind="propagation" Navigation="null" OriginId="org.eclipse.jdt.ui.CompilationUnitEditor" StartDate="2011-06-19 19:13:20.356 PDT" StructureHandle="/" StructureKind="resource"/><InteractionEvent Delta="null" EndDate="2011-06-19 19:11:47.929 PDT" Interest="1.0" Kind="selection" Navigation="null" OriginId="org.eclipse.jdt.ui.PackageExplorer" StartDate="2011-06-19 19:11:47.929 PDT" StructureHandle="=org.eclipse.mylyn.java.ui" StructureKind="java"/><InteractionEvent Delta="null" EndDate="2011-06-19 19:13:21.994 PDT" Interest="1.0" Kind="propagation" Navigation="null" OriginId="org.eclipse.jdt.ui.CompilationUnitEditor" StartDate="2011-06-19 19:13:21.994 PDT" StructureHandle="/" StructureKind="resource"/><InteractionEvent Delta="null" EndDate="2011-06-19 19:12:08.300 PDT" Interest="1.0" Kind="propagation" Navigation="org.eclipse.mylyn.core.model.edges.containment" OriginId="org.eclipse.mylyn.core.model.interest.propagation" StartDate="2011-06-19 19:12:08.300 PDT" StructureHandle="/org.eclipse.mylyn.java.ui/src/org/eclipse" StructureKind="resource"/><InteractionEvent Delta="null" EndDate="2011-06-19 19:12:09.8 PDT" Interest="1.0000001" Kind="propagation" Navigation="org.eclipse.mylyn.core.model.edges.containment" OriginId="org.eclipse.mylyn.core.model.interest.propagation" StartDate="2011-06-19 19:12:09.8 PDT" StructureHandle="/org.eclipse.mylyn.java.ui/src/org/eclipse/mylyn/internal/java" StructureKind="resource"/><InteractionEvent Delta="null" EndDate="2011-06-19 19:12:08.323 PDT" Interest="1.0" Kind="propagation" Navigation="org.eclipse.mylyn.core.model.edges.containment" OriginId="org.eclipse.mylyn.core.model.interest.propagation" StartDate="2011-06-19 19:12:08.323 PDT" StructureHandle="/org.eclipse.mylyn.java.ui/src/org" StructureKind="resource"/><InteractionEvent Delta="null" EndDate="2011-06-19 19:10:59.648 PDT" Interest="15.0" Kind="selection" Navigation="null" OriginId="org.eclipse.mylyn.core.model.interest.decay.correction" StartDate="2011-06-19 19:10:59.648 PDT" StructureHandle="/attachments/bugzilla-https%3A%2F%2Fbugs.eclipse.org%2Fbugs/349624" StructureKind="resource"/><InteractionEvent Delta="null" EndDate="2011-06-19 19:10:59.659 PDT" Interest="15.0" Kind="propagation" Navigation="org.eclipse.mylyn.core.model.edges.containment" OriginId="org.eclipse.mylyn.core.model.interest.propagation" StartDate="2011-06-19 19:10:59.659 PDT" StructureHandle="/attachments/bugzilla-https%3A%2F%2Fbugs.eclipse.org%2Fbugs" StructureKind="resource"/><InteractionEvent Delta="null" EndDate="2011-06-19 19:13:23.911 PDT" Interest="0.01700002" Kind="propagation" Navigation="org.eclipse.mylyn.core.model.edges.containment" OriginId="org.eclipse.mylyn.core.model.interest.propagation" StartDate="2011-06-19 19:13:23.911 PDT" StructureHandle="=org.eclipse.mylyn.java.ui/src&amp;lt;org.eclipse.mylyn.internal.java.ui{JavaStackTraceContextComputationStrategy.java[JavaStackTraceContextComputationStrategy" StructureKind="java"/><InteractionEvent Delta="null" EndDate="2011-06-19 19:12:08.301 PDT" Interest="1.0" Kind="propagation" Navigation="null" OriginId="org.eclipse.jdt.ui.CompilationUnitEditor" StartDate="2011-06-19 19:12:08.301 PDT" StructureHandle="/" StructureKind="resource"/><InteractionEvent Delta="null" EndDate="2011-06-19 19:13:23.912 PDT" Interest="1.0" Kind="propagation" Navigation="org.eclipse.mylyn.core.model.edges.containment" OriginId="org.eclipse.mylyn.core.model.interest.propagation" StartDate="2011-06-19 19:13:23.912 PDT" StructureHandle="/org.eclipse.mylyn.java.ui/src" StructureKind="resource"/><InteractionEvent Delta="null" EndDate="2011-06-19 19:13:37.845 PDT" Interest="1.0" Kind="propagation" Navigation="org.eclipse.mylyn.core.model.edges.containment" OriginId="org.eclipse.mylyn.core.model.interest.propagation" StartDate="2011-06-19 19:13:37.845 PDT" StructureHandle="/org.eclipse.mylyn.java.ui/src/org/eclipse/mylyn/internal/java/ui" StructureKind="resource"/><InteractionEvent Delta="null" EndDate="2011-06-19 19:13:21.992 PDT" Interest="1.0000002" Kind="propagation" Navigation="org.eclipse.mylyn.core.model.edges.containment" OriginId="org.eclipse.mylyn.core.model.interest.propagation" StartDate="2011-06-19 19:13:21.992 PDT" StructureHandle="/org.eclipse.mylyn.java.ui/src" StructureKind="resource"/><InteractionEvent Delta="null" EndDate="2011-06-19 19:10:59.651 PDT" Interest="15.0" Kind="selection" Navigation="null" OriginId="org.eclipse.mylyn.core.model.interest.decay.correction" StartDate="2011-06-19 19:10:59.651 PDT" StructureHandle="/attachments/bugzilla-https%3A%2F%2Fbugs.eclipse.org%2Fbugs/349624" StructureKind="resource"/><InteractionEvent Delta="null" EndDate="2011-06-19 19:13:21.992 PDT" Interest="1.0000002" Kind="propagation" Navigation="org.eclipse.mylyn.core.model.edges.containment" OriginId="org.eclipse.mylyn.core.model.interest.propagation" StartDate="2011-06-19 19:13:21.992 PDT" StructureHandle="/org.eclipse.mylyn.java.ui/src/org/eclipse/mylyn/internal/java" StructureKind="resource"/><InteractionEvent Delta="null" EndDate="2011-06-19 19:10:59.654 PDT" Interest="15.0" Kind="selection" Navigation="null" OriginId="org.eclipse.mylyn.core.model.interest.decay.correction" StartDate="2011-06-19 19:10:59.654 PDT" StructureHandle="/attachments/bugzilla-https%3A%2F%2Fbugs.eclipse.org%2Fbugs/349624" StructureKind="resource"/><InteractionEvent Delta="null" EndDate="2011-06-19 19:10:59.656 PDT" Interest="15.0" Kind="propagation" Navigation="org.eclipse.mylyn.core.model.edges.containment" OriginId="org.eclipse.mylyn.core.model.interest.propagation" StartDate="2011-06-19 19:10:59.656 PDT" StructureHandle="/attachments/bugzilla-https%3A%2F%2Fbugs.eclipse.org%2Fbugs" StructureKind="resource"/><InteractionEvent Delta="null" EndDate="2011-06-19 19:12:09.9 PDT" Interest="1.0000001" Kind="propagation" Navigation="org.eclipse.mylyn.core.model.edges.containment" OriginId="org.eclipse.mylyn.core.model.interest.propagation" StartDate="2011-06-19 19:12:09.9 PDT" StructureHandle="/org.eclipse.mylyn.java.ui/src/org/eclipse/mylyn" StructureKind="resource"/><InteractionEvent Delta="null" EndDate="2011-06-19 19:12:08.323 PDT" Interest="1.0" Kind="propagation" Navigation="org.eclipse.mylyn.core.model.edges.containment" OriginId="org.eclipse.mylyn.core.model.interest.propagation" StartDate="2011-06-19 19:12:08.323 PDT" StructureHandle="=org.eclipse.mylyn.java.ui/src&amp;lt;org.eclipse.mylyn.internal.java.ui" StructureKind="java"/><InteractionEvent Delta="null" EndDate="2011-06-19 19:13:20.354 PDT" Interest="1.0" Kind="propagation" Navigation="org.eclipse.mylyn.core.model.edges.containment" OriginId="org.eclipse.mylyn.core.model.interest.propagation" StartDate="2011-06-19 19:13:20.354 PDT" StructureHandle="/org.eclipse.mylyn.java.ui/src/org/eclipse/mylyn/internal/java/ui" StructureKind="resource"/><InteractionEvent Delta="null" EndDate="2011-06-19 19:12:01.958 PDT" Interest="0.43400013" Kind="propagation" Navigation="org.eclipse.mylyn.core.model.edges.containment" OriginId="org.eclipse.mylyn.core.model.interest.propagation" StartDate="2011-06-19 19:12:01.958 PDT" StructureHandle="=org.eclipse.mylyn.java.ui" StructureKind="resource"/><InteractionEvent Delta="null" EndDate="2011-06-19 19:11:01.430 PDT" Interest="1.0" Kind="propagation" Navigation="null" OriginId="org.eclipse.jdt.ui.PackageExplorer" StartDate="2011-06-19 19:11:01.430 PDT" StructureHandle="/org.eclipse.mylyn.wikitext.mediawiki.core" StructureKind="resource"/><InteractionEvent Delta="null" EndDate="2011-06-19 19:13:23.912 PDT" Interest="1.0" Kind="propagation" Navigation="org.eclipse.mylyn.core.model.edges.containment" OriginId="org.eclipse.mylyn.core.model.interest.propagation" StartDate="2011-06-19 19:13:23.912 PDT" StructureHandle="/org.eclipse.mylyn.java.ui/src/org/eclipse/mylyn/internal" StructureKind="resource"/><InteractionEvent Delta="null" EndDate="2011-06-19 19:13:37.845 PDT" Interest="1.0" Kind="propagation" Navigation="org.eclipse.mylyn.core.model.edges.containment" OriginId="org.eclipse.mylyn.core.model.interest.propagation" StartDate="2011-06-19 19:13:37.845 PDT" StructureHandle="/org.eclipse.mylyn.java.ui/src/org/eclipse/mylyn/internal" StructureKind="resource"/><InteractionEvent Delta="null" EndDate="2011-06-19 19:13:20.354 PDT" Interest="1.0" Kind="propagation" Navigation="org.eclipse.mylyn.core.model.edges.containment" OriginId="org.eclipse.mylyn.core.model.interest.propagation" StartDate="2011-06-19 19:13:20.354 PDT" StructureHandle="/org.eclipse.mylyn.java.ui/src/org/eclipse" StructureKind="resource"/><InteractionEvent Delta="null" EndDate="2011-06-19 19:12:08.300 PDT" Interest="1.0" Kind="propagation" Navigation="org.eclipse.mylyn.core.model.edges.containment" OriginId="org.eclipse.mylyn.core.model.interest.propagation" StartDate="2011-06-19 19:12:08.300 PDT" StructureHandle="/org.eclipse.mylyn.java.ui/src/org/eclipse/mylyn/internal/java/ui" StructureKind="resource"/><InteractionEvent Delta="null" EndDate="2011-06-19 19:13:37.845 PDT" Interest="1.0" Kind="propagation" Navigation="org.eclipse.mylyn.core.model.edges.containment" OriginId="org.eclipse.mylyn.core.model.interest.propagation" StartDate="2011-06-19 19:13:37.845 PDT" StructureHandle="/org.eclipse.mylyn.java.ui/src/org/eclipse" StructureKind="resource"/><InteractionEvent Delta="null" EndDate="2011-06-19 19:13:20.354 PDT" Interest="1.0" Kind="propagation" Navigation="org.eclipse.mylyn.core.model.edges.containment" OriginId="org.eclipse.mylyn.core.model.interest.propagation" StartDate="2011-06-19 19:13:20.354 PDT" StructureHandle="/org.eclipse.mylyn.java.ui/src/org" StructureKind="resource"/><InteractionEvent Delta="null" EndDate="2011-06-19 19:11:47.929 PDT" Interest="1.0" Kind="propagation" Navigation="null" OriginId="org.eclipse.jdt.ui.PackageExplorer" StartDate="2011-06-19 19:11:47.929 PDT" StructureHandle="/org.eclipse.mylyn.java.ui" StructureKind="resource"/><InteractionEvent Delta="null" EndDate="2011-06-19 19:13:37.845 PDT" Interest="1.0" Kind="propagation" Navigation="org.eclipse.mylyn.core.model.edges.containment" OriginId="org.eclipse.mylyn.core.model.interest.propagation" StartDate="2011-06-19 19:13:37.845 PDT" StructureHandle="/org.eclipse.mylyn.java.ui/src/org/eclipse/mylyn" StructureKind="resource"/><InteractionEvent Delta="null" EndDate="2011-06-19 19:13:21.992 PDT" Interest="1.0000002" Kind="propagation" Navigation="org.eclipse.mylyn.core.model.edges.containment" OriginId="org.eclipse.mylyn.core.model.interest.propagation" StartDate="2011-06-19 19:13:21.992 PDT" StructureHandle="/org.eclipse.mylyn.java.ui/src/org/eclipse/mylyn/internal" StructureKind="resource"/><InteractionEvent Delta="null" EndDate="2011-06-19 19:11:31.471 PDT" Interest="1.0" Kind="propagation" Navigation="null" OriginId="org.eclipse.jdt.ui.PackageExplorer" StartDate="2011-06-19 19:11:31.471 PDT" StructureHandle="/" StructureKind="resource"/><InteractionEvent Delta="null" EndDate="2011-06-19 19:12:09.8 PDT" Interest="1.0" Kind="selection" Navigation="null" OriginId="org.eclipse.jdt.ui.CompilationUnitEditor" StartDate="2011-06-19 19:12:09.8 PDT" StructureHandle="=org.eclipse.mylyn.java.ui/src&amp;lt;org.eclipse.mylyn.internal.java.ui{JavaStackTraceContextComputationStrategy.java[JavaStackTraceContextComputationStrategy" StructureKind="java"/><InteractionEvent Delta="null" EndDate="2011-06-19 19:11:58.291 PDT" Interest="1.0" Kind="propagation" Navigation="null" OriginId="org.eclipse.pde.ui.manifestEditor" StartDate="2011-06-19 19:11:58.291 PDT" StructureHandle="/org.eclipse.mylyn.java.ui" StructureKind="resource"/><InteractionEvent Delta="null" EndDate="2011-06-19 19:13:20.354 PDT" Interest="1.0" Kind="propagation" Navigation="org.eclipse.mylyn.core.model.edges.containment" OriginId="org.eclipse.mylyn.core.model.interest.propagation" StartDate="2011-06-19 19:13:20.354 PDT" StructureHandle="/org.eclipse.mylyn.java.ui/src/org/eclipse/mylyn" StructureKind="resource"/><InteractionEvent Delta="null" EndDate="2011-06-19 19:11:58.321 PDT" Interest="1.0" Kind="edit" Navigation="null" OriginId="org.eclipse.pde.ui.manifestEditor" StartDate="2011-06-19 19:11:58.321 PDT" StructureHandle="/org.eclipse.mylyn.java.ui/plugin.xml" StructureKind="plugin.xml"/><InteractionEvent Delta="null" EndDate="2011-06-19 19:12:08.301 PDT" Interest="1.0" Kind="propagation" Navigation="org.eclipse.mylyn.core.model.edges.containment" OriginId="org.eclipse.mylyn.core.model.interest.propagation" StartDate="2011-06-19 19:12:08.301 PDT" StructureHandle="=org.eclipse.mylyn.java.ui/src&amp;lt;org.eclipse.mylyn.internal.java.ui" StructureKind="java"/><InteractionEvent Delta="null" EndDate="2011-06-19 19:10:59.653 PDT" Interest="1.0" Kind="propagation" Navigation="null" OriginId="org.eclipse.mylyn.core.model.interest.decay.correction" StartDate="2011-06-19 19:10:59.653 PDT" StructureHandle="/attachments" StructureKind="resource"/><InteractionEvent Delta="null" EndDate="2011-06-19 19:12:09.10 PDT" Interest="1.0" Kind="propagation" Navigation="null" OriginId="org.eclipse.jdt.ui.CompilationUnitEditor" StartDate="2011-06-19 19:12:09.10 PDT" StructureHandle="/org.eclipse.mylyn.java.ui" StructureKind="resource"/><InteractionEvent Delta="null" EndDate="2011-06-19 19:10:59.650 PDT" Interest="15.0" Kind="propagation" Navigation="org.eclipse.mylyn.core.model.edges.containment" OriginId="org.eclipse.mylyn.core.model.interest.propagation" StartDate="2011-06-19 19:10:59.650 PDT" StructureHandle="" StructureKind="java"/><InteractionEvent Delta="null" EndDate="2011-06-19 19:11:58.291 PDT" Interest="1.0" Kind="propagation" Navigation="null" OriginId="org.eclipse.pde.ui.manifestEditor" StartDate="2011-06-19 19:11:58.291 PDT" StructureHandle="/" StructureKind="resource"/><InteractionEvent Delta="null" EndDate="2011-06-19 19:12:08.301 PDT" Interest="1.0" Kind="propagation" Navigation="null" OriginId="org.eclipse.jdt.ui.CompilationUnitEditor" StartDate="2011-06-19 19:12:08.301 PDT" StructureHandle="/org.eclipse.mylyn.java.ui" StructureKind="resource"/><InteractionEvent Delta="null" EndDate="2011-06-19 19:11:01.430 PDT" Interest="1.0" Kind="selection" Navigation="null" OriginId="org.eclipse.jdt.ui.PackageExplorer" StartDate="2011-06-19 19:11:01.430 PDT" StructureHandle="=org.eclipse.mylyn.wikitext.mediawiki.core" StructureKind="java"/><InteractionEvent Delta="null" EndDate="2011-06-19 19:10:59.650 PDT" Interest="1.0" Kind="propagation" Navigation="null" OriginId="org.eclipse.mylyn.core.model.interest.decay.correction" StartDate="2011-06-19 19:10:59.650 PDT" StructureHandle="/attachments" StructureKind="resource"/><InteractionEvent Delta="null" EndDate="2011-06-19 19:13:37.846 PDT" Interest="1.0" Kind="propagation" Navigation="org.eclipse.mylyn.core.model.edges.containment" OriginId="org.eclipse.mylyn.core.model.interest.propagation" StartDate="2011-06-19 19:13:37.846 PDT" StructureHandle="/org.eclipse.mylyn.java.ui/src" StructureKind="resource"/><InteractionEvent Delta="null" EndDate="2011-06-19 19:11:43.427 PDT" Interest="1.0" Kind="propagation" Navigation="null" OriginId="org.eclipse.jdt.ui.PackageExplorer" StartDate="2011-06-19 19:11:43.427 PDT" StructureHandle="/org.eclipse.mylyn.java.ui" StructureKind="resource"/><InteractionEvent Delta="null" EndDate="2011-06-19 19:10:59.653 PDT" Interest="15.0" Kind="propagation" Navigation="org.eclipse.mylyn.core.model.edges.containment" OriginId="org.eclipse.mylyn.core.model.interest.propagation" StartDate="2011-06-19 19:10:59.653 PDT" StructureHandle="" StructureKind="java"/><InteractionEvent Delta="null" EndDate="2011-06-19 19:13:20.354 PDT" Interest="1.0" Kind="propagation" Navigation="org.eclipse.mylyn.core.model.edges.containment" OriginId="org.eclipse.mylyn.core.model.interest.propagation" StartDate="2011-06-19 19:13:20.354 PDT" StructureHandle="/org.eclipse.mylyn.java.ui/src/org/eclipse/mylyn/internal/java" StructureKind="resource"/><InteractionEvent Delta="null" EndDate="2011-06-19 19:10:59.656 PDT" Interest="1.0" Kind="propagation" Navigation="null" OriginId="org.eclipse.mylyn.core.model.interest.decay.correction" StartDate="2011-06-19 19:10:59.656 PDT" StructureHandle="/attachments" StructureKind="resource"/><InteractionEvent Delta="null" EndDate="2011-06-19 19:12:08.300 PDT" Interest="1.0" Kind="propagation" Navigation="org.eclipse.mylyn.core.model.edges.containment" OriginId="org.eclipse.mylyn.core.model.interest.propagation" StartDate="2011-06-19 19:12:08.300 PDT" StructureHandle="/org.eclipse.mylyn.java.ui/src/org/eclipse/mylyn/internal" StructureKind="resource"/><InteractionEvent Delta="null" EndDate="2011-06-19 19:13:20.354 PDT" Interest="1.0" Kind="propagation" Navigation="org.eclipse.mylyn.core.model.edges.containment" OriginId="org.eclipse.mylyn.core.model.interest.propagation" StartDate="2011-06-19 19:13:20.354 PDT" StructureHandle="/org.eclipse.mylyn.java.ui/src/org/eclipse/mylyn/internal" StructureKind="resource"/><InteractionEvent Delta="null" EndDate="2011-06-19 19:11:01.430 PDT" Interest="1.0" Kind="propagation" Navigation="null" OriginId="org.eclipse.jdt.ui.PackageExplorer" StartDate="2011-06-19 19:11:01.430 PDT" StructureHandle="/" StructureKind="resource"/><InteractionEvent Delta="null" EndDate="2011-06-19 19:13:23.914 PDT" Interest="1.0" Kind="propagation" Navigation="null" OriginId="org.eclipse.jdt.ui.CompilationUnitEditor" StartDate="2011-06-19 19:13:23.914 PDT" StructureHandle="/" StructureKind="resource"/><InteractionEvent Delta="null" EndDate="2011-06-19 19:12:01.958 PDT" Interest="1.0" Kind="edit" Navigation="null" OriginId="org.eclipse.pde.ui.manifestEditor" StartDate="2011-06-19 19:12:01.958 PDT" StructureHandle="/org.eclipse.mylyn.java.ui/plugin.xml" StructureKind="plugin.xml"/><InteractionEvent Delta="null" EndDate="2011-06-19 19:13:20.354 PDT" Interest="1.0" Kind="propagation" Navigation="org.eclipse.mylyn.core.model.edges.containment" OriginId="org.eclipse.mylyn.core.model.interest.propagation" StartDate="2011-06-19 19:13:20.354 PDT" StructureHandle="/org.eclipse.mylyn.java.ui/src" StructureKind="resource"/><InteractionEvent Delta="null" EndDate="2011-06-19 19:10:59.657 PDT" Interest="15.0" Kind="propagation" Navigation="org.eclipse.mylyn.core.model.edges.containment" OriginId="org.eclipse.mylyn.core.model.interest.propagation" StartDate="2011-06-19 19:10:59.657 PDT" StructureHandle="" StructureKind="java"/><InteractionEvent Delta="null" EndDate="2011-06-19 19:11:43.427 PDT" Interest="1.0" Kind="selection" Navigation="null" OriginId="org.eclipse.jdt.ui.PackageExplorer" StartDate="2011-06-19 19:11:43.427 PDT" StructureHandle="=org.eclipse.mylyn.java.ui" StructureKind="java"/><InteractionEvent Delta="null" EndDate="2011-06-19 19:13:37.846 PDT" Interest="1.0" Kind="propagation" Navigation="org.eclipse.mylyn.core.model.edges.containment" OriginId="org.eclipse.mylyn.core.model.interest.propagation" StartDate="2011-06-19 19:13:37.846 PDT" StructureHandle="=org.eclipse.mylyn.java.ui/src&amp;lt;org.eclipse.mylyn.internal.java.ui" StructureKind="java"/><InteractionEvent Delta="null" EndDate="2011-06-19 19:13:23.912 PDT" Interest="1.0" Kind="propagation" Navigation="org.eclipse.mylyn.core.model.edges.containment" OriginId="org.eclipse.mylyn.core.model.interest.propagation" StartDate="2011-06-19 19:13:23.912 PDT" StructureHandle="/org.eclipse.mylyn.java.ui/src/org/eclipse" StructureKind="resource"/><InteractionEvent Delta="null" EndDate="2011-06-19 19:10:59.659 PDT" Interest="1.0" Kind="propagation" Navigation="null" OriginId="org.eclipse.mylyn.core.model.interest.decay.correction" StartDate="2011-06-19 19:10:59.659 PDT" StructureHandle="/attachments" StructureKind="resource"/><InteractionEvent Delta="null" EndDate="2011-06-19 19:10:59.659 PDT" Interest="15.0" Kind="propagation" Navigation="org.eclipse.mylyn.core.model.edges.containment" OriginId="org.eclipse.mylyn.core.model.interest.propagation" StartDate="2011-06-19 19:10:59.659 PDT" StructureHandle="" StructureKind="java"/><InteractionEvent Delta="null" EndDate="2011-06-19 19:11:31.471 PDT" Interest="1.0" Kind="selection" Navigation="null" OriginId="org.eclipse.jdt.ui.PackageExplorer" StartDate="2011-06-19 19:11:31.471 PDT" StructureHandle="=org.eclipse.mylyn.wikitext.mediawiki.core" StructureKind="java"/><InteractionEvent Delta="null" EndDate="2011-06-19 19:10:59.653 PDT" Interest="15.0" Kind="propagation" Navigation="org.eclipse.mylyn.core.model.edges.containment" OriginId="org.eclipse.mylyn.core.model.interest.propagation" StartDate="2011-06-19 19:10:59.653 PDT" StructureHandle="/attachments/bugzilla-https%3A%2F%2Fbugs.eclipse.org%2Fbugs" StructureKind="resource"/><InteractionEvent Delta="null" EndDate="2011-06-19 19:12:09.10 PDT" Interest="1.0" Kind="propagation" Navigation="null" OriginId="org.eclipse.jdt.ui.CompilationUnitEditor" StartDate="2011-06-19 19:12:09.10 PDT" StructureHandle="/" StructureKind="resource"/><InteractionEvent Delta="null" EndDate="2011-06-19 19:12:08.300 PDT" Interest="1.0" Kind="selection" Navigation="null" OriginId="org.eclipse.jdt.ui.CompilationUnitEditor" StartDate="2011-06-19 19:12:08.300 PDT" StructureHandle="=org.eclipse.mylyn.java.ui/src&amp;lt;org.eclipse.mylyn.internal.java.ui{JavaStackTraceContextComputationStrategy.java" StructureKind="java"/><InteractionEvent Delta="null" EndDate="2011-06-19 19:10:59.650 PDT" Interest="15.0" Kind="propagation" Navigation="org.eclipse.mylyn.core.model.edges.containment" OriginId="org.eclipse.mylyn.core.model.interest.propagation" StartDate="2011-06-19 19:10:59.650 PDT" StructureHandle="/attachments/bugzilla-https%3A%2F%2Fbugs.eclipse.org%2Fbugs" StructureKind="resource"/><InteractionEvent Delta="null" EndDate="2011-06-19 19:10:59.656 PDT" Interest="1.0000001" Kind="propagation" Navigation="org.eclipse.mylyn.core.model.edges.containment" OriginId="org.eclipse.mylyn.core.model.interest.propagation" StartDate="2011-06-19 19:10:59.656 PDT" StructureHandle="/" StructureKind="resource"/><InteractionEvent Delta="null" EndDate="2011-06-19 19:10:59.659 PDT" Interest="1.0" Kind="propagation" Navigation="org.eclipse.mylyn.core.model.edges.containment" OriginId="org.eclipse.mylyn.core.model.interest.propagation" StartDate="2011-06-19 19:10:59.659 PDT" StructureHandle="/" StructureKind="resource"/><InteractionEvent Delta="null" EndDate="2011-06-19 19:12:08.322 PDT" Interest="1.0" Kind="propagation" Navigation="org.eclipse.mylyn.core.model.edges.containment" OriginId="org.eclipse.mylyn.core.model.interest.propagation" StartDate="2011-06-19 19:12:08.322 PDT" StructureHandle="/org.eclipse.mylyn.java.ui/src/org/eclipse/mylyn/internal/java" StructureKind="resource"/><InteractionEvent Delta="null" EndDate="2011-06-19 19:12:08.323 PDT" Interest="1.0" Kind="propagation" Navigation="org.eclipse.mylyn.core.model.edges.containment" OriginId="org.eclipse.mylyn.core.model.interest.propagation" StartDate="2011-06-19 19:12:08.323 PDT" StructureHandle="/org.eclipse.mylyn.java.ui/src/org/eclipse/mylyn/internal" StructureKind="resource"/><InteractionEvent Delta="null" EndDate="2011-06-19 19:13:20.354 PDT" Interest="0.99999976" Kind="propagation" Navigation="org.eclipse.mylyn.core.model.edges.containment" OriginId="org.eclipse.mylyn.core.model.interest.propagation" StartDate="2011-06-19 19:13:20.354 PDT" StructureHandle="=org.eclipse.mylyn.java.ui" StructureKind="resource"/><InteractionEvent Delta="null" EndDate="2011-06-19 19:13:21.994 PDT" Interest="1.0" Kind="propagation" Navigation="null" OriginId="org.eclipse.jdt.ui.CompilationUnitEditor" StartDate="2011-06-19 19:13:21.994 PDT" StructureHandle="/org.eclipse.mylyn.java.ui" StructureKind="resource"/><InteractionEvent Delta="null" EndDate="2011-06-19 19:12:08.324 PDT" Interest="1.0" Kind="propagation" Navigation="null" OriginId="org.eclipse.jdt.ui.CompilationUnitEditor" StartDate="2011-06-19 19:12:08.324 PDT" StructureHandle="/org.eclipse.mylyn.java.ui" StructureKind="resource"/><InteractionEvent Delta="null" EndDate="2011-06-19 19:10:59.650 PDT" Interest="1.0" Kind="propagation" Navigation="org.eclipse.mylyn.core.model.edges.containment" OriginId="org.eclipse.mylyn.core.model.interest.propagation" StartDate="2011-06-19 19:10:59.650 PDT" StructureHandle="/" StructureKind="resource"/><InteractionEvent Delta="null" EndDate="2011-06-19 19:13:23.912 PDT" Interest="1.0" Kind="propagation" Navigation="org.eclipse.mylyn.core.model.edges.containment" OriginId="org.eclipse.mylyn.core.model.interest.propagation" StartDate="2011-06-19 19:13:23.912 PDT" StructureHandle="/org.eclipse.mylyn.java.ui/src/org/eclipse/mylyn" StructureKind="resource"/><InteractionEvent Delta="null" EndDate="2011-06-19 19:11:58.322 PDT" Interest="1.0" Kind="propagation" Navigation="null" OriginId="org.eclipse.pde.ui.manifestEditor" StartDate="2011-06-19 19:11:58.322 PDT" StructureHandle="/org.eclipse.mylyn.java.ui" StructureKind="resource"/><InteractionEvent Delta="null" EndDate="2011-06-19 19:13:37.846 PDT" Interest="1.0" Kind="propagation" Navigation="org.eclipse.mylyn.core.model.edges.containment" OriginId="org.eclipse.mylyn.core.model.interest.propagation" StartDate="2011-06-19 19:13:37.846 PDT" StructureHandle="=org.eclipse.mylyn.java.ui/src" StructureKind="java"/><InteractionEvent Delta="null" EndDate="2011-06-19 19:10:59.653 PDT" Interest="1.0" Kind="propagation" Navigation="org.eclipse.mylyn.core.model.edges.containment" OriginId="org.eclipse.mylyn.core.model.interest.propagation" StartDate="2011-06-19 19:10:59.653 PDT" StructureHandle="/" StructureKind="resource"/><InteractionEvent Delta="null" EndDate="2011-06-19 19:12:01.958 PDT" Interest="1.0" Kind="propagation" Navigation="null" OriginId="org.eclipse.pde.ui.manifestEditor" StartDate="2011-06-19 19:12:01.958 PDT" StructureHandle="/" StructureKind="resource"/><InteractionEvent Delta="null" EndDate="2011-06-19 19:13:37.845 PDT" Interest="1.0" Kind="selection" Navigation="null" OriginId="org.eclipse.jdt.ui.PackageExplorer" StartDate="2011-06-19 19:13:37.845 PDT" StructureHandle="=org.eclipse.mylyn.java.ui/src&amp;lt;org.eclipse.mylyn.internal.java.ui{JavaStackTraceContextComputationStrategy.java" StructureKind="java"/></InteractionHistory>