<?xml version="1.0" encoding="UTF-8"?><InteractionHistory Id="https://bugs.eclipse.org/bugs-432676" Version="1"><InteractionEvent Delta="null" EndDate="2014-04-12 20:34:03.496 CEST" Interest="1.0" Kind="propagation" Navigation="org.eclipse.mylyn.core.model.edges.containment" OriginId="org.eclipse.mylyn.core.model.interest.propagation" StartDate="2014-04-12 20:34:03.496 CEST" StructureHandle="=org.eclipse.mylyn.resources.ui/src" StructureKind="java"/><InteractionEvent Delta="null" EndDate="2014-04-12 20:36:27.156 CEST" Interest="1.0" Kind="propagation" Navigation="org.eclipse.mylyn.core.model.edges.containment" OriginId="org.eclipse.mylyn.core.model.interest.propagation" StartDate="2014-04-12 20:36:27.156 CEST" StructureHandle="/org.eclipse.mylyn.resources.ui/src/org/eclipse/mylyn/internal" StructureKind="resource"/><InteractionEvent Delta="null" EndDate="2014-04-12 20:34:04.595 CEST" Interest="0.70000017" Kind="propagation" Navigation="org.eclipse.mylyn.core.model.edges.containment" OriginId="org.eclipse.mylyn.core.model.interest.propagation" StartDate="2014-04-12 20:34:04.595 CEST" StructureHandle="=org.eclipse.mylyn.resources.ui/src&amp;lt;org.eclipse.mylyn.internal.resources.ui.preferences" StructureKind="java"/><InteractionEvent Delta="null" EndDate="2014-04-12 20:34:04.549 CEST" Interest="1.0" Kind="propagation" Navigation="org.eclipse.mylyn.core.model.edges.containment" OriginId="org.eclipse.mylyn.core.model.interest.propagation" StartDate="2014-04-12 20:34:04.549 CEST" StructureHandle="/org.eclipse.mylyn.resources.ui/src/org/eclipse/mylyn/internal" StructureKind="resource"/><InteractionEvent Delta="null" EndDate="2014-04-12 20:36:27.163 CEST" Interest="1.0" Kind="edit" Navigation="null" OriginId="org.eclipse.jdt.ui.CompilationUnitEditor" StartDate="2014-04-12 20:36:27.163 CEST" StructureHandle="=org.eclipse.mylyn.resources.ui/src&amp;lt;org.eclipse.mylyn.internal.resources.ui.preferences{FocusedResourcesPreferencePage.java[FocusedResourcesPreferencePage~removeIgnore" StructureKind="java"/><InteractionEvent Delta="null" EndDate="2014-04-12 20:36:25.38 CEST" Interest="1.0" Kind="propagation" Navigation="org.eclipse.mylyn.core.model.edges.containment" OriginId="org.eclipse.mylyn.core.model.interest.propagation" StartDate="2014-04-12 20:36:25.38 CEST" StructureHandle="=org.eclipse.mylyn.resources.ui" StructureKind="resource"/><InteractionEvent Delta="null" EndDate="2014-04-12 20:36:25.38 CEST" Interest="1.0" Kind="propagation" Navigation="org.eclipse.mylyn.core.model.edges.containment" OriginId="org.eclipse.mylyn.core.model.interest.propagation" StartDate="2014-04-12 20:36:25.38 CEST" StructureHandle="/org.eclipse.mylyn.resources.ui/src/org/eclipse/mylyn/internal/resources" StructureKind="resource"/><InteractionEvent Delta="null" EndDate="2014-04-12 20:34:09.714 CEST" Interest="1.0" Kind="propagation" Navigation="org.eclipse.mylyn.core.model.edges.containment" OriginId="org.eclipse.mylyn.core.model.interest.propagation" StartDate="2014-04-12 20:34:09.714 CEST" StructureHandle="/" StructureKind="resource"/><InteractionEvent Delta="null" EndDate="2014-04-12 20:34:04.595 CEST" Interest="1.0000001" Kind="propagation" Navigation="org.eclipse.mylyn.core.model.edges.containment" OriginId="org.eclipse.mylyn.core.model.interest.propagation" StartDate="2014-04-12 20:34:04.595 CEST" StructureHandle="=org.eclipse.mylyn.resources.ui" StructureKind="resource"/><InteractionEvent Delta="null" EndDate="2014-04-12 20:34:04.595 CEST" Interest="1.0000001" Kind="propagation" Navigation="org.eclipse.mylyn.core.model.edges.containment" OriginId="org.eclipse.mylyn.core.model.interest.propagation" StartDate="2014-04-12 20:34:04.595 CEST" StructureHandle="/org.eclipse.mylyn.resources.ui/src/org/eclipse" StructureKind="resource"/><InteractionEvent Delta="null" EndDate="2014-04-12 20:34:03.495 CEST" Interest="1.0" Kind="propagation" Navigation="org.eclipse.mylyn.core.model.edges.containment" OriginId="org.eclipse.mylyn.core.model.interest.propagation" StartDate="2014-04-12 20:34:03.495 CEST" StructureHandle="/org.eclipse.mylyn.resources.ui/src/org/eclipse/mylyn/internal/resources/ui" StructureKind="resource"/><InteractionEvent Delta="null" EndDate="2014-04-12 20:34:04.596 CEST" Interest="0.7000004" Kind="propagation" Navigation="org.eclipse.mylyn.core.model.edges.containment" OriginId="org.eclipse.mylyn.core.model.interest.propagation" StartDate="2014-04-12 20:34:04.596 CEST" StructureHandle="=org.eclipse.mylyn.resources.ui/src" StructureKind="java"/><InteractionEvent Delta="null" EndDate="2014-04-12 20:34:09.714 CEST" Interest="1.0" Kind="propagation" Navigation="org.eclipse.mylyn.core.model.edges.containment" OriginId="org.eclipse.mylyn.core.model.interest.propagation" StartDate="2014-04-12 20:34:09.714 CEST" StructureHandle="/org.eclipse.mylyn.resources.ui/src/org/eclipse/mylyn/internal/resources" StructureKind="resource"/><InteractionEvent Delta="null" EndDate="2014-04-12 20:34:09.714 CEST" Interest="1.0" Kind="propagation" Navigation="org.eclipse.mylyn.core.model.edges.containment" OriginId="org.eclipse.mylyn.core.model.interest.propagation" StartDate="2014-04-12 20:34:09.714 CEST" StructureHandle="=org.eclipse.mylyn.resources.ui" StructureKind="resource"/><InteractionEvent Delta="null" EndDate="2014-04-12 20:36:25.38 CEST" Interest="1.0" Kind="propagation" Navigation="org.eclipse.mylyn.core.model.edges.containment" OriginId="org.eclipse.mylyn.core.model.interest.propagation" StartDate="2014-04-12 20:36:25.38 CEST" StructureHandle="/org.eclipse.mylyn.resources.ui/src" StructureKind="resource"/><InteractionEvent Delta="null" EndDate="2014-04-12 20:36:27.164 CEST" Interest="1.0000005" Kind="propagation" Navigation="org.eclipse.mylyn.core.model.edges.containment" OriginId="org.eclipse.mylyn.core.model.interest.propagation" StartDate="2014-04-12 20:36:27.164 CEST" StructureHandle="/org.eclipse.mylyn.resources.ui/src/org" StructureKind="resource"/><InteractionEvent Delta="null" EndDate="2014-04-12 20:34:04.594 CEST" Interest="1.0000001" Kind="propagation" Navigation="org.eclipse.mylyn.core.model.edges.containment" OriginId="org.eclipse.mylyn.core.model.interest.propagation" StartDate="2014-04-12 20:34:04.594 CEST" StructureHandle="/org.eclipse.mylyn.resources.ui/src/org/eclipse/mylyn/internal/resources/ui" StructureKind="resource"/><InteractionEvent Delta="null" EndDate="2014-04-12 20:34:09.43 CEST" Interest="1.0" Kind="propagation" Navigation="null" OriginId="org.eclipse.jdt.ui.CompilationUnitEditor" StartDate="2014-04-12 20:34:09.43 CEST" StructureHandle="/org.eclipse.mylyn.resources.ui/src/org/eclipse/mylyn/internal/resources/ui/preferences/FocusedResourcesPreferencePage.java" StructureKind="resource"/><InteractionEvent Delta="null" EndDate="2014-04-12 20:34:04.595 CEST" Interest="1.0000001" Kind="propagation" Navigation="org.eclipse.mylyn.core.model.edges.containment" OriginId="org.eclipse.mylyn.core.model.interest.propagation" StartDate="2014-04-12 20:34:04.595 CEST" StructureHandle="/org.eclipse.mylyn.resources.ui/src" StructureKind="resource"/><InteractionEvent Delta="null" EndDate="2014-04-12 20:34:03.496 CEST" Interest="1.0" Kind="propagation" Navigation="org.eclipse.mylyn.core.model.edges.containment" OriginId="org.eclipse.mylyn.core.model.interest.propagation" StartDate="2014-04-12 20:34:03.496 CEST" StructureHandle="=org.eclipse.mylyn.resources.ui" StructureKind="resource"/><InteractionEvent Delta="null" EndDate="2014-04-12 20:34:09.52 CEST" Interest="0.70000005" Kind="propagation" Navigation="org.eclipse.mylyn.core.model.edges.containment" OriginId="org.eclipse.mylyn.core.model.interest.propagation" StartDate="2014-04-12 20:34:09.52 CEST" StructureHandle="=org.eclipse.mylyn.resources.ui/src&amp;lt;org.eclipse.mylyn.internal.resources.ui.preferences" StructureKind="java"/><InteractionEvent Delta="null" EndDate="2014-04-12 20:34:04.594 CEST" Interest="1.0000001" Kind="propagation" Navigation="org.eclipse.mylyn.core.model.edges.containment" OriginId="org.eclipse.mylyn.core.model.interest.propagation" StartDate="2014-04-12 20:34:04.594 CEST" StructureHandle="/org.eclipse.mylyn.resources.ui/src/org/eclipse/mylyn/internal/resources" StructureKind="resource"/><InteractionEvent Delta="null" EndDate="2014-04-12 20:34:03.495 CEST" Interest="1.0" Kind="propagation" Navigation="org.eclipse.mylyn.core.model.edges.containment" OriginId="org.eclipse.mylyn.core.model.interest.propagation" StartDate="2014-04-12 20:34:03.495 CEST" StructureHandle="/org.eclipse.mylyn.resources.ui/src/org/eclipse/mylyn/internal/resources" StructureKind="resource"/><InteractionEvent Delta="null" EndDate="2014-04-12 20:36:27.164 CEST" Interest="1.0000005" Kind="propagation" Navigation="org.eclipse.mylyn.core.model.edges.containment" OriginId="org.eclipse.mylyn.core.model.interest.propagation" StartDate="2014-04-12 20:36:27.164 CEST" StructureHandle="/org.eclipse.mylyn.resources.ui/src/org/eclipse/mylyn/internal/resources" StructureKind="resource"/><InteractionEvent Delta="null" EndDate="2014-04-12 20:36:27.164 CEST" Interest="1.0000005" Kind="propagation" Navigation="org.eclipse.mylyn.core.model.edges.containment" OriginId="org.eclipse.mylyn.core.model.interest.propagation" StartDate="2014-04-12 20:36:27.164 CEST" StructureHandle="/org.eclipse.mylyn.resources.ui/src/org/eclipse/mylyn/internal" StructureKind="resource"/><InteractionEvent Delta="null" EndDate="2014-04-12 20:34:04.549 CEST" Interest="1.0" Kind="propagation" Navigation="org.eclipse.mylyn.core.model.edges.containment" OriginId="org.eclipse.mylyn.core.model.interest.propagation" StartDate="2014-04-12 20:34:04.549 CEST" StructureHandle="/org.eclipse.mylyn.resources.ui/src/org/eclipse/mylyn/internal/resources/ui/preferences" StructureKind="resource"/><InteractionEvent Delta="null" EndDate="2014-04-12 20:34:04.549 CEST" Interest="1.0" Kind="propagation" Navigation="org.eclipse.mylyn.core.model.edges.containment" OriginId="org.eclipse.mylyn.core.model.interest.propagation" StartDate="2014-04-12 20:34:04.549 CEST" StructureHandle="/org.eclipse.mylyn.resources.ui/src/org" StructureKind="resource"/><InteractionEvent Delta="null" EndDate="2014-04-12 20:34:09.51 CEST" Interest="1.0" Kind="propagation" Navigation="null" OriginId="org.eclipse.jdt.ui.CompilationUnitEditor" StartDate="2014-04-12 20:34:09.51 CEST" StructureHandle="/org.eclipse.mylyn.resources.ui/src/org/eclipse/mylyn/internal/resources/ui/preferences/FocusedResourcesPreferencePage.java" StructureKind="resource"/><InteractionEvent Delta="null" EndDate="2014-04-12 20:34:09.51 CEST" Interest="1.0000002" Kind="propagation" Navigation="org.eclipse.mylyn.core.model.edges.containment" OriginId="org.eclipse.mylyn.core.model.interest.propagation" StartDate="2014-04-12 20:34:09.51 CEST" StructureHandle="/org.eclipse.mylyn.resources.ui/src/org/eclipse/mylyn" StructureKind="resource"/><InteractionEvent Delta="null" EndDate="2014-04-12 20:34:09.714 CEST" Interest="1.0" Kind="propagation" Navigation="org.eclipse.mylyn.core.model.edges.containment" OriginId="org.eclipse.mylyn.core.model.interest.propagation" StartDate="2014-04-12 20:34:09.714 CEST" StructureHandle="/org.eclipse.mylyn.resources.ui/src/org/eclipse" StructureKind="resource"/><InteractionEvent Delta="null" EndDate="2014-04-12 20:34:09.714 CEST" Interest="1.0" Kind="propagation" Navigation="org.eclipse.mylyn.core.model.edges.containment" OriginId="org.eclipse.mylyn.core.model.interest.propagation" StartDate="2014-04-12 20:34:09.714 CEST" StructureHandle="/org.eclipse.mylyn.resources.ui/src/org/eclipse/mylyn/internal" StructureKind="resource"/><InteractionEvent Delta="null" EndDate="2014-04-12 20:34:09.43 CEST" Interest="1.0" Kind="propagation" Navigation="org.eclipse.mylyn.core.model.edges.containment" OriginId="org.eclipse.mylyn.core.model.interest.propagation" StartDate="2014-04-12 20:34:09.43 CEST" StructureHandle="/org.eclipse.mylyn.resources.ui/src/org/eclipse/mylyn/internal" StructureKind="resource"/><InteractionEvent Delta="null" EndDate="2014-04-12 20:36:25.37 CEST" Interest="1.0" Kind="propagation" Navigation="org.eclipse.mylyn.core.model.edges.containment" OriginId="org.eclipse.mylyn.core.model.interest.propagation" StartDate="2014-04-12 20:36:25.37 CEST" StructureHandle="/org.eclipse.mylyn.resources.ui/src/org/eclipse/mylyn/internal/resources/ui/preferences" StructureKind="resource"/><InteractionEvent Delta="null" EndDate="2014-04-12 20:36:25.37 CEST" Interest="1.0" Kind="propagation" Navigation="null" OriginId="org.eclipse.jdt.ui.CompilationUnitEditor" StartDate="2014-04-12 20:36:25.37 CEST" StructureHandle="/org.eclipse.mylyn.resources.ui/src/org/eclipse/mylyn/internal/resources/ui/preferences/FocusedResourcesPreferencePage.java" StructureKind="resource"/><InteractionEvent Delta="null" EndDate="2014-04-12 20:34:03.495 CEST" Interest="1.0" Kind="propagation" Navigation="org.eclipse.mylyn.core.model.edges.containment" OriginId="org.eclipse.mylyn.core.model.interest.propagation" StartDate="2014-04-12 20:34:03.495 CEST" StructureHandle="/org.eclipse.mylyn.resources.ui/src/org/eclipse" StructureKind="resource"/><InteractionEvent Delta="null" EndDate="2014-04-12 20:34:09.43 CEST" Interest="1.0" Kind="propagation" Navigation="org.eclipse.mylyn.core.model.edges.containment" OriginId="org.eclipse.mylyn.core.model.interest.propagation" StartDate="2014-04-12 20:34:09.43 CEST" StructureHandle="/org.eclipse.mylyn.resources.ui/src/org/eclipse/mylyn/internal/resources/ui" StructureKind="resource"/><InteractionEvent Delta="null" EndDate="2014-04-12 20:36:27.156 CEST" Interest="1.0" Kind="propagation" Navigation="org.eclipse.mylyn.core.model.edges.containment" OriginId="org.eclipse.mylyn.core.model.interest.propagation" StartDate="2014-04-12 20:36:27.156 CEST" StructureHandle="/org.eclipse.mylyn.resources.ui/src/org" StructureKind="resource"/><InteractionEvent Delta="null" EndDate="2014-04-12 20:34:04.595 CEST" Interest="1.0000001" Kind="propagation" Navigation="org.eclipse.mylyn.core.model.edges.containment" OriginId="org.eclipse.mylyn.core.model.interest.propagation" StartDate="2014-04-12 20:34:04.595 CEST" StructureHandle="/org.eclipse.mylyn.resources.ui/src/org" StructureKind="resource"/><InteractionEvent Delta="null" EndDate="2014-04-12 20:34:04.549 CEST" Interest="1.0" Kind="propagation" Navigation="null" OriginId="org.eclipse.jdt.ui.CompilationUnitEditor" StartDate="2014-04-12 20:34:04.549 CEST" StructureHandle="/org.eclipse.mylyn.resources.ui/src/org/eclipse/mylyn/internal/resources/ui/preferences/FocusedResourcesPreferencePage.java" StructureKind="resource"/><InteractionEvent Delta="null" EndDate="2014-04-12 20:34:09.51 CEST" Interest="1.0000002" Kind="propagation" Navigation="org.eclipse.mylyn.core.model.edges.containment" OriginId="org.eclipse.mylyn.core.model.interest.propagation" StartDate="2014-04-12 20:34:09.51 CEST" StructureHandle="/org.eclipse.mylyn.resources.ui/src/org/eclipse/mylyn/internal/resources/ui/preferences" StructureKind="resource"/><InteractionEvent Delta="null" EndDate="2014-04-12 20:36:25.37 CEST" Interest="1.0" Kind="edit" Navigation="null" OriginId="org.eclipse.jdt.ui.CompilationUnitEditor" StartDate="2014-04-12 20:36:25.37 CEST" StructureHandle="=org.eclipse.mylyn.resources.ui/src&amp;lt;org.eclipse.mylyn.internal.resources.ui.preferences{FocusedResourcesPreferencePage.java[FocusedResourcesPreferencePage~removeIgnore" StructureKind="java"/><InteractionEvent Delta="null" EndDate="2014-04-12 20:34:09.44 CEST" Interest="1.0" Kind="propagation" Navigation="org.eclipse.mylyn.core.model.edges.containment" OriginId="org.eclipse.mylyn.core.model.interest.propagation" StartDate="2014-04-12 20:34:09.44 CEST" StructureHandle="/org.eclipse.mylyn.resources.ui/src/org/eclipse" StructureKind="resource"/><InteractionEvent Delta="null" EndDate="2014-04-12 20:34:09.44 CEST" Interest="1.0" Kind="propagation" Navigation="org.eclipse.mylyn.core.model.edges.containment" OriginId="org.eclipse.mylyn.core.model.interest.propagation" StartDate="2014-04-12 20:34:09.44 CEST" StructureHandle="/" StructureKind="resource"/><InteractionEvent Delta="null" EndDate="2014-04-12 20:36:25.38 CEST" Interest="1.0" Kind="propagation" Navigation="org.eclipse.mylyn.core.model.edges.containment" OriginId="org.eclipse.mylyn.core.model.interest.propagation" StartDate="2014-04-12 20:36:25.38 CEST" StructureHandle="/org.eclipse.mylyn.resources.ui/src/org/eclipse/mylyn/internal/resources/ui" StructureKind="resource"/><InteractionEvent Delta="null" EndDate="2014-04-12 20:34:09.51 CEST" Interest="1.0000002" Kind="propagation" Navigation="org.eclipse.mylyn.core.model.edges.containment" OriginId="org.eclipse.mylyn.core.model.interest.propagation" StartDate="2014-04-12 20:34:09.51 CEST" StructureHandle="/org.eclipse.mylyn.resources.ui/src/org/eclipse/mylyn/internal" StructureKind="resource"/><InteractionEvent Delta="null" EndDate="2014-04-12 20:36:25.38 CEST" Interest="1.0" Kind="propagation" Navigation="org.eclipse.mylyn.core.model.edges.containment" OriginId="org.eclipse.mylyn.core.model.interest.propagation" StartDate="2014-04-12 20:36:25.38 CEST" StructureHandle="/" StructureKind="resource"/><InteractionEvent Delta="null" EndDate="2014-04-12 20:36:27.155 CEST" Interest="1.0" Kind="propagation" Navigation="org.eclipse.mylyn.core.model.edges.containment" OriginId="org.eclipse.mylyn.core.model.interest.propagation" StartDate="2014-04-12 20:36:27.155 CEST" StructureHandle="/org.eclipse.mylyn.resources.ui/src/org/eclipse/mylyn/internal/resources" StructureKind="resource"/><InteractionEvent Delta="null" EndDate="2014-04-12 20:34:04.550 CEST" Interest="1.0" Kind="propagation" Navigation="org.eclipse.mylyn.core.model.edges.containment" OriginId="org.eclipse.mylyn.core.model.interest.propagation" StartDate="2014-04-12 20:34:04.550 CEST" StructureHandle="/" StructureKind="resource"/><InteractionEvent Delta="null" EndDate="2014-04-12 20:36:27.164 CEST" Interest="1.0000005" Kind="propagation" Navigation="org.eclipse.mylyn.core.model.edges.containment" OriginId="org.eclipse.mylyn.core.model.interest.propagation" StartDate="2014-04-12 20:36:27.164 CEST" StructureHandle="/org.eclipse.mylyn.resources.ui/src/org/eclipse/mylyn/internal/resources/ui/preferences" StructureKind="resource"/><InteractionEvent Delta="null" EndDate="2014-04-12 20:34:09.52 CEST" Interest="1.0000002" Kind="propagation" Navigation="org.eclipse.mylyn.core.model.edges.containment" OriginId="org.eclipse.mylyn.core.model.interest.propagation" StartDate="2014-04-12 20:34:09.52 CEST" StructureHandle="=org.eclipse.mylyn.resources.ui" StructureKind="resource"/><InteractionEvent Delta="null" EndDate="2014-04-12 20:34:04.549 CEST" Interest="1.0" Kind="propagation" Navigation="org.eclipse.mylyn.core.model.edges.containment" OriginId="org.eclipse.mylyn.core.model.interest.propagation" StartDate="2014-04-12 20:34:04.549 CEST" StructureHandle="/org.eclipse.mylyn.resources.ui/src/org/eclipse/mylyn/internal/resources" StructureKind="resource"/><InteractionEvent Delta="null" EndDate="2014-04-12 20:36:27.156 CEST" Interest="1.0" Kind="propagation" Navigation="org.eclipse.mylyn.core.model.edges.containment" OriginId="org.eclipse.mylyn.core.model.interest.propagation" StartDate="2014-04-12 20:36:27.156 CEST" StructureHandle="=org.eclipse.mylyn.resources.ui" StructureKind="resource"/><InteractionEvent Delta="null" EndDate="2014-04-12 20:36:25.37 CEST" Interest="0.7000001" Kind="propagation" Navigation="org.eclipse.mylyn.core.model.edges.containment" OriginId="org.eclipse.mylyn.core.model.interest.propagation" StartDate="2014-04-12 20:36:25.37 CEST" StructureHandle="=org.eclipse.mylyn.resources.ui/src&amp;lt;org.eclipse.mylyn.internal.resources.ui.preferences{FocusedResourcesPreferencePage.java[FocusedResourcesPreferencePage" StructureKind="java"/><InteractionEvent Delta="null" EndDate="2014-04-12 20:36:25.38 CEST" Interest="1.0" Kind="propagation" Navigation="org.eclipse.mylyn.core.model.edges.containment" OriginId="org.eclipse.mylyn.core.model.interest.propagation" StartDate="2014-04-12 20:36:25.38 CEST" StructureHandle="/org.eclipse.mylyn.resources.ui/src/org/eclipse" StructureKind="resource"/><InteractionEvent Delta="null" EndDate="2014-04-12 20:36:27.155 CEST" Interest="1.0" Kind="propagation" Navigation="org.eclipse.mylyn.core.model.edges.containment" OriginId="org.eclipse.mylyn.core.model.interest.propagation" StartDate="2014-04-12 20:36:27.155 CEST" StructureHandle="/org.eclipse.mylyn.resources.ui/src/org/eclipse/mylyn/internal/resources/ui/preferences" StructureKind="resource"/><InteractionEvent Delta="null" EndDate="2014-04-12 20:34:09.43 CEST" Interest="1.0" Kind="propagation" Navigation="org.eclipse.mylyn.core.model.edges.containment" OriginId="org.eclipse.mylyn.core.model.interest.propagation" StartDate="2014-04-12 20:34:09.43 CEST" StructureHandle="/org.eclipse.mylyn.resources.ui/src/org/eclipse/mylyn/internal/resources/ui/preferences" StructureKind="resource"/><InteractionEvent Delta="null" EndDate="2014-04-12 20:36:27.164 CEST" Interest="1.0000005" Kind="propagation" Navigation="org.eclipse.mylyn.core.model.edges.containment" OriginId="org.eclipse.mylyn.core.model.interest.propagation" StartDate="2014-04-12 20:36:27.164 CEST" StructureHandle="/org.eclipse.mylyn.resources.ui/src/org/eclipse/mylyn" StructureKind="resource"/><InteractionEvent Delta="null" EndDate="2014-04-12 20:34:09.44 CEST" Interest="1.0" Kind="propagation" Navigation="org.eclipse.mylyn.core.model.edges.containment" OriginId="org.eclipse.mylyn.core.model.interest.propagation" StartDate="2014-04-12 20:34:09.44 CEST" StructureHandle="=org.eclipse.mylyn.resources.ui" StructureKind="resource"/><InteractionEvent Delta="null" EndDate="2014-04-12 20:34:03.495 CEST" Interest="1.0" Kind="propagation" Navigation="org.eclipse.mylyn.core.model.edges.containment" OriginId="org.eclipse.mylyn.core.model.interest.propagation" StartDate="2014-04-12 20:34:03.495 CEST" StructureHandle="/org.eclipse.mylyn.resources.ui/src/org/eclipse/mylyn/internal/resources/ui/preferences" StructureKind="resource"/><InteractionEvent Delta="null" EndDate="2014-04-12 20:34:03.495 CEST" Interest="1.0" Kind="selection" Navigation="null" OriginId="org.eclipse.jdt.ui.PackageExplorer" StartDate="2014-04-12 20:34:03.495 CEST" StructureHandle="=org.eclipse.mylyn.resources.ui/src&amp;lt;org.eclipse.mylyn.internal.resources.ui.preferences{FocusedResourcesPreferencePage.java" StructureKind="java"/><InteractionEvent Delta="null" EndDate="2014-04-12 20:36:27.164 CEST" Interest="1.0000005" Kind="propagation" Navigation="org.eclipse.mylyn.core.model.edges.containment" OriginId="org.eclipse.mylyn.core.model.interest.propagation" StartDate="2014-04-12 20:36:27.164 CEST" StructureHandle="=org.eclipse.mylyn.resources.ui" StructureKind="resource"/><InteractionEvent Delta="null" EndDate="2014-04-12 20:36:27.155 CEST" Interest="1.0" Kind="selection" Navigation="null" OriginId="org.eclipse.jdt.ui.CompilationUnitEditor" StartDate="2014-04-12 20:36:27.155 CEST" StructureHandle="=org.eclipse.mylyn.resources.ui/src&amp;lt;org.eclipse.mylyn.internal.resources.ui.preferences{FocusedResourcesPreferencePage.java" StructureKind="java"/><InteractionEvent Delta="null" EndDate="2014-04-12 20:34:09.714 CEST" Interest="1.0" Kind="propagation" Navigation="org.eclipse.mylyn.core.model.edges.containment" OriginId="org.eclipse.mylyn.core.model.interest.propagation" StartDate="2014-04-12 20:34:09.714 CEST" StructureHandle="/org.eclipse.mylyn.resources.ui/src" StructureKind="resource"/><InteractionEvent Delta="null" EndDate="2014-04-12 20:36:27.164 CEST" Interest="1.0000005" Kind="propagation" Navigation="org.eclipse.mylyn.core.model.edges.containment" OriginId="org.eclipse.mylyn.core.model.interest.propagation" StartDate="2014-04-12 20:36:27.164 CEST" StructureHandle="/org.eclipse.mylyn.resources.ui/src/org/eclipse/mylyn/internal/resources/ui" StructureKind="resource"/><InteractionEvent Delta="null" EndDate="2014-04-12 20:36:27.156 CEST" Interest="1.0" Kind="propagation" Navigation="org.eclipse.mylyn.core.model.edges.containment" OriginId="org.eclipse.mylyn.core.model.interest.propagation" StartDate="2014-04-12 20:36:27.156 CEST" StructureHandle="/org.eclipse.mylyn.resources.ui/src/org/eclipse/mylyn" StructureKind="resource"/><InteractionEvent Delta="null" EndDate="2014-04-12 20:34:04.549 CEST" Interest="1.0" Kind="propagation" Navigation="org.eclipse.mylyn.core.model.edges.containment" OriginId="org.eclipse.mylyn.core.model.interest.propagation" StartDate="2014-04-12 20:34:04.549 CEST" StructureHandle="/org.eclipse.mylyn.resources.ui/src/org/eclipse/mylyn" StructureKind="resource"/><InteractionEvent Delta="null" EndDate="2014-04-12 20:34:04.550 CEST" Interest="1.0" Kind="propagation" Navigation="org.eclipse.mylyn.core.model.edges.containment" OriginId="org.eclipse.mylyn.core.model.interest.propagation" StartDate="2014-04-12 20:34:04.550 CEST" StructureHandle="=org.eclipse.mylyn.resources.ui/src&amp;lt;org.eclipse.mylyn.internal.resources.ui.preferences" StructureKind="java"/><InteractionEvent Delta="null" EndDate="2014-04-12 20:34:09.714 CEST" Interest="1.0" Kind="propagation" Navigation="org.eclipse.mylyn.core.model.edges.containment" OriginId="org.eclipse.mylyn.core.model.interest.propagation" StartDate="2014-04-12 20:34:09.714 CEST" StructureHandle="/org.eclipse.mylyn.resources.ui/src/org/eclipse/mylyn/internal/resources/ui/preferences" StructureKind="resource"/><InteractionEvent Delta="null" EndDate="2014-04-12 20:34:09.53 CEST" Interest="0.7000005" Kind="propagation" Navigation="org.eclipse.mylyn.core.model.edges.containment" OriginId="org.eclipse.mylyn.core.model.interest.propagation" StartDate="2014-04-12 20:34:09.53 CEST" StructureHandle="=org.eclipse.mylyn.resources.ui/src" StructureKind="java"/><InteractionEvent Delta="null" EndDate="2014-04-12 20:34:03.495 CEST" Interest="1.0" Kind="propagation" Navigation="org.eclipse.mylyn.core.model.edges.containment" OriginId="org.eclipse.mylyn.core.model.interest.propagation" StartDate="2014-04-12 20:34:03.495 CEST" StructureHandle="/org.eclipse.mylyn.resources.ui/src/org/eclipse/mylyn/internal" StructureKind="resource"/><InteractionEvent Delta="null" EndDate="2014-04-12 20:34:04.549 CEST" Interest="1.0" Kind="selection" Navigation="null" OriginId="org.eclipse.jdt.ui.CompilationUnitEditor" StartDate="2014-04-12 20:34:04.549 CEST" StructureHandle="=org.eclipse.mylyn.resources.ui/src&amp;lt;org.eclipse.mylyn.internal.resources.ui.preferences{FocusedResourcesPreferencePage.java" StructureKind="java"/><InteractionEvent Delta="null" EndDate="2014-04-12 20:36:27.155 CEST" Interest="1.0" Kind="propagation" Navigation="org.eclipse.mylyn.core.model.edges.containment" OriginId="org.eclipse.mylyn.core.model.interest.propagation" StartDate="2014-04-12 20:36:27.155 CEST" StructureHandle="/org.eclipse.mylyn.resources.ui/src/org/eclipse/mylyn/internal/resources/ui" StructureKind="resource"/><InteractionEvent Delta="null" EndDate="2014-04-12 20:36:27.164 CEST" Interest="1.0000005" Kind="propagation" Navigation="org.eclipse.mylyn.core.model.edges.containment" OriginId="org.eclipse.mylyn.core.model.interest.propagation" StartDate="2014-04-12 20:36:27.164 CEST" StructureHandle="/" StructureKind="resource"/><InteractionEvent Delta="null" EndDate="2014-04-12 20:36:27.155 CEST" Interest="1.0" Kind="propagation" Navigation="null" OriginId="org.eclipse.jdt.ui.CompilationUnitEditor" StartDate="2014-04-12 20:36:27.155 CEST" StructureHandle="/org.eclipse.mylyn.resources.ui/src/org/eclipse/mylyn/internal/resources/ui/preferences/FocusedResourcesPreferencePage.java" StructureKind="resource"/><InteractionEvent Delta="null" EndDate="2014-04-12 20:34:09.713 CEST" Interest="1.0" Kind="propagation" Navigation="null" OriginId="org.eclipse.jdt.ui.CompilationUnitEditor" StartDate="2014-04-12 20:34:09.713 CEST" StructureHandle="/org.eclipse.mylyn.resources.ui/src/org/eclipse/mylyn/internal/resources/ui/preferences/FocusedResourcesPreferencePage.java" StructureKind="resource"/><InteractionEvent Delta="null" EndDate="2014-04-12 20:34:04.595 CEST" Interest="1.0000001" Kind="propagation" Navigation="org.eclipse.mylyn.core.model.edges.containment" OriginId="org.eclipse.mylyn.core.model.interest.propagation" StartDate="2014-04-12 20:34:04.595 CEST" StructureHandle="/org.eclipse.mylyn.resources.ui/src/org/eclipse/mylyn/internal" StructureKind="resource"/><InteractionEvent Delta="null" EndDate="2014-04-12 20:36:27.164 CEST" Interest="1.0" Kind="propagation" Navigation="null" OriginId="org.eclipse.jdt.ui.CompilationUnitEditor" StartDate="2014-04-12 20:36:27.164 CEST" StructureHandle="/org.eclipse.mylyn.resources.ui/src/org/eclipse/mylyn/internal/resources/ui/preferences/FocusedResourcesPreferencePage.java" StructureKind="resource"/><InteractionEvent Delta="null" EndDate="2014-04-12 20:36:27.163 CEST" Interest="0.6999999" Kind="propagation" Navigation="org.eclipse.mylyn.core.model.edges.containment" OriginId="org.eclipse.mylyn.core.model.interest.propagation" StartDate="2014-04-12 20:36:27.163 CEST" StructureHandle="=org.eclipse.mylyn.resources.ui/src&amp;lt;org.eclipse.mylyn.internal.resources.ui.preferences{FocusedResourcesPreferencePage.java[FocusedResourcesPreferencePage" StructureKind="java"/><InteractionEvent Delta="null" EndDate="2014-04-12 20:34:09.714 CEST" Interest="1.0" Kind="propagation" Navigation="org.eclipse.mylyn.core.model.edges.containment" OriginId="org.eclipse.mylyn.core.model.interest.propagation" StartDate="2014-04-12 20:34:09.714 CEST" StructureHandle="/org.eclipse.mylyn.resources.ui/src/org" StructureKind="resource"/><InteractionEvent Delta="null" EndDate="2014-04-12 20:36:27.156 CEST" Interest="1.0" Kind="propagation" Navigation="org.eclipse.mylyn.core.model.edges.containment" OriginId="org.eclipse.mylyn.core.model.interest.propagation" StartDate="2014-04-12 20:36:27.156 CEST" StructureHandle="/" StructureKind="resource"/><InteractionEvent Delta="null" EndDate="2014-04-12 20:34:09.52 CEST" Interest="1.0000002" Kind="propagation" Navigation="org.eclipse.mylyn.core.model.edges.containment" OriginId="org.eclipse.mylyn.core.model.interest.propagation" StartDate="2014-04-12 20:34:09.52 CEST" StructureHandle="/org.eclipse.mylyn.resources.ui/src/org" StructureKind="resource"/><InteractionEvent Delta="null" EndDate="2014-04-12 20:34:03.495 CEST" Interest="1.0" Kind="propagation" Navigation="org.eclipse.mylyn.core.model.edges.containment" OriginId="org.eclipse.mylyn.core.model.interest.propagation" StartDate="2014-04-12 20:34:03.495 CEST" StructureHandle="/org.eclipse.mylyn.resources.ui/src/org" StructureKind="resource"/><InteractionEvent Delta="null" EndDate="2014-04-12 20:34:03.496 CEST" Interest="1.0" Kind="propagation" Navigation="org.eclipse.mylyn.core.model.edges.containment" OriginId="org.eclipse.mylyn.core.model.interest.propagation" StartDate="2014-04-12 20:34:03.496 CEST" StructureHandle="/" StructureKind="resource"/><InteractionEvent Delta="null" EndDate="2014-04-12 20:34:09.51 CEST" Interest="1.0000002" Kind="propagation" Navigation="org.eclipse.mylyn.core.model.edges.containment" OriginId="org.eclipse.mylyn.core.model.interest.propagation" StartDate="2014-04-12 20:34:09.51 CEST" StructureHandle="/org.eclipse.mylyn.resources.ui/src/org/eclipse/mylyn/internal/resources" StructureKind="resource"/><InteractionEvent Delta="null" EndDate="2014-04-12 20:36:27.157 CEST" Interest="0.9999995" Kind="propagation" Navigation="org.eclipse.mylyn.core.model.edges.containment" OriginId="org.eclipse.mylyn.core.model.interest.propagation" StartDate="2014-04-12 20:36:27.157 CEST" StructureHandle="=org.eclipse.mylyn.resources.ui/src" StructureKind="java"/><InteractionEvent Delta="null" EndDate="2014-04-12 20:34:09.43 CEST" Interest="1.0" Kind="edit" Navigation="null" OriginId="org.eclipse.jdt.ui.CompilationUnitEditor" StartDate="2014-04-12 20:34:09.43 CEST" StructureHandle="=org.eclipse.mylyn.resources.ui/src&amp;lt;org.eclipse.mylyn.internal.resources.ui.preferences{FocusedResourcesPreferencePage.java" StructureKind="java"/><InteractionEvent Delta="null" EndDate="2014-04-12 20:34:04.594 CEST" Interest="1.0000001" Kind="propagation" Navigation="org.eclipse.mylyn.core.model.edges.containment" OriginId="org.eclipse.mylyn.core.model.interest.propagation" StartDate="2014-04-12 20:34:04.594 CEST" StructureHandle="/org.eclipse.mylyn.resources.ui/src/org/eclipse/mylyn/internal/resources/ui/preferences" StructureKind="resource"/><InteractionEvent Delta="null" EndDate="2014-04-12 20:34:04.550 CEST" Interest="1.0" Kind="propagation" Navigation="org.eclipse.mylyn.core.model.edges.containment" OriginId="org.eclipse.mylyn.core.model.interest.propagation" StartDate="2014-04-12 20:34:04.550 CEST" StructureHandle="=org.eclipse.mylyn.resources.ui" StructureKind="resource"/><InteractionEvent Delta="null" EndDate="2014-04-12 20:34:09.44 CEST" Interest="1.0" Kind="propagation" Navigation="org.eclipse.mylyn.core.model.edges.containment" OriginId="org.eclipse.mylyn.core.model.interest.propagation" StartDate="2014-04-12 20:34:09.44 CEST" StructureHandle="/org.eclipse.mylyn.resources.ui/src/org" StructureKind="resource"/><InteractionEvent Delta="null" EndDate="2014-04-12 20:34:09.51 CEST" Interest="1.0" Kind="edit" Navigation="null" OriginId="org.eclipse.jdt.ui.CompilationUnitEditor" StartDate="2014-04-12 20:34:09.51 CEST" StructureHandle="=org.eclipse.mylyn.resources.ui/src&amp;lt;org.eclipse.mylyn.internal.resources.ui.preferences{FocusedResourcesPreferencePage.java" StructureKind="java"/><InteractionEvent Delta="null" EndDate="2014-04-12 20:34:09.51 CEST" Interest="1.0000002" Kind="propagation" Navigation="org.eclipse.mylyn.core.model.edges.containment" OriginId="org.eclipse.mylyn.core.model.interest.propagation" StartDate="2014-04-12 20:34:09.51 CEST" StructureHandle="/org.eclipse.mylyn.resources.ui/src/org/eclipse" StructureKind="resource"/><InteractionEvent Delta="null" EndDate="2014-04-12 20:34:03.495 CEST" Interest="1.0" Kind="propagation" Navigation="org.eclipse.mylyn.core.model.edges.containment" OriginId="org.eclipse.mylyn.core.model.interest.propagation" StartDate="2014-04-12 20:34:03.495 CEST" StructureHandle="/org.eclipse.mylyn.resources.ui/src/org/eclipse/mylyn" StructureKind="resource"/><InteractionEvent Delta="null" EndDate="2014-04-12 20:34:09.51 CEST" Interest="1.0000002" Kind="propagation" Navigation="org.eclipse.mylyn.core.model.edges.containment" OriginId="org.eclipse.mylyn.core.model.interest.propagation" StartDate="2014-04-12 20:34:09.51 CEST" StructureHandle="/org.eclipse.mylyn.resources.ui/src/org/eclipse/mylyn/internal/resources/ui" StructureKind="resource"/><InteractionEvent Delta="null" EndDate="2014-04-12 20:34:09.52 CEST" Interest="1.0000002" Kind="propagation" Navigation="org.eclipse.mylyn.core.model.edges.containment" OriginId="org.eclipse.mylyn.core.model.interest.propagation" StartDate="2014-04-12 20:34:09.52 CEST" StructureHandle="/" StructureKind="resource"/><InteractionEvent Delta="null" EndDate="2014-04-12 20:34:04.550 CEST" Interest="1.0" Kind="propagation" Navigation="org.eclipse.mylyn.core.model.edges.containment" OriginId="org.eclipse.mylyn.core.model.interest.propagation" StartDate="2014-04-12 20:34:04.550 CEST" StructureHandle="/org.eclipse.mylyn.resources.ui/src" StructureKind="resource"/><InteractionEvent Delta="null" EndDate="2014-04-12 20:36:27.164 CEST" Interest="1.0000005" Kind="propagation" Navigation="org.eclipse.mylyn.core.model.edges.containment" OriginId="org.eclipse.mylyn.core.model.interest.propagation" StartDate="2014-04-12 20:36:27.164 CEST" StructureHandle="/org.eclipse.mylyn.resources.ui/src" StructureKind="resource"/><InteractionEvent Delta="null" EndDate="2014-04-12 20:36:25.38 CEST" Interest="1.0" Kind="propagation" Navigation="org.eclipse.mylyn.core.model.edges.containment" OriginId="org.eclipse.mylyn.core.model.interest.propagation" StartDate="2014-04-12 20:36:25.38 CEST" StructureHandle="/org.eclipse.mylyn.resources.ui/src/org" StructureKind="resource"/><InteractionEvent Delta="null" EndDate="2014-04-12 20:34:09.44 CEST" Interest="0.6999998" Kind="propagation" Navigation="org.eclipse.mylyn.core.model.edges.containment" OriginId="org.eclipse.mylyn.core.model.interest.propagation" StartDate="2014-04-12 20:34:09.44 CEST" StructureHandle="=org.eclipse.mylyn.resources.ui/src&amp;lt;org.eclipse.mylyn.internal.resources.ui.preferences" StructureKind="java"/><InteractionEvent Delta="null" EndDate="2014-04-12 20:34:09.714 CEST" Interest="1.0" Kind="propagation" Navigation="org.eclipse.mylyn.core.model.edges.containment" OriginId="org.eclipse.mylyn.core.model.interest.propagation" StartDate="2014-04-12 20:34:09.714 CEST" StructureHandle="/org.eclipse.mylyn.resources.ui/src/org/eclipse/mylyn" StructureKind="resource"/><InteractionEvent Delta="null" EndDate="2014-04-12 20:34:04.595 CEST" Interest="1.0000001" Kind="propagation" Navigation="org.eclipse.mylyn.core.model.edges.containment" OriginId="org.eclipse.mylyn.core.model.interest.propagation" StartDate="2014-04-12 20:34:04.595 CEST" StructureHandle="/" StructureKind="resource"/><InteractionEvent Delta="null" EndDate="2014-04-12 20:34:03.495 CEST" Interest="1.0" Kind="propagation" Navigation="null" OriginId="org.eclipse.jdt.ui.PackageExplorer" StartDate="2014-04-12 20:34:03.495 CEST" StructureHandle="/org.eclipse.mylyn.resources.ui/src/org/eclipse/mylyn/internal/resources/ui/preferences/FocusedResourcesPreferencePage.java" StructureKind="resource"/><InteractionEvent Delta="null" EndDate="2014-04-12 20:34:09.44 CEST" Interest="1.0" Kind="propagation" Navigation="org.eclipse.mylyn.core.model.edges.containment" OriginId="org.eclipse.mylyn.core.model.interest.propagation" StartDate="2014-04-12 20:34:09.44 CEST" StructureHandle="/org.eclipse.mylyn.resources.ui/src/org/eclipse/mylyn" StructureKind="resource"/><InteractionEvent Delta="null" EndDate="2014-04-12 20:36:27.164 CEST" Interest="1.0000005" Kind="propagation" Navigation="org.eclipse.mylyn.core.model.edges.containment" OriginId="org.eclipse.mylyn.core.model.interest.propagation" StartDate="2014-04-12 20:36:27.164 CEST" StructureHandle="/org.eclipse.mylyn.resources.ui/src/org/eclipse" StructureKind="resource"/><InteractionEvent Delta="null" EndDate="2014-04-12 20:34:03.496 CEST" Interest="1.0" Kind="propagation" Navigation="org.eclipse.mylyn.core.model.edges.containment" OriginId="org.eclipse.mylyn.core.model.interest.propagation" StartDate="2014-04-12 20:34:03.496 CEST" StructureHandle="=org.eclipse.mylyn.resources.ui/src&amp;lt;org.eclipse.mylyn.internal.resources.ui.preferences" StructureKind="java"/><InteractionEvent Delta="null" EndDate="2014-04-12 20:36:27.156 CEST" Interest="1.0" Kind="propagation" Navigation="org.eclipse.mylyn.core.model.edges.containment" OriginId="org.eclipse.mylyn.core.model.interest.propagation" StartDate="2014-04-12 20:36:27.156 CEST" StructureHandle="/org.eclipse.mylyn.resources.ui/src/org/eclipse" StructureKind="resource"/><InteractionEvent Delta="null" EndDate="2014-04-12 20:34:09.43 CEST" Interest="1.0" Kind="propagation" Navigation="org.eclipse.mylyn.core.model.edges.containment" OriginId="org.eclipse.mylyn.core.model.interest.propagation" StartDate="2014-04-12 20:34:09.43 CEST" StructureHandle="/org.eclipse.mylyn.resources.ui/src/org/eclipse/mylyn/internal/resources" StructureKind="resource"/><InteractionEvent Delta="null" EndDate="2014-04-12 20:34:09.714 CEST" Interest="1.0" Kind="propagation" Navigation="org.eclipse.mylyn.core.model.edges.containment" OriginId="org.eclipse.mylyn.core.model.interest.propagation" StartDate="2014-04-12 20:34:09.714 CEST" StructureHandle="/org.eclipse.mylyn.resources.ui/src/org/eclipse/mylyn/internal/resources/ui" StructureKind="resource"/><InteractionEvent Delta="null" EndDate="2014-04-12 20:34:09.44 CEST" Interest="1.0" Kind="propagation" Navigation="org.eclipse.mylyn.core.model.edges.containment" OriginId="org.eclipse.mylyn.core.model.interest.propagation" StartDate="2014-04-12 20:34:09.44 CEST" StructureHandle="/org.eclipse.mylyn.resources.ui/src" StructureKind="resource"/><InteractionEvent Delta="null" EndDate="2014-04-12 20:34:04.549 CEST" Interest="1.0" Kind="propagation" Navigation="org.eclipse.mylyn.core.model.edges.containment" OriginId="org.eclipse.mylyn.core.model.interest.propagation" StartDate="2014-04-12 20:34:04.549 CEST" StructureHandle="/org.eclipse.mylyn.resources.ui/src/org/eclipse/mylyn/internal/resources/ui" StructureKind="resource"/><InteractionEvent Delta="null" EndDate="2014-04-12 20:34:04.594 CEST" Interest="1.0" Kind="propagation" Navigation="null" OriginId="org.eclipse.jdt.ui.CompilationUnitEditor" StartDate="2014-04-12 20:34:04.594 CEST" StructureHandle="/org.eclipse.mylyn.resources.ui/src/org/eclipse/mylyn/internal/resources/ui/preferences/FocusedResourcesPreferencePage.java" StructureKind="resource"/><InteractionEvent Delta="null" EndDate="2014-04-12 20:36:25.38 CEST" Interest="1.0" Kind="propagation" Navigation="org.eclipse.mylyn.core.model.edges.containment" OriginId="org.eclipse.mylyn.core.model.interest.propagation" StartDate="2014-04-12 20:36:25.38 CEST" StructureHandle="/org.eclipse.mylyn.resources.ui/src/org/eclipse/mylyn/internal" StructureKind="resource"/><InteractionEvent Delta="null" EndDate="2014-04-12 20:34:03.495 CEST" Interest="1.0" Kind="propagation" Navigation="org.eclipse.mylyn.core.model.edges.containment" OriginId="org.eclipse.mylyn.core.model.interest.propagation" StartDate="2014-04-12 20:34:03.495 CEST" StructureHandle="/org.eclipse.mylyn.resources.ui/src" StructureKind="resource"/><InteractionEvent Delta="null" EndDate="2014-04-12 20:36:27.156 CEST" Interest="0.9999995" Kind="propagation" Navigation="org.eclipse.mylyn.core.model.edges.containment" OriginId="org.eclipse.mylyn.core.model.interest.propagation" StartDate="2014-04-12 20:36:27.156 CEST" StructureHandle="=org.eclipse.mylyn.resources.ui/src&amp;lt;org.eclipse.mylyn.internal.resources.ui.preferences" StructureKind="java"/><InteractionEvent Delta="null" EndDate="2014-04-12 20:34:09.52 CEST" Interest="1.0000002" Kind="propagation" Navigation="org.eclipse.mylyn.core.model.edges.containment" OriginId="org.eclipse.mylyn.core.model.interest.propagation" StartDate="2014-04-12 20:34:09.52 CEST" StructureHandle="/org.eclipse.mylyn.resources.ui/src" StructureKind="resource"/><InteractionEvent Delta="null" EndDate="2014-04-12 20:34:04.549 CEST" Interest="1.0" Kind="propagation" Navigation="org.eclipse.mylyn.core.model.edges.containment" OriginId="org.eclipse.mylyn.core.model.interest.propagation" StartDate="2014-04-12 20:34:04.549 CEST" StructureHandle="/org.eclipse.mylyn.resources.ui/src/org/eclipse" StructureKind="resource"/><InteractionEvent Delta="null" EndDate="2014-04-12 20:34:09.45 CEST" Interest="0.6999998" Kind="propagation" Navigation="org.eclipse.mylyn.core.model.edges.containment" OriginId="org.eclipse.mylyn.core.model.interest.propagation" StartDate="2014-04-12 20:34:09.45 CEST" StructureHandle="=org.eclipse.mylyn.resources.ui/src" StructureKind="java"/><InteractionEvent Delta="null" EndDate="2014-04-12 20:34:04.550 CEST" Interest="1.0" Kind="propagation" Navigation="org.eclipse.mylyn.core.model.edges.containment" OriginId="org.eclipse.mylyn.core.model.interest.propagation" StartDate="2014-04-12 20:34:04.550 CEST" StructureHandle="=org.eclipse.mylyn.resources.ui/src" StructureKind="java"/><InteractionEvent Delta="null" EndDate="2014-04-12 20:34:09.713 CEST" Interest="1.0" Kind="propagation" Navigation="org.eclipse.mylyn.core.model.edges.containment" OriginId="org.eclipse.mylyn.core.model.interest.propagation" StartDate="2014-04-12 20:34:09.713 CEST" StructureHandle="=org.eclipse.mylyn.resources.ui/src&amp;lt;org.eclipse.mylyn.internal.resources.ui.preferences{FocusedResourcesPreferencePage.java[FocusedResourcesPreferencePage" StructureKind="java"/><InteractionEvent Delta="null" EndDate="2014-04-12 20:34:09.713 CEST" Interest="1.0" Kind="selection" Navigation="null" OriginId="org.eclipse.jdt.ui.CompilationUnitEditor" StartDate="2014-04-12 20:34:09.713 CEST" StructureHandle="=org.eclipse.mylyn.resources.ui/src&amp;lt;org.eclipse.mylyn.internal.resources.ui.preferences{FocusedResourcesPreferencePage.java[FocusedResourcesPreferencePage~removeIgnore" StructureKind="java"/><InteractionEvent Delta="null" EndDate="2014-04-12 20:34:04.594 CEST" Interest="1.0" Kind="edit" Navigation="null" OriginId="org.eclipse.jdt.ui.CompilationUnitEditor" StartDate="2014-04-12 20:34:04.594 CEST" StructureHandle="=org.eclipse.mylyn.resources.ui/src&amp;lt;org.eclipse.mylyn.internal.resources.ui.preferences{FocusedResourcesPreferencePage.java" StructureKind="java"/><InteractionEvent Delta="null" EndDate="2014-04-12 20:34:04.595 CEST" Interest="1.0000001" Kind="propagation" Navigation="org.eclipse.mylyn.core.model.edges.containment" OriginId="org.eclipse.mylyn.core.model.interest.propagation" StartDate="2014-04-12 20:34:04.595 CEST" StructureHandle="/org.eclipse.mylyn.resources.ui/src/org/eclipse/mylyn" StructureKind="resource"/><InteractionEvent Delta="null" EndDate="2014-04-12 20:36:27.156 CEST" Interest="1.0" Kind="propagation" Navigation="org.eclipse.mylyn.core.model.edges.containment" OriginId="org.eclipse.mylyn.core.model.interest.propagation" StartDate="2014-04-12 20:36:27.156 CEST" StructureHandle="/org.eclipse.mylyn.resources.ui/src" StructureKind="resource"/><InteractionEvent Delta="null" EndDate="2014-04-12 20:36:25.38 CEST" Interest="1.0" Kind="propagation" Navigation="org.eclipse.mylyn.core.model.edges.containment" OriginId="org.eclipse.mylyn.core.model.interest.propagation" StartDate="2014-04-12 20:36:25.38 CEST" StructureHandle="/org.eclipse.mylyn.resources.ui/src/org/eclipse/mylyn" StructureKind="resource"/></InteractionHistory>