<?xml version="1.0" encoding="UTF-8"?><InteractionHistory Id="https://bugs.eclipse.org/bugs-354989" Version="1"><InteractionEvent Delta="null" EndDate="2011-09-22 13:07:36.553 CEST" Interest="1.0" Kind="propagation" Navigation="org.eclipse.mylyn.core.model.edges.containment" OriginId="org.eclipse.mylyn.core.model.interest.propagation" StartDate="2011-09-22 13:07:36.553 CEST" StructureHandle="/org.eclipse.mylyn.context.ui/src/org/eclipse" StructureKind="resource"/><InteractionEvent Delta="null" EndDate="2011-09-22 13:07:35.631 CEST" Interest="1.0" Kind="selection" Navigation="null" OriginId="org.eclipse.jdt.ui.CompilationUnitEditor" StartDate="2011-09-22 13:07:35.631 CEST" StructureHandle="=org.eclipse.mylyn.context.core/src&amp;lt;org.eclipse.mylyn.internal.context.core{InteractionContextManager.java" StructureKind="java"/><InteractionEvent Delta="null" EndDate="2011-09-22 13:07:35.164 CEST" Interest="1.0" Kind="propagation" Navigation="org.eclipse.mylyn.core.model.edges.containment" OriginId="org.eclipse.mylyn.core.model.interest.propagation" StartDate="2011-09-22 13:07:35.164 CEST" StructureHandle="=org.eclipse.mylyn.context.ui/src" StructureKind="java"/><InteractionEvent Delta="null" EndDate="2011-09-22 13:08:34.494 CEST" Interest="1.0" Kind="propagation" Navigation="null" OriginId="org.eclipse.jdt.ui.PackageExplorer" StartDate="2011-09-22 13:08:34.494 CEST" StructureHandle="/org.eclipse.mylyn.context.ui/src/org/eclipse/mylyn/internal/context/ui/actions" StructureKind="resource"/><InteractionEvent Delta="null" EndDate="2011-09-22 13:07:35.632 CEST" Interest="1.0" Kind="propagation" Navigation="org.eclipse.mylyn.core.model.edges.containment" OriginId="org.eclipse.mylyn.core.model.interest.propagation" StartDate="2011-09-22 13:07:35.632 CEST" StructureHandle="=org.eclipse.mylyn.context.core/src" StructureKind="java"/><InteractionEvent Delta="null" EndDate="2011-09-22 13:07:35.631 CEST" Interest="1.0" Kind="propagation" Navigation="org.eclipse.mylyn.core.model.edges.containment" OriginId="org.eclipse.mylyn.core.model.interest.propagation" StartDate="2011-09-22 13:07:35.631 CEST" StructureHandle="/org.eclipse.mylyn.context.core/src/org/eclipse" StructureKind="resource"/><InteractionEvent Delta="null" EndDate="2011-09-22 13:08:34.494 CEST" Interest="1.0" Kind="propagation" Navigation="null" OriginId="org.eclipse.jdt.ui.PackageExplorer" StartDate="2011-09-22 13:08:34.494 CEST" StructureHandle="/org.eclipse.mylyn.context.ui/src/org/eclipse/mylyn/internal/context/ui/actions/InterestIncrementAction.java" StructureKind="resource"/><InteractionEvent Delta="null" EndDate="2011-09-22 13:07:35.164 CEST" Interest="1.0" Kind="propagation" Navigation="org.eclipse.mylyn.core.model.edges.containment" OriginId="org.eclipse.mylyn.core.model.interest.propagation" StartDate="2011-09-22 13:07:35.164 CEST" StructureHandle="/org.eclipse.mylyn.context.ui/src/org/eclipse/mylyn/internal/context/ui" StructureKind="resource"/><InteractionEvent Delta="null" EndDate="2011-09-22 13:07:35.164 CEST" Interest="1.0" Kind="propagation" Navigation="org.eclipse.mylyn.core.model.edges.containment" OriginId="org.eclipse.mylyn.core.model.interest.propagation" StartDate="2011-09-22 13:07:35.164 CEST" StructureHandle="=org.eclipse.mylyn.context.ui/src&amp;lt;org.eclipse.mylyn.internal.context.ui.actions" StructureKind="java"/><InteractionEvent Delta="null" EndDate="2011-09-22 13:08:34.495 CEST" Interest="1.0" Kind="propagation" Navigation="org.eclipse.mylyn.core.model.edges.containment" OriginId="org.eclipse.mylyn.core.model.interest.propagation" StartDate="2011-09-22 13:08:34.495 CEST" StructureHandle="/org.eclipse.mylyn.context.ui/src/org/eclipse/mylyn" StructureKind="resource"/><InteractionEvent Delta="null" EndDate="2011-09-22 13:08:34.494 CEST" Interest="1.0" Kind="propagation" Navigation="org.eclipse.mylyn.core.model.edges.containment" OriginId="org.eclipse.mylyn.core.model.interest.propagation" StartDate="2011-09-22 13:08:34.494 CEST" StructureHandle="/org.eclipse.mylyn.context.ui/src/org/eclipse/mylyn/internal/context" StructureKind="resource"/><InteractionEvent Delta="null" EndDate="2011-09-22 13:07:37.345 CEST" Interest="1.0" Kind="propagation" Navigation="null" OriginId="org.eclipse.jdt.ui.PackageExplorer" StartDate="2011-09-22 13:07:37.345 CEST" StructureHandle="/org.eclipse.mylyn.context.ui/src/org/eclipse/mylyn/internal/context/ui/actions/InterestIncrementAction.java" StructureKind="resource"/><InteractionEvent Delta="null" EndDate="2011-09-22 13:07:35.218 CEST" Interest="0.01699996" Kind="propagation" Navigation="org.eclipse.mylyn.core.model.edges.containment" OriginId="org.eclipse.mylyn.core.model.interest.propagation" StartDate="2011-09-22 13:07:35.218 CEST" StructureHandle="=org.eclipse.mylyn.context.ui/src" StructureKind="java"/><InteractionEvent Delta="null" EndDate="2011-09-22 13:07:37.346 CEST" Interest="0.99999976" Kind="propagation" Navigation="org.eclipse.mylyn.core.model.edges.containment" OriginId="org.eclipse.mylyn.core.model.interest.propagation" StartDate="2011-09-22 13:07:37.346 CEST" StructureHandle="=org.eclipse.mylyn.context.ui" StructureKind="resource"/><InteractionEvent Delta="null" EndDate="2011-09-22 13:07:35.703 CEST" Interest="1.0" Kind="propagation" Navigation="org.eclipse.mylyn.core.model.edges.containment" OriginId="org.eclipse.mylyn.core.model.interest.propagation" StartDate="2011-09-22 13:07:35.703 CEST" StructureHandle="/org.eclipse.mylyn.context.core/src/org/eclipse/mylyn/internal" StructureKind="resource"/><InteractionEvent Delta="null" EndDate="2011-09-22 13:07:35.631 CEST" Interest="1.0" Kind="propagation" Navigation="org.eclipse.mylyn.core.model.edges.containment" OriginId="org.eclipse.mylyn.core.model.interest.propagation" StartDate="2011-09-22 13:07:35.631 CEST" StructureHandle="/org.eclipse.mylyn.context.core/src" StructureKind="resource"/><InteractionEvent Delta="null" EndDate="2011-09-22 13:07:35.164 CEST" Interest="1.0" Kind="propagation" Navigation="org.eclipse.mylyn.core.model.edges.containment" OriginId="org.eclipse.mylyn.core.model.interest.propagation" StartDate="2011-09-22 13:07:35.164 CEST" StructureHandle="/org.eclipse.mylyn.context.ui/src/org/eclipse" StructureKind="resource"/><InteractionEvent Delta="null" EndDate="2011-09-22 13:07:36.553 CEST" Interest="1.0" Kind="propagation" Navigation="org.eclipse.mylyn.core.model.edges.containment" OriginId="org.eclipse.mylyn.core.model.interest.propagation" StartDate="2011-09-22 13:07:36.553 CEST" StructureHandle="/org.eclipse.mylyn.context.ui/src/org/eclipse/mylyn" StructureKind="resource"/><InteractionEvent Delta="null" EndDate="2011-09-22 13:07:37.345 CEST" Interest="1.0" Kind="propagation" Navigation="org.eclipse.mylyn.core.model.edges.containment" OriginId="org.eclipse.mylyn.core.model.interest.propagation" StartDate="2011-09-22 13:07:37.345 CEST" StructureHandle="=org.eclipse.mylyn.context.ui/src&amp;lt;org.eclipse.mylyn.internal.context.ui.actions" StructureKind="java"/><InteractionEvent Delta="null" EndDate="2011-09-22 13:07:36.502 CEST" Interest="0.9999999" Kind="propagation" Navigation="org.eclipse.mylyn.core.model.edges.containment" OriginId="org.eclipse.mylyn.core.model.interest.propagation" StartDate="2011-09-22 13:07:36.502 CEST" StructureHandle="/org.eclipse.mylyn.context.ui/src/org" StructureKind="resource"/><InteractionEvent Delta="null" EndDate="2011-09-22 13:07:37.345 CEST" Interest="0.99999976" Kind="propagation" Navigation="org.eclipse.mylyn.core.model.edges.containment" OriginId="org.eclipse.mylyn.core.model.interest.propagation" StartDate="2011-09-22 13:07:37.345 CEST" StructureHandle="/org.eclipse.mylyn.context.ui/src/org/eclipse" StructureKind="resource"/><InteractionEvent Delta="null" EndDate="2011-09-22 13:07:35.217 CEST" Interest="0.01700002" Kind="propagation" Navigation="org.eclipse.mylyn.core.model.edges.containment" OriginId="org.eclipse.mylyn.core.model.interest.propagation" StartDate="2011-09-22 13:07:35.217 CEST" StructureHandle="=org.eclipse.mylyn.context.ui/src&amp;lt;org.eclipse.mylyn.internal.context.ui.actions" StructureKind="java"/><InteractionEvent Delta="null" EndDate="2011-09-22 13:07:35.216 CEST" Interest="1.0" Kind="propagation" Navigation="org.eclipse.mylyn.core.model.edges.containment" OriginId="org.eclipse.mylyn.core.model.interest.propagation" StartDate="2011-09-22 13:07:35.216 CEST" StructureHandle="/org.eclipse.mylyn.context.ui/src/org/eclipse/mylyn/internal" StructureKind="resource"/><InteractionEvent Delta="null" EndDate="2011-09-22 13:07:36.553 CEST" Interest="1.0" Kind="propagation" Navigation="org.eclipse.mylyn.core.model.edges.containment" OriginId="org.eclipse.mylyn.core.model.interest.propagation" StartDate="2011-09-22 13:07:36.553 CEST" StructureHandle="/org.eclipse.mylyn.context.ui/src/org/eclipse/mylyn/internal/context" StructureKind="resource"/><InteractionEvent Delta="null" EndDate="2011-09-22 13:07:37.345 CEST" Interest="1.0" Kind="propagation" Navigation="null" OriginId="org.eclipse.jdt.ui.PackageExplorer" StartDate="2011-09-22 13:07:37.345 CEST" StructureHandle="/org.eclipse.mylyn.context.ui/src/org/eclipse/mylyn/internal/context/ui/actions" StructureKind="resource"/><InteractionEvent Delta="null" EndDate="2011-09-22 13:07:35.164 CEST" Interest="1.0" Kind="propagation" Navigation="org.eclipse.mylyn.core.model.edges.containment" OriginId="org.eclipse.mylyn.core.model.interest.propagation" StartDate="2011-09-22 13:07:35.164 CEST" StructureHandle="/org.eclipse.mylyn.context.ui/src/org/eclipse/mylyn" StructureKind="resource"/><InteractionEvent Delta="null" EndDate="2011-09-22 13:07:35.703 CEST" Interest="0.01699996" Kind="propagation" Navigation="org.eclipse.mylyn.core.model.edges.containment" OriginId="org.eclipse.mylyn.core.model.interest.propagation" StartDate="2011-09-22 13:07:35.703 CEST" StructureHandle="=org.eclipse.mylyn.context.core/src" StructureKind="java"/><InteractionEvent Delta="null" EndDate="2011-09-22 13:08:34.495 CEST" Interest="0.99999976" Kind="propagation" Navigation="org.eclipse.mylyn.core.model.edges.containment" OriginId="org.eclipse.mylyn.core.model.interest.propagation" StartDate="2011-09-22 13:08:34.495 CEST" StructureHandle="=org.eclipse.mylyn.context.ui/src" StructureKind="java"/><InteractionEvent Delta="null" EndDate="2011-09-22 13:08:34.494 CEST" Interest="1.0" Kind="propagation" Navigation="org.eclipse.mylyn.core.model.edges.containment" OriginId="org.eclipse.mylyn.core.model.interest.propagation" StartDate="2011-09-22 13:08:34.494 CEST" StructureHandle="/org.eclipse.mylyn.context.ui/src/org/eclipse/mylyn/internal/context/ui" StructureKind="resource"/><InteractionEvent Delta="null" EndDate="2011-09-22 13:07:35.631 CEST" Interest="1.0" Kind="propagation" Navigation="null" OriginId="org.eclipse.jdt.ui.CompilationUnitEditor" StartDate="2011-09-22 13:07:35.631 CEST" StructureHandle="/org.eclipse.mylyn.context.core/src/org/eclipse/mylyn/internal/context/core/InteractionContextManager.java" StructureKind="resource"/><InteractionEvent Delta="null" EndDate="2011-09-22 13:07:36.501 CEST" Interest="0.9999999" Kind="propagation" Navigation="org.eclipse.mylyn.core.model.edges.containment" OriginId="org.eclipse.mylyn.core.model.interest.propagation" StartDate="2011-09-22 13:07:36.501 CEST" StructureHandle="/org.eclipse.mylyn.context.ui/src/org/eclipse/mylyn/internal" StructureKind="resource"/><InteractionEvent Delta="null" EndDate="2011-09-22 13:07:35.164 CEST" Interest="1.0" Kind="propagation" Navigation="null" OriginId="org.eclipse.jdt.ui.CompilationUnitEditor" StartDate="2011-09-22 13:07:35.164 CEST" StructureHandle="/org.eclipse.mylyn.context.ui/src/org/eclipse/mylyn/internal/context/ui/actions/AbstractInterestManipulationAction.java" StructureKind="resource"/><InteractionEvent Delta="null" EndDate="2011-09-22 13:07:36.552 CEST" Interest="1.0" Kind="selection" Navigation="null" OriginId="org.eclipse.jdt.ui.CompilationUnitEditor" StartDate="2011-09-22 13:07:36.552 CEST" StructureHandle="=org.eclipse.mylyn.context.ui/src&amp;lt;org.eclipse.mylyn.internal.context.ui.actions{InterestIncrementAction.java[InterestIncrementAction" StructureKind="java"/><InteractionEvent Delta="null" EndDate="2011-09-22 13:07:35.164 CEST" Interest="1.0" Kind="propagation" Navigation="org.eclipse.mylyn.core.model.edges.containment" OriginId="org.eclipse.mylyn.core.model.interest.propagation" StartDate="2011-09-22 13:07:35.164 CEST" StructureHandle="/" StructureKind="resource"/><InteractionEvent Delta="null" EndDate="2011-09-22 13:07:37.346 CEST" Interest="0.99999976" Kind="propagation" Navigation="org.eclipse.mylyn.core.model.edges.containment" OriginId="org.eclipse.mylyn.core.model.interest.propagation" StartDate="2011-09-22 13:07:37.346 CEST" StructureHandle="/org.eclipse.mylyn.context.ui/src/org" StructureKind="resource"/><InteractionEvent Delta="null" EndDate="2011-09-22 13:07:35.703 CEST" Interest="1.0" Kind="propagation" Navigation="org.eclipse.mylyn.core.model.edges.containment" OriginId="org.eclipse.mylyn.core.model.interest.propagation" StartDate="2011-09-22 13:07:35.703 CEST" StructureHandle="/org.eclipse.mylyn.context.core/src/org" StructureKind="resource"/><InteractionEvent Delta="null" EndDate="2011-09-22 13:07:35.631 CEST" Interest="1.0" Kind="propagation" Navigation="org.eclipse.mylyn.core.model.edges.containment" OriginId="org.eclipse.mylyn.core.model.interest.propagation" StartDate="2011-09-22 13:07:35.631 CEST" StructureHandle="/org.eclipse.mylyn.context.core/src/org/eclipse/mylyn/internal/context" StructureKind="resource"/><InteractionEvent Delta="null" EndDate="2011-09-22 13:07:35.164 CEST" Interest="1.0" Kind="propagation" Navigation="org.eclipse.mylyn.core.model.edges.containment" OriginId="org.eclipse.mylyn.core.model.interest.propagation" StartDate="2011-09-22 13:07:35.164 CEST" StructureHandle="=org.eclipse.mylyn.context.ui" StructureKind="resource"/><InteractionEvent Delta="null" EndDate="2011-09-22 13:07:36.502 CEST" Interest="0.9999999" Kind="propagation" Navigation="org.eclipse.mylyn.core.model.edges.containment" OriginId="org.eclipse.mylyn.core.model.interest.propagation" StartDate="2011-09-22 13:07:36.502 CEST" StructureHandle="=org.eclipse.mylyn.context.ui" StructureKind="resource"/><InteractionEvent Delta="null" EndDate="2011-09-22 13:07:36.501 CEST" Interest="0.9999999" Kind="propagation" Navigation="org.eclipse.mylyn.core.model.edges.containment" OriginId="org.eclipse.mylyn.core.model.interest.propagation" StartDate="2011-09-22 13:07:36.501 CEST" StructureHandle="/org.eclipse.mylyn.context.ui/src/org/eclipse/mylyn/internal/context" StructureKind="resource"/><InteractionEvent Delta="null" EndDate="2011-09-22 13:07:36.501 CEST" Interest="0.05100006" Kind="propagation" Navigation="org.eclipse.mylyn.core.model.edges.containment" OriginId="org.eclipse.mylyn.core.model.interest.propagation" StartDate="2011-09-22 13:07:36.501 CEST" StructureHandle="=org.eclipse.mylyn.context.ui/src&amp;lt;org.eclipse.mylyn.internal.context.ui.actions" StructureKind="java"/><InteractionEvent Delta="null" EndDate="2011-09-22 13:08:34.494 CEST" Interest="0.99999976" Kind="propagation" Navigation="org.eclipse.mylyn.core.model.edges.containment" OriginId="org.eclipse.mylyn.core.model.interest.propagation" StartDate="2011-09-22 13:08:34.494 CEST" StructureHandle="=org.eclipse.mylyn.context.ui/src&amp;lt;org.eclipse.mylyn.internal.context.ui.actions" StructureKind="java"/><InteractionEvent Delta="null" EndDate="2011-09-22 13:07:35.703 CEST" Interest="1.0" Kind="propagation" Navigation="org.eclipse.mylyn.core.model.edges.containment" OriginId="org.eclipse.mylyn.core.model.interest.propagation" StartDate="2011-09-22 13:07:35.703 CEST" StructureHandle="/org.eclipse.mylyn.context.core/src/org/eclipse" StructureKind="resource"/><InteractionEvent Delta="null" EndDate="2011-09-22 13:07:35.631 CEST" Interest="1.0" Kind="propagation" Navigation="org.eclipse.mylyn.core.model.edges.containment" OriginId="org.eclipse.mylyn.core.model.interest.propagation" StartDate="2011-09-22 13:07:35.631 CEST" StructureHandle="/org.eclipse.mylyn.context.core/src/org/eclipse/mylyn" StructureKind="resource"/><InteractionEvent Delta="null" EndDate="2011-09-22 13:07:37.345 CEST" Interest="0.99999976" Kind="propagation" Navigation="org.eclipse.mylyn.core.model.edges.containment" OriginId="org.eclipse.mylyn.core.model.interest.propagation" StartDate="2011-09-22 13:07:37.345 CEST" StructureHandle="/org.eclipse.mylyn.context.ui/src/org/eclipse/mylyn/internal" StructureKind="resource"/><InteractionEvent Delta="null" EndDate="2011-09-22 13:07:35.216 CEST" Interest="1.0" Kind="propagation" Navigation="org.eclipse.mylyn.core.model.edges.containment" OriginId="org.eclipse.mylyn.core.model.interest.propagation" StartDate="2011-09-22 13:07:35.216 CEST" StructureHandle="/org.eclipse.mylyn.context.ui/src/org/eclipse/mylyn/internal/context/ui" StructureKind="resource"/><InteractionEvent Delta="null" EndDate="2011-09-22 13:08:34.495 CEST" Interest="1.0" Kind="propagation" Navigation="org.eclipse.mylyn.core.model.edges.containment" OriginId="org.eclipse.mylyn.core.model.interest.propagation" StartDate="2011-09-22 13:08:34.495 CEST" StructureHandle="/org.eclipse.mylyn.context.ui/src/org" StructureKind="resource"/><InteractionEvent Delta="null" EndDate="2011-09-22 13:07:36.553 CEST" Interest="1.0" Kind="propagation" Navigation="org.eclipse.mylyn.core.model.edges.containment" OriginId="org.eclipse.mylyn.core.model.interest.propagation" StartDate="2011-09-22 13:07:36.553 CEST" StructureHandle="/" StructureKind="resource"/><InteractionEvent Delta="null" EndDate="2011-09-22 13:07:36.501 CEST" Interest="1.0" Kind="propagation" Navigation="null" OriginId="org.eclipse.jdt.ui.CompilationUnitEditor" StartDate="2011-09-22 13:07:36.501 CEST" StructureHandle="/org.eclipse.mylyn.context.ui/src/org/eclipse/mylyn/internal/context/ui/actions/InterestIncrementAction.java" StructureKind="resource"/><InteractionEvent Delta="null" EndDate="2011-09-22 13:07:37.346 CEST" Interest="0.99999976" Kind="propagation" Navigation="org.eclipse.mylyn.core.model.edges.containment" OriginId="org.eclipse.mylyn.core.model.interest.propagation" StartDate="2011-09-22 13:07:37.346 CEST" StructureHandle="/" StructureKind="resource"/><InteractionEvent Delta="null" EndDate="2011-09-22 13:08:34.495 CEST" Interest="1.0" Kind="propagation" Navigation="org.eclipse.mylyn.core.model.edges.containment" OriginId="org.eclipse.mylyn.core.model.interest.propagation" StartDate="2011-09-22 13:08:34.495 CEST" StructureHandle="=org.eclipse.mylyn.context.ui" StructureKind="resource"/><InteractionEvent Delta="null" EndDate="2011-09-22 13:07:35.164 CEST" Interest="1.0" Kind="propagation" Navigation="org.eclipse.mylyn.core.model.edges.containment" OriginId="org.eclipse.mylyn.core.model.interest.propagation" StartDate="2011-09-22 13:07:35.164 CEST" StructureHandle="/org.eclipse.mylyn.context.ui/src/org" StructureKind="resource"/><InteractionEvent Delta="null" EndDate="2011-09-22 13:07:35.703 CEST" Interest="1.0" Kind="propagation" Navigation="org.eclipse.mylyn.core.model.edges.containment" OriginId="org.eclipse.mylyn.core.model.interest.propagation" StartDate="2011-09-22 13:07:35.703 CEST" StructureHandle="/org.eclipse.mylyn.context.core/src/org/eclipse/mylyn/internal/context/core" StructureKind="resource"/><InteractionEvent Delta="null" EndDate="2011-09-22 13:07:36.553 CEST" Interest="1.0" Kind="propagation" Navigation="org.eclipse.mylyn.core.model.edges.containment" OriginId="org.eclipse.mylyn.core.model.interest.propagation" StartDate="2011-09-22 13:07:36.553 CEST" StructureHandle="/org.eclipse.mylyn.context.ui/src/org/eclipse/mylyn/internal/context/ui" StructureKind="resource"/><InteractionEvent Delta="null" EndDate="2011-09-22 13:07:35.632 CEST" Interest="1.0" Kind="propagation" Navigation="org.eclipse.mylyn.core.model.edges.containment" OriginId="org.eclipse.mylyn.core.model.interest.propagation" StartDate="2011-09-22 13:07:35.632 CEST" StructureHandle="=org.eclipse.mylyn.context.core/src&amp;lt;org.eclipse.mylyn.internal.context.core" StructureKind="java"/><InteractionEvent Delta="null" EndDate="2011-09-22 13:07:35.703 CEST" Interest="1.0" Kind="propagation" Navigation="org.eclipse.mylyn.core.model.edges.containment" OriginId="org.eclipse.mylyn.core.model.interest.propagation" StartDate="2011-09-22 13:07:35.703 CEST" StructureHandle="/org.eclipse.mylyn.context.core/src/org/eclipse/mylyn" StructureKind="resource"/><InteractionEvent Delta="null" EndDate="2011-09-22 13:08:34.494 CEST" Interest="1.0" Kind="propagation" Navigation="org.eclipse.mylyn.core.model.edges.containment" OriginId="org.eclipse.mylyn.core.model.interest.propagation" StartDate="2011-09-22 13:08:34.494 CEST" StructureHandle="/org.eclipse.mylyn.context.ui/src/org/eclipse/mylyn/internal" StructureKind="resource"/><InteractionEvent Delta="null" EndDate="2011-09-22 13:07:35.217 CEST" Interest="1.0" Kind="propagation" Navigation="org.eclipse.mylyn.core.model.edges.containment" OriginId="org.eclipse.mylyn.core.model.interest.propagation" StartDate="2011-09-22 13:07:35.217 CEST" StructureHandle="=org.eclipse.mylyn.context.ui" StructureKind="resource"/><InteractionEvent Delta="null" EndDate="2011-09-22 13:07:36.501 CEST" Interest="0.9999999" Kind="propagation" Navigation="org.eclipse.mylyn.core.model.edges.containment" OriginId="org.eclipse.mylyn.core.model.interest.propagation" StartDate="2011-09-22 13:07:36.501 CEST" StructureHandle="/org.eclipse.mylyn.context.ui/src/org/eclipse/mylyn" StructureKind="resource"/><InteractionEvent Delta="null" EndDate="2011-09-22 13:07:35.216 CEST" Interest="1.0" Kind="propagation" Navigation="org.eclipse.mylyn.core.model.edges.containment" OriginId="org.eclipse.mylyn.core.model.interest.propagation" StartDate="2011-09-22 13:07:35.216 CEST" StructureHandle="/org.eclipse.mylyn.context.ui/src/org/eclipse" StructureKind="resource"/><InteractionEvent Delta="null" EndDate="2011-09-22 13:07:35.631 CEST" Interest="1.0" Kind="propagation" Navigation="org.eclipse.mylyn.core.model.edges.containment" OriginId="org.eclipse.mylyn.core.model.interest.propagation" StartDate="2011-09-22 13:07:35.631 CEST" StructureHandle="=org.eclipse.mylyn.context.core" StructureKind="resource"/><InteractionEvent Delta="null" EndDate="2011-09-22 13:07:35.164 CEST" Interest="1.0" Kind="propagation" Navigation="org.eclipse.mylyn.core.model.edges.containment" OriginId="org.eclipse.mylyn.core.model.interest.propagation" StartDate="2011-09-22 13:07:35.164 CEST" StructureHandle="/org.eclipse.mylyn.context.ui/src/org/eclipse/mylyn/internal" StructureKind="resource"/><InteractionEvent Delta="null" EndDate="2011-09-22 13:07:35.703 CEST" Interest="0.01700002" Kind="propagation" Navigation="org.eclipse.mylyn.core.model.edges.containment" OriginId="org.eclipse.mylyn.core.model.interest.propagation" StartDate="2011-09-22 13:07:35.703 CEST" StructureHandle="=org.eclipse.mylyn.context.core/src&amp;lt;org.eclipse.mylyn.internal.context.core" StructureKind="java"/><InteractionEvent Delta="null" EndDate="2011-09-22 13:07:35.703 CEST" Interest="1.0" Kind="propagation" Navigation="org.eclipse.mylyn.core.model.edges.containment" OriginId="org.eclipse.mylyn.core.model.interest.propagation" StartDate="2011-09-22 13:07:35.703 CEST" StructureHandle="/org.eclipse.mylyn.context.core/src" StructureKind="resource"/><InteractionEvent Delta="null" EndDate="2011-09-22 13:08:34.495 CEST" Interest="1.0" Kind="propagation" Navigation="org.eclipse.mylyn.core.model.edges.containment" OriginId="org.eclipse.mylyn.core.model.interest.propagation" StartDate="2011-09-22 13:08:34.495 CEST" StructureHandle="/org.eclipse.mylyn.context.ui/src" StructureKind="resource"/><InteractionEvent Delta="null" EndDate="2011-09-22 13:07:36.553 CEST" Interest="1.0" Kind="propagation" Navigation="org.eclipse.mylyn.core.model.edges.containment" OriginId="org.eclipse.mylyn.core.model.interest.propagation" StartDate="2011-09-22 13:07:36.553 CEST" StructureHandle="=org.eclipse.mylyn.context.ui" StructureKind="resource"/><InteractionEvent Delta="null" EndDate="2011-09-22 13:07:35.216 CEST" Interest="1.0" Kind="propagation" Navigation="org.eclipse.mylyn.core.model.edges.containment" OriginId="org.eclipse.mylyn.core.model.interest.propagation" StartDate="2011-09-22 13:07:35.216 CEST" StructureHandle="/org.eclipse.mylyn.context.ui/src/org/eclipse/mylyn/internal/context/ui/actions" StructureKind="resource"/><InteractionEvent Delta="null" EndDate="2011-09-22 13:07:35.216 CEST" Interest="1.0" Kind="propagation" Navigation="org.eclipse.mylyn.core.model.edges.containment" OriginId="org.eclipse.mylyn.core.model.interest.propagation" StartDate="2011-09-22 13:07:35.216 CEST" StructureHandle="/org.eclipse.mylyn.context.ui/src/org/eclipse/mylyn" StructureKind="resource"/><InteractionEvent Delta="null" EndDate="2011-09-22 13:07:37.345 CEST" Interest="0.99999976" Kind="propagation" Navigation="org.eclipse.mylyn.core.model.edges.containment" OriginId="org.eclipse.mylyn.core.model.interest.propagation" StartDate="2011-09-22 13:07:37.345 CEST" StructureHandle="/org.eclipse.mylyn.context.ui/src/org/eclipse/mylyn" StructureKind="resource"/><InteractionEvent Delta="null" EndDate="2011-09-22 13:07:35.164 CEST" Interest="1.0" Kind="propagation" Navigation="org.eclipse.mylyn.core.model.edges.containment" OriginId="org.eclipse.mylyn.core.model.interest.propagation" StartDate="2011-09-22 13:07:35.164 CEST" StructureHandle="/org.eclipse.mylyn.context.ui/src" StructureKind="resource"/><InteractionEvent Delta="null" EndDate="2011-09-22 13:07:36.553 CEST" Interest="1.0" Kind="propagation" Navigation="org.eclipse.mylyn.core.model.edges.containment" OriginId="org.eclipse.mylyn.core.model.interest.propagation" StartDate="2011-09-22 13:07:36.553 CEST" StructureHandle="/org.eclipse.mylyn.context.ui/src/org" StructureKind="resource"/><InteractionEvent Delta="null" EndDate="2011-09-22 13:07:35.216 CEST" Interest="1.0" Kind="propagation" Navigation="null" OriginId="org.eclipse.jdt.ui.CompilationUnitEditor" StartDate="2011-09-22 13:07:35.216 CEST" StructureHandle="/org.eclipse.mylyn.context.ui/src/org/eclipse/mylyn/internal/context/ui/actions/AbstractInterestManipulationAction.java" StructureKind="resource"/><InteractionEvent Delta="null" EndDate="2011-09-22 13:07:36.552 CEST" Interest="0.01700002" Kind="propagation" Navigation="org.eclipse.mylyn.core.model.edges.containment" OriginId="org.eclipse.mylyn.core.model.interest.propagation" StartDate="2011-09-22 13:07:36.552 CEST" StructureHandle="=org.eclipse.mylyn.context.ui/src&amp;lt;org.eclipse.mylyn.internal.context.ui.actions{InterestIncrementAction.java" StructureKind="java"/><InteractionEvent Delta="null" EndDate="2011-09-22 13:07:35.631 CEST" Interest="1.0" Kind="propagation" Navigation="org.eclipse.mylyn.core.model.edges.containment" OriginId="org.eclipse.mylyn.core.model.interest.propagation" StartDate="2011-09-22 13:07:35.631 CEST" StructureHandle="/org.eclipse.mylyn.context.core/src/org" StructureKind="resource"/><InteractionEvent Delta="null" EndDate="2011-09-22 13:07:37.346 CEST" Interest="1.0" Kind="propagation" Navigation="org.eclipse.mylyn.core.model.edges.containment" OriginId="org.eclipse.mylyn.core.model.interest.propagation" StartDate="2011-09-22 13:07:37.346 CEST" StructureHandle="=org.eclipse.mylyn.context.ui/src" StructureKind="java"/><InteractionEvent Delta="null" EndDate="2011-09-22 13:07:35.631 CEST" Interest="1.0" Kind="propagation" Navigation="org.eclipse.mylyn.core.model.edges.containment" OriginId="org.eclipse.mylyn.core.model.interest.propagation" StartDate="2011-09-22 13:07:35.631 CEST" StructureHandle="/org.eclipse.mylyn.context.core/src/org/eclipse/mylyn/internal/context/core" StructureKind="resource"/><InteractionEvent Delta="null" EndDate="2011-09-22 13:07:37.345 CEST" Interest="0.99999976" Kind="propagation" Navigation="org.eclipse.mylyn.core.model.edges.containment" OriginId="org.eclipse.mylyn.core.model.interest.propagation" StartDate="2011-09-22 13:07:37.345 CEST" StructureHandle="/org.eclipse.mylyn.context.ui/src/org/eclipse/mylyn/internal/context" StructureKind="resource"/><InteractionEvent Delta="null" EndDate="2011-09-22 13:07:35.217 CEST" Interest="1.0" Kind="propagation" Navigation="org.eclipse.mylyn.core.model.edges.containment" OriginId="org.eclipse.mylyn.core.model.interest.propagation" StartDate="2011-09-22 13:07:35.217 CEST" StructureHandle="/" StructureKind="resource"/><InteractionEvent Delta="null" EndDate="2011-09-22 13:07:36.553 CEST" Interest="1.0" Kind="propagation" Navigation="org.eclipse.mylyn.core.model.edges.containment" OriginId="org.eclipse.mylyn.core.model.interest.propagation" StartDate="2011-09-22 13:07:36.553 CEST" StructureHandle="/org.eclipse.mylyn.context.ui/src" StructureKind="resource"/><InteractionEvent Delta="null" EndDate="2011-09-22 13:07:36.502 CEST" Interest="0.051000178" Kind="propagation" Navigation="org.eclipse.mylyn.core.model.edges.containment" OriginId="org.eclipse.mylyn.core.model.interest.propagation" StartDate="2011-09-22 13:07:36.502 CEST" StructureHandle="=org.eclipse.mylyn.context.ui/src" StructureKind="java"/><InteractionEvent Delta="null" EndDate="2011-09-22 13:07:35.702 CEST" Interest="1.0" Kind="selection" Navigation="null" OriginId="org.eclipse.jdt.ui.CompilationUnitEditor" StartDate="2011-09-22 13:07:35.702 CEST" StructureHandle="=org.eclipse.mylyn.context.core/src&amp;lt;org.eclipse.mylyn.internal.context.core{InteractionContextManager.java[InteractionContextManager" StructureKind="java"/><InteractionEvent Delta="null" EndDate="2011-09-22 13:07:36.502 CEST" Interest="0.96599996" Kind="propagation" Navigation="org.eclipse.mylyn.core.model.edges.containment" OriginId="org.eclipse.mylyn.core.model.interest.propagation" StartDate="2011-09-22 13:07:36.502 CEST" StructureHandle="/" StructureKind="resource"/><InteractionEvent Delta="null" EndDate="2011-09-22 13:07:36.553 CEST" Interest="1.0" Kind="propagation" Navigation="null" OriginId="org.eclipse.jdt.ui.CompilationUnitEditor" StartDate="2011-09-22 13:07:36.553 CEST" StructureHandle="/org.eclipse.mylyn.context.ui/src/org/eclipse/mylyn/internal/context/ui/actions" StructureKind="resource"/><InteractionEvent Delta="null" EndDate="2011-09-22 13:07:35.703 CEST" Interest="0.01700002" Kind="propagation" Navigation="org.eclipse.mylyn.core.model.edges.containment" OriginId="org.eclipse.mylyn.core.model.interest.propagation" StartDate="2011-09-22 13:07:35.703 CEST" StructureHandle="=org.eclipse.mylyn.context.core/src&amp;lt;org.eclipse.mylyn.internal.context.core{InteractionContextManager.java" StructureKind="java"/><InteractionEvent Delta="null" EndDate="2011-09-22 13:07:35.216 CEST" Interest="1.0" Kind="propagation" Navigation="org.eclipse.mylyn.core.model.edges.containment" OriginId="org.eclipse.mylyn.core.model.interest.propagation" StartDate="2011-09-22 13:07:35.216 CEST" StructureHandle="/org.eclipse.mylyn.context.ui/src/org/eclipse/mylyn/internal/context" StructureKind="resource"/><InteractionEvent Delta="null" EndDate="2011-09-22 13:07:35.703 CEST" Interest="0.03400004" Kind="propagation" Navigation="org.eclipse.mylyn.core.model.edges.containment" OriginId="org.eclipse.mylyn.core.model.interest.propagation" StartDate="2011-09-22 13:07:35.703 CEST" StructureHandle="/" StructureKind="resource"/><InteractionEvent Delta="null" EndDate="2011-09-22 13:07:36.554 CEST" Interest="0.01699996" Kind="propagation" Navigation="org.eclipse.mylyn.core.model.edges.containment" OriginId="org.eclipse.mylyn.core.model.interest.propagation" StartDate="2011-09-22 13:07:36.554 CEST" StructureHandle="=org.eclipse.mylyn.context.ui/src" StructureKind="java"/><InteractionEvent Delta="null" EndDate="2011-09-22 13:07:35.163 CEST" Interest="1.0" Kind="selection" Navigation="null" OriginId="org.eclipse.jdt.ui.CompilationUnitEditor" StartDate="2011-09-22 13:07:35.163 CEST" StructureHandle="=org.eclipse.mylyn.context.ui/src&amp;lt;org.eclipse.mylyn.internal.context.ui.actions{AbstractInterestManipulationAction.java" StructureKind="java"/><InteractionEvent Delta="null" EndDate="2011-09-22 13:08:34.493 CEST" Interest="1.0" Kind="selection" Navigation="null" OriginId="org.eclipse.jdt.ui.PackageExplorer" StartDate="2011-09-22 13:08:34.493 CEST" StructureHandle="=org.eclipse.mylyn.context.ui/src&amp;lt;org.eclipse.mylyn.internal.context.ui.actions{InterestIncrementAction.java" StructureKind="java"/><InteractionEvent Delta="null" EndDate="2011-09-22 13:07:36.553 CEST" Interest="0.01699996" Kind="propagation" Navigation="org.eclipse.mylyn.core.model.edges.containment" OriginId="org.eclipse.mylyn.core.model.interest.propagation" StartDate="2011-09-22 13:07:36.553 CEST" StructureHandle="=org.eclipse.mylyn.context.ui/src&amp;lt;org.eclipse.mylyn.internal.context.ui.actions" StructureKind="java"/><InteractionEvent Delta="null" EndDate="2011-09-22 13:07:36.501 CEST" Interest="1.0" Kind="propagation" Navigation="null" OriginId="org.eclipse.jdt.ui.CompilationUnitEditor" StartDate="2011-09-22 13:07:36.501 CEST" StructureHandle="/org.eclipse.mylyn.context.ui/src/org/eclipse/mylyn/internal/context/ui/actions" StructureKind="resource"/><InteractionEvent Delta="null" EndDate="2011-09-22 13:07:36.501 CEST" Interest="1.0" Kind="selection" Navigation="null" OriginId="org.eclipse.jdt.ui.CompilationUnitEditor" StartDate="2011-09-22 13:07:36.501 CEST" StructureHandle="=org.eclipse.mylyn.context.ui/src&amp;lt;org.eclipse.mylyn.internal.context.ui.actions{InterestIncrementAction.java" StructureKind="java"/><InteractionEvent Delta="null" EndDate="2011-09-22 13:07:36.502 CEST" Interest="0.9999999" Kind="propagation" Navigation="org.eclipse.mylyn.core.model.edges.containment" OriginId="org.eclipse.mylyn.core.model.interest.propagation" StartDate="2011-09-22 13:07:36.502 CEST" StructureHandle="/org.eclipse.mylyn.context.ui/src/org/eclipse" StructureKind="resource"/><InteractionEvent Delta="null" EndDate="2011-09-22 13:08:34.495 CEST" Interest="1.0" Kind="propagation" Navigation="org.eclipse.mylyn.core.model.edges.containment" OriginId="org.eclipse.mylyn.core.model.interest.propagation" StartDate="2011-09-22 13:08:34.495 CEST" StructureHandle="/org.eclipse.mylyn.context.ui/src/org/eclipse" StructureKind="resource"/><InteractionEvent Delta="null" EndDate="2011-09-22 13:07:36.501 CEST" Interest="0.9999999" Kind="propagation" Navigation="org.eclipse.mylyn.core.model.edges.containment" OriginId="org.eclipse.mylyn.core.model.interest.propagation" StartDate="2011-09-22 13:07:36.501 CEST" StructureHandle="/org.eclipse.mylyn.context.ui/src/org/eclipse/mylyn/internal/context/ui" StructureKind="resource"/><InteractionEvent Delta="null" EndDate="2011-09-22 13:07:37.346 CEST" Interest="0.99999976" Kind="propagation" Navigation="org.eclipse.mylyn.core.model.edges.containment" OriginId="org.eclipse.mylyn.core.model.interest.propagation" StartDate="2011-09-22 13:07:37.346 CEST" StructureHandle="/org.eclipse.mylyn.context.ui/src" StructureKind="resource"/><InteractionEvent Delta="null" EndDate="2011-09-22 13:07:35.217 CEST" Interest="1.0" Kind="propagation" Navigation="org.eclipse.mylyn.core.model.edges.containment" OriginId="org.eclipse.mylyn.core.model.interest.propagation" StartDate="2011-09-22 13:07:35.217 CEST" StructureHandle="/org.eclipse.mylyn.context.ui/src/org" StructureKind="resource"/><InteractionEvent Delta="null" EndDate="2011-09-22 13:07:35.164 CEST" Interest="1.0" Kind="propagation" Navigation="org.eclipse.mylyn.core.model.edges.containment" OriginId="org.eclipse.mylyn.core.model.interest.propagation" StartDate="2011-09-22 13:07:35.164 CEST" StructureHandle="/org.eclipse.mylyn.context.ui/src/org/eclipse/mylyn/internal/context" StructureKind="resource"/><InteractionEvent Delta="null" EndDate="2011-09-22 13:07:35.703 CEST" Interest="1.0" Kind="propagation" Navigation="org.eclipse.mylyn.core.model.edges.containment" OriginId="org.eclipse.mylyn.core.model.interest.propagation" StartDate="2011-09-22 13:07:35.703 CEST" StructureHandle="=org.eclipse.mylyn.context.core" StructureKind="resource"/><InteractionEvent Delta="null" EndDate="2011-09-22 13:07:36.552 CEST" Interest="1.0" Kind="propagation" Navigation="null" OriginId="org.eclipse.jdt.ui.CompilationUnitEditor" StartDate="2011-09-22 13:07:36.552 CEST" StructureHandle="/org.eclipse.mylyn.context.ui/src/org/eclipse/mylyn/internal/context/ui/actions/InterestIncrementAction.java" StructureKind="resource"/><InteractionEvent Delta="null" EndDate="2011-09-22 13:07:35.217 CEST" Interest="1.0" Kind="propagation" Navigation="org.eclipse.mylyn.core.model.edges.containment" OriginId="org.eclipse.mylyn.core.model.interest.propagation" StartDate="2011-09-22 13:07:35.217 CEST" StructureHandle="/org.eclipse.mylyn.context.ui/src" StructureKind="resource"/><InteractionEvent Delta="null" EndDate="2011-09-22 13:07:35.631 CEST" Interest="1.0" Kind="propagation" Navigation="org.eclipse.mylyn.core.model.edges.containment" OriginId="org.eclipse.mylyn.core.model.interest.propagation" StartDate="2011-09-22 13:07:35.631 CEST" StructureHandle="/org.eclipse.mylyn.context.core/src/org/eclipse/mylyn/internal" StructureKind="resource"/><InteractionEvent Delta="null" EndDate="2011-09-22 13:07:35.217 CEST" Interest="0.01700002" Kind="propagation" Navigation="org.eclipse.mylyn.core.model.edges.containment" OriginId="org.eclipse.mylyn.core.model.interest.propagation" StartDate="2011-09-22 13:07:35.217 CEST" StructureHandle="=org.eclipse.mylyn.context.ui/src&amp;lt;org.eclipse.mylyn.internal.context.ui.actions{AbstractInterestManipulationAction.java" StructureKind="java"/><InteractionEvent Delta="null" EndDate="2011-09-22 13:07:36.553 CEST" Interest="1.0" Kind="propagation" Navigation="org.eclipse.mylyn.core.model.edges.containment" OriginId="org.eclipse.mylyn.core.model.interest.propagation" StartDate="2011-09-22 13:07:36.553 CEST" StructureHandle="/org.eclipse.mylyn.context.ui/src/org/eclipse/mylyn/internal" StructureKind="resource"/><InteractionEvent Delta="null" EndDate="2011-09-22 13:08:34.495 CEST" Interest="1.0" Kind="propagation" Navigation="org.eclipse.mylyn.core.model.edges.containment" OriginId="org.eclipse.mylyn.core.model.interest.propagation" StartDate="2011-09-22 13:08:34.495 CEST" StructureHandle="/" StructureKind="resource"/><InteractionEvent Delta="null" EndDate="2011-09-22 13:07:35.703 CEST" Interest="1.0" Kind="propagation" Navigation="org.eclipse.mylyn.core.model.edges.containment" OriginId="org.eclipse.mylyn.core.model.interest.propagation" StartDate="2011-09-22 13:07:35.703 CEST" StructureHandle="/org.eclipse.mylyn.context.core/src/org/eclipse/mylyn/internal/context" StructureKind="resource"/><InteractionEvent Delta="null" EndDate="2011-09-22 13:07:36.502 CEST" Interest="0.9999999" Kind="propagation" Navigation="org.eclipse.mylyn.core.model.edges.containment" OriginId="org.eclipse.mylyn.core.model.interest.propagation" StartDate="2011-09-22 13:07:36.502 CEST" StructureHandle="/org.eclipse.mylyn.context.ui/src" StructureKind="resource"/><InteractionEvent Delta="null" EndDate="2011-09-22 13:07:35.216 CEST" Interest="1.0" Kind="selection" Navigation="null" OriginId="org.eclipse.jdt.ui.CompilationUnitEditor" StartDate="2011-09-22 13:07:35.216 CEST" StructureHandle="=org.eclipse.mylyn.context.ui/src&amp;lt;org.eclipse.mylyn.internal.context.ui.actions{AbstractInterestManipulationAction.java[AbstractInterestManipulationAction" StructureKind="java"/><InteractionEvent Delta="null" EndDate="2011-09-22 13:07:37.345 CEST" Interest="0.99999976" Kind="propagation" Navigation="org.eclipse.mylyn.core.model.edges.containment" OriginId="org.eclipse.mylyn.core.model.interest.propagation" StartDate="2011-09-22 13:07:37.345 CEST" StructureHandle="/org.eclipse.mylyn.context.ui/src/org/eclipse/mylyn/internal/context/ui" StructureKind="resource"/><InteractionEvent Delta="null" EndDate="2011-09-22 13:07:35.164 CEST" Interest="1.0" Kind="propagation" Navigation="org.eclipse.mylyn.core.model.edges.containment" OriginId="org.eclipse.mylyn.core.model.interest.propagation" StartDate="2011-09-22 13:07:35.164 CEST" StructureHandle="/org.eclipse.mylyn.context.ui/src/org/eclipse/mylyn/internal/context/ui/actions" StructureKind="resource"/><InteractionEvent Delta="null" EndDate="2011-09-22 13:07:37.344 CEST" Interest="1.0" Kind="selection" Navigation="null" OriginId="org.eclipse.jdt.ui.PackageExplorer" StartDate="2011-09-22 13:07:37.344 CEST" StructureHandle="=org.eclipse.mylyn.context.ui/src&amp;lt;org.eclipse.mylyn.internal.context.ui.actions{InterestIncrementAction.java" StructureKind="java"/><InteractionEvent Delta="null" EndDate="2011-09-22 13:07:35.703 CEST" Interest="1.0" Kind="propagation" Navigation="null" OriginId="org.eclipse.jdt.ui.CompilationUnitEditor" StartDate="2011-09-22 13:07:35.703 CEST" StructureHandle="/org.eclipse.mylyn.context.core/src/org/eclipse/mylyn/internal/context/core/InteractionContextManager.java" StructureKind="resource"/></InteractionHistory>