<?xml version="1.0" encoding="UTF-8"?><InteractionHistory Id="https://bugs.eclipse.org/bugs-332697" Version="1"><InteractionEvent Delta="null" EndDate="2012-02-24 02:48:25.565 CET" Interest="1.0" Kind="propagation" Navigation="org.eclipse.mylyn.core.model.edges.containment" OriginId="org.eclipse.mylyn.core.model.interest.propagation" StartDate="2012-02-24 02:48:25.565 CET" StructureHandle="/org.eclipse.mylyn.context.tasks.ui/src/org/eclipse/mylyn/internal/context" StructureKind="resource"/><InteractionEvent Delta="null" EndDate="2012-02-24 02:48:24.32 CET" Interest="1.0" Kind="propagation" Navigation="org.eclipse.mylyn.core.model.edges.containment" OriginId="org.eclipse.mylyn.core.model.interest.propagation" StartDate="2012-02-24 02:48:24.32 CET" StructureHandle="/org.eclipse.mylyn.context.tasks.ui/src/org/eclipse/mylyn/internal/context/tasks" StructureKind="resource"/><InteractionEvent Delta="null" EndDate="2012-02-24 02:48:24.33 CET" Interest="1.0" Kind="propagation" Navigation="org.eclipse.mylyn.core.model.edges.containment" OriginId="org.eclipse.mylyn.core.model.interest.propagation" StartDate="2012-02-24 02:48:24.33 CET" StructureHandle="/" StructureKind="resource"/><InteractionEvent Delta="null" EndDate="2012-02-24 02:48:24.727 CET" Interest="1.0000001" Kind="propagation" Navigation="org.eclipse.mylyn.core.model.edges.containment" OriginId="org.eclipse.mylyn.core.model.interest.propagation" StartDate="2012-02-24 02:48:24.727 CET" StructureHandle="/org.eclipse.mylyn.context.tasks.ui/src/org/eclipse/mylyn/internal/context/tasks" StructureKind="resource"/><InteractionEvent Delta="null" EndDate="2012-02-24 02:48:24.727 CET" Interest="1.0000001" Kind="propagation" Navigation="org.eclipse.mylyn.core.model.edges.containment" OriginId="org.eclipse.mylyn.core.model.interest.propagation" StartDate="2012-02-24 02:48:24.727 CET" StructureHandle="/org.eclipse.mylyn.context.tasks.ui/src/org/eclipse/mylyn" StructureKind="resource"/><InteractionEvent Delta="null" EndDate="2012-02-24 02:48:25.565 CET" Interest="1.0" Kind="propagation" Navigation="org.eclipse.mylyn.core.model.edges.containment" OriginId="org.eclipse.mylyn.core.model.interest.propagation" StartDate="2012-02-24 02:48:25.565 CET" StructureHandle="/org.eclipse.mylyn.context.tasks.ui/src/org/eclipse/mylyn/internal/context/tasks/ui" StructureKind="resource"/><InteractionEvent Delta="null" EndDate="2012-02-24 02:48:25.565 CET" Interest="1.0" Kind="propagation" Navigation="org.eclipse.mylyn.core.model.edges.containment" OriginId="org.eclipse.mylyn.core.model.interest.propagation" StartDate="2012-02-24 02:48:25.565 CET" StructureHandle="/org.eclipse.mylyn.context.tasks.ui/src/org/eclipse/mylyn/internal/context/tasks" StructureKind="resource"/><InteractionEvent Delta="null" EndDate="2012-02-24 02:48:25.565 CET" Interest="1.0" Kind="propagation" Navigation="org.eclipse.mylyn.core.model.edges.containment" OriginId="org.eclipse.mylyn.core.model.interest.propagation" StartDate="2012-02-24 02:48:25.565 CET" StructureHandle="/org.eclipse.mylyn.context.tasks.ui/src/org/eclipse" StructureKind="resource"/><InteractionEvent Delta="null" EndDate="2012-02-24 02:48:24.105 CET" Interest="1.0" Kind="propagation" Navigation="org.eclipse.mylyn.core.model.edges.containment" OriginId="org.eclipse.mylyn.core.model.interest.propagation" StartDate="2012-02-24 02:48:24.105 CET" StructureHandle="/org.eclipse.mylyn.context.tasks.ui/src/org/eclipse/mylyn/internal/context/tasks" StructureKind="resource"/><InteractionEvent Delta="null" EndDate="2012-02-24 02:48:24.728 CET" Interest="1.0000001" Kind="propagation" Navigation="org.eclipse.mylyn.core.model.edges.containment" OriginId="org.eclipse.mylyn.core.model.interest.propagation" StartDate="2012-02-24 02:48:24.728 CET" StructureHandle="/org.eclipse.mylyn.context.tasks.ui/src" StructureKind="resource"/><InteractionEvent Delta="null" EndDate="2012-02-24 02:48:25.565 CET" Interest="1.0" Kind="propagation" Navigation="org.eclipse.mylyn.core.model.edges.containment" OriginId="org.eclipse.mylyn.core.model.interest.propagation" StartDate="2012-02-24 02:48:25.565 CET" StructureHandle="/org.eclipse.mylyn.context.tasks.ui/src/org/eclipse/mylyn/internal" StructureKind="resource"/><InteractionEvent Delta="null" EndDate="2012-02-24 02:48:24.727 CET" Interest="1.0000001" Kind="propagation" Navigation="org.eclipse.mylyn.core.model.edges.containment" OriginId="org.eclipse.mylyn.core.model.interest.propagation" StartDate="2012-02-24 02:48:24.727 CET" StructureHandle="/org.eclipse.mylyn.context.tasks.ui/src/org/eclipse/mylyn/internal/context" StructureKind="resource"/><InteractionEvent Delta="null" EndDate="2012-02-24 02:48:24.32 CET" Interest="1.0" Kind="propagation" Navigation="org.eclipse.mylyn.core.model.edges.containment" OriginId="org.eclipse.mylyn.core.model.interest.propagation" StartDate="2012-02-24 02:48:24.32 CET" StructureHandle="/org.eclipse.mylyn.context.tasks.ui/src/org/eclipse/mylyn/internal/context/tasks/ui" StructureKind="resource"/><InteractionEvent Delta="null" EndDate="2012-02-24 02:48:24.105 CET" Interest="1.0" Kind="propagation" Navigation="org.eclipse.mylyn.core.model.edges.containment" OriginId="org.eclipse.mylyn.core.model.interest.propagation" StartDate="2012-02-24 02:48:24.105 CET" StructureHandle="/" StructureKind="resource"/><InteractionEvent Delta="null" EndDate="2012-02-24 02:48:24.105 CET" Interest="1.0" Kind="propagation" Navigation="org.eclipse.mylyn.core.model.edges.containment" OriginId="org.eclipse.mylyn.core.model.interest.propagation" StartDate="2012-02-24 02:48:24.105 CET" StructureHandle="/org.eclipse.mylyn.context.tasks.ui/src" StructureKind="resource"/><InteractionEvent Delta="null" EndDate="2012-02-24 02:48:24.33 CET" Interest="1.0" Kind="propagation" Navigation="org.eclipse.mylyn.core.model.edges.containment" OriginId="org.eclipse.mylyn.core.model.interest.propagation" StartDate="2012-02-24 02:48:24.33 CET" StructureHandle="=org.eclipse.mylyn.context.tasks.ui/src&amp;lt;org.eclipse.mylyn.internal.context.tasks.ui" StructureKind="java"/><InteractionEvent Delta="null" EndDate="2012-02-24 02:48:24.728 CET" Interest="1.0000001" Kind="propagation" Navigation="org.eclipse.mylyn.core.model.edges.containment" OriginId="org.eclipse.mylyn.core.model.interest.propagation" StartDate="2012-02-24 02:48:24.728 CET" StructureHandle="=org.eclipse.mylyn.context.tasks.ui" StructureKind="resource"/><InteractionEvent Delta="null" EndDate="2012-02-24 02:48:24.727 CET" Interest="1.0000001" Kind="propagation" Navigation="org.eclipse.mylyn.core.model.edges.containment" OriginId="org.eclipse.mylyn.core.model.interest.propagation" StartDate="2012-02-24 02:48:24.727 CET" StructureHandle="/org.eclipse.mylyn.context.tasks.ui/src/org/eclipse/mylyn/internal/context/tasks/ui" StructureKind="resource"/><InteractionEvent Delta="null" EndDate="2012-02-24 02:48:24.728 CET" Interest="1.0000001" Kind="propagation" Navigation="org.eclipse.mylyn.core.model.edges.containment" OriginId="org.eclipse.mylyn.core.model.interest.propagation" StartDate="2012-02-24 02:48:24.728 CET" StructureHandle="/" StructureKind="resource"/><InteractionEvent Delta="null" EndDate="2012-02-24 02:48:24.105 CET" Interest="1.0" Kind="propagation" Navigation="org.eclipse.mylyn.core.model.edges.containment" OriginId="org.eclipse.mylyn.core.model.interest.propagation" StartDate="2012-02-24 02:48:24.105 CET" StructureHandle="/org.eclipse.mylyn.context.tasks.ui/src/org" StructureKind="resource"/><InteractionEvent Delta="null" EndDate="2012-02-24 02:48:24.33 CET" Interest="1.0" Kind="propagation" Navigation="org.eclipse.mylyn.core.model.edges.containment" OriginId="org.eclipse.mylyn.core.model.interest.propagation" StartDate="2012-02-24 02:48:24.33 CET" StructureHandle="/org.eclipse.mylyn.context.tasks.ui/src" StructureKind="resource"/><InteractionEvent Delta="null" EndDate="2012-02-24 02:48:24.106 CET" Interest="0.01700002" Kind="propagation" Navigation="org.eclipse.mylyn.core.model.edges.containment" OriginId="org.eclipse.mylyn.core.model.interest.propagation" StartDate="2012-02-24 02:48:24.106 CET" StructureHandle="=org.eclipse.mylyn.context.tasks.ui/src&amp;lt;org.eclipse.mylyn.internal.context.tasks.ui" StructureKind="java"/><InteractionEvent Delta="null" EndDate="2012-02-24 02:48:25.565 CET" Interest="1.0" Kind="propagation" Navigation="org.eclipse.mylyn.core.model.edges.containment" OriginId="org.eclipse.mylyn.core.model.interest.propagation" StartDate="2012-02-24 02:48:25.565 CET" StructureHandle="/org.eclipse.mylyn.context.tasks.ui/src/org" StructureKind="resource"/><InteractionEvent Delta="null" EndDate="2012-02-24 02:48:25.564 CET" Interest="1.0" Kind="edit" Navigation="null" OriginId="org.eclipse.jdt.ui.CompilationUnitEditor" StartDate="2012-02-24 02:48:25.564 CET" StructureHandle="=org.eclipse.mylyn.context.tasks.ui/src&amp;lt;org.eclipse.mylyn.internal.context.tasks.ui{ContextStateHandler.java[ContextStateHandler" StructureKind="java"/><InteractionEvent Delta="null" EndDate="2012-02-24 02:48:24.33 CET" Interest="1.0" Kind="propagation" Navigation="org.eclipse.mylyn.core.model.edges.containment" OriginId="org.eclipse.mylyn.core.model.interest.propagation" StartDate="2012-02-24 02:48:24.33 CET" StructureHandle="=org.eclipse.mylyn.context.tasks.ui/src" StructureKind="java"/><InteractionEvent Delta="null" EndDate="2012-02-24 02:48:24.33 CET" Interest="1.0" Kind="propagation" Navigation="org.eclipse.mylyn.core.model.edges.containment" OriginId="org.eclipse.mylyn.core.model.interest.propagation" StartDate="2012-02-24 02:48:24.33 CET" StructureHandle="/org.eclipse.mylyn.context.tasks.ui/src/org/eclipse" StructureKind="resource"/><InteractionEvent Delta="null" EndDate="2012-02-24 02:48:24.32 CET" Interest="1.0" Kind="propagation" Navigation="org.eclipse.mylyn.core.model.edges.containment" OriginId="org.eclipse.mylyn.core.model.interest.propagation" StartDate="2012-02-24 02:48:24.32 CET" StructureHandle="/org.eclipse.mylyn.context.tasks.ui/src/org/eclipse/mylyn/internal/context" StructureKind="resource"/><InteractionEvent Delta="null" EndDate="2012-02-24 02:48:24.727 CET" Interest="1.0" Kind="selection" Navigation="null" OriginId="org.eclipse.jdt.ui.CompilationUnitEditor" StartDate="2012-02-24 02:48:24.727 CET" StructureHandle="=org.eclipse.mylyn.context.tasks.ui/src&amp;lt;org.eclipse.mylyn.internal.context.tasks.ui{ContextStateHandler.java[ContextStateHandler" StructureKind="java"/><InteractionEvent Delta="null" EndDate="2012-02-24 02:48:24.105 CET" Interest="1.0" Kind="propagation" Navigation="org.eclipse.mylyn.core.model.edges.containment" OriginId="org.eclipse.mylyn.core.model.interest.propagation" StartDate="2012-02-24 02:48:24.105 CET" StructureHandle="/org.eclipse.mylyn.context.tasks.ui/src/org/eclipse/mylyn/internal/context/tasks/ui" StructureKind="resource"/><InteractionEvent Delta="null" EndDate="2012-02-24 02:48:25.565 CET" Interest="1.0" Kind="propagation" Navigation="null" OriginId="org.eclipse.jdt.ui.CompilationUnitEditor" StartDate="2012-02-24 02:48:25.565 CET" StructureHandle="/org.eclipse.mylyn.context.tasks.ui/src/org/eclipse/mylyn/internal/context/tasks/ui/ContextStateHandler.java" StructureKind="resource"/><InteractionEvent Delta="null" EndDate="2012-02-24 02:48:24.33 CET" Interest="1.0" Kind="propagation" Navigation="org.eclipse.mylyn.core.model.edges.containment" OriginId="org.eclipse.mylyn.core.model.interest.propagation" StartDate="2012-02-24 02:48:24.33 CET" StructureHandle="/org.eclipse.mylyn.context.tasks.ui/src/org/eclipse/mylyn/internal" StructureKind="resource"/><InteractionEvent Delta="null" EndDate="2012-02-24 02:48:25.565 CET" Interest="0.6999999" Kind="propagation" Navigation="org.eclipse.mylyn.core.model.edges.containment" OriginId="org.eclipse.mylyn.core.model.interest.propagation" StartDate="2012-02-24 02:48:25.565 CET" StructureHandle="=org.eclipse.mylyn.context.tasks.ui/src&amp;lt;org.eclipse.mylyn.internal.context.tasks.ui{ContextStateHandler.java" StructureKind="java"/><InteractionEvent Delta="null" EndDate="2012-02-24 02:48:24.104 CET" Interest="1.0" Kind="selection" Navigation="null" OriginId="org.eclipse.jdt.ui.CompilationUnitEditor" StartDate="2012-02-24 02:48:24.104 CET" StructureHandle="=org.eclipse.mylyn.context.tasks.ui/src&amp;lt;org.eclipse.mylyn.internal.context.tasks.ui{ContextStateHandler.java[ContextStateHandler~getStorable~QString;" StructureKind="java"/><InteractionEvent Delta="null" EndDate="2012-02-24 02:48:24.728 CET" Interest="0.99999994" Kind="propagation" Navigation="org.eclipse.mylyn.core.model.edges.containment" OriginId="org.eclipse.mylyn.core.model.interest.propagation" StartDate="2012-02-24 02:48:24.728 CET" StructureHandle="=org.eclipse.mylyn.context.tasks.ui/src" StructureKind="java"/><InteractionEvent Delta="null" EndDate="2012-02-24 02:48:24.728 CET" Interest="1.0000001" Kind="propagation" Navigation="org.eclipse.mylyn.core.model.edges.containment" OriginId="org.eclipse.mylyn.core.model.interest.propagation" StartDate="2012-02-24 02:48:24.728 CET" StructureHandle="/org.eclipse.mylyn.context.tasks.ui/src/org" StructureKind="resource"/><InteractionEvent Delta="null" EndDate="2012-02-24 02:48:24.105 CET" Interest="1.0" Kind="propagation" Navigation="org.eclipse.mylyn.core.model.edges.containment" OriginId="org.eclipse.mylyn.core.model.interest.propagation" StartDate="2012-02-24 02:48:24.105 CET" StructureHandle="/org.eclipse.mylyn.context.tasks.ui/src/org/eclipse/mylyn/internal" StructureKind="resource"/><InteractionEvent Delta="null" EndDate="2012-02-24 02:48:24.105 CET" Interest="1.0" Kind="propagation" Navigation="null" OriginId="org.eclipse.jdt.ui.CompilationUnitEditor" StartDate="2012-02-24 02:48:24.105 CET" StructureHandle="/org.eclipse.mylyn.context.tasks.ui/src/org/eclipse/mylyn/internal/context/tasks/ui/ContextStateHandler.java" StructureKind="resource"/><InteractionEvent Delta="null" EndDate="2012-02-24 02:48:24.32 CET" Interest="1.0" Kind="selection" Navigation="null" OriginId="org.eclipse.jdt.ui.CompilationUnitEditor" StartDate="2012-02-24 02:48:24.32 CET" StructureHandle="=org.eclipse.mylyn.context.tasks.ui/src&amp;lt;org.eclipse.mylyn.internal.context.tasks.ui{ContextStateHandler.java" StructureKind="java"/><InteractionEvent Delta="null" EndDate="2012-02-24 02:48:24.727 CET" Interest="1.0000001" Kind="propagation" Navigation="org.eclipse.mylyn.core.model.edges.containment" OriginId="org.eclipse.mylyn.core.model.interest.propagation" StartDate="2012-02-24 02:48:24.727 CET" StructureHandle="/org.eclipse.mylyn.context.tasks.ui/src/org/eclipse" StructureKind="resource"/><InteractionEvent Delta="null" EndDate="2012-02-24 02:48:24.105 CET" Interest="1.0" Kind="propagation" Navigation="org.eclipse.mylyn.core.model.edges.containment" OriginId="org.eclipse.mylyn.core.model.interest.propagation" StartDate="2012-02-24 02:48:24.105 CET" StructureHandle="/org.eclipse.mylyn.context.tasks.ui/src/org/eclipse/mylyn/internal/context" StructureKind="resource"/><InteractionEvent Delta="null" EndDate="2012-02-24 02:48:25.565 CET" Interest="1.0" Kind="propagation" Navigation="org.eclipse.mylyn.core.model.edges.containment" OriginId="org.eclipse.mylyn.core.model.interest.propagation" StartDate="2012-02-24 02:48:25.565 CET" StructureHandle="/org.eclipse.mylyn.context.tasks.ui/src" StructureKind="resource"/><InteractionEvent Delta="null" EndDate="2012-02-24 02:48:24.105 CET" Interest="1.0" Kind="propagation" Navigation="org.eclipse.mylyn.core.model.edges.containment" OriginId="org.eclipse.mylyn.core.model.interest.propagation" StartDate="2012-02-24 02:48:24.105 CET" StructureHandle="=org.eclipse.mylyn.context.tasks.ui/src&amp;lt;org.eclipse.mylyn.internal.context.tasks.ui{ContextStateHandler.java[ContextStateHandler" StructureKind="java"/><InteractionEvent Delta="null" EndDate="2012-02-24 02:48:24.33 CET" Interest="1.0" Kind="propagation" Navigation="org.eclipse.mylyn.core.model.edges.containment" OriginId="org.eclipse.mylyn.core.model.interest.propagation" StartDate="2012-02-24 02:48:24.33 CET" StructureHandle="/org.eclipse.mylyn.context.tasks.ui/src/org/eclipse/mylyn" StructureKind="resource"/><InteractionEvent Delta="null" EndDate="2012-02-24 02:48:24.106 CET" Interest="0.01699996" Kind="propagation" Navigation="org.eclipse.mylyn.core.model.edges.containment" OriginId="org.eclipse.mylyn.core.model.interest.propagation" StartDate="2012-02-24 02:48:24.106 CET" StructureHandle="=org.eclipse.mylyn.context.tasks.ui/src" StructureKind="java"/><InteractionEvent Delta="null" EndDate="2012-02-24 02:48:24.727 CET" Interest="1.0000001" Kind="propagation" Navigation="org.eclipse.mylyn.core.model.edges.containment" OriginId="org.eclipse.mylyn.core.model.interest.propagation" StartDate="2012-02-24 02:48:24.727 CET" StructureHandle="/org.eclipse.mylyn.context.tasks.ui/src/org/eclipse/mylyn/internal" StructureKind="resource"/><InteractionEvent Delta="null" EndDate="2012-02-24 02:48:24.728 CET" Interest="1.0" Kind="propagation" Navigation="org.eclipse.mylyn.core.model.edges.containment" OriginId="org.eclipse.mylyn.core.model.interest.propagation" StartDate="2012-02-24 02:48:24.728 CET" StructureHandle="=org.eclipse.mylyn.context.tasks.ui/src&amp;lt;org.eclipse.mylyn.internal.context.tasks.ui" StructureKind="java"/><InteractionEvent Delta="null" EndDate="2012-02-24 02:48:24.105 CET" Interest="1.0" Kind="propagation" Navigation="org.eclipse.mylyn.core.model.edges.containment" OriginId="org.eclipse.mylyn.core.model.interest.propagation" StartDate="2012-02-24 02:48:24.105 CET" StructureHandle="/org.eclipse.mylyn.context.tasks.ui/src/org/eclipse/mylyn" StructureKind="resource"/><InteractionEvent Delta="null" EndDate="2012-02-24 02:48:24.105 CET" Interest="1.0" Kind="propagation" Navigation="org.eclipse.mylyn.core.model.edges.containment" OriginId="org.eclipse.mylyn.core.model.interest.propagation" StartDate="2012-02-24 02:48:24.105 CET" StructureHandle="=org.eclipse.mylyn.context.tasks.ui" StructureKind="resource"/><InteractionEvent Delta="null" EndDate="2012-02-24 02:48:25.565 CET" Interest="1.0" Kind="propagation" Navigation="org.eclipse.mylyn.core.model.edges.containment" OriginId="org.eclipse.mylyn.core.model.interest.propagation" StartDate="2012-02-24 02:48:25.565 CET" StructureHandle="/" StructureKind="resource"/><InteractionEvent Delta="null" EndDate="2012-02-24 02:48:25.566 CET" Interest="0.6999999" Kind="propagation" Navigation="org.eclipse.mylyn.core.model.edges.containment" OriginId="org.eclipse.mylyn.core.model.interest.propagation" StartDate="2012-02-24 02:48:25.566 CET" StructureHandle="=org.eclipse.mylyn.context.tasks.ui/src&amp;lt;org.eclipse.mylyn.internal.context.tasks.ui" StructureKind="java"/><InteractionEvent Delta="null" EndDate="2012-02-24 02:48:24.727 CET" Interest="1.0" Kind="propagation" Navigation="null" OriginId="org.eclipse.jdt.ui.CompilationUnitEditor" StartDate="2012-02-24 02:48:24.727 CET" StructureHandle="/org.eclipse.mylyn.context.tasks.ui/src/org/eclipse/mylyn/internal/context/tasks/ui/ContextStateHandler.java" StructureKind="resource"/><InteractionEvent Delta="null" EndDate="2012-02-24 02:48:24.32 CET" Interest="1.0" Kind="propagation" Navigation="null" OriginId="org.eclipse.jdt.ui.CompilationUnitEditor" StartDate="2012-02-24 02:48:24.32 CET" StructureHandle="/org.eclipse.mylyn.context.tasks.ui/src/org/eclipse/mylyn/internal/context/tasks/ui/ContextStateHandler.java" StructureKind="resource"/><InteractionEvent Delta="null" EndDate="2012-02-24 02:48:25.566 CET" Interest="0.6999999" Kind="propagation" Navigation="org.eclipse.mylyn.core.model.edges.containment" OriginId="org.eclipse.mylyn.core.model.interest.propagation" StartDate="2012-02-24 02:48:25.566 CET" StructureHandle="=org.eclipse.mylyn.context.tasks.ui/src" StructureKind="java"/><InteractionEvent Delta="null" EndDate="2012-02-24 02:48:24.728 CET" Interest="1.0" Kind="propagation" Navigation="org.eclipse.mylyn.core.model.edges.containment" OriginId="org.eclipse.mylyn.core.model.interest.propagation" StartDate="2012-02-24 02:48:24.728 CET" StructureHandle="=org.eclipse.mylyn.context.tasks.ui/src&amp;lt;org.eclipse.mylyn.internal.context.tasks.ui{ContextStateHandler.java" StructureKind="java"/><InteractionEvent Delta="null" EndDate="2012-02-24 02:48:24.105 CET" Interest="0.01700002" Kind="propagation" Navigation="org.eclipse.mylyn.core.model.edges.containment" OriginId="org.eclipse.mylyn.core.model.interest.propagation" StartDate="2012-02-24 02:48:24.105 CET" StructureHandle="=org.eclipse.mylyn.context.tasks.ui/src&amp;lt;org.eclipse.mylyn.internal.context.tasks.ui{ContextStateHandler.java" StructureKind="java"/><InteractionEvent Delta="null" EndDate="2012-02-24 02:48:24.105 CET" Interest="1.0" Kind="propagation" Navigation="org.eclipse.mylyn.core.model.edges.containment" OriginId="org.eclipse.mylyn.core.model.interest.propagation" StartDate="2012-02-24 02:48:24.105 CET" StructureHandle="/org.eclipse.mylyn.context.tasks.ui/src/org/eclipse" StructureKind="resource"/><InteractionEvent Delta="null" EndDate="2012-02-24 02:48:25.565 CET" Interest="1.0" Kind="propagation" Navigation="org.eclipse.mylyn.core.model.edges.containment" OriginId="org.eclipse.mylyn.core.model.interest.propagation" StartDate="2012-02-24 02:48:25.565 CET" StructureHandle="/org.eclipse.mylyn.context.tasks.ui/src/org/eclipse/mylyn" StructureKind="resource"/><InteractionEvent Delta="null" EndDate="2012-02-24 02:48:25.565 CET" Interest="1.0" Kind="propagation" Navigation="org.eclipse.mylyn.core.model.edges.containment" OriginId="org.eclipse.mylyn.core.model.interest.propagation" StartDate="2012-02-24 02:48:25.565 CET" StructureHandle="=org.eclipse.mylyn.context.tasks.ui" StructureKind="resource"/><InteractionEvent Delta="null" EndDate="2012-02-24 02:48:24.33 CET" Interest="1.0" Kind="propagation" Navigation="org.eclipse.mylyn.core.model.edges.containment" OriginId="org.eclipse.mylyn.core.model.interest.propagation" StartDate="2012-02-24 02:48:24.33 CET" StructureHandle="/org.eclipse.mylyn.context.tasks.ui/src/org" StructureKind="resource"/><InteractionEvent Delta="null" EndDate="2012-02-24 02:48:24.33 CET" Interest="1.0" Kind="propagation" Navigation="org.eclipse.mylyn.core.model.edges.containment" OriginId="org.eclipse.mylyn.core.model.interest.propagation" StartDate="2012-02-24 02:48:24.33 CET" StructureHandle="=org.eclipse.mylyn.context.tasks.ui" StructureKind="resource"/></InteractionHistory>