<?xml version="1.0" encoding="UTF-8"?><InteractionHistory Id="https://bugs.eclipse.org/bugs-350221" Version="1"><InteractionEvent Delta="null" EndDate="2011-06-26 19:40:56.878 CEST" Interest="1.0" Kind="propagation" Navigation="org.eclipse.mylyn.core.model.edges.containment" OriginId="org.eclipse.mylyn.core.model.interest.propagation" StartDate="2011-06-26 19:40:56.878 CEST" StructureHandle="=org.eclipse.mylyn.context.core" StructureKind="c/c++"/><InteractionEvent Delta="null" EndDate="2011-06-26 19:40:56.879 CEST" Interest="1.0" Kind="propagation" Navigation="org.eclipse.mylyn.core.model.edges.containment" OriginId="org.eclipse.mylyn.core.model.interest.propagation" StartDate="2011-06-26 19:40:56.879 CEST" StructureHandle="" StructureKind="c/c++"/><InteractionEvent Delta="null" EndDate="2011-06-26 19:42:07.245 CEST" Interest="1.0" Kind="selection" Navigation="null" OriginId="org.eclipse.pde.ui.schemaEditor" StartDate="2011-06-26 19:42:07.245 CEST" StructureHandle="/org.eclipse.mylyn.context.core/schema/strategies.exsd" StructureKind="resource"/><InteractionEvent Delta="null" EndDate="2011-06-26 19:42:10.496 CEST" Interest="0.6999998" Kind="propagation" Navigation="org.eclipse.mylyn.core.model.edges.containment" OriginId="org.eclipse.mylyn.core.model.interest.propagation" StartDate="2011-06-26 19:42:10.496 CEST" StructureHandle="/org.eclipse.mylyn.context.core/schema" StructureKind="resource"/><InteractionEvent Delta="null" EndDate="2011-06-26 19:42:10.496 CEST" Interest="0.6999998" Kind="propagation" Navigation="org.eclipse.mylyn.core.model.edges.containment" OriginId="org.eclipse.mylyn.core.model.interest.propagation" StartDate="2011-06-26 19:42:10.496 CEST" StructureHandle="" StructureKind="c/c++"/><InteractionEvent Delta="null" EndDate="2011-06-26 19:42:10.496 CEST" Interest="1.0" Kind="propagation" Navigation="org.eclipse.mylyn.core.model.edges.containment" OriginId="org.eclipse.mylyn.core.model.interest.propagation" StartDate="2011-06-26 19:42:10.496 CEST" StructureHandle="/" StructureKind="resource"/><InteractionEvent Delta="null" EndDate="2011-06-26 19:42:07.247 CEST" Interest="1.0000002" Kind="propagation" Navigation="org.eclipse.mylyn.core.model.edges.containment" OriginId="org.eclipse.mylyn.core.model.interest.propagation" StartDate="2011-06-26 19:42:07.247 CEST" StructureHandle="=org.eclipse.mylyn.context.core" StructureKind="c/c++"/><InteractionEvent Delta="null" EndDate="2011-06-26 19:40:56.946 CEST" Interest="1.0" Kind="propagation" Navigation="org.eclipse.mylyn.core.model.edges.containment" OriginId="org.eclipse.mylyn.core.model.interest.propagation" StartDate="2011-06-26 19:40:56.946 CEST" StructureHandle="/org.eclipse.mylyn.context.core/schema" StructureKind="resource"/><InteractionEvent Delta="null" EndDate="2011-06-26 19:40:57.102 CEST" Interest="1.0" Kind="selection" Navigation="null" OriginId="org.eclipse.jdt.ui.PackageExplorer" StartDate="2011-06-26 19:40:57.102 CEST" StructureHandle="/org.eclipse.mylyn.context.core/schema/strategies.exsd" StructureKind="resource"/><InteractionEvent Delta="null" EndDate="2011-06-26 19:40:56.879 CEST" Interest="1.0" Kind="propagation" Navigation="org.eclipse.mylyn.core.model.edges.containment" OriginId="org.eclipse.mylyn.core.model.interest.propagation" StartDate="2011-06-26 19:40:56.879 CEST" StructureHandle="/" StructureKind="resource"/><InteractionEvent Delta="null" EndDate="2011-06-26 19:40:56.946 CEST" Interest="1.0" Kind="propagation" Navigation="org.eclipse.mylyn.core.model.edges.containment" OriginId="org.eclipse.mylyn.core.model.interest.propagation" StartDate="2011-06-26 19:40:56.946 CEST" StructureHandle="=org.eclipse.mylyn.context.core" StructureKind="c/c++"/><InteractionEvent Delta="null" EndDate="2011-06-26 19:40:57.110 CEST" Interest="1.0" Kind="propagation" Navigation="org.eclipse.mylyn.core.model.edges.containment" OriginId="org.eclipse.mylyn.core.model.interest.propagation" StartDate="2011-06-26 19:40:57.110 CEST" StructureHandle="/" StructureKind="resource"/><InteractionEvent Delta="null" EndDate="2011-06-26 19:40:56.946 CEST" Interest="1.0" Kind="propagation" Navigation="org.eclipse.mylyn.core.model.edges.containment" OriginId="org.eclipse.mylyn.core.model.interest.propagation" StartDate="2011-06-26 19:40:56.946 CEST" StructureHandle="" StructureKind="c/c++"/><InteractionEvent Delta="null" EndDate="2011-06-26 19:42:10.494 CEST" Interest="1.0" Kind="edit" Navigation="null" OriginId="org.eclipse.pde.ui.schemaEditor" StartDate="2011-06-26 19:42:10.494 CEST" StructureHandle="/org.eclipse.mylyn.context.core/schema/strategies.exsd" StructureKind="resource"/><InteractionEvent Delta="null" EndDate="2011-06-26 19:42:07.247 CEST" Interest="1.0" Kind="propagation" Navigation="null" OriginId="org.eclipse.pde.ui.schemaEditor" StartDate="2011-06-26 19:42:07.247 CEST" StructureHandle="/org.eclipse.mylyn.context.core" StructureKind="resource"/><InteractionEvent Delta="null" EndDate="2011-06-26 19:40:56.946 CEST" Interest="1.0" Kind="propagation" Navigation="org.eclipse.mylyn.core.model.edges.containment" OriginId="org.eclipse.mylyn.core.model.interest.propagation" StartDate="2011-06-26 19:40:56.946 CEST" StructureHandle="/" StructureKind="resource"/><InteractionEvent Delta="null" EndDate="2011-06-26 19:40:57.105 CEST" Interest="1.0000001" Kind="propagation" Navigation="org.eclipse.mylyn.core.model.edges.containment" OriginId="org.eclipse.mylyn.core.model.interest.propagation" StartDate="2011-06-26 19:40:57.105 CEST" StructureHandle="/" StructureKind="resource"/><InteractionEvent Delta="null" EndDate="2011-06-26 19:40:57.105 CEST" Interest="1.0" Kind="propagation" Navigation="null" OriginId="org.eclipse.jdt.ui.PackageExplorer" StartDate="2011-06-26 19:40:57.105 CEST" StructureHandle="/org.eclipse.mylyn.context.core" StructureKind="resource"/><InteractionEvent Delta="null" EndDate="2011-06-26 19:40:57.110 CEST" Interest="1.0" Kind="propagation" Navigation="org.eclipse.mylyn.core.model.edges.containment" OriginId="org.eclipse.mylyn.core.model.interest.propagation" StartDate="2011-06-26 19:40:57.110 CEST" StructureHandle="=org.eclipse.mylyn.context.core" StructureKind="c/c++"/><InteractionEvent Delta="null" EndDate="2011-06-26 19:40:57.105 CEST" Interest="1.0000001" Kind="propagation" Navigation="org.eclipse.mylyn.core.model.edges.containment" OriginId="org.eclipse.mylyn.core.model.interest.propagation" StartDate="2011-06-26 19:40:57.105 CEST" StructureHandle="/org.eclipse.mylyn.context.core/schema" StructureKind="resource"/><InteractionEvent Delta="null" EndDate="2011-06-26 19:42:07.247 CEST" Interest="1.0000002" Kind="propagation" Navigation="org.eclipse.mylyn.core.model.edges.containment" OriginId="org.eclipse.mylyn.core.model.interest.propagation" StartDate="2011-06-26 19:42:07.247 CEST" StructureHandle="/org.eclipse.mylyn.context.core/schema" StructureKind="resource"/><InteractionEvent Delta="null" EndDate="2011-06-26 19:40:57.110 CEST" Interest="1.0" Kind="propagation" Navigation="null" OriginId="org.eclipse.jdt.ui.PackageExplorer" StartDate="2011-06-26 19:40:57.110 CEST" StructureHandle="/org.eclipse.mylyn.context.core" StructureKind="resource"/><InteractionEvent Delta="null" EndDate="2011-06-26 19:40:56.878 CEST" Interest="1.0" Kind="propagation" Navigation="org.eclipse.mylyn.core.model.edges.containment" OriginId="org.eclipse.mylyn.core.model.interest.propagation" StartDate="2011-06-26 19:40:56.878 CEST" StructureHandle="/org.eclipse.mylyn.context.core/schema" StructureKind="resource"/><InteractionEvent Delta="null" EndDate="2011-06-26 19:40:57.105 CEST" Interest="1.0000001" Kind="propagation" Navigation="org.eclipse.mylyn.core.model.edges.containment" OriginId="org.eclipse.mylyn.core.model.interest.propagation" StartDate="2011-06-26 19:40:57.105 CEST" StructureHandle="=org.eclipse.mylyn.context.core" StructureKind="c/c++"/><InteractionEvent Delta="null" EndDate="2011-06-26 19:40:57.110 CEST" Interest="1.0" Kind="propagation" Navigation="org.eclipse.mylyn.core.model.edges.containment" OriginId="org.eclipse.mylyn.core.model.interest.propagation" StartDate="2011-06-26 19:40:57.110 CEST" StructureHandle="/org.eclipse.mylyn.context.core/schema" StructureKind="resource"/><InteractionEvent Delta="null" EndDate="2011-06-26 19:40:57.108 CEST" Interest="1.0" Kind="selection" Navigation="null" OriginId="org.eclipse.jdt.ui.PackageExplorer" StartDate="2011-06-26 19:40:57.108 CEST" StructureHandle="/org.eclipse.mylyn.context.core/schema/strategies.exsd" StructureKind="resource"/><InteractionEvent Delta="null" EndDate="2011-06-26 19:40:56.875 CEST" Interest="1.0" Kind="selection" Navigation="null" OriginId="org.eclipse.pde.ui.schemaEditor" StartDate="2011-06-26 19:40:56.875 CEST" StructureHandle="/org.eclipse.mylyn.context.core/schema/strategies.exsd" StructureKind="resource"/><InteractionEvent Delta="null" EndDate="2011-06-26 19:40:57.105 CEST" Interest="1.0000001" Kind="propagation" Navigation="org.eclipse.mylyn.core.model.edges.containment" OriginId="org.eclipse.mylyn.core.model.interest.propagation" StartDate="2011-06-26 19:40:57.105 CEST" StructureHandle="" StructureKind="c/c++"/><InteractionEvent Delta="null" EndDate="2011-06-26 19:40:56.879 CEST" Interest="1.0" Kind="propagation" Navigation="null" OriginId="org.eclipse.pde.ui.schemaEditor" StartDate="2011-06-26 19:40:56.879 CEST" StructureHandle="/org.eclipse.mylyn.context.core" StructureKind="resource"/><InteractionEvent Delta="null" EndDate="2011-06-26 19:42:10.496 CEST" Interest="1.0" Kind="propagation" Navigation="null" OriginId="org.eclipse.pde.ui.schemaEditor" StartDate="2011-06-26 19:42:10.496 CEST" StructureHandle="/org.eclipse.mylyn.context.core" StructureKind="resource"/><InteractionEvent Delta="null" EndDate="2011-06-26 19:42:07.247 CEST" Interest="1.0000002" Kind="propagation" Navigation="org.eclipse.mylyn.core.model.edges.containment" OriginId="org.eclipse.mylyn.core.model.interest.propagation" StartDate="2011-06-26 19:42:07.247 CEST" StructureHandle="/" StructureKind="resource"/><InteractionEvent Delta="null" EndDate="2011-06-26 19:40:56.944 CEST" Interest="1.0" Kind="selection" Navigation="null" OriginId="org.eclipse.jdt.ui.PackageExplorer" StartDate="2011-06-26 19:40:56.944 CEST" StructureHandle="/org.eclipse.mylyn.context.core/schema/strategies.exsd" StructureKind="resource"/><InteractionEvent Delta="null" EndDate="2011-06-26 19:42:10.496 CEST" Interest="0.6999998" Kind="propagation" Navigation="org.eclipse.mylyn.core.model.edges.containment" OriginId="org.eclipse.mylyn.core.model.interest.propagation" StartDate="2011-06-26 19:42:10.496 CEST" StructureHandle="=org.eclipse.mylyn.context.core" StructureKind="c/c++"/><InteractionEvent Delta="null" EndDate="2011-06-26 19:40:57.110 CEST" Interest="1.0" Kind="propagation" Navigation="org.eclipse.mylyn.core.model.edges.containment" OriginId="org.eclipse.mylyn.core.model.interest.propagation" StartDate="2011-06-26 19:40:57.110 CEST" StructureHandle="" StructureKind="c/c++"/><InteractionEvent Delta="null" EndDate="2011-06-26 19:40:56.946 CEST" Interest="1.0" Kind="propagation" Navigation="null" OriginId="org.eclipse.jdt.ui.PackageExplorer" StartDate="2011-06-26 19:40:56.946 CEST" StructureHandle="/org.eclipse.mylyn.context.core" StructureKind="resource"/><InteractionEvent Delta="null" EndDate="2011-06-26 19:42:07.247 CEST" Interest="1.0000002" Kind="propagation" Navigation="org.eclipse.mylyn.core.model.edges.containment" OriginId="org.eclipse.mylyn.core.model.interest.propagation" StartDate="2011-06-26 19:42:07.247 CEST" StructureHandle="" StructureKind="c/c++"/></InteractionHistory>