<?xml version="1.0" encoding="UTF-8"?><InteractionHistory Id="https://bugs.eclipse.org/bugs-315338" Version="1"><InteractionEvent Delta="null" EndDate="2011-03-10 10:18:59.20 PST" Interest="3.0" Kind="edit" Navigation="null" OriginId="org.eclipse.jdt.ui.CompilationUnitEditor" StartDate="2011-03-10 10:14:57.84 PST" StructureHandle="=org.eclipse.mylyn.context.ui/src&amp;lt;org.eclipse.mylyn.internal.context.ui.actions{InterestDecrementAction.java[InterestDecrementAction" StructureKind="java" NumEvents="3" CreationCount="9"/><InteractionEvent Delta="null" EndDate="2011-03-10 10:37:49.607 PST" Interest="76.353" Kind="propagation" Navigation="org.eclipse.mylyn.core.model.edges.containment" OriginId="org.eclipse.mylyn.core.model.interest.propagation" StartDate="2011-03-10 10:17:04.790 PST" StructureHandle="=org.eclipse.mylyn.context.ui/src&amp;lt;org.eclipse.mylyn.internal.context.ui.actions{RemoveFromContextCommandHandler.java[RemoveFromContextCommandHandler" StructureKind="java" NumEvents="107" CreationCount="59"/><InteractionEvent Delta="null" EndDate="2011-03-10 10:38:28.964 PST" Interest="21.0" Kind="propagation" Navigation="null" OriginId="org.eclipse.jdt.ui.CompilationUnitEditor" StartDate="2011-03-10 10:14:48.924 PST" StructureHandle="/org.eclipse.mylyn.context.ui/src/org/eclipse/mylyn/internal/context/ui/actions/AbstractInterestManipulationAction.java" StructureKind="resource" NumEvents="21" CreationCount="5"/><InteractionEvent Delta="null" EndDate="2011-03-10 10:37:49.607 PST" Interest="96.0" Kind="edit" Navigation="null" OriginId="org.eclipse.jdt.ui.CompilationUnitEditor" StartDate="2011-03-10 10:17:29.686 PST" StructureHandle="=org.eclipse.mylyn.context.ui/src&amp;lt;org.eclipse.mylyn.internal.context.ui.actions{RemoveFromContextCommandHandler.java[RemoveFromContextCommandHandler~execute~QExecutionEvent;" StructureKind="java" NumEvents="96" CreationCount="68"/><InteractionEvent Delta="null" EndDate="2011-03-10 10:21:25.382 PST" Interest="27.0" Kind="propagation" Navigation="null" OriginId="org.eclipse.pde.ui.manifestEditor" StartDate="2011-03-10 10:15:19.78 PST" StructureHandle="/org.eclipse.mylyn.context.ui/plugin.xml" StructureKind="resource" NumEvents="27" CreationCount="15"/><InteractionEvent Delta="null" EndDate="2011-03-10 10:19:31.229 PST" Interest="5.0" Kind="selection" Navigation="null" OriginId="org.eclipse.jdt.ui.CompilationUnitEditor" StartDate="2011-03-10 10:17:04.789 PST" StructureHandle="=org.eclipse.mylyn.context.ui/src&amp;lt;org.eclipse.mylyn.internal.context.ui.actions{RemoveFromContextCommandHandler.java[RemoveFromContextCommandHandler^action" StructureKind="java" NumEvents="5" CreationCount="61"/><InteractionEvent Delta="null" EndDate="2011-03-10 10:37:49.72 PST" Interest="13.0" Kind="selection" Navigation="null" OriginId="org.eclipse.jdt.ui.CompilationUnitEditor" StartDate="2011-03-10 10:17:21.237 PST" StructureHandle="=org.eclipse.mylyn.context.ui/src&amp;lt;org.eclipse.mylyn.internal.context.ui.actions{RemoveFromContextCommandHandler.java[RemoveFromContextCommandHandler~execute~QExecutionEvent;" StructureKind="java" NumEvents="13" CreationCount="68"/><InteractionEvent Delta="null" EndDate="2011-03-10 10:24:35.484 PST" Interest="5.1680007" Kind="propagation" Navigation="org.eclipse.mylyn.core.model.edges.containment" OriginId="org.eclipse.mylyn.core.model.interest.propagation" StartDate="2011-03-10 10:17:50.537 PST" StructureHandle="=org.eclipse.mylyn.context.ui/src&amp;lt;org.eclipse.mylyn.internal.context.ui.actions{MarkAsLandmarkCommandHandler.java[MarkAsLandmarkCommandHandler" StructureKind="java" NumEvents="9" CreationCount="83"/><InteractionEvent Delta="null" EndDate="2011-03-10 10:38:35.398 PST" Interest="15.0" Kind="edit" Navigation="null" OriginId="org.eclipse.jdt.ui.CompilationUnitEditor" StartDate="2011-03-10 10:36:33.837 PST" StructureHandle="=org.eclipse.mylyn.context.ui/src&amp;lt;org.eclipse.mylyn.internal.context.ui.editors{ContextEditorFormPage.java[ContextEditorFormPage~createFormContent~QIManagedForm;" StructureKind="java" NumEvents="15" CreationCount="278"/><InteractionEvent Delta="null" EndDate="2011-03-11 17:05:12.825 PST" Interest="15.0" Kind="propagation" Navigation="org.eclipse.mylyn.core.model.edges.containment" OriginId="org.eclipse.mylyn.core.model.interest.propagation" StartDate="2011-03-11 17:05:12.825 PST" StructureHandle="" StructureKind="c/c++"/><InteractionEvent Delta="null" EndDate="2011-03-11 17:05:15.566 PST" Interest="0.70000076" Kind="propagation" Navigation="org.eclipse.mylyn.core.model.edges.containment" OriginId="org.eclipse.mylyn.core.model.interest.propagation" StartDate="2011-03-11 17:05:15.566 PST" StructureHandle="=org.eclipse.mylyn.context.ui/src&amp;lt;org.eclipse.mylyn.internal.context.ui.editors{ContextEditorFormPage.java" StructureKind="java"/><InteractionEvent Delta="null" EndDate="2011-03-10 10:18:59.21 PST" Interest="1.1000004" Kind="propagation" Navigation="org.eclipse.mylyn.core.model.edges.containment" OriginId="org.eclipse.mylyn.core.model.interest.propagation" StartDate="2011-03-10 10:14:53.582 PST" StructureHandle="=org.eclipse.mylyn.context.ui/src&amp;lt;org.eclipse.mylyn.internal.context.ui.actions{InterestDecrementAction.java" StructureKind="java" NumEvents="2" CreationCount="9"/><InteractionEvent Delta="null" EndDate="2011-03-10 10:37:20.92 PST" Interest="2.0" Kind="edit" Navigation="null" OriginId="org.eclipse.jdt.ui.CompilationUnitEditor" StartDate="2011-03-10 10:37:19.159 PST" StructureHandle="=org.eclipse.mylyn.context.ui/src&amp;lt;org.eclipse.mylyn.internal.context.ui.editors{ContextEditorFormPage.java[ContextEditorFormPage~updateContentArea" StructureKind="java" NumEvents="2" CreationCount="294"/><InteractionEvent Delta="null" EndDate="2011-03-10 10:38:28.964 PST" Interest="212.0" Kind="propagation" Navigation="null" OriginId="org.eclipse.jdt.ui.CompilationUnitEditor" StartDate="2011-03-10 10:14:48.924 PST" StructureHandle="/org.eclipse.mylyn.context.ui/src/org/eclipse/mylyn/internal/context/ui/actions" StructureKind="resource" NumEvents="212" CreationCount="5"/><InteractionEvent Delta="null" EndDate="2011-03-10 10:34:17.103 PST" Interest="4.0" Kind="selection" Navigation="null" OriginId="org.eclipse.jdt.ui.CompilationUnitEditor" StartDate="2011-03-10 10:16:45.259 PST" StructureHandle="=org.eclipse.mylyn.context.ui/src&amp;lt;org.eclipse.mylyn.internal.context.ui.actions{RemoveFromContextCommandHandler.java[RemoveFromContextCommandHandler" StructureKind="java" NumEvents="4" CreationCount="59"/><InteractionEvent Delta="null" EndDate="2011-03-10 10:40:23.469 PST" Interest="254.0" Kind="propagation" Navigation="org.eclipse.mylyn.core.model.edges.containment" OriginId="org.eclipse.mylyn.core.model.interest.propagation" StartDate="2011-03-10 10:14:48.924 PST" StructureHandle="=org.eclipse.mylyn.context.ui" StructureKind="resource" NumEvents="259" CreationCount="5"/><InteractionEvent Delta="null" EndDate="2011-03-10 10:38:28.963 PST" Interest="1.9920001" Kind="manipulation" Navigation="null" OriginId="org.eclipse.mylyn.core.model.interest.decay.correction" StartDate="2011-03-10 10:38:28.963 PST" StructureHandle="=org.eclipse.mylyn.context.ui/src&amp;lt;org.eclipse.mylyn.internal.context.ui.actions{AbstractInterestManipulationAction.java[AbstractInterestManipulationAction~run~QIAction;" StructureKind="java"/><InteractionEvent Delta="null" EndDate="2011-03-10 10:23:16.565 PST" Interest="4.0" Kind="selection" Navigation="null" OriginId="org.eclipse.jdt.ui.PackageExplorer" StartDate="2011-03-10 10:15:11.896 PST" StructureHandle="/org.eclipse.mylyn.context.ui/plugin.xml" StructureKind="plugin.xml" NumEvents="4" CreationCount="15"/><InteractionEvent Delta="null" EndDate="2011-03-10 10:40:23.468 PST" Interest="42.0" Kind="propagation" Navigation="org.eclipse.mylyn.core.model.edges.containment" OriginId="org.eclipse.mylyn.core.model.interest.propagation" StartDate="2011-03-10 10:36:09.355 PST" StructureHandle="/org.eclipse.mylyn.context.ui/src/org/eclipse/mylyn/internal/context/ui/editors" StructureKind="resource" NumEvents="42" CreationCount="274"/><InteractionEvent Delta="null" EndDate="2011-03-10 10:18:59.656 PST" Interest="2.5809999" Kind="propagation" Navigation="org.eclipse.mylyn.core.model.edges.containment" OriginId="org.eclipse.mylyn.core.model.interest.propagation" StartDate="2011-03-10 10:18:38.427 PST" StructureHandle="=org.eclipse.mylyn.context.ui/src&amp;lt;org.eclipse.mylyn.internal.context.ui.actions{AbstractInterestManipulationAction.java[AbstractInterestManipulationAction" StructureKind="java" NumEvents="3" CreationCount="7"/><InteractionEvent Delta="null" EndDate="2011-03-11 17:05:15.564 PST" Interest="1.0" Kind="edit" Navigation="null" OriginId="org.eclipse.jdt.ui.CompilationUnitEditor" StartDate="2011-03-11 17:05:15.564 PST" StructureHandle="=org.eclipse.mylyn.context.ui/src&amp;lt;org.eclipse.mylyn.internal.context.ui.editors{ContextEditorFormPage.java[ContextEditorFormPage~createFormContent~QIManagedForm;" StructureKind="java"/><InteractionEvent Delta="null" EndDate="2011-03-10 10:23:16.893 PST" Interest="4.0" Kind="selection" Navigation="null" OriginId="org.eclipse.jdt.ui.PackageExplorer" StartDate="2011-03-10 10:17:48.827 PST" StructureHandle="=org.eclipse.mylyn.context.ui/src&amp;lt;org.eclipse.mylyn.internal.context.ui.actions{MarkAsLandmarkCommandHandler.java" StructureKind="java" NumEvents="4" CreationCount="60"/><InteractionEvent Delta="null" EndDate="2011-03-10 10:37:49.45 PST" Interest="11.0" Kind="selection" Navigation="null" OriginId="org.eclipse.jdt.ui.CompilationUnitEditor" StartDate="2011-03-10 10:16:31.497 PST" StructureHandle="=org.eclipse.mylyn.context.ui/src&amp;lt;org.eclipse.mylyn.internal.context.ui.actions{RemoveFromContextCommandHandler.java" StructureKind="java" NumEvents="11" CreationCount="53"/><InteractionEvent Delta="null" EndDate="2011-03-11 17:05:12.785 PST" Interest="14.999996" Kind="propagation" Navigation="org.eclipse.mylyn.core.model.edges.containment" OriginId="org.eclipse.mylyn.core.model.interest.propagation" StartDate="2011-03-11 17:05:12.785 PST" StructureHandle="" StructureKind="c/c++"/><InteractionEvent Delta="null" EndDate="2011-03-10 10:38:31.600 PST" Interest="3.0" Kind="selection" Navigation="null" OriginId="org.eclipse.jdt.ui.CompilationUnitEditor" StartDate="2011-03-10 10:36:09.354 PST" StructureHandle="=org.eclipse.mylyn.context.ui/src&amp;lt;org.eclipse.mylyn.internal.context.ui.editors{ContextEditorFormPage.java" StructureKind="java" NumEvents="3" CreationCount="274"/><InteractionEvent Delta="null" EndDate="2011-03-10 10:38:28.963 PST" Interest="2.0" Kind="selection" Navigation="null" OriginId="org.eclipse.jdt.ui.CompilationUnitEditor" StartDate="2011-03-10 10:19:14.190 PST" StructureHandle="=org.eclipse.mylyn.context.ui/src&amp;lt;org.eclipse.mylyn.internal.context.ui.actions{AbstractInterestManipulationAction.java[AbstractInterestManipulationAction~run~QIAction;" StructureKind="java" NumEvents="2" CreationCount="128"/><InteractionEvent Delta="null" EndDate="2011-03-11 17:05:15.566 PST" Interest="0.69999886" Kind="propagation" Navigation="org.eclipse.mylyn.core.model.edges.containment" OriginId="org.eclipse.mylyn.core.model.interest.propagation" StartDate="2011-03-11 17:05:15.566 PST" StructureHandle="=org.eclipse.mylyn.context.ui/src&amp;lt;org.eclipse.mylyn.internal.context.ui.editors" StructureKind="java"/><InteractionEvent Delta="null" EndDate="2011-03-11 17:05:15.565 PST" Interest="1.0" Kind="propagation" Navigation="null" OriginId="org.eclipse.jdt.ui.CompilationUnitEditor" StartDate="2011-03-11 17:05:15.565 PST" StructureHandle="/org.eclipse.mylyn.context.ui/src/org/eclipse/mylyn/internal/context/ui/editors/ContextEditorFormPage.java" StructureKind="resource"/><InteractionEvent Delta="null" EndDate="2011-03-11 17:05:12.811 PST" Interest="15.0" Kind="propagation" Navigation="org.eclipse.mylyn.core.model.edges.containment" OriginId="org.eclipse.mylyn.core.model.interest.propagation" StartDate="2011-03-11 17:05:12.811 PST" StructureHandle="" StructureKind="c/c++"/><InteractionEvent Delta="null" EndDate="2011-03-11 17:05:15.565 PST" Interest="0.70000076" Kind="propagation" Navigation="org.eclipse.mylyn.core.model.edges.containment" OriginId="org.eclipse.mylyn.core.model.interest.propagation" StartDate="2011-03-11 17:05:15.565 PST" StructureHandle="=org.eclipse.mylyn.context.ui/src&amp;lt;org.eclipse.mylyn.internal.context.ui.editors{ContextEditorFormPage.java[ContextEditorFormPage" StructureKind="java"/><InteractionEvent Delta="null" EndDate="2011-03-10 10:40:23.468 PST" Interest="12.534" Kind="propagation" Navigation="org.eclipse.mylyn.core.model.edges.containment" OriginId="org.eclipse.mylyn.core.model.interest.propagation" StartDate="2011-03-10 10:36:12.313 PST" StructureHandle="=org.eclipse.mylyn.context.ui/src&amp;lt;org.eclipse.mylyn.internal.context.ui.editors{ContextEditorFormPage.java[ContextEditorFormPage" StructureKind="java" NumEvents="20" CreationCount="276"/><InteractionEvent Delta="null" EndDate="2011-03-10 10:37:49.608 PST" Interest="81.270996" Kind="propagation" Navigation="org.eclipse.mylyn.core.model.edges.containment" OriginId="org.eclipse.mylyn.core.model.interest.propagation" StartDate="2011-03-10 10:14:48.925 PST" StructureHandle="=org.eclipse.mylyn.context.ui/src" StructureKind="java" NumEvents="121" CreationCount="5"/><InteractionEvent Delta="null" EndDate="2011-03-10 10:40:23.469 PST" Interest="15.568002" Kind="propagation" Navigation="org.eclipse.mylyn.core.model.edges.containment" OriginId="org.eclipse.mylyn.core.model.interest.propagation" StartDate="2011-03-10 10:36:09.355 PST" StructureHandle="=org.eclipse.mylyn.context.ui/src&amp;lt;org.eclipse.mylyn.internal.context.ui.editors" StructureKind="java" NumEvents="22" CreationCount="274"/><InteractionEvent Delta="null" EndDate="2011-03-10 10:37:49.607 PST" Interest="144.0" Kind="propagation" Navigation="null" OriginId="org.eclipse.jdt.ui.CompilationUnitEditor" StartDate="2011-03-10 10:16:45.260 PST" StructureHandle="/org.eclipse.mylyn.context.ui/src/org/eclipse/mylyn/internal/context/ui/actions/RemoveFromContextCommandHandler.java" StructureKind="resource" NumEvents="144" CreationCount="59"/><InteractionEvent Delta="null" EndDate="2011-03-10 10:17:57.454 PST" Interest="3.0" Kind="selection" Navigation="null" OriginId="org.eclipse.jdt.ui.CompilationUnitEditor" StartDate="2011-03-10 10:17:49.383 PST" StructureHandle="=org.eclipse.mylyn.context.ui/src&amp;lt;org.eclipse.mylyn.internal.context.ui.actions{MarkAsLandmarkCommandHandler.java[MarkAsLandmarkCommandHandler" StructureKind="java" NumEvents="3" CreationCount="83"/><InteractionEvent Delta="null" EndDate="2011-03-10 10:24:35.484 PST" Interest="3.0" Kind="edit" Navigation="null" OriginId="org.eclipse.jdt.ui.CompilationUnitEditor" StartDate="2011-03-10 10:24:29.140 PST" StructureHandle="=org.eclipse.mylyn.context.ui/src&amp;lt;org.eclipse.mylyn.internal.context.ui.actions{MarkAsLandmarkCommandHandler.java[MarkAsLandmarkCommandHandler~execute~QExecutionEvent;" StructureKind="java" NumEvents="3" CreationCount="87"/><InteractionEvent Delta="null" EndDate="2011-03-10 10:19:09.692 PST" Interest="4.0" Kind="edit" Navigation="null" OriginId="org.eclipse.jdt.ui.CompilationUnitEditor" StartDate="2011-03-10 10:18:08.852 PST" StructureHandle="=org.eclipse.mylyn.context.ui/src&amp;lt;org.eclipse.mylyn.internal.context.ui.actions{AbstractInterestManipulationAction.java[AbstractInterestManipulationAction" StructureKind="java" NumEvents="4" CreationCount="7"/><InteractionEvent Delta="null" EndDate="2011-03-10 10:37:49.608 PST" Interest="80.270996" Kind="propagation" Navigation="org.eclipse.mylyn.core.model.edges.containment" OriginId="org.eclipse.mylyn.core.model.interest.propagation" StartDate="2011-03-10 10:14:48.924 PST" StructureHandle="=org.eclipse.mylyn.context.ui/src&amp;lt;org.eclipse.mylyn.internal.context.ui.actions" StructureKind="java" NumEvents="119" CreationCount="5"/><InteractionEvent Delta="null" EndDate="2011-03-10 10:21:25.383 PST" Interest="31.0" Kind="edit" Navigation="null" OriginId="org.eclipse.pde.ui.manifestEditor" StartDate="2011-03-10 10:15:14.132 PST" StructureHandle="/org.eclipse.mylyn.context.ui/plugin.xml" StructureKind="plugin.xml" NumEvents="31" CreationCount="15"/><InteractionEvent Delta="null" EndDate="2011-03-11 17:05:15.565 PST" Interest="1.0" Kind="propagation" Navigation="org.eclipse.mylyn.core.model.edges.containment" OriginId="org.eclipse.mylyn.core.model.interest.propagation" StartDate="2011-03-11 17:05:15.565 PST" StructureHandle="/org.eclipse.mylyn.context.ui/src/org/eclipse/mylyn/internal/context/ui/editors" StructureKind="resource"/><InteractionEvent Delta="null" EndDate="2011-03-10 10:24:35.485 PST" Interest="4.559" Kind="propagation" Navigation="org.eclipse.mylyn.core.model.edges.containment" OriginId="org.eclipse.mylyn.core.model.interest.propagation" StartDate="2011-03-10 10:16:58.150 PST" StructureHandle="=org.eclipse.mylyn.context.ui/src&amp;lt;org.eclipse.mylyn.internal.context.ui.actions{MarkAsLandmarkCommandHandler.java" StructureKind="java" NumEvents="7" CreationCount="60"/><InteractionEvent Delta="null" EndDate="2011-03-10 10:40:22.698 PST" Interest="3.0" Kind="selection" Navigation="null" OriginId="org.eclipse.jdt.ui.CompilationUnitEditor" StartDate="2011-03-10 10:36:09.970 PST" StructureHandle="=org.eclipse.mylyn.context.ui/src&amp;lt;org.eclipse.mylyn.internal.context.ui.editors{ContextEditorFormPage.java[ContextEditorFormPage" StructureKind="java" NumEvents="3" CreationCount="276"/><InteractionEvent Delta="null" EndDate="2011-03-10 10:19:09.692 PST" Interest="4.415" Kind="propagation" Navigation="org.eclipse.mylyn.core.model.edges.containment" OriginId="org.eclipse.mylyn.core.model.interest.propagation" StartDate="2011-03-10 10:14:52.85 PST" StructureHandle="=org.eclipse.mylyn.context.ui/src&amp;lt;org.eclipse.mylyn.internal.context.ui.actions{AbstractInterestManipulationAction.java" StructureKind="java" NumEvents="7" CreationCount="5"/><InteractionEvent Delta="null" EndDate="2011-03-10 10:14:16.580 PST" Interest="60.0" Kind="propagation" Navigation="org.eclipse.mylyn.core.model.edges.containment" OriginId="org.eclipse.mylyn.core.model.interest.propagation" StartDate="2011-03-10 10:14:16.561 PST" StructureHandle="" StructureKind="c/c++" NumEvents="4" CreationCount="1"/><InteractionEvent Delta="null" EndDate="2011-03-10 10:40:23.468 PST" Interest="12.568001" Kind="propagation" Navigation="org.eclipse.mylyn.core.model.edges.containment" OriginId="org.eclipse.mylyn.core.model.interest.propagation" StartDate="2011-03-10 10:36:36.836 PST" StructureHandle="=org.eclipse.mylyn.context.ui/src&amp;lt;org.eclipse.mylyn.internal.context.ui.editors{ContextEditorFormPage.java" StructureKind="java" NumEvents="19" CreationCount="274"/><InteractionEvent Delta="null" EndDate="2011-03-10 10:40:23.468 PST" Interest="42.0" Kind="propagation" Navigation="null" OriginId="org.eclipse.jdt.ui.CompilationUnitEditor" StartDate="2011-03-10 10:36:09.355 PST" StructureHandle="/org.eclipse.mylyn.context.ui/src/org/eclipse/mylyn/internal/context/ui/editors/ContextEditorFormPage.java" StructureKind="resource" NumEvents="42" CreationCount="274"/><InteractionEvent Delta="null" EndDate="2011-03-10 10:37:16.835 PST" Interest="2.0" Kind="selection" Navigation="null" OriginId="org.eclipse.jdt.ui.CompilationUnitEditor" StartDate="2011-03-10 10:37:16.833 PST" StructureHandle="=org.eclipse.mylyn.context.ui/src&amp;lt;org.eclipse.mylyn.internal.context.ui.editors{ContextEditorFormPage.java[ContextEditorFormPage~updateContentArea" StructureKind="java" NumEvents="2" CreationCount="294"/><InteractionEvent Delta="null" EndDate="2011-03-10 10:23:26.988 PST" Interest="3.0" Kind="edit" Navigation="null" OriginId="org.eclipse.jdt.ui.CompilationUnitEditor" StartDate="2011-03-10 10:17:51.886 PST" StructureHandle="=org.eclipse.mylyn.context.ui/src&amp;lt;org.eclipse.mylyn.internal.context.ui.actions{MarkAsLandmarkCommandHandler.java[MarkAsLandmarkCommandHandler^action" StructureKind="java" NumEvents="3" CreationCount="84"/><InteractionEvent Delta="null" EndDate="2011-03-10 10:40:23.469 PST" Interest="254.0" Kind="propagation" Navigation="null" OriginId="org.eclipse.jdt.ui.CompilationUnitEditor" StartDate="2011-03-10 10:14:48.924 PST" StructureHandle="/org.eclipse.mylyn.context.ui/src" StructureKind="resource" NumEvents="254" CreationCount="5"/><InteractionEvent Delta="null" EndDate="2011-03-11 17:05:15.567 PST" Interest="1.0" Kind="propagation" Navigation="org.eclipse.mylyn.core.model.edges.containment" OriginId="org.eclipse.mylyn.core.model.interest.propagation" StartDate="2011-03-11 17:05:15.567 PST" StructureHandle="=org.eclipse.mylyn.context.ui" StructureKind="resource"/><InteractionEvent Delta="null" EndDate="2011-03-11 17:05:15.567 PST" Interest="1.0" Kind="propagation" Navigation="null" OriginId="org.eclipse.jdt.ui.CompilationUnitEditor" StartDate="2011-03-11 17:05:15.567 PST" StructureHandle="/org.eclipse.mylyn.context.ui/src" StructureKind="resource"/><InteractionEvent Delta="null" EndDate="2011-03-10 10:37:49.608 PST" Interest="69.454994" Kind="propagation" Navigation="org.eclipse.mylyn.core.model.edges.containment" OriginId="org.eclipse.mylyn.core.model.interest.propagation" StartDate="2011-03-10 10:16:31.544 PST" StructureHandle="=org.eclipse.mylyn.context.ui/src&amp;lt;org.eclipse.mylyn.internal.context.ui.actions{RemoveFromContextCommandHandler.java" StructureKind="java" NumEvents="102" CreationCount="53"/><InteractionEvent Delta="null" EndDate="2011-03-11 17:05:12.819 PST" Interest="15.0" Kind="propagation" Navigation="org.eclipse.mylyn.core.model.edges.containment" OriginId="org.eclipse.mylyn.core.model.interest.propagation" StartDate="2011-03-11 17:05:12.819 PST" StructureHandle="" StructureKind="c/c++"/><InteractionEvent Delta="null" EndDate="2011-03-10 10:16:22.906 PST" Interest="1.0" Kind="selection" Navigation="null" OriginId="org.eclipse.jdt.ui.PackageExplorer" StartDate="2011-03-10 10:16:22.906 PST" StructureHandle="=org.eclipse.mylyn.context.ui/src&amp;lt;org.eclipse.mylyn.internal.context.ui.actions" StructureKind="java"/><InteractionEvent Delta="null" EndDate="2011-03-10 10:24:35.485 PST" Interest="26.0" Kind="propagation" Navigation="null" OriginId="org.eclipse.jdt.ui.CompilationUnitEditor" StartDate="2011-03-10 10:16:58.150 PST" StructureHandle="/org.eclipse.mylyn.context.ui/src/org/eclipse/mylyn/internal/context/ui/actions/MarkAsLandmarkCommandHandler.java" StructureKind="resource" NumEvents="26" CreationCount="60"/><InteractionEvent Delta="null" EndDate="2011-03-10 10:37:16.147 PST" Interest="3.0" Kind="edit" Navigation="null" OriginId="org.eclipse.jdt.ui.CompilationUnitEditor" StartDate="2011-03-10 10:37:12.483 PST" StructureHandle="=org.eclipse.mylyn.context.ui/src&amp;lt;org.eclipse.mylyn.internal.context.ui.editors{ContextEditorFormPage.java[ContextEditorFormPage~createContentSection~QComposite;" StructureKind="java" NumEvents="3" CreationCount="290"/><InteractionEvent Delta="null" EndDate="2011-03-10 10:24:27.78 PST" Interest="6.0" Kind="selection" Navigation="null" OriginId="org.eclipse.jdt.ui.CompilationUnitEditor" StartDate="2011-03-10 10:17:53.447 PST" StructureHandle="=org.eclipse.mylyn.context.ui/src&amp;lt;org.eclipse.mylyn.internal.context.ui.actions{MarkAsLandmarkCommandHandler.java[MarkAsLandmarkCommandHandler~execute~QExecutionEvent;" StructureKind="java" NumEvents="6" CreationCount="87"/><InteractionEvent Delta="null" EndDate="2011-03-10 10:18:58.490 PST" Interest="5.0" Kind="selection" Navigation="null" OriginId="org.eclipse.jdt.ui.CompilationUnitEditor" StartDate="2011-03-10 10:14:53.581 PST" StructureHandle="=org.eclipse.mylyn.context.ui/src&amp;lt;org.eclipse.mylyn.internal.context.ui.actions{InterestDecrementAction.java[InterestDecrementAction" StructureKind="java" NumEvents="5" CreationCount="9"/><InteractionEvent Delta="null" EndDate="2011-03-10 10:19:00.191 PST" Interest="4.0" Kind="selection" Navigation="null" OriginId="org.eclipse.jdt.ui.CompilationUnitEditor" StartDate="2011-03-10 10:14:49.841 PST" StructureHandle="=org.eclipse.mylyn.context.ui/src&amp;lt;org.eclipse.mylyn.internal.context.ui.actions{AbstractInterestManipulationAction.java[AbstractInterestManipulationAction" StructureKind="java" NumEvents="4" CreationCount="7"/><InteractionEvent Delta="null" EndDate="2011-03-10 10:38:28.942 PST" Interest="6.0" Kind="selection" Navigation="null" OriginId="org.eclipse.jdt.ui.CompilationUnitEditor" StartDate="2011-03-10 10:14:48.924 PST" StructureHandle="=org.eclipse.mylyn.context.ui/src&amp;lt;org.eclipse.mylyn.internal.context.ui.actions{AbstractInterestManipulationAction.java" StructureKind="java" NumEvents="6" CreationCount="5"/><InteractionEvent Delta="null" EndDate="2011-03-10 10:18:59.20 PST" Interest="14.0" Kind="propagation" Navigation="null" OriginId="org.eclipse.jdt.ui.CompilationUnitEditor" StartDate="2011-03-10 10:14:53.581 PST" StructureHandle="/org.eclipse.mylyn.context.ui/src/org/eclipse/mylyn/internal/context/ui/actions/InterestDecrementAction.java" StructureKind="resource" NumEvents="14" CreationCount="9"/><InteractionEvent Delta="null" EndDate="2011-03-10 10:17:46.108 PST" Interest="12.0" Kind="edit" Navigation="null" OriginId="org.eclipse.jdt.ui.CompilationUnitEditor" StartDate="2011-03-10 10:17:05.334 PST" StructureHandle="=org.eclipse.mylyn.context.ui/src&amp;lt;org.eclipse.mylyn.internal.context.ui.actions{RemoveFromContextCommandHandler.java[RemoveFromContextCommandHandler^action" StructureKind="java" NumEvents="12" CreationCount="61"/><InteractionEvent Delta="null" EndDate="2011-03-10 10:40:23.467 PST" Interest="5.0" Kind="selection" Navigation="null" OriginId="org.eclipse.jdt.ui.CompilationUnitEditor" StartDate="2011-03-10 10:36:31.967 PST" StructureHandle="=org.eclipse.mylyn.context.ui/src&amp;lt;org.eclipse.mylyn.internal.context.ui.editors{ContextEditorFormPage.java[ContextEditorFormPage~createFormContent~QIManagedForm;" StructureKind="java" NumEvents="5" CreationCount="278"/><InteractionEvent Delta="null" EndDate="2011-03-10 10:37:11.738 PST" Interest="1.0" Kind="selection" Navigation="null" OriginId="org.eclipse.jdt.ui.CompilationUnitEditor" StartDate="2011-03-10 10:37:11.738 PST" StructureHandle="=org.eclipse.mylyn.context.ui/src&amp;lt;org.eclipse.mylyn.internal.context.ui.editors{ContextEditorFormPage.java[ContextEditorFormPage~createContentSection~QComposite;" StructureKind="java"/><InteractionEvent Delta="null" EndDate="2011-03-10 10:18:58.465 PST" Interest="6.0" Kind="selection" Navigation="null" OriginId="org.eclipse.jdt.ui.CompilationUnitEditor" StartDate="2011-03-10 10:14:55.141 PST" StructureHandle="=org.eclipse.mylyn.context.ui/src&amp;lt;org.eclipse.mylyn.internal.context.ui.actions{InterestDecrementAction.java" StructureKind="java" NumEvents="6" CreationCount="9"/><InteractionEvent Delta="null" EndDate="2011-03-10 10:23:18.579 PST" Interest="4.0" Kind="selection" Navigation="null" OriginId="org.eclipse.jdt.ui.CompilationUnitEditor" StartDate="2011-03-10 10:17:50.537 PST" StructureHandle="=org.eclipse.mylyn.context.ui/src&amp;lt;org.eclipse.mylyn.internal.context.ui.actions{MarkAsLandmarkCommandHandler.java[MarkAsLandmarkCommandHandler^action" StructureKind="java" NumEvents="4" CreationCount="84"/></InteractionHistory>