<?xml version="1.0" encoding="UTF-8"?><InteractionHistory Id="https://bugs.eclipse.org/bugs-383766" Version="1"><InteractionEvent Delta="null" EndDate="2012-07-18 13:24:03.578 CEST" Interest="1.0" Kind="propagation" Navigation="org.eclipse.mylyn.core.model.edges.containment" OriginId="org.eclipse.mylyn.core.model.interest.propagation" StartDate="2012-07-18 13:24:03.578 CEST" StructureHandle="/org.eclipse.mylyn.monitor.ui/src" StructureKind="resource"/><InteractionEvent Delta="null" EndDate="2012-07-18 13:23:29.416 CEST" Interest="1.0" Kind="propagation" Navigation="org.eclipse.mylyn.core.model.edges.containment" OriginId="org.eclipse.mylyn.core.model.interest.propagation" StartDate="2012-07-18 13:23:29.416 CEST" StructureHandle="=org.eclipse.mylyn.monitor.ui/src&amp;lt;org.eclipse.mylyn.internal.monitor.ui" StructureKind="java"/><InteractionEvent Delta="null" EndDate="2012-07-18 13:23:50.755 CEST" Interest="1.0" Kind="propagation" Navigation="null" OriginId="org.eclipse.jdt.ui.CompilationUnitEditor" StartDate="2012-07-18 13:23:50.755 CEST" StructureHandle="/org.eclipse.mylyn.monitor.ui/src/org/eclipse/mylyn/internal/monitor/ui/ActivityContextManager.java" StructureKind="resource"/><InteractionEvent Delta="null" EndDate="2012-07-18 13:24:03.582 CEST" Interest="1.0" Kind="propagation" Navigation="org.eclipse.mylyn.core.model.edges.containment" OriginId="org.eclipse.mylyn.core.model.interest.propagation" StartDate="2012-07-18 13:24:03.582 CEST" StructureHandle="/org.eclipse.mylyn.monitor.ui/src" StructureKind="resource"/><InteractionEvent Delta="null" EndDate="2012-07-18 13:23:50.756 CEST" Interest="1.0" Kind="propagation" Navigation="org.eclipse.mylyn.core.model.edges.containment" OriginId="org.eclipse.mylyn.core.model.interest.propagation" StartDate="2012-07-18 13:23:50.756 CEST" StructureHandle="/org.eclipse.mylyn.monitor.ui/src" StructureKind="resource"/><InteractionEvent Delta="null" EndDate="2012-07-18 13:24:03.554 CEST" Interest="1.0" Kind="propagation" Navigation="null" OriginId="org.eclipse.jdt.ui.CompilationUnitEditor" StartDate="2012-07-18 13:24:03.554 CEST" StructureHandle="/org.eclipse.mylyn.monitor.ui/src/org/eclipse/mylyn/internal/monitor/ui/ActivityContextManager.java" StructureKind="resource"/><InteractionEvent Delta="null" EndDate="2012-07-18 13:23:56.147 CEST" Interest="1.0" Kind="propagation" Navigation="org.eclipse.mylyn.core.model.edges.containment" OriginId="org.eclipse.mylyn.core.model.interest.propagation" StartDate="2012-07-18 13:23:56.147 CEST" StructureHandle="=org.eclipse.mylyn.monitor.ui" StructureKind="resource"/><InteractionEvent Delta="null" EndDate="2012-07-18 13:23:29.416 CEST" Interest="1.0" Kind="propagation" Navigation="org.eclipse.mylyn.core.model.edges.containment" OriginId="org.eclipse.mylyn.core.model.interest.propagation" StartDate="2012-07-18 13:23:29.416 CEST" StructureHandle="/org.eclipse.mylyn.monitor.ui/src/org/eclipse/mylyn/internal/monitor/ui" StructureKind="resource"/><InteractionEvent Delta="null" EndDate="2012-07-18 13:24:03.656 CEST" Interest="1.0" Kind="propagation" Navigation="org.eclipse.mylyn.core.model.edges.containment" OriginId="org.eclipse.mylyn.core.model.interest.propagation" StartDate="2012-07-18 13:24:03.656 CEST" StructureHandle="/org.eclipse.mylyn.monitor.ui/src/org/eclipse/mylyn/internal/monitor/ui" StructureKind="resource"/><InteractionEvent Delta="null" EndDate="2012-07-18 13:23:29.428 CEST" Interest="1.0" Kind="propagation" Navigation="org.eclipse.mylyn.core.model.edges.containment" OriginId="org.eclipse.mylyn.core.model.interest.propagation" StartDate="2012-07-18 13:23:29.428 CEST" StructureHandle="=org.eclipse.mylyn.monitor.ui/src&amp;lt;org.eclipse.mylyn.internal.monitor.ui" StructureKind="java"/><InteractionEvent Delta="null" EndDate="2012-07-18 13:23:29.428 CEST" Interest="1.0" Kind="propagation" Navigation="org.eclipse.mylyn.core.model.edges.containment" OriginId="org.eclipse.mylyn.core.model.interest.propagation" StartDate="2012-07-18 13:23:29.428 CEST" StructureHandle="/org.eclipse.mylyn.monitor.ui/src/org/eclipse/mylyn/internal/monitor/ui" StructureKind="resource"/><InteractionEvent Delta="null" EndDate="2012-07-18 13:23:50.231 CEST" Interest="0.6999998" Kind="propagation" Navigation="org.eclipse.mylyn.core.model.edges.containment" OriginId="org.eclipse.mylyn.core.model.interest.propagation" StartDate="2012-07-18 13:23:50.231 CEST" StructureHandle="=org.eclipse.mylyn.monitor.ui/src&amp;lt;org.eclipse.mylyn.internal.monitor.ui" StructureKind="java"/><InteractionEvent Delta="null" EndDate="2012-07-18 13:23:45.715 CEST" Interest="0.6999998" Kind="propagation" Navigation="org.eclipse.mylyn.core.model.edges.containment" OriginId="org.eclipse.mylyn.core.model.interest.propagation" StartDate="2012-07-18 13:23:45.715 CEST" StructureHandle="=org.eclipse.mylyn.monitor.ui/src&amp;lt;org.eclipse.mylyn.internal.monitor.ui" StructureKind="java"/><InteractionEvent Delta="null" EndDate="2012-07-18 13:23:45.715 CEST" Interest="0.6999998" Kind="propagation" Navigation="org.eclipse.mylyn.core.model.edges.containment" OriginId="org.eclipse.mylyn.core.model.interest.propagation" StartDate="2012-07-18 13:23:45.715 CEST" StructureHandle="=org.eclipse.mylyn.monitor.ui/src&amp;lt;org.eclipse.mylyn.internal.monitor.ui{ActivityContextManager.java" StructureKind="java"/><InteractionEvent Delta="null" EndDate="2012-07-18 13:24:04.280 CEST" Interest="1.0" Kind="propagation" Navigation="org.eclipse.mylyn.core.model.edges.containment" OriginId="org.eclipse.mylyn.core.model.interest.propagation" StartDate="2012-07-18 13:24:04.280 CEST" StructureHandle="=org.eclipse.mylyn.monitor.ui" StructureKind="resource"/><InteractionEvent Delta="null" EndDate="2012-07-18 13:23:56.71 CEST" Interest="1.0" Kind="propagation" Navigation="null" OriginId="org.eclipse.jdt.ui.CompilationUnitEditor" StartDate="2012-07-18 13:23:56.71 CEST" StructureHandle="/org.eclipse.mylyn.monitor.ui/src/org/eclipse/mylyn/internal/monitor/ui/ActivityContextManager.java" StructureKind="resource"/><InteractionEvent Delta="null" EndDate="2012-07-18 13:23:56.147 CEST" Interest="1.0" Kind="propagation" Navigation="org.eclipse.mylyn.core.model.edges.containment" OriginId="org.eclipse.mylyn.core.model.interest.propagation" StartDate="2012-07-18 13:23:56.147 CEST" StructureHandle="/org.eclipse.mylyn.monitor.ui/src/org/eclipse/mylyn/internal/monitor/ui" StructureKind="resource"/><InteractionEvent Delta="null" EndDate="2012-07-18 13:24:03.554 CEST" Interest="1.0" Kind="propagation" Navigation="org.eclipse.mylyn.core.model.edges.containment" OriginId="org.eclipse.mylyn.core.model.interest.propagation" StartDate="2012-07-18 13:24:03.554 CEST" StructureHandle="/org.eclipse.mylyn.monitor.ui/src/org/eclipse/mylyn/internal/monitor/ui" StructureKind="resource"/><InteractionEvent Delta="null" EndDate="2012-07-18 13:23:50.231 CEST" Interest="1.0000005" Kind="propagation" Navigation="org.eclipse.mylyn.core.model.edges.containment" OriginId="org.eclipse.mylyn.core.model.interest.propagation" StartDate="2012-07-18 13:23:50.231 CEST" StructureHandle="=org.eclipse.mylyn.monitor.ui" StructureKind="resource"/><InteractionEvent Delta="null" EndDate="2012-07-18 13:24:00.339 CEST" Interest="0.99999905" Kind="propagation" Navigation="org.eclipse.mylyn.core.model.edges.containment" OriginId="org.eclipse.mylyn.core.model.interest.propagation" StartDate="2012-07-18 13:24:00.339 CEST" StructureHandle="=org.eclipse.mylyn.monitor.ui/src&amp;lt;org.eclipse.mylyn.internal.monitor.ui" StructureKind="java"/><InteractionEvent Delta="null" EndDate="2012-07-18 13:23:47.658 CEST" Interest="1.0" Kind="propagation" Navigation="org.eclipse.mylyn.core.model.edges.containment" OriginId="org.eclipse.mylyn.core.model.interest.propagation" StartDate="2012-07-18 13:23:47.658 CEST" StructureHandle="/org.eclipse.mylyn.monitor.ui/src/org/eclipse/mylyn/internal/monitor/ui" StructureKind="resource"/><InteractionEvent Delta="null" EndDate="2012-07-18 13:24:00.338 CEST" Interest="1.0" Kind="propagation" Navigation="org.eclipse.mylyn.core.model.edges.containment" OriginId="org.eclipse.mylyn.core.model.interest.propagation" StartDate="2012-07-18 13:24:00.338 CEST" StructureHandle="=org.eclipse.mylyn.monitor.ui" StructureKind="resource"/><InteractionEvent Delta="null" EndDate="2012-07-18 13:23:47.659 CEST" Interest="0.70000005" Kind="propagation" Navigation="org.eclipse.mylyn.core.model.edges.containment" OriginId="org.eclipse.mylyn.core.model.interest.propagation" StartDate="2012-07-18 13:23:47.659 CEST" StructureHandle="=org.eclipse.mylyn.monitor.ui/src&amp;lt;org.eclipse.mylyn.internal.monitor.ui" StructureKind="java"/><InteractionEvent Delta="null" EndDate="2012-07-18 13:24:03.656 CEST" Interest="1.0" Kind="propagation" Navigation="null" OriginId="org.eclipse.jdt.ui.CompilationUnitEditor" StartDate="2012-07-18 13:24:03.656 CEST" StructureHandle="/org.eclipse.mylyn.monitor.ui/src/org/eclipse/mylyn/internal/monitor/ui/ActivityContextManager.java" StructureKind="resource"/><InteractionEvent Delta="null" EndDate="2012-07-18 13:23:56.68 CEST" Interest="1.0" Kind="propagation" Navigation="null" OriginId="org.eclipse.jdt.ui.CompilationUnitEditor" StartDate="2012-07-18 13:23:56.68 CEST" StructureHandle="/org.eclipse.mylyn.monitor.ui/src/org/eclipse/mylyn/internal/monitor/ui/ActivityContextManager.java" StructureKind="resource"/><InteractionEvent Delta="null" EndDate="2012-07-18 13:23:53.913 CEST" Interest="1.0" Kind="propagation" Navigation="org.eclipse.mylyn.core.model.edges.containment" OriginId="org.eclipse.mylyn.core.model.interest.propagation" StartDate="2012-07-18 13:23:53.913 CEST" StructureHandle="=org.eclipse.mylyn.monitor.ui" StructureKind="resource"/><InteractionEvent Delta="null" EndDate="2012-07-18 13:24:03.656 CEST" Interest="1.0" Kind="propagation" Navigation="org.eclipse.mylyn.core.model.edges.containment" OriginId="org.eclipse.mylyn.core.model.interest.propagation" StartDate="2012-07-18 13:24:03.656 CEST" StructureHandle="=org.eclipse.mylyn.monitor.ui" StructureKind="resource"/><InteractionEvent Delta="null" EndDate="2012-07-18 13:23:30.31 CEST" Interest="1.0" Kind="propagation" Navigation="null" OriginId="org.eclipse.jdt.ui.CompilationUnitEditor" StartDate="2012-07-18 13:23:30.31 CEST" StructureHandle="/org.eclipse.mylyn.monitor.ui/src/org/eclipse/mylyn/internal/monitor/ui/ActivityContextManager.java" StructureKind="resource"/><InteractionEvent Delta="null" EndDate="2012-07-18 13:24:03.578 CEST" Interest="1.0" Kind="propagation" Navigation="null" OriginId="org.eclipse.jdt.ui.CompilationUnitEditor" StartDate="2012-07-18 13:24:03.578 CEST" StructureHandle="/org.eclipse.mylyn.monitor.ui/src/org/eclipse/mylyn/internal/monitor/ui/ActivityContextManager.java" StructureKind="resource"/><InteractionEvent Delta="null" EndDate="2012-07-18 13:23:56.71 CEST" Interest="1.0" Kind="propagation" Navigation="org.eclipse.mylyn.core.model.edges.containment" OriginId="org.eclipse.mylyn.core.model.interest.propagation" StartDate="2012-07-18 13:23:56.71 CEST" StructureHandle="/org.eclipse.mylyn.monitor.ui/src/org/eclipse/mylyn/internal/monitor/ui" StructureKind="resource"/><InteractionEvent Delta="null" EndDate="2012-07-18 13:23:56.10 CEST" Interest="1.0" Kind="propagation" Navigation="org.eclipse.mylyn.core.model.edges.containment" OriginId="org.eclipse.mylyn.core.model.interest.propagation" StartDate="2012-07-18 13:23:56.10 CEST" StructureHandle="/org.eclipse.mylyn.monitor.ui/src" StructureKind="resource"/><InteractionEvent Delta="null" EndDate="2012-07-18 13:23:46.589 CEST" Interest="0.70000005" Kind="propagation" Navigation="org.eclipse.mylyn.core.model.edges.containment" OriginId="org.eclipse.mylyn.core.model.interest.propagation" StartDate="2012-07-18 13:23:46.589 CEST" StructureHandle="=org.eclipse.mylyn.monitor.ui/src" StructureKind="java"/><InteractionEvent Delta="null" EndDate="2012-07-18 13:24:00.337 CEST" Interest="1.0" Kind="propagation" Navigation="null" OriginId="org.eclipse.search.ui.views.SearchView" StartDate="2012-07-18 13:24:00.337 CEST" StructureHandle="/org.eclipse.mylyn.monitor.ui/src/org/eclipse/mylyn/internal/monitor/ui/ActivityContextManager.java" StructureKind="resource"/><InteractionEvent Delta="null" EndDate="2012-07-18 13:23:50.231 CEST" Interest="0.6999998" Kind="propagation" Navigation="org.eclipse.mylyn.core.model.edges.containment" OriginId="org.eclipse.mylyn.core.model.interest.propagation" StartDate="2012-07-18 13:23:50.231 CEST" StructureHandle="=org.eclipse.mylyn.monitor.ui/src" StructureKind="java"/><InteractionEvent Delta="null" EndDate="2012-07-18 13:23:56.68 CEST" Interest="1.0" Kind="propagation" Navigation="org.eclipse.mylyn.core.model.edges.containment" OriginId="org.eclipse.mylyn.core.model.interest.propagation" StartDate="2012-07-18 13:23:56.68 CEST" StructureHandle="/org.eclipse.mylyn.monitor.ui/src/org/eclipse/mylyn/internal/monitor/ui" StructureKind="resource"/><InteractionEvent Delta="null" EndDate="2012-07-18 13:23:46.588 CEST" Interest="1.0" Kind="propagation" Navigation="org.eclipse.mylyn.core.model.edges.containment" OriginId="org.eclipse.mylyn.core.model.interest.propagation" StartDate="2012-07-18 13:23:46.588 CEST" StructureHandle="=org.eclipse.mylyn.monitor.ui" StructureKind="resource"/><InteractionEvent Delta="null" EndDate="2012-07-18 13:23:29.530 CEST" Interest="1.0" Kind="propagation" Navigation="org.eclipse.mylyn.core.model.edges.containment" OriginId="org.eclipse.mylyn.core.model.interest.propagation" StartDate="2012-07-18 13:23:29.530 CEST" StructureHandle="/org.eclipse.mylyn.monitor.ui/src/org/eclipse/mylyn/internal/monitor/ui" StructureKind="resource"/><InteractionEvent Delta="null" EndDate="2012-07-18 13:23:29.530 CEST" Interest="1.0" Kind="propagation" Navigation="null" OriginId="org.eclipse.jdt.ui.CompilationUnitEditor" StartDate="2012-07-18 13:23:29.530 CEST" StructureHandle="/org.eclipse.mylyn.monitor.ui/src/org/eclipse/mylyn/internal/monitor/ui/ActivityContextManager.java" StructureKind="resource"/><InteractionEvent Delta="null" EndDate="2012-07-18 13:24:04.279 CEST" Interest="1.0" Kind="propagation" Navigation="org.eclipse.mylyn.core.model.edges.containment" OriginId="org.eclipse.mylyn.core.model.interest.propagation" StartDate="2012-07-18 13:24:04.279 CEST" StructureHandle="/org.eclipse.mylyn.monitor.ui/src/org/eclipse/mylyn/internal/monitor/ui" StructureKind="resource"/><InteractionEvent Delta="null" EndDate="2012-07-18 13:24:03.656 CEST" Interest="1.0" Kind="propagation" Navigation="org.eclipse.mylyn.core.model.edges.containment" OriginId="org.eclipse.mylyn.core.model.interest.propagation" StartDate="2012-07-18 13:24:03.656 CEST" StructureHandle="/org.eclipse.mylyn.monitor.ui/src" StructureKind="resource"/><InteractionEvent Delta="null" EndDate="2012-07-18 13:24:03.583 CEST" Interest="0.70000076" Kind="propagation" Navigation="org.eclipse.mylyn.core.model.edges.containment" OriginId="org.eclipse.mylyn.core.model.interest.propagation" StartDate="2012-07-18 13:24:03.583 CEST" StructureHandle="=org.eclipse.mylyn.monitor.ui/src" StructureKind="java"/><InteractionEvent Delta="null" EndDate="2012-07-18 13:23:53.913 CEST" Interest="1.0" Kind="propagation" Navigation="null" OriginId="org.eclipse.search.ui.views.SearchView" StartDate="2012-07-18 13:23:53.913 CEST" StructureHandle="/org.eclipse.mylyn.monitor.ui/src/org/eclipse/mylyn/internal/monitor/ui/ActivityContextManager.java" StructureKind="resource"/><InteractionEvent Delta="null" EndDate="2012-07-18 13:24:00.338 CEST" Interest="1.0" Kind="propagation" Navigation="org.eclipse.mylyn.core.model.edges.containment" OriginId="org.eclipse.mylyn.core.model.interest.propagation" StartDate="2012-07-18 13:24:00.338 CEST" StructureHandle="/org.eclipse.mylyn.monitor.ui/src" StructureKind="resource"/><InteractionEvent Delta="null" EndDate="2012-07-18 13:23:29.523 CEST" Interest="1.0000001" Kind="propagation" Navigation="org.eclipse.mylyn.core.model.edges.containment" OriginId="org.eclipse.mylyn.core.model.interest.propagation" StartDate="2012-07-18 13:23:29.523 CEST" StructureHandle="/org.eclipse.mylyn.monitor.ui/src/org/eclipse/mylyn/internal/monitor/ui" StructureKind="resource"/><InteractionEvent Delta="null" EndDate="2012-07-18 13:23:46.588 CEST" Interest="1.0" Kind="propagation" Navigation="null" OriginId="org.eclipse.jdt.ui.CompilationUnitEditor" StartDate="2012-07-18 13:23:46.588 CEST" StructureHandle="/org.eclipse.mylyn.monitor.ui/src/org/eclipse/mylyn/internal/monitor/ui/ActivityContextManager.java" StructureKind="resource"/><InteractionEvent Delta="null" EndDate="2012-07-18 13:23:47.658 CEST" Interest="0.7000003" Kind="propagation" Navigation="org.eclipse.mylyn.core.model.edges.containment" OriginId="org.eclipse.mylyn.core.model.interest.propagation" StartDate="2012-07-18 13:23:47.658 CEST" StructureHandle="=org.eclipse.mylyn.monitor.ui/src&amp;lt;org.eclipse.mylyn.internal.monitor.ui{ActivityContextManager.java" StructureKind="java"/><InteractionEvent Delta="null" EndDate="2012-07-18 13:23:47.659 CEST" Interest="0.70000005" Kind="propagation" Navigation="org.eclipse.mylyn.core.model.edges.containment" OriginId="org.eclipse.mylyn.core.model.interest.propagation" StartDate="2012-07-18 13:23:47.659 CEST" StructureHandle="=org.eclipse.mylyn.monitor.ui/src" StructureKind="java"/><InteractionEvent Delta="null" EndDate="2012-07-18 13:23:45.715 CEST" Interest="1.0" Kind="propagation" Navigation="org.eclipse.mylyn.core.model.edges.containment" OriginId="org.eclipse.mylyn.core.model.interest.propagation" StartDate="2012-07-18 13:23:45.715 CEST" StructureHandle="/org.eclipse.mylyn.monitor.ui/src" StructureKind="resource"/><InteractionEvent Delta="null" EndDate="2012-07-18 13:23:47.657 CEST" Interest="1.0" Kind="propagation" Navigation="null" OriginId="org.eclipse.jdt.ui.CompilationUnitEditor" StartDate="2012-07-18 13:23:47.657 CEST" StructureHandle="/org.eclipse.mylyn.monitor.ui/src/org/eclipse/mylyn/internal/monitor/ui/ActivityContextManager.java" StructureKind="resource"/><InteractionEvent Delta="null" EndDate="2012-07-18 13:23:50.756 CEST" Interest="0.7000003" Kind="propagation" Navigation="org.eclipse.mylyn.core.model.edges.containment" OriginId="org.eclipse.mylyn.core.model.interest.propagation" StartDate="2012-07-18 13:23:50.756 CEST" StructureHandle="=org.eclipse.mylyn.monitor.ui/src" StructureKind="java"/><InteractionEvent Delta="null" EndDate="2012-07-18 13:23:53.914 CEST" Interest="4.7683716E-7" Kind="propagation" Navigation="org.eclipse.mylyn.core.model.edges.containment" OriginId="org.eclipse.mylyn.core.model.interest.propagation" StartDate="2012-07-18 13:23:53.914 CEST" StructureHandle="=org.eclipse.mylyn.monitor.ui/src&amp;lt;org.eclipse.mylyn.internal.monitor.ui" StructureKind="java"/><InteractionEvent Delta="null" EndDate="2012-07-18 13:23:50.756 CEST" Interest="0.7000003" Kind="propagation" Navigation="org.eclipse.mylyn.core.model.edges.containment" OriginId="org.eclipse.mylyn.core.model.interest.propagation" StartDate="2012-07-18 13:23:50.756 CEST" StructureHandle="=org.eclipse.mylyn.monitor.ui/src&amp;lt;org.eclipse.mylyn.internal.monitor.ui{ActivityContextManager.java" StructureKind="java"/><InteractionEvent Delta="null" EndDate="2012-07-18 13:23:29.523 CEST" Interest="1.0" Kind="propagation" Navigation="null" OriginId="org.eclipse.jdt.ui.CompilationUnitEditor" StartDate="2012-07-18 13:23:29.523 CEST" StructureHandle="/org.eclipse.mylyn.monitor.ui/src/org/eclipse/mylyn/internal/monitor/ui/ActivityContextManager.java" StructureKind="resource"/><InteractionEvent Delta="null" EndDate="2012-07-18 13:24:03.554 CEST" Interest="1.0" Kind="propagation" Navigation="org.eclipse.mylyn.core.model.edges.containment" OriginId="org.eclipse.mylyn.core.model.interest.propagation" StartDate="2012-07-18 13:24:03.554 CEST" StructureHandle="=org.eclipse.mylyn.monitor.ui" StructureKind="resource"/><InteractionEvent Delta="null" EndDate="2012-07-18 13:23:56.147 CEST" Interest="1.0" Kind="propagation" Navigation="org.eclipse.mylyn.core.model.edges.containment" OriginId="org.eclipse.mylyn.core.model.interest.propagation" StartDate="2012-07-18 13:23:56.147 CEST" StructureHandle="/org.eclipse.mylyn.monitor.ui/src" StructureKind="resource"/><InteractionEvent Delta="null" EndDate="2012-07-18 13:23:53.913 CEST" Interest="1.0" Kind="propagation" Navigation="org.eclipse.mylyn.core.model.edges.containment" OriginId="org.eclipse.mylyn.core.model.interest.propagation" StartDate="2012-07-18 13:23:53.913 CEST" StructureHandle="/org.eclipse.mylyn.monitor.ui/src/org/eclipse/mylyn/internal/monitor/ui" StructureKind="resource"/><InteractionEvent Delta="null" EndDate="2012-07-18 13:23:56.68 CEST" Interest="1.0" Kind="propagation" Navigation="org.eclipse.mylyn.core.model.edges.containment" OriginId="org.eclipse.mylyn.core.model.interest.propagation" StartDate="2012-07-18 13:23:56.68 CEST" StructureHandle="=org.eclipse.mylyn.monitor.ui" StructureKind="resource"/><InteractionEvent Delta="null" EndDate="2012-07-18 13:23:47.658 CEST" Interest="1.0" Kind="propagation" Navigation="org.eclipse.mylyn.core.model.edges.containment" OriginId="org.eclipse.mylyn.core.model.interest.propagation" StartDate="2012-07-18 13:23:47.658 CEST" StructureHandle="/org.eclipse.mylyn.monitor.ui/src" StructureKind="resource"/><InteractionEvent Delta="null" EndDate="2012-07-18 13:24:04.280 CEST" Interest="1.0" Kind="propagation" Navigation="org.eclipse.mylyn.core.model.edges.containment" OriginId="org.eclipse.mylyn.core.model.interest.propagation" StartDate="2012-07-18 13:24:04.280 CEST" StructureHandle="/org.eclipse.mylyn.monitor.ui/src" StructureKind="resource"/><InteractionEvent Delta="null" EndDate="2012-07-18 13:23:30.31 CEST" Interest="1.0000002" Kind="propagation" Navigation="org.eclipse.mylyn.core.model.edges.containment" OriginId="org.eclipse.mylyn.core.model.interest.propagation" StartDate="2012-07-18 13:23:30.31 CEST" StructureHandle="/org.eclipse.mylyn.monitor.ui/src/org/eclipse/mylyn/internal/monitor/ui" StructureKind="resource"/><InteractionEvent Delta="null" EndDate="2012-07-18 13:24:03.554 CEST" Interest="1.0" Kind="propagation" Navigation="org.eclipse.mylyn.core.model.edges.containment" OriginId="org.eclipse.mylyn.core.model.interest.propagation" StartDate="2012-07-18 13:24:03.554 CEST" StructureHandle="/org.eclipse.mylyn.monitor.ui/src" StructureKind="resource"/><InteractionEvent Delta="null" EndDate="2012-07-18 13:23:24.371 CEST" Interest="0.017000258" Kind="propagation" Navigation="org.eclipse.mylyn.core.model.edges.containment" OriginId="org.eclipse.mylyn.core.model.interest.propagation" StartDate="2012-07-18 13:23:24.371 CEST" StructureHandle="" StructureKind="java"/><InteractionEvent Delta="null" EndDate="2012-07-18 13:23:29.428 CEST" Interest="1.0" Kind="propagation" Navigation="org.eclipse.mylyn.core.model.edges.containment" OriginId="org.eclipse.mylyn.core.model.interest.propagation" StartDate="2012-07-18 13:23:29.428 CEST" StructureHandle="/org.eclipse.mylyn.monitor.ui/src" StructureKind="resource"/><InteractionEvent Delta="null" EndDate="2012-07-18 13:23:50.230 CEST" Interest="1.0" Kind="propagation" Navigation="null" OriginId="org.eclipse.jdt.ui.CompilationUnitEditor" StartDate="2012-07-18 13:23:50.230 CEST" StructureHandle="/org.eclipse.mylyn.monitor.ui/src/org/eclipse/mylyn/internal/monitor/ui/ActivityContextManager.java" StructureKind="resource"/><InteractionEvent Delta="null" EndDate="2012-07-18 13:24:03.555 CEST" Interest="0.70000076" Kind="propagation" Navigation="org.eclipse.mylyn.core.model.edges.containment" OriginId="org.eclipse.mylyn.core.model.interest.propagation" StartDate="2012-07-18 13:24:03.555 CEST" StructureHandle="=org.eclipse.mylyn.monitor.ui/src" StructureKind="java"/><InteractionEvent Delta="null" EndDate="2012-07-18 13:24:03.582 CEST" Interest="1.0" Kind="propagation" Navigation="null" OriginId="org.eclipse.jdt.ui.CompilationUnitEditor" StartDate="2012-07-18 13:24:03.582 CEST" StructureHandle="/org.eclipse.mylyn.monitor.ui/src/org/eclipse/mylyn/internal/monitor/ui/ActivityContextManager.java" StructureKind="resource"/><InteractionEvent Delta="null" EndDate="2012-07-18 13:23:29.428 CEST" Interest="1.0" Kind="selection" Navigation="null" OriginId="org.eclipse.jdt.ui.CompilationUnitEditor" StartDate="2012-07-18 13:23:29.428 CEST" StructureHandle="=org.eclipse.mylyn.monitor.ui/src&amp;lt;org.eclipse.mylyn.internal.monitor.ui{ActivityContextManager.java" StructureKind="java"/><InteractionEvent Delta="null" EndDate="2012-07-18 13:23:47.658 CEST" Interest="1.0" Kind="propagation" Navigation="org.eclipse.mylyn.core.model.edges.containment" OriginId="org.eclipse.mylyn.core.model.interest.propagation" StartDate="2012-07-18 13:23:47.658 CEST" StructureHandle="=org.eclipse.mylyn.monitor.ui" StructureKind="resource"/><InteractionEvent Delta="null" EndDate="2012-07-18 13:24:03.554 CEST" Interest="0.7000003" Kind="propagation" Navigation="org.eclipse.mylyn.core.model.edges.containment" OriginId="org.eclipse.mylyn.core.model.interest.propagation" StartDate="2012-07-18 13:24:03.554 CEST" StructureHandle="=org.eclipse.mylyn.monitor.ui/src&amp;lt;org.eclipse.mylyn.internal.monitor.ui{ActivityContextManager.java" StructureKind="java"/><InteractionEvent Delta="null" EndDate="2012-07-18 13:23:30.32 CEST" Interest="0.4339999" Kind="propagation" Navigation="org.eclipse.mylyn.core.model.edges.containment" OriginId="org.eclipse.mylyn.core.model.interest.propagation" StartDate="2012-07-18 13:23:30.32 CEST" StructureHandle="=org.eclipse.mylyn.monitor.ui/src" StructureKind="java"/><InteractionEvent Delta="null" EndDate="2012-07-18 13:24:03.582 CEST" Interest="0.70000076" Kind="propagation" Navigation="org.eclipse.mylyn.core.model.edges.containment" OriginId="org.eclipse.mylyn.core.model.interest.propagation" StartDate="2012-07-18 13:24:03.582 CEST" StructureHandle="=org.eclipse.mylyn.monitor.ui/src&amp;lt;org.eclipse.mylyn.internal.monitor.ui" StructureKind="java"/><InteractionEvent Delta="null" EndDate="2012-07-18 13:23:24.372 CEST" Interest="1.0000002" Kind="propagation" Navigation="org.eclipse.mylyn.core.model.edges.containment" OriginId="org.eclipse.mylyn.core.model.interest.propagation" StartDate="2012-07-18 13:23:24.372 CEST" StructureHandle="" StructureKind="java"/><InteractionEvent Delta="null" EndDate="2012-07-18 13:23:29.416 CEST" Interest="1.0" Kind="selection" Navigation="null" OriginId="org.eclipse.jdt.ui.CompilationUnitEditor" StartDate="2012-07-18 13:23:29.416 CEST" StructureHandle="=org.eclipse.mylyn.monitor.ui/src&amp;lt;org.eclipse.mylyn.internal.monitor.ui{ActivityContextManager.java" StructureKind="java"/><InteractionEvent Delta="null" EndDate="2012-07-18 13:23:56.68 CEST" Interest="1.0" Kind="propagation" Navigation="org.eclipse.mylyn.core.model.edges.containment" OriginId="org.eclipse.mylyn.core.model.interest.propagation" StartDate="2012-07-18 13:23:56.68 CEST" StructureHandle="/org.eclipse.mylyn.monitor.ui/src" StructureKind="resource"/><InteractionEvent Delta="null" EndDate="2012-07-18 13:23:56.72 CEST" Interest="1.0" Kind="propagation" Navigation="org.eclipse.mylyn.core.model.edges.containment" OriginId="org.eclipse.mylyn.core.model.interest.propagation" StartDate="2012-07-18 13:23:56.72 CEST" StructureHandle="=org.eclipse.mylyn.monitor.ui" StructureKind="resource"/><InteractionEvent Delta="null" EndDate="2012-07-18 13:23:45.715 CEST" Interest="1.0" Kind="propagation" Navigation="null" OriginId="org.eclipse.jdt.ui.CompilationUnitEditor" StartDate="2012-07-18 13:23:45.715 CEST" StructureHandle="/org.eclipse.mylyn.monitor.ui/src/org/eclipse/mylyn/internal/monitor/ui/ActivityContextManager.java" StructureKind="resource"/><InteractionEvent Delta="null" EndDate="2012-07-18 13:23:30.31 CEST" Interest="1.0000002" Kind="propagation" Navigation="org.eclipse.mylyn.core.model.edges.containment" OriginId="org.eclipse.mylyn.core.model.interest.propagation" StartDate="2012-07-18 13:23:30.31 CEST" StructureHandle="=org.eclipse.mylyn.monitor.ui" StructureKind="resource"/><InteractionEvent Delta="null" EndDate="2012-07-18 13:23:29.416 CEST" Interest="1.0" Kind="propagation" Navigation="org.eclipse.mylyn.core.model.edges.containment" OriginId="org.eclipse.mylyn.core.model.interest.propagation" StartDate="2012-07-18 13:23:29.416 CEST" StructureHandle="/org.eclipse.mylyn.monitor.ui/src" StructureKind="resource"/><InteractionEvent Delta="null" EndDate="2012-07-18 13:23:53.913 CEST" Interest="1.0" Kind="propagation" Navigation="org.eclipse.mylyn.core.model.edges.containment" OriginId="org.eclipse.mylyn.core.model.interest.propagation" StartDate="2012-07-18 13:23:53.913 CEST" StructureHandle="/org.eclipse.mylyn.monitor.ui/src" StructureKind="resource"/><InteractionEvent Delta="null" EndDate="2012-07-18 13:23:24.368 CEST" Interest="1.0" Kind="propagation" Navigation="org.eclipse.mylyn.core.model.edges.containment" OriginId="org.eclipse.mylyn.core.model.interest.propagation" StartDate="2012-07-18 13:23:24.368 CEST" StructureHandle="" StructureKind="java"/><InteractionEvent Delta="null" EndDate="2012-07-18 13:23:56.72 CEST" Interest="1.0" Kind="propagation" Navigation="org.eclipse.mylyn.core.model.edges.containment" OriginId="org.eclipse.mylyn.core.model.interest.propagation" StartDate="2012-07-18 13:23:56.72 CEST" StructureHandle="/org.eclipse.mylyn.monitor.ui/src" StructureKind="resource"/><InteractionEvent Delta="null" EndDate="2012-07-18 13:23:30.31 CEST" Interest="1.0000002" Kind="propagation" Navigation="org.eclipse.mylyn.core.model.edges.containment" OriginId="org.eclipse.mylyn.core.model.interest.propagation" StartDate="2012-07-18 13:23:30.31 CEST" StructureHandle="/org.eclipse.mylyn.monitor.ui/src" StructureKind="resource"/><InteractionEvent Delta="null" EndDate="2012-07-18 13:23:29.523 CEST" Interest="1.0000001" Kind="propagation" Navigation="org.eclipse.mylyn.core.model.edges.containment" OriginId="org.eclipse.mylyn.core.model.interest.propagation" StartDate="2012-07-18 13:23:29.523 CEST" StructureHandle="=org.eclipse.mylyn.monitor.ui" StructureKind="resource"/><InteractionEvent Delta="null" EndDate="2012-07-18 13:23:24.377 CEST" Interest="0.1529994" Kind="propagation" Navigation="org.eclipse.mylyn.core.model.edges.containment" OriginId="org.eclipse.mylyn.core.model.interest.propagation" StartDate="2012-07-18 13:23:24.377 CEST" StructureHandle="" StructureKind="java"/><InteractionEvent Delta="null" EndDate="2012-07-18 13:24:00.338 CEST" Interest="0.9999995" Kind="propagation" Navigation="org.eclipse.mylyn.core.model.edges.containment" OriginId="org.eclipse.mylyn.core.model.interest.propagation" StartDate="2012-07-18 13:24:00.338 CEST" StructureHandle="=org.eclipse.mylyn.monitor.ui/src&amp;lt;org.eclipse.mylyn.internal.monitor.ui{ActivityContextManager.java" StructureKind="java"/><InteractionEvent Delta="null" EndDate="2012-07-18 13:23:30.32 CEST" Interest="0.43400013" Kind="propagation" Navigation="org.eclipse.mylyn.core.model.edges.containment" OriginId="org.eclipse.mylyn.core.model.interest.propagation" StartDate="2012-07-18 13:23:30.32 CEST" StructureHandle="=org.eclipse.mylyn.monitor.ui/src&amp;lt;org.eclipse.mylyn.internal.monitor.ui" StructureKind="java"/><InteractionEvent Delta="null" EndDate="2012-07-18 13:24:03.579 CEST" Interest="0.6999998" Kind="propagation" Navigation="org.eclipse.mylyn.core.model.edges.containment" OriginId="org.eclipse.mylyn.core.model.interest.propagation" StartDate="2012-07-18 13:24:03.579 CEST" StructureHandle="=org.eclipse.mylyn.monitor.ui/src" StructureKind="java"/><InteractionEvent Delta="null" EndDate="2012-07-18 13:23:45.715 CEST" Interest="0.6999998" Kind="propagation" Navigation="org.eclipse.mylyn.core.model.edges.containment" OriginId="org.eclipse.mylyn.core.model.interest.propagation" StartDate="2012-07-18 13:23:45.715 CEST" StructureHandle="=org.eclipse.mylyn.monitor.ui/src" StructureKind="java"/><InteractionEvent Delta="null" EndDate="2012-07-18 13:24:03.582 CEST" Interest="0.70000076" Kind="propagation" Navigation="org.eclipse.mylyn.core.model.edges.containment" OriginId="org.eclipse.mylyn.core.model.interest.propagation" StartDate="2012-07-18 13:24:03.582 CEST" StructureHandle="=org.eclipse.mylyn.monitor.ui/src&amp;lt;org.eclipse.mylyn.internal.monitor.ui{ActivityContextManager.java" StructureKind="java"/><InteractionEvent Delta="null" EndDate="2012-07-18 13:23:29.530 CEST" Interest="1.0" Kind="propagation" Navigation="org.eclipse.mylyn.core.model.edges.containment" OriginId="org.eclipse.mylyn.core.model.interest.propagation" StartDate="2012-07-18 13:23:29.530 CEST" StructureHandle="/org.eclipse.mylyn.monitor.ui/src" StructureKind="resource"/><InteractionEvent Delta="null" EndDate="2012-07-18 13:23:29.428 CEST" Interest="1.0" Kind="propagation" Navigation="null" OriginId="org.eclipse.jdt.ui.CompilationUnitEditor" StartDate="2012-07-18 13:23:29.428 CEST" StructureHandle="/org.eclipse.mylyn.monitor.ui/src/org/eclipse/mylyn/internal/monitor/ui/ActivityContextManager.java" StructureKind="resource"/><InteractionEvent Delta="null" EndDate="2012-07-18 13:23:53.914 CEST" Interest="4.7683716E-7" Kind="propagation" Navigation="org.eclipse.mylyn.core.model.edges.containment" OriginId="org.eclipse.mylyn.core.model.interest.propagation" StartDate="2012-07-18 13:23:53.914 CEST" StructureHandle="=org.eclipse.mylyn.monitor.ui/src&amp;lt;org.eclipse.mylyn.internal.monitor.ui{ActivityContextManager.java" StructureKind="java"/><InteractionEvent Delta="null" EndDate="2012-07-18 13:24:03.554 CEST" Interest="0.70000076" Kind="propagation" Navigation="org.eclipse.mylyn.core.model.edges.containment" OriginId="org.eclipse.mylyn.core.model.interest.propagation" StartDate="2012-07-18 13:24:03.554 CEST" StructureHandle="=org.eclipse.mylyn.monitor.ui/src&amp;lt;org.eclipse.mylyn.internal.monitor.ui" StructureKind="java"/><InteractionEvent Delta="null" EndDate="2012-07-18 13:23:50.230 CEST" Interest="1.0000005" Kind="propagation" Navigation="org.eclipse.mylyn.core.model.edges.containment" OriginId="org.eclipse.mylyn.core.model.interest.propagation" StartDate="2012-07-18 13:23:50.230 CEST" StructureHandle="/org.eclipse.mylyn.monitor.ui/src/org/eclipse/mylyn/internal/monitor/ui" StructureKind="resource"/><InteractionEvent Delta="null" EndDate="2012-07-18 13:24:00.339 CEST" Interest="0.99999905" Kind="propagation" Navigation="org.eclipse.mylyn.core.model.edges.containment" OriginId="org.eclipse.mylyn.core.model.interest.propagation" StartDate="2012-07-18 13:24:00.339 CEST" StructureHandle="=org.eclipse.mylyn.monitor.ui/src" StructureKind="java"/><InteractionEvent Delta="null" EndDate="2012-07-18 13:24:00.338 CEST" Interest="1.0" Kind="propagation" Navigation="org.eclipse.mylyn.core.model.edges.containment" OriginId="org.eclipse.mylyn.core.model.interest.propagation" StartDate="2012-07-18 13:24:00.338 CEST" StructureHandle="/org.eclipse.mylyn.monitor.ui/src/org/eclipse/mylyn/internal/monitor/ui" StructureKind="resource"/><InteractionEvent Delta="null" EndDate="2012-07-18 13:23:46.588 CEST" Interest="1.0" Kind="propagation" Navigation="org.eclipse.mylyn.core.model.edges.containment" OriginId="org.eclipse.mylyn.core.model.interest.propagation" StartDate="2012-07-18 13:23:46.588 CEST" StructureHandle="/org.eclipse.mylyn.monitor.ui/src/org/eclipse/mylyn/internal/monitor/ui" StructureKind="resource"/><InteractionEvent Delta="null" EndDate="2012-07-18 13:23:29.416 CEST" Interest="1.0" Kind="propagation" Navigation="null" OriginId="org.eclipse.jdt.ui.CompilationUnitEditor" StartDate="2012-07-18 13:23:29.416 CEST" StructureHandle="/org.eclipse.mylyn.monitor.ui/src/org/eclipse/mylyn/internal/monitor/ui/ActivityContextManager.java" StructureKind="resource"/><InteractionEvent Delta="null" EndDate="2012-07-18 13:23:46.589 CEST" Interest="0.6999998" Kind="propagation" Navigation="org.eclipse.mylyn.core.model.edges.containment" OriginId="org.eclipse.mylyn.core.model.interest.propagation" StartDate="2012-07-18 13:23:46.589 CEST" StructureHandle="=org.eclipse.mylyn.monitor.ui/src&amp;lt;org.eclipse.mylyn.internal.monitor.ui{ActivityContextManager.java" StructureKind="java"/><InteractionEvent Delta="null" EndDate="2012-07-18 13:23:56.10 CEST" Interest="1.0" Kind="propagation" Navigation="null" OriginId="org.eclipse.jdt.ui.CompilationUnitEditor" StartDate="2012-07-18 13:23:56.10 CEST" StructureHandle="/org.eclipse.mylyn.monitor.ui/src/org/eclipse/mylyn/internal/monitor/ui/ActivityContextManager.java" StructureKind="resource"/><InteractionEvent Delta="null" EndDate="2012-07-18 13:23:29.523 CEST" Interest="1.0000001" Kind="propagation" Navigation="org.eclipse.mylyn.core.model.edges.containment" OriginId="org.eclipse.mylyn.core.model.interest.propagation" StartDate="2012-07-18 13:23:29.523 CEST" StructureHandle="/org.eclipse.mylyn.monitor.ui/src" StructureKind="resource"/><InteractionEvent Delta="null" EndDate="2012-07-18 13:23:29.530 CEST" Interest="1.0" Kind="propagation" Navigation="org.eclipse.mylyn.core.model.edges.containment" OriginId="org.eclipse.mylyn.core.model.interest.propagation" StartDate="2012-07-18 13:23:29.530 CEST" StructureHandle="=org.eclipse.mylyn.monitor.ui" StructureKind="resource"/><InteractionEvent Delta="null" EndDate="2012-07-18 13:23:50.756 CEST" Interest="0.7000003" Kind="propagation" Navigation="org.eclipse.mylyn.core.model.edges.containment" OriginId="org.eclipse.mylyn.core.model.interest.propagation" StartDate="2012-07-18 13:23:50.756 CEST" StructureHandle="=org.eclipse.mylyn.monitor.ui/src&amp;lt;org.eclipse.mylyn.internal.monitor.ui" StructureKind="java"/><InteractionEvent Delta="null" EndDate="2012-07-18 13:23:29.429 CEST" Interest="1.0" Kind="propagation" Navigation="org.eclipse.mylyn.core.model.edges.containment" OriginId="org.eclipse.mylyn.core.model.interest.propagation" StartDate="2012-07-18 13:23:29.429 CEST" StructureHandle="=org.eclipse.mylyn.monitor.ui/src" StructureKind="java"/><InteractionEvent Delta="null" EndDate="2012-07-18 13:24:04.279 CEST" Interest="1.0" Kind="propagation" Navigation="null" OriginId="org.eclipse.jdt.ui.CompilationUnitEditor" StartDate="2012-07-18 13:24:04.279 CEST" StructureHandle="/org.eclipse.mylyn.monitor.ui/src/org/eclipse/mylyn/internal/monitor/ui/ActivityContextManager.java" StructureKind="resource"/><InteractionEvent Delta="null" EndDate="2012-07-18 13:24:03.578 CEST" Interest="1.0" Kind="propagation" Navigation="org.eclipse.mylyn.core.model.edges.containment" OriginId="org.eclipse.mylyn.core.model.interest.propagation" StartDate="2012-07-18 13:24:03.578 CEST" StructureHandle="=org.eclipse.mylyn.monitor.ui" StructureKind="resource"/><InteractionEvent Delta="null" EndDate="2012-07-18 13:23:24.370 CEST" Interest="0.01699996" Kind="propagation" Navigation="org.eclipse.mylyn.core.model.edges.containment" OriginId="org.eclipse.mylyn.core.model.interest.propagation" StartDate="2012-07-18 13:23:24.370 CEST" StructureHandle="" StructureKind="java"/><InteractionEvent Delta="null" EndDate="2012-07-18 13:24:03.579 CEST" Interest="0.69999886" Kind="propagation" Navigation="org.eclipse.mylyn.core.model.edges.containment" OriginId="org.eclipse.mylyn.core.model.interest.propagation" StartDate="2012-07-18 13:24:03.579 CEST" StructureHandle="=org.eclipse.mylyn.monitor.ui/src&amp;lt;org.eclipse.mylyn.internal.monitor.ui{ActivityContextManager.java" StructureKind="java"/><InteractionEvent Delta="null" EndDate="2012-07-18 13:23:24.369 CEST" Interest="0.01699996" Kind="propagation" Navigation="org.eclipse.mylyn.core.model.edges.containment" OriginId="org.eclipse.mylyn.core.model.interest.propagation" StartDate="2012-07-18 13:23:24.369 CEST" StructureHandle="" StructureKind="java"/><InteractionEvent Delta="null" EndDate="2012-07-18 13:23:50.755 CEST" Interest="1.0" Kind="propagation" Navigation="org.eclipse.mylyn.core.model.edges.containment" OriginId="org.eclipse.mylyn.core.model.interest.propagation" StartDate="2012-07-18 13:23:50.755 CEST" StructureHandle="/org.eclipse.mylyn.monitor.ui/src/org/eclipse/mylyn/internal/monitor/ui" StructureKind="resource"/><InteractionEvent Delta="null" EndDate="2012-07-18 13:23:56.10 CEST" Interest="1.0" Kind="propagation" Navigation="org.eclipse.mylyn.core.model.edges.containment" OriginId="org.eclipse.mylyn.core.model.interest.propagation" StartDate="2012-07-18 13:23:56.10 CEST" StructureHandle="=org.eclipse.mylyn.monitor.ui" StructureKind="resource"/><InteractionEvent Delta="null" EndDate="2012-07-18 13:23:24.371 CEST" Interest="0.01699996" Kind="propagation" Navigation="org.eclipse.mylyn.core.model.edges.containment" OriginId="org.eclipse.mylyn.core.model.interest.propagation" StartDate="2012-07-18 13:23:24.371 CEST" StructureHandle="" StructureKind="java"/><InteractionEvent Delta="null" EndDate="2012-07-18 13:23:46.589 CEST" Interest="0.70000005" Kind="propagation" Navigation="org.eclipse.mylyn.core.model.edges.containment" OriginId="org.eclipse.mylyn.core.model.interest.propagation" StartDate="2012-07-18 13:23:46.589 CEST" StructureHandle="=org.eclipse.mylyn.monitor.ui/src&amp;lt;org.eclipse.mylyn.internal.monitor.ui" StructureKind="java"/><InteractionEvent Delta="null" EndDate="2012-07-18 13:23:29.428 CEST" Interest="1.0" Kind="propagation" Navigation="org.eclipse.mylyn.core.model.edges.containment" OriginId="org.eclipse.mylyn.core.model.interest.propagation" StartDate="2012-07-18 13:23:29.428 CEST" StructureHandle="=org.eclipse.mylyn.monitor.ui" StructureKind="resource"/><InteractionEvent Delta="null" EndDate="2012-07-18 13:23:56.147 CEST" Interest="1.0" Kind="propagation" Navigation="null" OriginId="org.eclipse.jdt.ui.CompilationUnitEditor" StartDate="2012-07-18 13:23:56.147 CEST" StructureHandle="/org.eclipse.mylyn.monitor.ui/src/org/eclipse/mylyn/internal/monitor/ui/ActivityContextManager.java" StructureKind="resource"/><InteractionEvent Delta="null" EndDate="2012-07-18 13:24:03.578 CEST" Interest="1.0" Kind="propagation" Navigation="org.eclipse.mylyn.core.model.edges.containment" OriginId="org.eclipse.mylyn.core.model.interest.propagation" StartDate="2012-07-18 13:24:03.578 CEST" StructureHandle="/org.eclipse.mylyn.monitor.ui/src/org/eclipse/mylyn/internal/monitor/ui" StructureKind="resource"/><InteractionEvent Delta="null" EndDate="2012-07-18 13:23:50.231 CEST" Interest="0.6999998" Kind="propagation" Navigation="org.eclipse.mylyn.core.model.edges.containment" OriginId="org.eclipse.mylyn.core.model.interest.propagation" StartDate="2012-07-18 13:23:50.231 CEST" StructureHandle="=org.eclipse.mylyn.monitor.ui/src&amp;lt;org.eclipse.mylyn.internal.monitor.ui{ActivityContextManager.java" StructureKind="java"/><InteractionEvent Delta="null" EndDate="2012-07-18 13:24:03.579 CEST" Interest="0.69999886" Kind="propagation" Navigation="org.eclipse.mylyn.core.model.edges.containment" OriginId="org.eclipse.mylyn.core.model.interest.propagation" StartDate="2012-07-18 13:24:03.579 CEST" StructureHandle="=org.eclipse.mylyn.monitor.ui/src&amp;lt;org.eclipse.mylyn.internal.monitor.ui" StructureKind="java"/><InteractionEvent Delta="null" EndDate="2012-07-18 13:23:29.416 CEST" Interest="1.0" Kind="propagation" Navigation="org.eclipse.mylyn.core.model.edges.containment" OriginId="org.eclipse.mylyn.core.model.interest.propagation" StartDate="2012-07-18 13:23:29.416 CEST" StructureHandle="=org.eclipse.mylyn.monitor.ui" StructureKind="resource"/><InteractionEvent Delta="null" EndDate="2012-07-18 13:24:03.582 CEST" Interest="1.0" Kind="propagation" Navigation="org.eclipse.mylyn.core.model.edges.containment" OriginId="org.eclipse.mylyn.core.model.interest.propagation" StartDate="2012-07-18 13:24:03.582 CEST" StructureHandle="/org.eclipse.mylyn.monitor.ui/src/org/eclipse/mylyn/internal/monitor/ui" StructureKind="resource"/><InteractionEvent Delta="null" EndDate="2012-07-18 13:23:53.914 CEST" Interest="4.7683716E-7" Kind="propagation" Navigation="org.eclipse.mylyn.core.model.edges.containment" OriginId="org.eclipse.mylyn.core.model.interest.propagation" StartDate="2012-07-18 13:23:53.914 CEST" StructureHandle="=org.eclipse.mylyn.monitor.ui/src" StructureKind="java"/><InteractionEvent Delta="null" EndDate="2012-07-18 13:23:56.10 CEST" Interest="1.0" Kind="propagation" Navigation="org.eclipse.mylyn.core.model.edges.containment" OriginId="org.eclipse.mylyn.core.model.interest.propagation" StartDate="2012-07-18 13:23:56.10 CEST" StructureHandle="/org.eclipse.mylyn.monitor.ui/src/org/eclipse/mylyn/internal/monitor/ui" StructureKind="resource"/><InteractionEvent Delta="null" EndDate="2012-07-18 13:23:30.31 CEST" Interest="0.43400013" Kind="propagation" Navigation="org.eclipse.mylyn.core.model.edges.containment" OriginId="org.eclipse.mylyn.core.model.interest.propagation" StartDate="2012-07-18 13:23:30.31 CEST" StructureHandle="=org.eclipse.mylyn.monitor.ui/src&amp;lt;org.eclipse.mylyn.internal.monitor.ui{ActivityContextManager.java" StructureKind="java"/><InteractionEvent Delta="null" EndDate="2012-07-18 13:23:24.378 CEST" Interest="4.7683716E-7" Kind="propagation" Navigation="org.eclipse.mylyn.core.model.edges.containment" OriginId="org.eclipse.mylyn.core.model.interest.propagation" StartDate="2012-07-18 13:23:24.378 CEST" StructureHandle="" StructureKind="java"/><InteractionEvent Delta="null" EndDate="2012-07-18 13:23:50.231 CEST" Interest="1.0000005" Kind="propagation" Navigation="org.eclipse.mylyn.core.model.edges.containment" OriginId="org.eclipse.mylyn.core.model.interest.propagation" StartDate="2012-07-18 13:23:50.231 CEST" StructureHandle="/org.eclipse.mylyn.monitor.ui/src" StructureKind="resource"/><InteractionEvent Delta="null" EndDate="2012-07-18 13:23:45.715 CEST" Interest="1.0" Kind="propagation" Navigation="org.eclipse.mylyn.core.model.edges.containment" OriginId="org.eclipse.mylyn.core.model.interest.propagation" StartDate="2012-07-18 13:23:45.715 CEST" StructureHandle="=org.eclipse.mylyn.monitor.ui" StructureKind="resource"/><InteractionEvent Delta="null" EndDate="2012-07-18 13:23:46.588 CEST" Interest="1.0" Kind="propagation" Navigation="org.eclipse.mylyn.core.model.edges.containment" OriginId="org.eclipse.mylyn.core.model.interest.propagation" StartDate="2012-07-18 13:23:46.588 CEST" StructureHandle="/org.eclipse.mylyn.monitor.ui/src" StructureKind="resource"/><InteractionEvent Delta="null" EndDate="2012-07-18 13:23:29.417 CEST" Interest="1.0" Kind="propagation" Navigation="org.eclipse.mylyn.core.model.edges.containment" OriginId="org.eclipse.mylyn.core.model.interest.propagation" StartDate="2012-07-18 13:23:29.417 CEST" StructureHandle="=org.eclipse.mylyn.monitor.ui/src" StructureKind="java"/><InteractionEvent Delta="null" EndDate="2012-07-18 13:23:50.756 CEST" Interest="1.0" Kind="propagation" Navigation="org.eclipse.mylyn.core.model.edges.containment" OriginId="org.eclipse.mylyn.core.model.interest.propagation" StartDate="2012-07-18 13:23:50.756 CEST" StructureHandle="=org.eclipse.mylyn.monitor.ui" StructureKind="resource"/><InteractionEvent Delta="null" EndDate="2012-07-18 13:23:45.715 CEST" Interest="1.0" Kind="propagation" Navigation="org.eclipse.mylyn.core.model.edges.containment" OriginId="org.eclipse.mylyn.core.model.interest.propagation" StartDate="2012-07-18 13:23:45.715 CEST" StructureHandle="/org.eclipse.mylyn.monitor.ui/src/org/eclipse/mylyn/internal/monitor/ui" StructureKind="resource"/><InteractionEvent Delta="null" EndDate="2012-07-18 13:24:03.582 CEST" Interest="1.0" Kind="propagation" Navigation="org.eclipse.mylyn.core.model.edges.containment" OriginId="org.eclipse.mylyn.core.model.interest.propagation" StartDate="2012-07-18 13:24:03.582 CEST" StructureHandle="=org.eclipse.mylyn.monitor.ui" StructureKind="resource"/></InteractionHistory>