<?xml version="1.0" encoding="UTF-8"?><InteractionHistory Id="https://bugs.eclipse.org/bugs-204495" Version="1"><InteractionEvent Delta="null" EndDate="2007-10-19 16:58:28.625 PDT" Interest="-2.6690001" Kind="manipulation" Navigation="null" OriginId="org.eclipse.mylyn.core.model.interest.decay" StartDate="2007-10-19 16:58:28.625 PDT" StructureHandle="=org.eclipse.mylyn.java.tests/src&amp;lt;org.eclipse.mylyn.java.tests{ContextManagerTest.java" StructureKind="java"/><InteractionEvent Delta="null" EndDate="2007-10-19 16:57:11.781 PDT" Interest="12.0" Kind="selection" Navigation="null" OriginId="org.eclipse.team.sync.views.SynchronizeView" StartDate="2007-10-19 16:12:46.687 PDT" StructureHandle="=org.eclipse.mylyn.java.tests/src&amp;lt;org.eclipse.mylyn.java.tests{ContextManagerTest.java" StructureKind="java"/><InteractionEvent Delta="null" EndDate="2007-10-19 16:29:08.765 PDT" Interest="2.0" Kind="edit" Navigation="null" OriginId="org.eclipse.jdt.ui.CompilationUnitEditor" StartDate="2007-10-19 16:29:08.375 PDT" StructureHandle="=org.eclipse.mylyn.java.tests/src&amp;lt;org.eclipse.mylyn.java.tests{ContextManagerTest.java" StructureKind="java"/><InteractionEvent Delta="null" EndDate="2007-10-19 16:57:05.546 PDT" Interest="58.14298" Kind="propagation" Navigation="org.eclipse.mylyn.core.model.edges.containment" OriginId="org.eclipse.mylyn.core.model.interest.propagation" StartDate="2007-10-19 16:12:52.625 PDT" StructureHandle="=org.eclipse.mylyn.java.tests/src&amp;lt;org.eclipse.mylyn.java.tests{ContextManagerTest.java" StructureKind="java"/><InteractionEvent Delta="null" EndDate="2007-10-19 16:58:28.625 PDT" Interest="-2.89" Kind="manipulation" Navigation="null" OriginId="org.eclipse.mylyn.core.model.interest.decay" StartDate="2007-10-19 16:58:28.625 PDT" StructureHandle="=org.eclipse.mylyn.resources.ui/src&amp;lt;org.eclipse.mylyn.internal.resources.ui{EditorInteractionMonitor.java[EditorInteractionMonitor" StructureKind="java"/><InteractionEvent Delta="null" EndDate="2007-10-19 16:12:05.31 PDT" Interest="1.0" Kind="propagation" Navigation="org.eclipse.mylyn.core.model.edges.containment" OriginId="org.eclipse.mylyn.core.model.interest.propagation" StartDate="2007-10-19 16:12:05.31 PDT" StructureHandle="=org.eclipse.mylyn.resources.ui/src&amp;lt;org.eclipse.mylyn.internal.resources.ui{EditorInteractionMonitor.java[EditorInteractionMonitor" StructureKind="java"/><InteractionEvent Delta="null" EndDate="2007-10-19 16:58:28.625 PDT" Interest="-1.4790001" Kind="manipulation" Navigation="null" OriginId="org.eclipse.mylyn.core.model.interest.decay" StartDate="2007-10-19 16:58:28.625 PDT" StructureHandle="=org.eclipse.mylyn.context.tests/src&amp;lt;org.eclipse.mylyn.context.tests{AbstractContextTest.java[AbstractContextTest" StructureKind="java"/><InteractionEvent Delta="null" EndDate="2007-10-19 16:57:02.343 PDT" Interest="3.0" Kind="selection" Navigation="null" OriginId="org.eclipse.jdt.ui.CompilationUnitEditor" StartDate="2007-10-19 16:28:43.531 PDT" StructureHandle="=org.eclipse.mylyn.context.tests/src&amp;lt;org.eclipse.mylyn.context.tests{AbstractContextTest.java[AbstractContextTest" StructureKind="java"/><InteractionEvent Delta="null" EndDate="2007-10-19 16:29:02.515 PDT" Interest="1.0" Kind="edit" Navigation="null" OriginId="org.eclipse.jdt.ui.CompilationUnitEditor" StartDate="2007-10-19 16:29:02.515 PDT" StructureHandle="=org.eclipse.mylyn.context.tests/src&amp;lt;org.eclipse.mylyn.context.tests{AbstractContextTest.java[AbstractContextTest" StructureKind="java"/><InteractionEvent Delta="null" EndDate="2007-10-19 16:58:28.625 PDT" Interest="-2.686" Kind="manipulation" Navigation="null" OriginId="org.eclipse.mylyn.core.model.interest.decay" StartDate="2007-10-19 16:58:28.625 PDT" StructureHandle="=org.eclipse.mylyn.context.core/src&amp;lt;org.eclipse.mylyn.context.core{AbstractRelationProvider.java" StructureKind="java"/><InteractionEvent Delta="null" EndDate="2007-10-19 16:12:34.484 PDT" Interest="1.0" Kind="propagation" Navigation="org.eclipse.mylyn.core.model.edges.containment" OriginId="org.eclipse.mylyn.core.model.interest.propagation" StartDate="2007-10-19 16:12:34.484 PDT" StructureHandle="=org.eclipse.mylyn.context.core/src&amp;lt;org.eclipse.mylyn.context.core{AbstractRelationProvider.java" StructureKind="java"/><InteractionEvent Delta="null" EndDate="2007-10-19 16:58:28.625 PDT" Interest="-3.3150003" Kind="manipulation" Navigation="null" OriginId="org.eclipse.mylyn.core.model.interest.decay" StartDate="2007-10-19 16:58:28.625 PDT" StructureHandle="=org.eclipse.mylyn.context.core" StructureKind="java"/><InteractionEvent Delta="null" EndDate="2007-10-19 16:56:47.921 PDT" Interest="4.111" Kind="manipulation" Navigation="null" OriginId="org.eclipse.mylyn.core.model.interest.decay.correction" StartDate="2007-10-19 16:07:03.468 PDT" StructureHandle="=org.eclipse.mylyn.context.core" StructureKind="java"/><InteractionEvent Delta="null" EndDate="2007-10-19 16:57:11.890 PDT" Interest="42.52899" Kind="propagation" Navigation="org.eclipse.mylyn.core.model.edges.containment" OriginId="org.eclipse.mylyn.core.model.interest.propagation" StartDate="2007-10-19 16:07:03.421 PDT" StructureHandle="=org.eclipse.mylyn.context.core" StructureKind="java"/><InteractionEvent Delta="null" EndDate="2007-10-19 16:58:28.625 PDT" Interest="-1.156" Kind="manipulation" Navigation="null" OriginId="org.eclipse.mylyn.core.model.interest.decay" StartDate="2007-10-19 16:58:28.625 PDT" StructureHandle="=org.eclipse.mylyn.java.tests/src&amp;lt;org.eclipse.mylyn.java.tests{ContextManagerTest.java[ContextManagerTest~testEventProcessWithObject" StructureKind="java"/><InteractionEvent Delta="null" EndDate="2007-10-19 16:57:03.78 PDT" Interest="6.0" Kind="selection" Navigation="null" OriginId="org.eclipse.jdt.ui.CompilationUnitEditor" StartDate="2007-10-19 16:29:23.343 PDT" StructureHandle="=org.eclipse.mylyn.java.tests/src&amp;lt;org.eclipse.mylyn.java.tests{ContextManagerTest.java[ContextManagerTest~testEventProcessWithObject" StructureKind="java"/><InteractionEvent Delta="null" EndDate="2007-10-19 16:57:05.546 PDT" Interest="39.0" Kind="edit" Navigation="null" OriginId="org.eclipse.jdt.ui.CompilationUnitEditor" StartDate="2007-10-19 16:29:36.796 PDT" StructureHandle="=org.eclipse.mylyn.java.tests/src&amp;lt;org.eclipse.mylyn.java.tests{ContextManagerTest.java[ContextManagerTest~testEventProcessWithObject" StructureKind="java"/><InteractionEvent Delta="null" EndDate="2007-10-19 16:58:28.625 PDT" Interest="-2.89" Kind="manipulation" Navigation="null" OriginId="org.eclipse.mylyn.core.model.interest.decay" StartDate="2007-10-19 16:58:28.625 PDT" StructureHandle="=org.eclipse.mylyn.resources.ui/src&amp;lt;org.eclipse.mylyn.internal.resources.ui" StructureKind="java"/><InteractionEvent Delta="null" EndDate="2007-10-19 16:12:13.437 PDT" Interest="1.136" Kind="manipulation" Navigation="null" OriginId="org.eclipse.mylyn.core.model.interest.decay.correction" StartDate="2007-10-19 16:12:13.437 PDT" StructureHandle="=org.eclipse.mylyn.resources.ui/src&amp;lt;org.eclipse.mylyn.internal.resources.ui" StructureKind="java"/><InteractionEvent Delta="null" EndDate="2007-10-19 16:12:13.437 PDT" Interest="2.0" Kind="propagation" Navigation="org.eclipse.mylyn.core.model.edges.containment" OriginId="org.eclipse.mylyn.core.model.interest.propagation" StartDate="2007-10-19 16:12:05.31 PDT" StructureHandle="=org.eclipse.mylyn.resources.ui/src&amp;lt;org.eclipse.mylyn.internal.resources.ui" StructureKind="java"/><InteractionEvent Delta="null" EndDate="2007-10-19 16:58:28.625 PDT" Interest="-3.2640002" Kind="manipulation" Navigation="null" OriginId="org.eclipse.mylyn.core.model.interest.decay" StartDate="2007-10-19 16:58:28.625 PDT" StructureHandle="=org.eclipse.mylyn.context.core/src&amp;lt;org.eclipse.mylyn.internal.context.core{InteractionContextManager.java[InteractionContextManager~processInteractionEvent~QKind;~QObject;~QIInteractionContext;~QString;" StructureKind="java"/><InteractionEvent Delta="null" EndDate="2007-10-19 16:08:39.203 PDT" Interest="3.0" Kind="selection" Navigation="null" OriginId="org.eclipse.jdt.ui.CompilationUnitEditor" StartDate="2007-10-19 16:07:07.546 PDT" StructureHandle="=org.eclipse.mylyn.context.core/src&amp;lt;org.eclipse.mylyn.internal.context.core{InteractionContextManager.java[InteractionContextManager~processInteractionEvent~QKind;~QObject;~QIInteractionContext;~QString;" StructureKind="java"/><InteractionEvent Delta="null" EndDate="2007-10-19 16:08:58.687 PDT" Interest="10.0" Kind="edit" Navigation="null" OriginId="org.eclipse.jdt.ui.CompilationUnitEditor" StartDate="2007-10-19 16:07:09.62 PDT" StructureHandle="=org.eclipse.mylyn.context.core/src&amp;lt;org.eclipse.mylyn.internal.context.core{InteractionContextManager.java[InteractionContextManager~processInteractionEvent~QKind;~QObject;~QIInteractionContext;~QString;" StructureKind="java"/><InteractionEvent Delta="null" EndDate="2007-10-19 16:07:08.234 PDT" Interest="210.0" Kind="manipulation" Navigation="null" OriginId="org.eclipse.mylyn.ui.interest.user" StartDate="2007-10-19 16:07:08.234 PDT" StructureHandle="=org.eclipse.mylyn.context.core/src&amp;lt;org.eclipse.mylyn.internal.context.core{InteractionContextManager.java[InteractionContextManager~processInteractionEvent~QKind;~QObject;~QIInteractionContext;~QString;" StructureKind="java"/><InteractionEvent Delta="null" EndDate="2007-10-19 16:58:28.625 PDT" Interest="-3.213" Kind="manipulation" Navigation="null" OriginId="org.eclipse.mylyn.core.model.interest.decay" StartDate="2007-10-19 16:58:28.625 PDT" StructureHandle="=org.eclipse.mylyn.context.core/src&amp;lt;org.eclipse.mylyn.internal.context.core{InteractionContextManager.java[InteractionContextManager~internalProcessInteractionEvent~QInteractionEvent;~QIInteractionContext;~Z" StructureKind="java"/><InteractionEvent Delta="null" EndDate="2007-10-19 16:07:13.171 PDT" Interest="1.0" Kind="selection" Navigation="null" OriginId="org.eclipse.jdt.ui.CompilationUnitEditor" StartDate="2007-10-19 16:07:13.171 PDT" StructureHandle="=org.eclipse.mylyn.context.core/src&amp;lt;org.eclipse.mylyn.internal.context.core{InteractionContextManager.java[InteractionContextManager~internalProcessInteractionEvent~QInteractionEvent;~QIInteractionContext;~Z" StructureKind="java"/><InteractionEvent Delta="null" EndDate="2007-10-19 16:07:13.437 PDT" Interest="210.0" Kind="manipulation" Navigation="null" OriginId="org.eclipse.mylyn.ui.interest.user" StartDate="2007-10-19 16:07:13.437 PDT" StructureHandle="=org.eclipse.mylyn.context.core/src&amp;lt;org.eclipse.mylyn.internal.context.core{InteractionContextManager.java[InteractionContextManager~internalProcessInteractionEvent~QInteractionEvent;~QIInteractionContext;~Z" StructureKind="java"/><InteractionEvent Delta="null" EndDate="2007-10-19 16:58:28.625 PDT" Interest="-2.584" Kind="manipulation" Navigation="null" OriginId="org.eclipse.mylyn.core.model.interest.decay" StartDate="2007-10-19 16:58:28.625 PDT" StructureHandle="=org.eclipse.mylyn.java.tests/src&amp;lt;org.eclipse.mylyn.java.tests{ContextManagerTest.java[ContextManagerTest~testLandmarks" StructureKind="java"/><InteractionEvent Delta="null" EndDate="2007-10-19 16:55:42.171 PDT" Interest="6.0" Kind="selection" Navigation="null" OriginId="org.eclipse.jdt.ui.CompilationUnitEditor" StartDate="2007-10-19 16:13:15.593 PDT" StructureHandle="=org.eclipse.mylyn.java.tests/src&amp;lt;org.eclipse.mylyn.java.tests{ContextManagerTest.java[ContextManagerTest~testLandmarks" StructureKind="java"/><InteractionEvent Delta="null" EndDate="2007-10-19 16:55:47.203 PDT" Interest="8.0" Kind="edit" Navigation="null" OriginId="org.eclipse.jdt.ui.CompilationUnitEditor" StartDate="2007-10-19 16:29:26.546 PDT" StructureHandle="=org.eclipse.mylyn.java.tests/src&amp;lt;org.eclipse.mylyn.java.tests{ContextManagerTest.java[ContextManagerTest~testLandmarks" StructureKind="java"/><InteractionEvent Delta="null" EndDate="2007-10-19 16:29:22.187 PDT" Interest="0.39400005" Kind="manipulation" Navigation="null" OriginId="org.eclipse.mylyn.core.model.interest.decay.correction" StartDate="2007-10-19 16:29:22.187 PDT" StructureHandle="=org.eclipse.mylyn.java.tests/src&amp;lt;org.eclipse.mylyn.java.tests{ContextManagerTest.java[ContextManagerTest~testLandmarks" StructureKind="java"/><InteractionEvent Delta="null" EndDate="2007-10-19 16:58:28.625 PDT" Interest="-2.7540002" Kind="manipulation" Navigation="null" OriginId="org.eclipse.mylyn.core.model.interest.decay" StartDate="2007-10-19 16:58:28.625 PDT" StructureHandle="=org.eclipse.mylyn.resources.ui/src&amp;lt;org.eclipse.mylyn.internal.resources.ui{ResourceInterestUpdater.java" StructureKind="java"/><InteractionEvent Delta="null" EndDate="2007-10-19 16:12:13.437 PDT" Interest="1.0" Kind="propagation" Navigation="org.eclipse.mylyn.core.model.edges.containment" OriginId="org.eclipse.mylyn.core.model.interest.propagation" StartDate="2007-10-19 16:12:13.437 PDT" StructureHandle="=org.eclipse.mylyn.resources.ui/src&amp;lt;org.eclipse.mylyn.internal.resources.ui{ResourceInterestUpdater.java" StructureKind="java"/><InteractionEvent Delta="null" EndDate="2007-10-19 16:58:28.625 PDT" Interest="-2.7540002" Kind="manipulation" Navigation="null" OriginId="org.eclipse.mylyn.core.model.interest.decay" StartDate="2007-10-19 16:58:28.625 PDT" StructureHandle="=org.eclipse.mylyn.resources.ui/src&amp;lt;org.eclipse.mylyn.internal.resources.ui{ResourceInterestUpdater.java[ResourceInterestUpdater" StructureKind="java"/><InteractionEvent Delta="null" EndDate="2007-10-19 16:12:13.437 PDT" Interest="1.0" Kind="propagation" Navigation="org.eclipse.mylyn.core.model.edges.containment" OriginId="org.eclipse.mylyn.core.model.interest.propagation" StartDate="2007-10-19 16:12:13.437 PDT" StructureHandle="=org.eclipse.mylyn.resources.ui/src&amp;lt;org.eclipse.mylyn.internal.resources.ui{ResourceInterestUpdater.java[ResourceInterestUpdater" StructureKind="java"/><InteractionEvent Delta="null" EndDate="2007-10-19 16:58:28.625 PDT" Interest="-2.686" Kind="manipulation" Navigation="null" OriginId="org.eclipse.mylyn.core.model.interest.decay" StartDate="2007-10-19 16:58:28.625 PDT" StructureHandle="=org.eclipse.mylyn.context.core/src&amp;lt;org.eclipse.mylyn.context.core" StructureKind="java"/><InteractionEvent Delta="null" EndDate="2007-10-19 16:12:34.484 PDT" Interest="1.0" Kind="propagation" Navigation="org.eclipse.mylyn.core.model.edges.containment" OriginId="org.eclipse.mylyn.core.model.interest.propagation" StartDate="2007-10-19 16:12:34.484 PDT" StructureHandle="=org.eclipse.mylyn.context.core/src&amp;lt;org.eclipse.mylyn.context.core" StructureKind="java"/><InteractionEvent Delta="null" EndDate="2007-10-19 16:58:28.625 PDT" Interest="-1.5130001" Kind="manipulation" Navigation="null" OriginId="org.eclipse.mylyn.core.model.interest.decay" StartDate="2007-10-19 16:58:28.625 PDT" StructureHandle="=org.eclipse.mylyn.context.tests" StructureKind="java"/><InteractionEvent Delta="null" EndDate="2007-10-19 16:57:02.312 PDT" Interest="2.394" Kind="manipulation" Navigation="null" OriginId="org.eclipse.mylyn.core.model.interest.decay.correction" StartDate="2007-10-19 16:28:42.656 PDT" StructureHandle="=org.eclipse.mylyn.context.tests" StructureKind="java"/><InteractionEvent Delta="null" EndDate="2007-10-19 16:57:02.343 PDT" Interest="13.369001" Kind="propagation" Navigation="org.eclipse.mylyn.core.model.edges.containment" OriginId="org.eclipse.mylyn.core.model.interest.propagation" StartDate="2007-10-19 16:28:42.578 PDT" StructureHandle="=org.eclipse.mylyn.context.tests" StructureKind="java"/><InteractionEvent Delta="null" EndDate="2007-10-19 16:58:28.625 PDT" Interest="-2.618" Kind="manipulation" Navigation="null" OriginId="org.eclipse.mylyn.core.model.interest.decay" StartDate="2007-10-19 16:58:28.625 PDT" StructureHandle="=org.eclipse.mylyn.java.tests/src&amp;lt;org.eclipse.mylyn.java.tests{ContextManagerTest.java[ContextManagerTest~testHandleToPathConversion" StructureKind="java"/><InteractionEvent Delta="null" EndDate="2007-10-19 16:12:55.187 PDT" Interest="1.0" Kind="selection" Navigation="null" OriginId="org.eclipse.jdt.ui.CompilationUnitEditor" StartDate="2007-10-19 16:12:55.187 PDT" StructureHandle="=org.eclipse.mylyn.java.tests/src&amp;lt;org.eclipse.mylyn.java.tests{ContextManagerTest.java[ContextManagerTest~testHandleToPathConversion" StructureKind="java"/><InteractionEvent Delta="null" EndDate="2007-10-19 16:58:28.625 PDT" Interest="-1.5130001" Kind="manipulation" Navigation="null" OriginId="org.eclipse.mylyn.core.model.interest.decay" StartDate="2007-10-19 16:58:28.625 PDT" StructureHandle="=org.eclipse.mylyn.context.tests/src&amp;lt;org.eclipse.mylyn.context.tests{AbstractContextTest.java" StructureKind="java"/><InteractionEvent Delta="null" EndDate="2007-10-19 16:57:02.312 PDT" Interest="5.0" Kind="selection" Navigation="null" OriginId="org.eclipse.jdt.ui.CompilationUnitEditor" StartDate="2007-10-19 16:28:42.578 PDT" StructureHandle="=org.eclipse.mylyn.context.tests/src&amp;lt;org.eclipse.mylyn.context.tests{AbstractContextTest.java" StructureKind="java"/><InteractionEvent Delta="null" EndDate="2007-10-19 16:57:02.343 PDT" Interest="3.649" Kind="propagation" Navigation="org.eclipse.mylyn.core.model.edges.containment" OriginId="org.eclipse.mylyn.core.model.interest.propagation" StartDate="2007-10-19 16:28:43.531 PDT" StructureHandle="=org.eclipse.mylyn.context.tests/src&amp;lt;org.eclipse.mylyn.context.tests{AbstractContextTest.java" StructureKind="java"/><InteractionEvent Delta="null" EndDate="2007-10-19 16:58:28.625 PDT" Interest="-2.6690001" Kind="manipulation" Navigation="null" OriginId="org.eclipse.mylyn.core.model.interest.decay" StartDate="2007-10-19 16:58:28.625 PDT" StructureHandle="=org.eclipse.mylyn.java.tests/src" StructureKind="java"/><InteractionEvent Delta="null" EndDate="2007-10-19 16:54:45.125 PDT" Interest="3.023" Kind="manipulation" Navigation="null" OriginId="org.eclipse.mylyn.core.model.interest.decay.correction" StartDate="2007-10-19 16:12:52.62 PDT" StructureHandle="=org.eclipse.mylyn.java.tests/src" StructureKind="java"/><InteractionEvent Delta="null" EndDate="2007-10-19 16:57:11.781 PDT" Interest="124.06595" Kind="propagation" Navigation="org.eclipse.mylyn.core.model.edges.containment" OriginId="org.eclipse.mylyn.core.model.interest.propagation" StartDate="2007-10-19 16:12:46.687 PDT" StructureHandle="=org.eclipse.mylyn.java.tests/src" StructureKind="java"/><InteractionEvent Delta="null" EndDate="2007-10-19 16:58:28.625 PDT" Interest="-2.89" Kind="manipulation" Navigation="null" OriginId="org.eclipse.mylyn.core.model.interest.decay" StartDate="2007-10-19 16:58:28.625 PDT" StructureHandle="=org.eclipse.mylyn.resources.ui" StructureKind="java"/><InteractionEvent Delta="null" EndDate="2007-10-19 16:12:13.437 PDT" Interest="1.136" Kind="manipulation" Navigation="null" OriginId="org.eclipse.mylyn.core.model.interest.decay.correction" StartDate="2007-10-19 16:12:13.437 PDT" StructureHandle="=org.eclipse.mylyn.resources.ui" StructureKind="java"/><InteractionEvent Delta="null" EndDate="2007-10-19 16:12:13.437 PDT" Interest="4.2720003" Kind="propagation" Navigation="org.eclipse.mylyn.core.model.edges.containment" OriginId="org.eclipse.mylyn.core.model.interest.propagation" StartDate="2007-10-19 16:12:05.31 PDT" StructureHandle="=org.eclipse.mylyn.resources.ui" StructureKind="java"/><InteractionEvent Delta="null" EndDate="2007-10-19 16:58:28.625 PDT" Interest="-3.111" Kind="manipulation" Navigation="null" OriginId="org.eclipse.mylyn.core.model.interest.decay" StartDate="2007-10-19 16:58:28.625 PDT" StructureHandle="=org.eclipse.mylyn.context.core/src&amp;lt;org.eclipse.mylyn.internal.context.core{InteractionContextManager.java[InteractionContextManager~processInteractionEvent~QInteractionEvent;~Z" StructureKind="java"/><InteractionEvent Delta="null" EndDate="2007-10-19 16:12:07.609 PDT" Interest="3.0" Kind="selection" Navigation="null" OriginId="org.eclipse.jdt.ui.CompilationUnitEditor" StartDate="2007-10-19 16:08:13.187 PDT" StructureHandle="=org.eclipse.mylyn.context.core/src&amp;lt;org.eclipse.mylyn.internal.context.core{InteractionContextManager.java[InteractionContextManager~processInteractionEvent~QInteractionEvent;~Z" StructureKind="java"/><InteractionEvent Delta="null" EndDate="2007-10-19 16:12:08.171 PDT" Interest="1.0" Kind="edit" Navigation="null" OriginId="org.eclipse.jdt.ui.CompilationUnitEditor" StartDate="2007-10-19 16:12:08.171 PDT" StructureHandle="=org.eclipse.mylyn.context.core/src&amp;lt;org.eclipse.mylyn.internal.context.core{InteractionContextManager.java[InteractionContextManager~processInteractionEvent~QInteractionEvent;~Z" StructureKind="java"/><InteractionEvent Delta="null" EndDate="2007-10-19 16:58:28.625 PDT" Interest="-1.5130001" Kind="manipulation" Navigation="null" OriginId="org.eclipse.mylyn.core.model.interest.decay" StartDate="2007-10-19 16:58:28.625 PDT" StructureHandle="=org.eclipse.mylyn.context.tests/src&amp;lt;org.eclipse.mylyn.context.tests" StructureKind="java"/><InteractionEvent Delta="null" EndDate="2007-10-19 16:57:02.312 PDT" Interest="2.394" Kind="manipulation" Navigation="null" OriginId="org.eclipse.mylyn.core.model.interest.decay.correction" StartDate="2007-10-19 16:28:42.656 PDT" StructureHandle="=org.eclipse.mylyn.context.tests/src&amp;lt;org.eclipse.mylyn.context.tests" StructureKind="java"/><InteractionEvent Delta="null" EndDate="2007-10-19 16:57:02.343 PDT" Interest="8.581001" Kind="propagation" Navigation="org.eclipse.mylyn.core.model.edges.containment" OriginId="org.eclipse.mylyn.core.model.interest.propagation" StartDate="2007-10-19 16:28:42.578 PDT" StructureHandle="=org.eclipse.mylyn.context.tests/src&amp;lt;org.eclipse.mylyn.context.tests" StructureKind="java"/><InteractionEvent Delta="null" EndDate="2007-10-19 16:58:28.625 PDT" Interest="-2.89" Kind="manipulation" Navigation="null" OriginId="org.eclipse.mylyn.core.model.interest.decay" StartDate="2007-10-19 16:58:28.625 PDT" StructureHandle="=org.eclipse.mylyn.resources.ui/src" StructureKind="java"/><InteractionEvent Delta="null" EndDate="2007-10-19 16:12:13.437 PDT" Interest="1.136" Kind="manipulation" Navigation="null" OriginId="org.eclipse.mylyn.core.model.interest.decay.correction" StartDate="2007-10-19 16:12:13.437 PDT" StructureHandle="=org.eclipse.mylyn.resources.ui/src" StructureKind="java"/><InteractionEvent Delta="null" EndDate="2007-10-19 16:12:13.437 PDT" Interest="3.1360002" Kind="propagation" Navigation="org.eclipse.mylyn.core.model.edges.containment" OriginId="org.eclipse.mylyn.core.model.interest.propagation" StartDate="2007-10-19 16:12:05.31 PDT" StructureHandle="=org.eclipse.mylyn.resources.ui/src" StructureKind="java"/><InteractionEvent Delta="null" EndDate="2007-10-19 16:58:28.625 PDT" Interest="-2.8390002" Kind="manipulation" Navigation="null" OriginId="org.eclipse.mylyn.core.model.interest.decay" StartDate="2007-10-19 16:58:28.625 PDT" StructureHandle="=org.eclipse.mylyn.context.core/src&amp;lt;org.eclipse.mylyn.internal.context.core{InteractionContextManager.java[InteractionContextManager~processInteractionEvents~QList\&amp;lt;QInteractionEvent;&amp;gt;;~Z" StructureKind="java"/><InteractionEvent Delta="null" EndDate="2007-10-19 16:12:16.984 PDT" Interest="3.0" Kind="selection" Navigation="null" OriginId="org.eclipse.jdt.ui.CompilationUnitEditor" StartDate="2007-10-19 16:12:09.718 PDT" StructureHandle="=org.eclipse.mylyn.context.core/src&amp;lt;org.eclipse.mylyn.internal.context.core{InteractionContextManager.java[InteractionContextManager~processInteractionEvents~QList\&amp;lt;QInteractionEvent;&amp;gt;;~Z" StructureKind="java"/><InteractionEvent Delta="null" EndDate="2007-10-19 16:12:11.812 PDT" Interest="1.0" Kind="edit" Navigation="null" OriginId="org.eclipse.jdt.ui.CompilationUnitEditor" StartDate="2007-10-19 16:12:11.812 PDT" StructureHandle="=org.eclipse.mylyn.context.core/src&amp;lt;org.eclipse.mylyn.internal.context.core{InteractionContextManager.java[InteractionContextManager~processInteractionEvents~QList\&amp;lt;QInteractionEvent;&amp;gt;;~Z" StructureKind="java"/><InteractionEvent Delta="null" EndDate="2007-10-19 16:58:28.625 PDT" Interest="-2.89" Kind="manipulation" Navigation="null" OriginId="org.eclipse.mylyn.core.model.interest.decay" StartDate="2007-10-19 16:58:28.625 PDT" StructureHandle="=org.eclipse.mylyn.resources.ui/src&amp;lt;org.eclipse.mylyn.internal.resources.ui{EditorInteractionMonitor.java[EditorInteractionMonitor~editorBroughtToTop~QIEditorPart;" StructureKind="java"/><InteractionEvent Delta="null" EndDate="2007-10-19 16:12:05.31 PDT" Interest="1.0" Kind="selection" Navigation="null" OriginId="org.eclipse.search.ui.views.SearchView" StartDate="2007-10-19 16:12:05.31 PDT" StructureHandle="=org.eclipse.mylyn.resources.ui/src&amp;lt;org.eclipse.mylyn.internal.resources.ui{EditorInteractionMonitor.java[EditorInteractionMonitor~editorBroughtToTop~QIEditorPart;" StructureKind="java"/><InteractionEvent Delta="null" EndDate="2007-10-19 16:58:28.625 PDT" Interest="-3.3150003" Kind="manipulation" Navigation="null" OriginId="org.eclipse.mylyn.core.model.interest.decay" StartDate="2007-10-19 16:58:28.625 PDT" StructureHandle="=org.eclipse.mylyn.context.core/src&amp;lt;org.eclipse.mylyn.internal.context.core" StructureKind="java"/><InteractionEvent Delta="null" EndDate="2007-10-19 16:56:47.921 PDT" Interest="4.111" Kind="manipulation" Navigation="null" OriginId="org.eclipse.mylyn.core.model.interest.decay.correction" StartDate="2007-10-19 16:07:03.468 PDT" StructureHandle="=org.eclipse.mylyn.context.core/src&amp;lt;org.eclipse.mylyn.internal.context.core" StructureKind="java"/><InteractionEvent Delta="null" EndDate="2007-10-19 16:57:11.890 PDT" Interest="33.30699" Kind="propagation" Navigation="org.eclipse.mylyn.core.model.edges.containment" OriginId="org.eclipse.mylyn.core.model.interest.propagation" StartDate="2007-10-19 16:07:03.421 PDT" StructureHandle="=org.eclipse.mylyn.context.core/src&amp;lt;org.eclipse.mylyn.internal.context.core" StructureKind="java"/><InteractionEvent Delta="null" EndDate="2007-10-19 16:58:28.625 PDT" Interest="-2.414" Kind="manipulation" Navigation="null" OriginId="org.eclipse.mylyn.core.model.interest.decay" StartDate="2007-10-19 16:58:28.625 PDT" StructureHandle="=org.eclipse.mylyn.java.tests/src&amp;lt;org.eclipse.mylyn.java.tests{ContentSpecificContextTest.java[ContentSpecificContextTest~testEventProcessing" StructureKind="java"/><InteractionEvent Delta="null" EndDate="2007-10-19 16:29:17.171 PDT" Interest="6.0" Kind="selection" Navigation="null" OriginId="org.eclipse.jdt.ui.CompilationUnitEditor" StartDate="2007-10-19 16:14:06.187 PDT" StructureHandle="=org.eclipse.mylyn.java.tests/src&amp;lt;org.eclipse.mylyn.java.tests{ContentSpecificContextTest.java[ContentSpecificContextTest~testEventProcessing" StructureKind="java"/><InteractionEvent Delta="null" EndDate="2007-10-19 16:25:54.656 PDT" Interest="2.0" Kind="edit" Navigation="null" OriginId="org.eclipse.jdt.ui.CompilationUnitEditor" StartDate="2007-10-19 16:14:42.843 PDT" StructureHandle="=org.eclipse.mylyn.java.tests/src&amp;lt;org.eclipse.mylyn.java.tests{ContentSpecificContextTest.java[ContentSpecificContextTest~testEventProcessing" StructureKind="java"/><InteractionEvent Delta="null" EndDate="2007-10-19 16:58:28.625 PDT" Interest="-3.2810001" Kind="manipulation" Navigation="null" OriginId="org.eclipse.mylyn.core.model.interest.decay" StartDate="2007-10-19 16:58:28.625 PDT" StructureHandle="=org.eclipse.mylyn.context.core/src&amp;lt;org.eclipse.mylyn.internal.context.core{InteractionContextManager.java[InteractionContextManager" StructureKind="java"/><InteractionEvent Delta="null" EndDate="2007-10-19 16:12:03.453 PDT" Interest="2.0" Kind="selection" Navigation="null" OriginId="org.eclipse.jdt.ui.CompilationUnitEditor" StartDate="2007-10-19 16:07:04.78 PDT" StructureHandle="=org.eclipse.mylyn.context.core/src&amp;lt;org.eclipse.mylyn.internal.context.core{InteractionContextManager.java[InteractionContextManager" StructureKind="java"/><InteractionEvent Delta="null" EndDate="2007-10-19 16:12:33.562 PDT" Interest="25.408989" Kind="propagation" Navigation="org.eclipse.mylyn.core.model.edges.containment" OriginId="org.eclipse.mylyn.core.model.interest.propagation" StartDate="2007-10-19 16:07:07.546 PDT" StructureHandle="=org.eclipse.mylyn.context.core/src&amp;lt;org.eclipse.mylyn.internal.context.core{InteractionContextManager.java[InteractionContextManager" StructureKind="java"/><InteractionEvent Delta="null" EndDate="2007-10-19 16:58:28.625 PDT" Interest="-2.6690001" Kind="manipulation" Navigation="null" OriginId="org.eclipse.mylyn.core.model.interest.decay" StartDate="2007-10-19 16:58:28.625 PDT" StructureHandle="=org.eclipse.mylyn.java.tests/src&amp;lt;org.eclipse.mylyn.java.tests" StructureKind="java"/><InteractionEvent Delta="null" EndDate="2007-10-19 16:54:45.125 PDT" Interest="3.023" Kind="manipulation" Navigation="null" OriginId="org.eclipse.mylyn.core.model.interest.decay.correction" StartDate="2007-10-19 16:12:52.62 PDT" StructureHandle="=org.eclipse.mylyn.java.tests/src&amp;lt;org.eclipse.mylyn.java.tests" StructureKind="java"/><InteractionEvent Delta="null" EndDate="2007-10-19 16:57:11.781 PDT" Interest="120.648964" Kind="propagation" Navigation="org.eclipse.mylyn.core.model.edges.containment" OriginId="org.eclipse.mylyn.core.model.interest.propagation" StartDate="2007-10-19 16:12:46.687 PDT" StructureHandle="=org.eclipse.mylyn.java.tests/src&amp;lt;org.eclipse.mylyn.java.tests" StructureKind="java"/><InteractionEvent Delta="null" EndDate="2007-10-19 16:58:28.625 PDT" Interest="-3.3150003" Kind="manipulation" Navigation="null" OriginId="org.eclipse.mylyn.core.model.interest.decay" StartDate="2007-10-19 16:58:28.625 PDT" StructureHandle="=org.eclipse.mylyn.context.core/src" StructureKind="java"/><InteractionEvent Delta="null" EndDate="2007-10-19 16:56:47.921 PDT" Interest="4.111" Kind="manipulation" Navigation="null" OriginId="org.eclipse.mylyn.core.model.interest.decay.correction" StartDate="2007-10-19 16:07:03.468 PDT" StructureHandle="=org.eclipse.mylyn.context.core/src" StructureKind="java"/><InteractionEvent Delta="null" EndDate="2007-10-19 16:57:11.890 PDT" Interest="38.417988" Kind="propagation" Navigation="org.eclipse.mylyn.core.model.edges.containment" OriginId="org.eclipse.mylyn.core.model.interest.propagation" StartDate="2007-10-19 16:07:03.421 PDT" StructureHandle="=org.eclipse.mylyn.context.core/src" StructureKind="java"/><InteractionEvent Delta="null" EndDate="2007-10-19 16:58:28.625 PDT" Interest="-2.414" Kind="manipulation" Navigation="null" OriginId="org.eclipse.mylyn.core.model.interest.decay" StartDate="2007-10-19 16:58:28.625 PDT" StructureHandle="=org.eclipse.mylyn.java.tests/src&amp;lt;org.eclipse.mylyn.java.tests{ContentSpecificContextTest.java[ContentSpecificContextTest" StructureKind="java"/><InteractionEvent Delta="null" EndDate="2007-10-19 16:29:10.343 PDT" Interest="3.0" Kind="selection" Navigation="null" OriginId="org.eclipse.jdt.ui.CompilationUnitEditor" StartDate="2007-10-19 16:28:42.187 PDT" StructureHandle="=org.eclipse.mylyn.java.tests/src&amp;lt;org.eclipse.mylyn.java.tests{ContentSpecificContextTest.java[ContentSpecificContextTest" StructureKind="java"/><InteractionEvent Delta="null" EndDate="2007-10-19 16:29:16.218 PDT" Interest="2.0" Kind="edit" Navigation="null" OriginId="org.eclipse.jdt.ui.CompilationUnitEditor" StartDate="2007-10-19 16:29:14.812 PDT" StructureHandle="=org.eclipse.mylyn.java.tests/src&amp;lt;org.eclipse.mylyn.java.tests{ContentSpecificContextTest.java[ContentSpecificContextTest" StructureKind="java"/><InteractionEvent Delta="null" EndDate="2007-10-19 16:14:15.812 PDT" Interest="1.017" Kind="manipulation" Navigation="null" OriginId="org.eclipse.mylyn.core.model.interest.decay.correction" StartDate="2007-10-19 16:14:15.812 PDT" StructureHandle="=org.eclipse.mylyn.java.tests/src&amp;lt;org.eclipse.mylyn.java.tests{ContentSpecificContextTest.java[ContentSpecificContextTest" StructureKind="java"/><InteractionEvent Delta="null" EndDate="2007-10-19 16:29:17.171 PDT" Interest="35.72" Kind="propagation" Navigation="org.eclipse.mylyn.core.model.edges.containment" OriginId="org.eclipse.mylyn.core.model.interest.propagation" StartDate="2007-10-19 16:14:06.187 PDT" StructureHandle="=org.eclipse.mylyn.java.tests/src&amp;lt;org.eclipse.mylyn.java.tests{ContentSpecificContextTest.java[ContentSpecificContextTest" StructureKind="java"/><InteractionEvent Delta="null" EndDate="2007-10-19 16:58:28.625 PDT" Interest="-2.686" Kind="manipulation" Navigation="null" OriginId="org.eclipse.mylyn.core.model.interest.decay" StartDate="2007-10-19 16:58:28.625 PDT" StructureHandle="=org.eclipse.mylyn.context.core/src&amp;lt;org.eclipse.mylyn.context.core{AbstractRelationProvider.java[AbstractRelationProvider~incrementInterest~QIInteractionElement;~QString;~QString;~I" StructureKind="java"/><InteractionEvent Delta="null" EndDate="2007-10-19 16:12:34.484 PDT" Interest="1.0" Kind="selection" Navigation="null" OriginId="org.eclipse.search.ui.views.SearchView" StartDate="2007-10-19 16:12:34.484 PDT" StructureHandle="=org.eclipse.mylyn.context.core/src&amp;lt;org.eclipse.mylyn.context.core{AbstractRelationProvider.java[AbstractRelationProvider~incrementInterest~QIInteractionElement;~QString;~QString;~I" StructureKind="java"/><InteractionEvent Delta="null" EndDate="2007-10-19 16:58:28.625 PDT" Interest="-2.6690001" Kind="manipulation" Navigation="null" OriginId="org.eclipse.mylyn.core.model.interest.decay" StartDate="2007-10-19 16:58:28.625 PDT" StructureHandle="=org.eclipse.mylyn.java.tests" StructureKind="java"/><InteractionEvent Delta="null" EndDate="2007-10-19 16:54:45.125 PDT" Interest="3.023" Kind="manipulation" Navigation="null" OriginId="org.eclipse.mylyn.core.model.interest.decay.correction" StartDate="2007-10-19 16:12:52.62 PDT" StructureHandle="=org.eclipse.mylyn.java.tests" StructureKind="java"/><InteractionEvent Delta="null" EndDate="2007-10-19 16:57:11.781 PDT" Interest="127.48295" Kind="propagation" Navigation="org.eclipse.mylyn.core.model.edges.containment" OriginId="org.eclipse.mylyn.core.model.interest.propagation" StartDate="2007-10-19 16:12:46.687 PDT" StructureHandle="=org.eclipse.mylyn.java.tests" StructureKind="java"/><InteractionEvent Delta="null" EndDate="2007-10-19 16:58:28.625 PDT" Interest="-0.71400005" Kind="manipulation" Navigation="null" OriginId="org.eclipse.mylyn.core.model.interest.decay" StartDate="2007-10-19 16:58:28.625 PDT" StructureHandle="=org.eclipse.mylyn.context.ui/src&amp;lt;org.eclipse.mylyn.internal.context.ui{BrowseFilteredListener.java" StructureKind="java"/><InteractionEvent Delta="null" EndDate="2007-10-19 16:32:06.171 PDT" Interest="1.0" Kind="prediction" Navigation="null" OriginId="org.eclipse.mylyn.ide.resource.interest.updater" StartDate="2007-10-19 16:32:06.171 PDT" StructureHandle="=org.eclipse.mylyn.context.ui/src&amp;lt;org.eclipse.mylyn.internal.context.ui{BrowseFilteredListener.java" StructureKind="java"/><InteractionEvent Delta="null" EndDate="2007-10-19 16:58:28.625 PDT" Interest="-2.7710001" Kind="manipulation" Navigation="null" OriginId="org.eclipse.mylyn.core.model.interest.decay" StartDate="2007-10-19 16:58:28.625 PDT" StructureHandle="=org.eclipse.mylyn.context.core/src&amp;lt;org.eclipse.mylyn.internal.context.core{InteractionContextManager.java[InteractionContextManager~processInteractionEvent~QInteractionEvent;~Z~Z" StructureKind="java"/><InteractionEvent Delta="null" EndDate="2007-10-19 16:12:16.406 PDT" Interest="2.0" Kind="selection" Navigation="null" OriginId="org.eclipse.jdt.ui.CompilationUnitEditor" StartDate="2007-10-19 16:12:13.234 PDT" StructureHandle="=org.eclipse.mylyn.context.core/src&amp;lt;org.eclipse.mylyn.internal.context.core{InteractionContextManager.java[InteractionContextManager~processInteractionEvent~QInteractionEvent;~Z~Z" StructureKind="java"/><InteractionEvent Delta="null" EndDate="2007-10-19 16:58:28.625 PDT" Interest="-2.8220003" Kind="manipulation" Navigation="null" OriginId="org.eclipse.mylyn.core.model.interest.decay" StartDate="2007-10-19 16:58:28.625 PDT" StructureHandle="=org.eclipse.mylyn.context.core/src&amp;lt;org.eclipse.mylyn.internal.context.core{InteractionContextManager.java[InteractionContextManager~addErrorPredictedInterest~QString;~QString;~Z" StructureKind="java"/><InteractionEvent Delta="null" EndDate="2007-10-19 16:12:09.890 PDT" Interest="1.0" Kind="selection" Navigation="null" OriginId="org.eclipse.search.ui.views.SearchView" StartDate="2007-10-19 16:12:09.890 PDT" StructureHandle="=org.eclipse.mylyn.context.core/src&amp;lt;org.eclipse.mylyn.internal.context.core{InteractionContextManager.java[InteractionContextManager~addErrorPredictedInterest~QString;~QString;~Z" StructureKind="java"/><InteractionEvent Delta="null" EndDate="2007-10-19 16:58:28.625 PDT" Interest="-2.4310002" Kind="manipulation" Navigation="null" OriginId="org.eclipse.mylyn.core.model.interest.decay" StartDate="2007-10-19 16:58:28.625 PDT" StructureHandle="=org.eclipse.mylyn.java.tests/src&amp;lt;org.eclipse.mylyn.java.tests{ContentSpecificContextTest.java" StructureKind="java"/><InteractionEvent Delta="null" EndDate="2007-10-19 16:56:58.125 PDT" Interest="8.0" Kind="selection" Navigation="null" OriginId="org.eclipse.team.sync.views.SynchronizeView" StartDate="2007-10-19 16:14:05.593 PDT" StructureHandle="=org.eclipse.mylyn.java.tests/src&amp;lt;org.eclipse.mylyn.java.tests{ContentSpecificContextTest.java" StructureKind="java"/><InteractionEvent Delta="null" EndDate="2007-10-19 16:29:17.171 PDT" Interest="41.051994" Kind="propagation" Navigation="org.eclipse.mylyn.core.model.edges.containment" OriginId="org.eclipse.mylyn.core.model.interest.propagation" StartDate="2007-10-19 16:14:06.187 PDT" StructureHandle="=org.eclipse.mylyn.java.tests/src&amp;lt;org.eclipse.mylyn.java.tests{ContentSpecificContextTest.java" StructureKind="java"/><InteractionEvent Delta="null" EndDate="2007-10-19 16:58:28.625 PDT" Interest="-2.7540002" Kind="manipulation" Navigation="null" OriginId="org.eclipse.mylyn.core.model.interest.decay" StartDate="2007-10-19 16:58:28.625 PDT" StructureHandle="=org.eclipse.mylyn.resources.ui/src&amp;lt;org.eclipse.mylyn.internal.resources.ui{ResourceInterestUpdater.java[ResourceInterestUpdater~internalAddResourceToContext~QSet\&amp;lt;QIResource;&amp;gt;;~QInteractionEvent.Kind;" StructureKind="java"/><InteractionEvent Delta="null" EndDate="2007-10-19 16:12:13.437 PDT" Interest="1.0" Kind="selection" Navigation="null" OriginId="org.eclipse.search.ui.views.SearchView" StartDate="2007-10-19 16:12:13.437 PDT" StructureHandle="=org.eclipse.mylyn.resources.ui/src&amp;lt;org.eclipse.mylyn.internal.resources.ui{ResourceInterestUpdater.java[ResourceInterestUpdater~internalAddResourceToContext~QSet\&amp;lt;QIResource;&amp;gt;;~QInteractionEvent.Kind;" StructureKind="java"/><InteractionEvent Delta="null" EndDate="2007-10-19 16:58:28.625 PDT" Interest="-2.6350002" Kind="manipulation" Navigation="null" OriginId="org.eclipse.mylyn.core.model.interest.decay" StartDate="2007-10-19 16:58:28.625 PDT" StructureHandle="=org.eclipse.mylyn.java.tests/src&amp;lt;org.eclipse.mylyn.java.tests{ContextManagerTest.java[ContextManagerTest" StructureKind="java"/><InteractionEvent Delta="null" EndDate="2007-10-19 16:14:23.312 PDT" Interest="5.0" Kind="selection" Navigation="null" OriginId="org.eclipse.search.ui.views.SearchView" StartDate="2007-10-19 16:13:12.468 PDT" StructureHandle="=org.eclipse.mylyn.java.tests/src&amp;lt;org.eclipse.mylyn.java.tests{ContextManagerTest.java[ContextManagerTest" StructureKind="java"/><InteractionEvent Delta="null" EndDate="2007-10-19 16:14:21.875 PDT" Interest="4.0" Kind="edit" Navigation="null" OriginId="org.eclipse.jdt.ui.CompilationUnitEditor" StartDate="2007-10-19 16:13:19.78 PDT" StructureHandle="=org.eclipse.mylyn.java.tests/src&amp;lt;org.eclipse.mylyn.java.tests{ContextManagerTest.java[ContextManagerTest" StructureKind="java"/><InteractionEvent Delta="null" EndDate="2007-10-19 16:12:55.187 PDT" Interest="1.017" Kind="manipulation" Navigation="null" OriginId="org.eclipse.mylyn.core.model.interest.decay.correction" StartDate="2007-10-19 16:12:55.187 PDT" StructureHandle="=org.eclipse.mylyn.java.tests/src&amp;lt;org.eclipse.mylyn.java.tests{ContextManagerTest.java[ContextManagerTest" StructureKind="java"/><InteractionEvent Delta="null" EndDate="2007-10-19 16:57:05.546 PDT" Interest="49.084984" Kind="propagation" Navigation="org.eclipse.mylyn.core.model.edges.containment" OriginId="org.eclipse.mylyn.core.model.interest.propagation" StartDate="2007-10-19 16:12:52.625 PDT" StructureHandle="=org.eclipse.mylyn.java.tests/src&amp;lt;org.eclipse.mylyn.java.tests{ContextManagerTest.java[ContextManagerTest" StructureKind="java"/><InteractionEvent Delta="null" EndDate="2007-10-19 16:58:28.625 PDT" Interest="-3.2300003" Kind="manipulation" Navigation="null" OriginId="org.eclipse.mylyn.core.model.interest.decay" StartDate="2007-10-19 16:58:28.625 PDT" StructureHandle="=org.eclipse.mylyn.context.core/src&amp;lt;org.eclipse.mylyn.internal.context.core{InteractionContextManager.java[InteractionContextManager~processInteractionEvent~QInteractionEvent;" StructureKind="java"/><InteractionEvent Delta="null" EndDate="2007-10-19 16:12:33.562 PDT" Interest="3.0" Kind="selection" Navigation="null" OriginId="org.eclipse.jdt.ui.CompilationUnitEditor" StartDate="2007-10-19 16:07:11.31 PDT" StructureHandle="=org.eclipse.mylyn.context.core/src&amp;lt;org.eclipse.mylyn.internal.context.core{InteractionContextManager.java[InteractionContextManager~processInteractionEvent~QInteractionEvent;" StructureKind="java"/><InteractionEvent Delta="null" EndDate="2007-10-19 16:12:02.906 PDT" Interest="2.0" Kind="edit" Navigation="null" OriginId="org.eclipse.jdt.ui.CompilationUnitEditor" StartDate="2007-10-19 16:11:57.593 PDT" StructureHandle="=org.eclipse.mylyn.context.core/src&amp;lt;org.eclipse.mylyn.internal.context.core{InteractionContextManager.java[InteractionContextManager~processInteractionEvent~QInteractionEvent;" StructureKind="java"/><InteractionEvent Delta="null" EndDate="2007-10-19 16:58:28.625 PDT" Interest="-2.686" Kind="manipulation" Navigation="null" OriginId="org.eclipse.mylyn.core.model.interest.decay" StartDate="2007-10-19 16:58:28.625 PDT" StructureHandle="=org.eclipse.mylyn.context.core/src&amp;lt;org.eclipse.mylyn.context.core{AbstractRelationProvider.java[AbstractRelationProvider" StructureKind="java"/><InteractionEvent Delta="null" EndDate="2007-10-19 16:12:34.484 PDT" Interest="1.0" Kind="propagation" Navigation="org.eclipse.mylyn.core.model.edges.containment" OriginId="org.eclipse.mylyn.core.model.interest.propagation" StartDate="2007-10-19 16:12:34.484 PDT" StructureHandle="=org.eclipse.mylyn.context.core/src&amp;lt;org.eclipse.mylyn.context.core{AbstractRelationProvider.java[AbstractRelationProvider" StructureKind="java"/><InteractionEvent Delta="null" EndDate="2007-10-19 16:58:28.625 PDT" Interest="-2.482" Kind="manipulation" Navigation="null" OriginId="org.eclipse.mylyn.core.model.interest.decay" StartDate="2007-10-19 16:58:28.625 PDT" StructureHandle="=org.eclipse.mylyn.java.tests/src&amp;lt;org.eclipse.mylyn.java.tests{AllJavaTests.java" StructureKind="java"/><InteractionEvent Delta="null" EndDate="2007-10-19 16:29:15.859 PDT" Interest="2.0" Kind="prediction" Navigation="null" OriginId="org.eclipse.mylyn.ide.resource.interest.updater" StartDate="2007-10-19 16:13:58.687 PDT" StructureHandle="=org.eclipse.mylyn.java.tests/src&amp;lt;org.eclipse.mylyn.java.tests{AllJavaTests.java" StructureKind="java"/><InteractionEvent Delta="null" EndDate="2007-10-19 16:58:28.625 PDT" Interest="-1.5130001" Kind="manipulation" Navigation="null" OriginId="org.eclipse.mylyn.core.model.interest.decay" StartDate="2007-10-19 16:58:28.625 PDT" StructureHandle="=org.eclipse.mylyn.context.tests/src" StructureKind="java"/><InteractionEvent Delta="null" EndDate="2007-10-19 16:57:02.312 PDT" Interest="2.394" Kind="manipulation" Navigation="null" OriginId="org.eclipse.mylyn.core.model.interest.decay.correction" StartDate="2007-10-19 16:28:42.656 PDT" StructureHandle="=org.eclipse.mylyn.context.tests/src" StructureKind="java"/><InteractionEvent Delta="null" EndDate="2007-10-19 16:57:02.343 PDT" Interest="10.975001" Kind="propagation" Navigation="org.eclipse.mylyn.core.model.edges.containment" OriginId="org.eclipse.mylyn.core.model.interest.propagation" StartDate="2007-10-19 16:28:42.578 PDT" StructureHandle="=org.eclipse.mylyn.context.tests/src" StructureKind="java"/><InteractionEvent Delta="null" EndDate="2007-10-19 16:58:28.625 PDT" Interest="-2.6350002" Kind="manipulation" Navigation="null" OriginId="org.eclipse.mylyn.core.model.interest.decay" StartDate="2007-10-19 16:58:28.625 PDT" StructureHandle="=org.eclipse.mylyn.java.tests/src&amp;lt;org.eclipse.mylyn.java.tests{ContextManagerTest.java[ContextManagerTest[LandmarksModelListener" StructureKind="java"/><InteractionEvent Delta="null" EndDate="2007-10-19 16:12:52.625 PDT" Interest="1.0" Kind="selection" Navigation="null" OriginId="org.eclipse.jdt.ui.CompilationUnitEditor" StartDate="2007-10-19 16:12:52.625 PDT" StructureHandle="=org.eclipse.mylyn.java.tests/src&amp;lt;org.eclipse.mylyn.java.tests{ContextManagerTest.java[ContextManagerTest[LandmarksModelListener" StructureKind="java"/><InteractionEvent Delta="null" EndDate="2007-10-19 16:58:28.625 PDT" Interest="-2.89" Kind="manipulation" Navigation="null" OriginId="org.eclipse.mylyn.core.model.interest.decay" StartDate="2007-10-19 16:58:28.625 PDT" StructureHandle="=org.eclipse.mylyn.resources.ui/src&amp;lt;org.eclipse.mylyn.internal.resources.ui{EditorInteractionMonitor.java" StructureKind="java"/><InteractionEvent Delta="null" EndDate="2007-10-19 16:12:05.31 PDT" Interest="1.0" Kind="propagation" Navigation="org.eclipse.mylyn.core.model.edges.containment" OriginId="org.eclipse.mylyn.core.model.interest.propagation" StartDate="2007-10-19 16:12:05.31 PDT" StructureHandle="=org.eclipse.mylyn.resources.ui/src&amp;lt;org.eclipse.mylyn.internal.resources.ui{EditorInteractionMonitor.java" StructureKind="java"/><InteractionEvent Delta="null" EndDate="2007-10-19 16:58:28.625 PDT" Interest="-3.3150003" Kind="manipulation" Navigation="null" OriginId="org.eclipse.mylyn.core.model.interest.decay" StartDate="2007-10-19 16:58:28.625 PDT" StructureHandle="" StructureKind="java"/><InteractionEvent Delta="null" EndDate="2007-10-19 16:55:59.609 PDT" Interest="4.026" Kind="manipulation" Navigation="null" OriginId="org.eclipse.mylyn.core.model.interest.decay.correction" StartDate="2007-10-19 16:07:03.468 PDT" StructureHandle="" StructureKind="java"/><InteractionEvent Delta="null" EndDate="2007-10-19 16:57:11.890 PDT" Interest="198.71094" Kind="propagation" Navigation="org.eclipse.mylyn.core.model.edges.containment" OriginId="org.eclipse.mylyn.core.model.interest.propagation" StartDate="2007-10-19 16:07:03.421 PDT" StructureHandle="" StructureKind="java"/><InteractionEvent Delta="null" EndDate="2007-10-19 16:58:28.625 PDT" Interest="-3.3150003" Kind="manipulation" Navigation="null" OriginId="org.eclipse.mylyn.core.model.interest.decay" StartDate="2007-10-19 16:58:28.625 PDT" StructureHandle="=org.eclipse.mylyn.context.core/src&amp;lt;org.eclipse.mylyn.internal.context.core{InteractionContextManager.java" StructureKind="java"/><InteractionEvent Delta="null" EndDate="2007-10-19 16:57:11.890 PDT" Interest="6.0" Kind="selection" Navigation="null" OriginId="org.eclipse.team.sync.views.SynchronizeView" StartDate="2007-10-19 16:07:03.421 PDT" StructureHandle="=org.eclipse.mylyn.context.core/src&amp;lt;org.eclipse.mylyn.internal.context.core{InteractionContextManager.java" StructureKind="java"/><InteractionEvent Delta="null" EndDate="2007-10-19 16:12:33.562 PDT" Interest="27.391989" Kind="propagation" Navigation="org.eclipse.mylyn.core.model.edges.containment" OriginId="org.eclipse.mylyn.core.model.interest.propagation" StartDate="2007-10-19 16:07:04.78 PDT" StructureHandle="=org.eclipse.mylyn.context.core/src&amp;lt;org.eclipse.mylyn.internal.context.core{InteractionContextManager.java" StructureKind="java"/></InteractionHistory>