<?xml version="1.0" encoding="UTF-8"?><InteractionHistory Id="https://bugs.eclipse.org/bugs-420326" Version="1"><InteractionEvent Delta="null" EndDate="2013-11-04 20:30:44.1 CET" Interest="1.0" Kind="propagation" Navigation="org.eclipse.mylyn.core.model.edges.containment" OriginId="org.eclipse.mylyn.core.model.interest.propagation" StartDate="2013-11-04 20:30:44.1 CET" StructureHandle="/org.eclipse.mylyn.context.core/src/org/eclipse/mylyn/internal/context" StructureKind="resource"/><InteractionEvent Delta="null" EndDate="2013-11-04 20:20:04.67 CET" Interest="3.0" Kind="selection" Navigation="null" OriginId="org.eclipse.jdt.ui.PackageExplorer" StartDate="2013-11-04 20:13:52.423 CET" StructureHandle="=org.eclipse.mylyn.monitor.tests/src&amp;lt;org.eclipse.mylyn.monitor.tests{CheckActivityJobTest.java[CheckActivityJobTest~testResumeFromSleepTimeoutEventDiscarded" StructureKind="java" NumEvents="3" CreationCount="268"/><InteractionEvent Delta="null" EndDate="2013-11-04 20:32:00.669 CET" Interest="1.0" Kind="propagation" Navigation="org.eclipse.mylyn.core.model.edges.containment" OriginId="org.eclipse.mylyn.core.model.interest.propagation" StartDate="2013-11-04 20:32:00.669 CET" StructureHandle="/org.eclipse.mylyn.context.core/src/org" StructureKind="resource"/><InteractionEvent Delta="null" EndDate="2013-11-04 19:31:25.74 CET" Interest="1.0" Kind="propagation" Navigation="org.eclipse.mylyn.core.model.edges.containment" OriginId="org.eclipse.mylyn.core.model.interest.propagation" StartDate="2013-11-04 19:31:25.74 CET" StructureHandle="=de.becker.frank.BIRT.Sample" StructureKind="java"/><InteractionEvent Delta="null" EndDate="2013-11-04 19:54:26.967 CET" Interest="1.0" Kind="selection" Navigation="null" OriginId="org.eclipse.jdt.ui.CompilationUnitEditor" StartDate="2013-11-04 19:54:26.967 CET" StructureHandle="=org.eclipse.mylyn.context.tasks.ui/src&amp;lt;org.eclipse.mylyn.internal.context.tasks.ui{TaskActivityMonitor.java[TaskActivityMonitor~parseInteractionEvent~QInteractionEvent;~Z" StructureKind="java"/><InteractionEvent Delta="null" EndDate="2013-11-04 20:32:05.158 CET" Interest="1.0" Kind="propagation" Navigation="org.eclipse.mylyn.core.model.edges.containment" OriginId="org.eclipse.mylyn.core.model.interest.propagation" StartDate="2013-11-04 20:32:05.158 CET" StructureHandle="=org.eclipse.mylyn.context.core/src&amp;lt;org.eclipse.mylyn.internal.context.core{InteractionContextManager.java" StructureKind="java"/><InteractionEvent Delta="null" EndDate="2013-11-04 20:30:44.2 CET" Interest="1.0" Kind="propagation" Navigation="org.eclipse.mylyn.core.model.edges.containment" OriginId="org.eclipse.mylyn.core.model.interest.propagation" StartDate="2013-11-04 20:30:44.2 CET" StructureHandle="=org.eclipse.mylyn.context.core" StructureKind="resource"/><InteractionEvent Delta="null" EndDate="2013-11-04 20:30:45.342 CET" Interest="1.0" Kind="propagation" Navigation="org.eclipse.mylyn.core.model.edges.containment" OriginId="org.eclipse.mylyn.core.model.interest.propagation" StartDate="2013-11-04 20:30:45.342 CET" StructureHandle="/org.eclipse.mylyn.context.core/src/org" StructureKind="resource"/><InteractionEvent Delta="null" EndDate="2013-11-04 20:30:49.946 CET" Interest="0.7000046" Kind="propagation" Navigation="org.eclipse.mylyn.core.model.edges.containment" OriginId="org.eclipse.mylyn.core.model.interest.propagation" StartDate="2013-11-04 20:30:49.946 CET" StructureHandle="=org.eclipse.mylyn.context.core/src&amp;lt;org.eclipse.mylyn.internal.context.core{InteractionContextManager.java[InteractionContextManager" StructureKind="java"/><InteractionEvent Delta="null" EndDate="2013-11-04 19:16:00.772 CET" Interest="6.0" Kind="propagation" Navigation="null" OriginId="org.eclipse.jdt.ui.CompilationUnitEditor" StartDate="2013-11-04 19:13:38.585 CET" StructureHandle="/org.eclipse.mylyn.context.tasks.tests/src/org/eclipse/mylyn/context/tasks/tests/AllContextTasksTests.java" StructureKind="resource" NumEvents="6" CreationCount="18"/><InteractionEvent Delta="null" EndDate="2013-11-04 20:32:00.668 CET" Interest="1.0" Kind="propagation" Navigation="null" OriginId="org.eclipse.jdt.ui.CompilationUnitEditor" StartDate="2013-11-04 20:32:00.668 CET" StructureHandle="/org.eclipse.mylyn.context.core/src/org/eclipse/mylyn/internal/context/core/InteractionContextManager.java" StructureKind="resource"/><InteractionEvent Delta="null" EndDate="2013-11-04 20:27:59.629 CET" Interest="78.0" Kind="propagation" Navigation="org.eclipse.mylyn.core.model.edges.containment" OriginId="org.eclipse.mylyn.core.model.interest.propagation" StartDate="2013-11-04 19:32:23.691 CET" StructureHandle="/org.eclipse.mylyn.context.core/src/org/eclipse/mylyn/internal" StructureKind="resource" NumEvents="78" CreationCount="142"/><InteractionEvent Delta="null" EndDate="2013-11-04 20:08:59.212 CET" Interest="3.0" Kind="edit" Navigation="null" OriginId="org.eclipse.jdt.ui.CompilationUnitEditor" StartDate="2013-11-04 20:06:09.259 CET" StructureHandle="=org.eclipse.mylyn.commons.activity.tests/src&amp;lt;org.eclipse.mylyn.commons.activity.tests{MonitorUserActivityJobTest.java[MonitorUserActivityJobTest~testResumeFromSleepTimeoutEvent" StructureKind="java" NumEvents="3" CreationCount="249"/><InteractionEvent Delta="null" EndDate="2013-11-04 20:30:49.947 CET" Interest="1.0" Kind="propagation" Navigation="org.eclipse.mylyn.core.model.edges.containment" OriginId="org.eclipse.mylyn.core.model.interest.propagation" StartDate="2013-11-04 20:30:49.947 CET" StructureHandle="/org.eclipse.mylyn.context.core/src/org/eclipse/mylyn/internal/context" StructureKind="resource"/><InteractionEvent Delta="null" EndDate="2013-11-04 19:31:25.74 CET" Interest="1.0" Kind="propagation" Navigation="org.eclipse.mylyn.core.model.edges.containment" OriginId="org.eclipse.mylyn.core.model.interest.propagation" StartDate="2013-11-04 19:31:25.74 CET" StructureHandle="=de.becker.frank.BIRT.Sample/\/Library\/Java\/JavaVirtualMachines\/jdk1.7.0_45.jdk\/Contents\/Home\/jre\/lib\/rt.jar" StructureKind="java"/><InteractionEvent Delta="null" EndDate="2013-11-04 20:30:44.0 CET" Interest="0.40000153" Kind="propagation" Navigation="org.eclipse.mylyn.core.model.edges.containment" OriginId="org.eclipse.mylyn.core.model.interest.propagation" StartDate="2013-11-04 20:30:44.0 CET" StructureHandle="=org.eclipse.mylyn.context.core/src&amp;lt;org.eclipse.mylyn.internal.context.core{InteractionContextManager.java" StructureKind="java"/><InteractionEvent Delta="null" EndDate="2013-11-04 20:30:55.920 CET" Interest="1.0" Kind="propagation" Navigation="org.eclipse.mylyn.core.model.edges.containment" OriginId="org.eclipse.mylyn.core.model.interest.propagation" StartDate="2013-11-04 20:30:55.920 CET" StructureHandle="/org.eclipse.mylyn.context.core/src/org/eclipse/mylyn/internal/context" StructureKind="resource"/><InteractionEvent Delta="null" EndDate="2013-11-04 19:31:25.74 CET" Interest="1.0" Kind="propagation" Navigation="null" OriginId="org.eclipse.jdt.ui.ClassFileEditor" StartDate="2013-11-04 19:31:25.74 CET" StructureHandle="/de.becker.frank.BIRT.Sample" StructureKind="resource"/><InteractionEvent Delta="null" EndDate="2013-11-04 20:30:45.342 CET" Interest="1.0" Kind="propagation" Navigation="org.eclipse.mylyn.core.model.edges.containment" OriginId="org.eclipse.mylyn.core.model.interest.propagation" StartDate="2013-11-04 20:30:45.342 CET" StructureHandle="/org.eclipse.mylyn.context.core/src/org/eclipse/mylyn/internal/context" StructureKind="resource"/><InteractionEvent Delta="null" EndDate="2013-11-04 19:16:00.771 CET" Interest="3.7" Kind="propagation" Navigation="org.eclipse.mylyn.core.model.edges.containment" OriginId="org.eclipse.mylyn.core.model.interest.propagation" StartDate="2013-11-04 19:13:38.584 CET" StructureHandle="=org.eclipse.mylyn.context.tasks.tests/src&amp;lt;org.eclipse.mylyn.context.tasks.tests{AllContextTasksTests.java[AllContextTasksTests" StructureKind="java" NumEvents="4" CreationCount="18"/><InteractionEvent Delta="null" EndDate="2013-11-04 19:31:31.88 CET" Interest="2.7" Kind="propagation" Navigation="org.eclipse.mylyn.core.model.edges.containment" OriginId="org.eclipse.mylyn.core.model.interest.propagation" StartDate="2013-11-04 19:31:25.726 CET" StructureHandle="=org.eclipse.mylyn.context.tasks.tests/\/Library\/Java\/JavaVirtualMachines\/jdk1.7.0_45.jdk\/Contents\/Home\/jre\/lib\/rt.jar&amp;lt;java.util(Calendar.class[Calendar" StructureKind="java" NumEvents="3" CreationCount="107"/><InteractionEvent Delta="null" EndDate="2013-11-04 20:30:43.999 CET" Interest="1.0" Kind="edit" Navigation="null" OriginId="org.eclipse.jdt.ui.CompilationUnitEditor" StartDate="2013-11-04 20:30:43.999 CET" StructureHandle="=org.eclipse.mylyn.context.core/src&amp;lt;org.eclipse.mylyn.internal.context.core{InteractionContextManager.java[InteractionContextManager~collapseEventsByHour~QList\&amp;lt;QInteractionEvent;&amp;gt;;" StructureKind="java"/><InteractionEvent Delta="null" EndDate="2013-11-04 20:19:56.391 CET" Interest="5.0" Kind="propagation" Navigation="org.eclipse.mylyn.core.model.edges.containment" OriginId="org.eclipse.mylyn.core.model.interest.propagation" StartDate="2013-11-04 20:13:51.616 CET" StructureHandle="=org.eclipse.mylyn.monitor.tests/src" StructureKind="java" NumEvents="5" CreationCount="266"/><InteractionEvent Delta="null" EndDate="2013-11-04 20:30:45.342 CET" Interest="0.69999695" Kind="propagation" Navigation="org.eclipse.mylyn.core.model.edges.containment" OriginId="org.eclipse.mylyn.core.model.interest.propagation" StartDate="2013-11-04 20:30:45.342 CET" StructureHandle="=org.eclipse.mylyn.context.core/src&amp;lt;org.eclipse.mylyn.internal.context.core{InteractionContextManager.java" StructureKind="java"/><InteractionEvent Delta="null" EndDate="2013-11-04 19:15:52.45 CET" Interest="2.0" Kind="propagation" Navigation="org.eclipse.mylyn.core.model.edges.containment" OriginId="org.eclipse.mylyn.core.model.interest.propagation" StartDate="2013-11-04 19:13:38.585 CET" StructureHandle="=org.eclipse.mylyn.context.tasks.tests/src&amp;lt;org.eclipse.mylyn.context.tasks.tests{AllContextTasksTests.java" StructureKind="java" NumEvents="2" CreationCount="18"/><InteractionEvent Delta="null" EndDate="2013-11-04 20:18:09.483 CET" Interest="181.0" Kind="propagation" Navigation="org.eclipse.mylyn.core.model.edges.containment" OriginId="org.eclipse.mylyn.core.model.interest.propagation" StartDate="2013-11-04 19:13:06.643 CET" StructureHandle="/org.eclipse.mylyn.context.tasks.tests/src/org/eclipse/mylyn" StructureKind="resource" NumEvents="181" CreationCount="1"/><InteractionEvent Delta="null" EndDate="2013-11-04 20:27:59.630 CET" Interest="78.0" Kind="propagation" Navigation="org.eclipse.mylyn.core.model.edges.containment" OriginId="org.eclipse.mylyn.core.model.interest.propagation" StartDate="2013-11-04 19:32:23.691 CET" StructureHandle="/org.eclipse.mylyn.context.core/src/org/eclipse/mylyn" StructureKind="resource" NumEvents="78" CreationCount="142"/><InteractionEvent Delta="null" EndDate="2013-11-04 20:30:55.920 CET" Interest="0.70000076" Kind="propagation" Navigation="org.eclipse.mylyn.core.model.edges.containment" OriginId="org.eclipse.mylyn.core.model.interest.propagation" StartDate="2013-11-04 20:30:55.920 CET" StructureHandle="=org.eclipse.mylyn.context.core/src&amp;lt;org.eclipse.mylyn.internal.context.core" StructureKind="java"/><InteractionEvent Delta="null" EndDate="2013-11-04 20:30:55.920 CET" Interest="1.0" Kind="propagation" Navigation="org.eclipse.mylyn.core.model.edges.containment" OriginId="org.eclipse.mylyn.core.model.interest.propagation" StartDate="2013-11-04 20:30:55.920 CET" StructureHandle="/org.eclipse.mylyn.context.core/src/org/eclipse/mylyn" StructureKind="resource"/><InteractionEvent Delta="null" EndDate="2013-11-04 19:15:07.232 CET" Interest="1.0" Kind="propagation" Navigation="null" OriginId="org.eclipse.mylyn.resources.ui.interest.updater" StartDate="2013-11-04 19:15:07.232 CET" StructureHandle="/org.eclipse.mylyn.development/Work/local-Single-ContextTests.launch" StructureKind="resource"/><InteractionEvent Delta="null" EndDate="2013-11-04 19:54:26.968 CET" Interest="1.0" Kind="propagation" Navigation="org.eclipse.mylyn.core.model.edges.containment" OriginId="org.eclipse.mylyn.core.model.interest.propagation" StartDate="2013-11-04 19:54:26.968 CET" StructureHandle="=org.eclipse.mylyn.context.tasks.ui/src&amp;lt;org.eclipse.mylyn.internal.context.tasks.ui{TaskActivityMonitor.java[TaskActivityMonitor" StructureKind="java"/><InteractionEvent Delta="null" EndDate="2013-11-04 20:32:05.613 CET" Interest="1.0" Kind="propagation" Navigation="null" OriginId="org.eclipse.jdt.ui.PackageExplorer" StartDate="2013-11-04 20:32:05.613 CET" StructureHandle="/org.eclipse.mylyn.context.core/src/org/eclipse/mylyn/internal/context/core" StructureKind="resource"/><InteractionEvent Delta="null" EndDate="2013-11-04 19:26:10.134 CET" Interest="1.289" Kind="propagation" Navigation="org.eclipse.mylyn.core.model.edges.containment" OriginId="org.eclipse.mylyn.core.model.interest.propagation" StartDate="2013-11-04 19:14:18.880 CET" StructureHandle="/org.eclipse.mylyn.development/Work" StructureKind="resource" NumEvents="2" CreationCount="22"/><InteractionEvent Delta="null" EndDate="2013-11-04 20:30:43.956 CET" Interest="1.0" Kind="propagation" Navigation="org.eclipse.mylyn.core.model.edges.containment" OriginId="org.eclipse.mylyn.core.model.interest.propagation" StartDate="2013-11-04 20:30:43.956 CET" StructureHandle="/org.eclipse.mylyn.context.core/src/org/eclipse/mylyn/internal" StructureKind="resource"/><InteractionEvent Delta="null" EndDate="2013-11-04 20:30:55.920 CET" Interest="0.7000046" Kind="propagation" Navigation="org.eclipse.mylyn.core.model.edges.containment" OriginId="org.eclipse.mylyn.core.model.interest.propagation" StartDate="2013-11-04 20:30:55.920 CET" StructureHandle="=org.eclipse.mylyn.context.core/src" StructureKind="java"/><InteractionEvent Delta="null" EndDate="2013-11-04 20:30:55.920 CET" Interest="1.0" Kind="propagation" Navigation="org.eclipse.mylyn.core.model.edges.containment" OriginId="org.eclipse.mylyn.core.model.interest.propagation" StartDate="2013-11-04 20:30:55.920 CET" StructureHandle="/org.eclipse.mylyn.context.core/src/org/eclipse" StructureKind="resource"/><InteractionEvent Delta="null" EndDate="2013-11-04 19:31:44.522 CET" Interest="4.534" Kind="propagation" Navigation="org.eclipse.mylyn.core.model.edges.containment" OriginId="org.eclipse.mylyn.core.model.interest.propagation" StartDate="2013-11-04 19:31:34.960 CET" StructureHandle="=org.eclipse.mylyn.monitor.core/src" StructureKind="java" NumEvents="6" CreationCount="116"/><InteractionEvent Delta="null" EndDate="2013-11-04 20:09:27.698 CET" Interest="1.0" Kind="selection" Navigation="null" OriginId="org.eclipse.jdt.ui.CompilationUnitEditor" StartDate="2013-11-04 20:09:27.698 CET" StructureHandle="=org.eclipse.mylyn.commons.activity.tests/src&amp;lt;org.eclipse.mylyn.commons.activity.tests{MonitorUserActivityJobTest.java[MonitorUserActivityJobTest[StubCallback" StructureKind="java"/><InteractionEvent Delta="null" EndDate="2013-11-04 20:30:51.850 CET" Interest="1.0" Kind="propagation" Navigation="org.eclipse.mylyn.core.model.edges.containment" OriginId="org.eclipse.mylyn.core.model.interest.propagation" StartDate="2013-11-04 20:30:51.850 CET" StructureHandle="=org.eclipse.mylyn.context.core" StructureKind="resource"/><InteractionEvent Delta="null" EndDate="2013-11-04 20:32:00.669 CET" Interest="1.0" Kind="propagation" Navigation="org.eclipse.mylyn.core.model.edges.containment" OriginId="org.eclipse.mylyn.core.model.interest.propagation" StartDate="2013-11-04 20:32:00.669 CET" StructureHandle="/org.eclipse.mylyn.context.core/src/org/eclipse/mylyn" StructureKind="resource"/><InteractionEvent Delta="null" EndDate="2013-11-04 20:18:09.483 CET" Interest="181.0" Kind="propagation" Navigation="org.eclipse.mylyn.core.model.edges.containment" OriginId="org.eclipse.mylyn.core.model.interest.propagation" StartDate="2013-11-04 19:13:06.643 CET" StructureHandle="/org.eclipse.mylyn.context.tasks.tests/src/org/eclipse" StructureKind="resource" NumEvents="181" CreationCount="1"/><InteractionEvent Delta="null" EndDate="2013-11-04 20:30:43.955 CET" Interest="1.0" Kind="propagation" Navigation="null" OriginId="org.eclipse.jdt.ui.CompilationUnitEditor" StartDate="2013-11-04 20:30:43.955 CET" StructureHandle="/org.eclipse.mylyn.context.core/src/org/eclipse/mylyn/internal/context/core/InteractionContextManager.java" StructureKind="resource"/><InteractionEvent Delta="null" EndDate="2013-11-04 20:32:05.158 CET" Interest="1.0" Kind="propagation" Navigation="null" OriginId="org.eclipse.jdt.ui.PackageExplorer" StartDate="2013-11-04 20:32:05.158 CET" StructureHandle="/org.eclipse.mylyn.context.core/src/org/eclipse/mylyn/internal/context/core/InteractionContextManager.java" StructureKind="resource"/><InteractionEvent Delta="null" EndDate="2013-11-04 20:18:09.483 CET" Interest="99.06801" Kind="propagation" Navigation="org.eclipse.mylyn.core.model.edges.containment" OriginId="org.eclipse.mylyn.core.model.interest.propagation" StartDate="2013-11-04 19:13:06.644 CET" StructureHandle="=org.eclipse.mylyn.context.tasks.tests/src&amp;lt;org.eclipse.mylyn.context.tasks.tests" StructureKind="java" NumEvents="138" CreationCount="1"/><InteractionEvent Delta="null" EndDate="2013-11-04 20:30:51.850 CET" Interest="1.0" Kind="propagation" Navigation="org.eclipse.mylyn.core.model.edges.containment" OriginId="org.eclipse.mylyn.core.model.interest.propagation" StartDate="2013-11-04 20:30:51.850 CET" StructureHandle="/org.eclipse.mylyn.context.core/src/org/eclipse" StructureKind="resource"/><InteractionEvent Delta="null" EndDate="2013-11-04 20:32:05.159 CET" Interest="1.0" Kind="propagation" Navigation="org.eclipse.mylyn.core.model.edges.containment" OriginId="org.eclipse.mylyn.core.model.interest.propagation" StartDate="2013-11-04 20:32:05.159 CET" StructureHandle="/org.eclipse.mylyn.context.core/src" StructureKind="resource"/><InteractionEvent Delta="null" EndDate="2013-11-04 20:30:44.1 CET" Interest="1.0" Kind="propagation" Navigation="org.eclipse.mylyn.core.model.edges.containment" OriginId="org.eclipse.mylyn.core.model.interest.propagation" StartDate="2013-11-04 20:30:44.1 CET" StructureHandle="/org.eclipse.mylyn.context.core/src/org/eclipse/mylyn" StructureKind="resource"/><InteractionEvent Delta="null" EndDate="2013-11-04 20:32:05.614 CET" Interest="1.0" Kind="propagation" Navigation="org.eclipse.mylyn.core.model.edges.containment" OriginId="org.eclipse.mylyn.core.model.interest.propagation" StartDate="2013-11-04 20:32:05.614 CET" StructureHandle="=org.eclipse.mylyn.context.core" StructureKind="resource"/><InteractionEvent Delta="null" EndDate="2013-11-04 20:30:45.341 CET" Interest="1.0" Kind="edit" Navigation="null" OriginId="org.eclipse.jdt.ui.CompilationUnitEditor" StartDate="2013-11-04 20:30:45.341 CET" StructureHandle="=org.eclipse.mylyn.context.core/src&amp;lt;org.eclipse.mylyn.internal.context.core{InteractionContextManager.java[InteractionContextManager~collapseEventsByHour~QList\&amp;lt;QInteractionEvent;&amp;gt;;" StructureKind="java"/><InteractionEvent Delta="null" EndDate="2013-11-04 20:18:09.483 CET" Interest="181.0" Kind="propagation" Navigation="null" OriginId="org.eclipse.compare.CompareEditor" StartDate="2013-11-04 19:13:06.643 CET" StructureHandle="/org.eclipse.mylyn.context.tasks.tests/src/org/eclipse/mylyn/context/tasks/tests" StructureKind="resource" NumEvents="181" CreationCount="1"/><InteractionEvent Delta="null" EndDate="2013-11-04 20:08:00.781 CET" Interest="1.0" Kind="edit" Navigation="null" OriginId="org.eclipse.jdt.ui.CompilationUnitEditor" StartDate="2013-11-04 20:08:00.781 CET" StructureHandle="=org.eclipse.mylyn.commons.activity.tests/src&amp;lt;org.eclipse.mylyn.commons.activity.tests{MonitorUserActivityJobTest.java[MonitorUserActivityJobTest^callback" StructureKind="java"/><InteractionEvent Delta="null" EndDate="2013-11-04 20:27:59.629 CET" Interest="46.435997" Kind="propagation" Navigation="org.eclipse.mylyn.core.model.edges.containment" OriginId="org.eclipse.mylyn.core.model.interest.propagation" StartDate="2013-11-04 19:32:23.691 CET" StructureHandle="=org.eclipse.mylyn.context.core/src&amp;lt;org.eclipse.mylyn.internal.context.core" StructureKind="java" NumEvents="69" CreationCount="142"/><InteractionEvent Delta="null" EndDate="2013-11-04 20:32:05.613 CET" Interest="1.0" Kind="propagation" Navigation="org.eclipse.mylyn.core.model.edges.containment" OriginId="org.eclipse.mylyn.core.model.interest.propagation" StartDate="2013-11-04 20:32:05.613 CET" StructureHandle="/org.eclipse.mylyn.context.core/src/org/eclipse/mylyn" StructureKind="resource"/><InteractionEvent Delta="null" EndDate="2013-11-04 20:30:55.920 CET" Interest="1.0" Kind="propagation" Navigation="org.eclipse.mylyn.core.model.edges.containment" OriginId="org.eclipse.mylyn.core.model.interest.propagation" StartDate="2013-11-04 20:30:55.920 CET" StructureHandle="/org.eclipse.mylyn.context.core/src/org" StructureKind="resource"/><InteractionEvent Delta="null" EndDate="2013-11-04 20:08:59.212 CET" Interest="4.1" Kind="propagation" Navigation="org.eclipse.mylyn.core.model.edges.containment" OriginId="org.eclipse.mylyn.core.model.interest.propagation" StartDate="2013-11-04 20:04:50.239 CET" StructureHandle="=org.eclipse.mylyn.commons.activity.tests/src&amp;lt;org.eclipse.mylyn.commons.activity.tests{MonitorUserActivityJobTest.java[MonitorUserActivityJobTest" StructureKind="java" NumEvents="5" CreationCount="249"/><InteractionEvent Delta="null" EndDate="2013-11-04 19:31:25.74 CET" Interest="2.802" Kind="propagation" Navigation="org.eclipse.mylyn.core.model.edges.containment" OriginId="org.eclipse.mylyn.core.model.interest.propagation" StartDate="2013-11-04 19:14:18.880 CET" StructureHandle="" StructureKind="java" NumEvents="3" CreationCount="0"/><InteractionEvent Delta="null" EndDate="2013-11-04 19:54:26.265 CET" Interest="2.0" Kind="propagation" Navigation="org.eclipse.mylyn.core.model.edges.containment" OriginId="org.eclipse.mylyn.core.model.interest.propagation" StartDate="2013-11-04 19:54:26.160 CET" StructureHandle="=org.eclipse.mylyn.context.tasks.ui/src" StructureKind="java" NumEvents="2" CreationCount="206"/><InteractionEvent Delta="null" EndDate="2013-11-04 19:26:10.134 CET" Interest="3.0" Kind="propagation" Navigation="null" OriginId="org.eclipse.mylyn.resources.ui.interest.updater" StartDate="2013-11-04 19:14:18.880 CET" StructureHandle="/org.eclipse.mylyn.development" StructureKind="resource" NumEvents="3" CreationCount="18"/><InteractionEvent Delta="null" EndDate="2013-11-04 20:27:56.769 CET" Interest="59.0" Kind="edit" Navigation="null" OriginId="org.eclipse.jdt.ui.CompilationUnitEditor" StartDate="2013-11-04 19:32:32.745 CET" StructureHandle="=org.eclipse.mylyn.context.core/src&amp;lt;org.eclipse.mylyn.internal.context.core{InteractionContextManager.java[InteractionContextManager~collapseEventsByHour~QList\&amp;lt;QInteractionEvent;&amp;gt;;" StructureKind="java" NumEvents="59" CreationCount="150"/><InteractionEvent Delta="null" EndDate="2013-11-04 20:27:59.630 CET" Interest="47.435997" Kind="propagation" Navigation="org.eclipse.mylyn.core.model.edges.containment" OriginId="org.eclipse.mylyn.core.model.interest.propagation" StartDate="2013-11-04 19:32:23.692 CET" StructureHandle="=org.eclipse.mylyn.context.core/src" StructureKind="java" NumEvents="70" CreationCount="142"/><InteractionEvent Delta="null" EndDate="2013-11-04 20:30:51.847 CET" Interest="1.0" Kind="edit" Navigation="null" OriginId="org.eclipse.jdt.ui.CompilationUnitEditor" StartDate="2013-11-04 20:30:51.847 CET" StructureHandle="=org.eclipse.mylyn.context.core/src&amp;lt;org.eclipse.mylyn.internal.context.core{InteractionContextManager.java[InteractionContextManager~collapseEventsByHour~QList\&amp;lt;QInteractionEvent;&amp;gt;;" StructureKind="java"/><InteractionEvent Delta="null" EndDate="2013-11-04 20:27:59.630 CET" Interest="78.0" Kind="propagation" Navigation="org.eclipse.mylyn.core.model.edges.containment" OriginId="org.eclipse.mylyn.core.model.interest.propagation" StartDate="2013-11-04 19:32:23.691 CET" StructureHandle="/org.eclipse.mylyn.context.core/src/org" StructureKind="resource" NumEvents="78" CreationCount="142"/><InteractionEvent Delta="null" EndDate="2013-11-04 19:13:06.648 CET" Interest="1.0" Kind="selection" Navigation="null" OriginId="org.eclipse.mylyn.internal.context.ui.ContextPopulationStrategy" StartDate="2013-11-04 19:13:06.648 CET" StructureHandle="=org.eclipse.mylyn.context.tasks.tests/src&amp;lt;org.eclipse.mylyn.context.tasks.tests{TaskActivityTimingTest.java[TaskActivityTimingTest~testCollapsedTiming" StructureKind="java"/><InteractionEvent Delta="null" EndDate="2013-11-04 20:32:00.669 CET" Interest="1.0" Kind="propagation" Navigation="org.eclipse.mylyn.core.model.edges.containment" OriginId="org.eclipse.mylyn.core.model.interest.propagation" StartDate="2013-11-04 20:32:00.669 CET" StructureHandle="/org.eclipse.mylyn.context.core/src/org/eclipse" StructureKind="resource"/><InteractionEvent Delta="null" EndDate="2013-11-04 19:16:00.771 CET" Interest="1.0" Kind="edit" Navigation="null" OriginId="org.eclipse.jdt.ui.CompilationUnitEditor" StartDate="2013-11-04 19:16:00.771 CET" StructureHandle="=org.eclipse.mylyn.context.tasks.tests/src&amp;lt;org.eclipse.mylyn.context.tasks.tests{AllContextTasksTests.java[AllContextTasksTests~suite" StructureKind="java"/><InteractionEvent Delta="null" EndDate="2013-11-04 20:32:05.612 CET" Interest="1.0" Kind="selection" Navigation="null" OriginId="org.eclipse.jdt.ui.PackageExplorer" StartDate="2013-11-04 20:32:05.612 CET" StructureHandle="=org.eclipse.mylyn.context.core/src&amp;lt;org.eclipse.mylyn.internal.context.core{InteractionContextManager.java" StructureKind="java"/><InteractionEvent Delta="null" EndDate="2013-11-04 20:30:45.342 CET" Interest="1.0" Kind="propagation" Navigation="org.eclipse.mylyn.core.model.edges.containment" OriginId="org.eclipse.mylyn.core.model.interest.propagation" StartDate="2013-11-04 20:30:45.342 CET" StructureHandle="/org.eclipse.mylyn.context.core/src/org/eclipse/mylyn/internal" StructureKind="resource"/><InteractionEvent Delta="null" EndDate="2013-11-04 19:16:13.340 CET" Interest="4.0" Kind="edit" Navigation="null" OriginId="org.eclipse.jdt.ui.CompilationUnitEditor" StartDate="2013-11-04 19:13:15.881 CET" StructureHandle="=org.eclipse.mylyn.context.tasks.tests/src&amp;lt;org.eclipse.mylyn.context.tasks.tests{TaskActivityTimingTest.java[TaskActivityTimingTest" StructureKind="java" NumEvents="4" CreationCount="1"/><InteractionEvent Delta="null" EndDate="2013-11-04 20:30:43.957 CET" Interest="1.7680016" Kind="propagation" Navigation="org.eclipse.mylyn.core.model.edges.containment" OriginId="org.eclipse.mylyn.core.model.interest.propagation" StartDate="2013-11-04 20:30:43.957 CET" StructureHandle="=org.eclipse.mylyn.context.core/src" StructureKind="java"/><InteractionEvent Delta="null" EndDate="2013-11-04 20:09:51.391 CET" Interest="2.0" Kind="selection" Navigation="null" OriginId="org.eclipse.jdt.ui.CompilationUnitEditor" StartDate="2013-11-04 20:09:51.287 CET" StructureHandle="=org.eclipse.mylyn.commons.activity.ui/src&amp;lt;org.eclipse.mylyn.internal.commons.activity.ui{MonitorUserActivityJob.java" StructureKind="java" NumEvents="2" CreationCount="262"/><InteractionEvent Delta="null" EndDate="2013-11-04 20:27:59.629 CET" Interest="9.0" Kind="selection" Navigation="null" OriginId="org.eclipse.jdt.ui.PackageExplorer" StartDate="2013-11-04 19:32:29.436 CET" StructureHandle="=org.eclipse.mylyn.context.core/src&amp;lt;org.eclipse.mylyn.internal.context.core{InteractionContextManager.java" StructureKind="java" NumEvents="9" CreationCount="148"/><InteractionEvent Delta="null" EndDate="2013-11-04 20:00:57.569 CET" Interest="8.0" Kind="edit" Navigation="null" OriginId="org.eclipse.jdt.ui.CompilationUnitEditor" StartDate="2013-11-04 19:54:22.437 CET" StructureHandle="=org.eclipse.mylyn.context.tasks.tests/src&amp;lt;org.eclipse.mylyn.context.tasks.tests{TaskActivityTimingTest.java[TaskActivityTimingTest~testElapsedSameAfterRead" StructureKind="java" NumEvents="8" CreationCount="204"/><InteractionEvent Delta="null" EndDate="2013-11-04 20:30:43.999 CET" Interest="0.70000076" Kind="propagation" Navigation="org.eclipse.mylyn.core.model.edges.containment" OriginId="org.eclipse.mylyn.core.model.interest.propagation" StartDate="2013-11-04 20:30:43.999 CET" StructureHandle="=org.eclipse.mylyn.context.core/src&amp;lt;org.eclipse.mylyn.internal.context.core{InteractionContextManager.java[InteractionContextManager" StructureKind="java"/><InteractionEvent Delta="null" EndDate="2013-11-04 20:30:44.1 CET" Interest="1.0" Kind="propagation" Navigation="org.eclipse.mylyn.core.model.edges.containment" OriginId="org.eclipse.mylyn.core.model.interest.propagation" StartDate="2013-11-04 20:30:44.1 CET" StructureHandle="/org.eclipse.mylyn.context.core/src/org/eclipse" StructureKind="resource"/><InteractionEvent Delta="null" EndDate="2013-11-04 20:30:55.920 CET" Interest="1.0" Kind="propagation" Navigation="org.eclipse.mylyn.core.model.edges.containment" OriginId="org.eclipse.mylyn.core.model.interest.propagation" StartDate="2013-11-04 20:30:55.920 CET" StructureHandle="/org.eclipse.mylyn.context.core/src/org/eclipse/mylyn/internal" StructureKind="resource"/><InteractionEvent Delta="null" EndDate="2013-11-04 20:30:45.342 CET" Interest="1.0" Kind="propagation" Navigation="org.eclipse.mylyn.core.model.edges.containment" OriginId="org.eclipse.mylyn.core.model.interest.propagation" StartDate="2013-11-04 20:30:45.342 CET" StructureHandle="/org.eclipse.mylyn.context.core/src/org/eclipse" StructureKind="resource"/><InteractionEvent Delta="null" EndDate="2013-11-04 20:32:05.157 CET" Interest="1.0" Kind="selection" Navigation="null" OriginId="org.eclipse.jdt.ui.PackageExplorer" StartDate="2013-11-04 20:32:05.157 CET" StructureHandle="=org.eclipse.mylyn.context.core/src&amp;lt;org.eclipse.mylyn.internal.context.core{InteractionContextManager.java[InteractionContextManager~collapseEventsByHour~QList\&amp;lt;QInteractionEvent;&amp;gt;;" StructureKind="java"/><InteractionEvent Delta="null" EndDate="2013-11-04 20:30:49.946 CET" Interest="1.0" Kind="edit" Navigation="null" OriginId="org.eclipse.jdt.ui.CompilationUnitEditor" StartDate="2013-11-04 20:30:49.946 CET" StructureHandle="=org.eclipse.mylyn.context.core/src&amp;lt;org.eclipse.mylyn.internal.context.core{InteractionContextManager.java[InteractionContextManager~collapseEventsByHour~QList\&amp;lt;QInteractionEvent;&amp;gt;;" StructureKind="java"/><InteractionEvent Delta="null" EndDate="2013-11-04 20:09:41.551 CET" Interest="4.4340005" Kind="propagation" Navigation="org.eclipse.mylyn.core.model.edges.containment" OriginId="org.eclipse.mylyn.core.model.interest.propagation" StartDate="2013-11-04 20:04:49.462 CET" StructureHandle="=org.eclipse.mylyn.commons.activity.tests/src&amp;lt;org.eclipse.mylyn.commons.activity.tests" StructureKind="java" NumEvents="6" CreationCount="247"/><InteractionEvent Delta="null" EndDate="2013-11-04 20:32:05.613 CET" Interest="1.0" Kind="propagation" Navigation="org.eclipse.mylyn.core.model.edges.containment" OriginId="org.eclipse.mylyn.core.model.interest.propagation" StartDate="2013-11-04 20:32:05.613 CET" StructureHandle="/org.eclipse.mylyn.context.core/src/org/eclipse/mylyn/internal/context" StructureKind="resource"/><InteractionEvent Delta="null" EndDate="2013-11-04 20:30:44.1 CET" Interest="1.0" Kind="propagation" Navigation="org.eclipse.mylyn.core.model.edges.containment" OriginId="org.eclipse.mylyn.core.model.interest.propagation" StartDate="2013-11-04 20:30:44.1 CET" StructureHandle="/org.eclipse.mylyn.context.core/src/org/eclipse/mylyn/internal" StructureKind="resource"/><InteractionEvent Delta="null" EndDate="2013-11-04 20:30:43.954 CET" Interest="1.0" Kind="edit" Navigation="null" OriginId="org.eclipse.jdt.ui.CompilationUnitEditor" StartDate="2013-11-04 20:30:43.954 CET" StructureHandle="=org.eclipse.mylyn.context.core/src&amp;lt;org.eclipse.mylyn.internal.context.core{InteractionContextManager.java[InteractionContextManager~collapseEventsByHour~QList\&amp;lt;QInteractionEvent;&amp;gt;;" StructureKind="java"/><InteractionEvent Delta="null" EndDate="2013-11-04 20:30:49.947 CET" Interest="1.0" Kind="propagation" Navigation="org.eclipse.mylyn.core.model.edges.containment" OriginId="org.eclipse.mylyn.core.model.interest.propagation" StartDate="2013-11-04 20:30:49.947 CET" StructureHandle="/org.eclipse.mylyn.context.core/src/org/eclipse" StructureKind="resource"/><InteractionEvent Delta="null" EndDate="2013-11-04 20:32:00.669 CET" Interest="1.0" Kind="propagation" Navigation="org.eclipse.mylyn.core.model.edges.containment" OriginId="org.eclipse.mylyn.core.model.interest.propagation" StartDate="2013-11-04 20:32:00.669 CET" StructureHandle="/org.eclipse.mylyn.context.core/src/org/eclipse/mylyn/internal" StructureKind="resource"/><InteractionEvent Delta="null" EndDate="2013-11-04 19:14:18.877 CET" Interest="1.0" Kind="propagation" Navigation="null" OriginId="org.eclipse.mylyn.resources.ui.interest.updater" StartDate="2013-11-04 19:14:18.877 CET" StructureHandle="/org.eclipse.mylyn.development/Work/local-Single-BugzillaTests (1).launch" StructureKind="resource"/><InteractionEvent Delta="null" EndDate="2013-11-04 20:09:26.66 CET" Interest="2.0" Kind="selection" Navigation="null" OriginId="org.eclipse.jdt.ui.CompilationUnitEditor" StartDate="2013-11-04 20:07:30.598 CET" StructureHandle="=org.eclipse.mylyn.commons.activity.tests/src&amp;lt;org.eclipse.mylyn.commons.activity.tests{MonitorUserActivityJobTest.java[MonitorUserActivityJobTest^callback" StructureKind="java" NumEvents="2" CreationCount="252"/><InteractionEvent Delta="null" EndDate="2013-11-04 20:09:43.580 CET" Interest="1.017" Kind="propagation" Navigation="org.eclipse.mylyn.core.model.edges.containment" OriginId="org.eclipse.mylyn.core.model.interest.propagation" StartDate="2013-11-04 20:09:41.551 CET" StructureHandle="=org.eclipse.mylyn.commons.activity.tests/src&amp;lt;org.eclipse.mylyn.commons.activity.tests{MonitorUserActivityJobTest.java[MonitorUserActivityJobTest[StubCallback" StructureKind="java" NumEvents="2" CreationCount="259"/><InteractionEvent Delta="null" EndDate="2013-11-04 20:09:49.194 CET" Interest="1.0" Kind="propagation" Navigation="org.eclipse.mylyn.core.model.edges.containment" OriginId="org.eclipse.mylyn.core.model.interest.propagation" StartDate="2013-11-04 20:09:49.194 CET" StructureHandle="=org.eclipse.mylyn.commons.activity.ui/src&amp;lt;org.eclipse.mylyn.internal.commons.activity.ui{MonitorUserActivityJob.java" StructureKind="java"/><InteractionEvent Delta="null" EndDate="2013-11-04 20:30:51.850 CET" Interest="1.0" Kind="propagation" Navigation="org.eclipse.mylyn.core.model.edges.containment" OriginId="org.eclipse.mylyn.core.model.interest.propagation" StartDate="2013-11-04 20:30:51.850 CET" StructureHandle="/org.eclipse.mylyn.context.core/src/org/eclipse/mylyn/internal/context" StructureKind="resource"/><InteractionEvent Delta="null" EndDate="2013-11-04 20:27:59.629 CET" Interest="78.0" Kind="propagation" Navigation="org.eclipse.mylyn.core.model.edges.containment" OriginId="org.eclipse.mylyn.core.model.interest.propagation" StartDate="2013-11-04 19:32:23.691 CET" StructureHandle="/org.eclipse.mylyn.context.core/src/org/eclipse/mylyn/internal/context" StructureKind="resource" NumEvents="78" CreationCount="142"/><InteractionEvent Delta="null" EndDate="2013-11-04 20:30:43.956 CET" Interest="1.0" Kind="propagation" Navigation="org.eclipse.mylyn.core.model.edges.containment" OriginId="org.eclipse.mylyn.core.model.interest.propagation" StartDate="2013-11-04 20:30:43.956 CET" StructureHandle="/org.eclipse.mylyn.context.core/src/org/eclipse/mylyn" StructureKind="resource"/><InteractionEvent Delta="null" EndDate="2013-11-04 20:09:51.392 CET" Interest="3.0" Kind="propagation" Navigation="org.eclipse.mylyn.core.model.edges.containment" OriginId="org.eclipse.mylyn.core.model.interest.propagation" StartDate="2013-11-04 20:09:49.194 CET" StructureHandle="=org.eclipse.mylyn.commons.activity.ui/src" StructureKind="java" NumEvents="3" CreationCount="262"/><InteractionEvent Delta="null" EndDate="2013-11-04 20:08:01.384 CET" Interest="2.0" Kind="selection" Navigation="null" OriginId="org.eclipse.jdt.ui.CompilationUnitEditor" StartDate="2013-11-04 20:04:50.239 CET" StructureHandle="=org.eclipse.mylyn.commons.activity.tests/src&amp;lt;org.eclipse.mylyn.commons.activity.tests{MonitorUserActivityJobTest.java[MonitorUserActivityJobTest~testResumeFromSleepTimeoutEvent" StructureKind="java" NumEvents="2" CreationCount="249"/><InteractionEvent Delta="null" EndDate="2013-11-04 20:30:49.947 CET" Interest="0.032001495" Kind="propagation" Navigation="org.eclipse.mylyn.core.model.edges.containment" OriginId="org.eclipse.mylyn.core.model.interest.propagation" StartDate="2013-11-04 20:30:49.947 CET" StructureHandle="=org.eclipse.mylyn.context.core/src" StructureKind="java"/><InteractionEvent Delta="null" EndDate="2013-11-04 20:19:56.449 CET" Interest="2.0" Kind="edit" Navigation="null" OriginId="org.eclipse.jdt.ui.CompilationUnitEditor" StartDate="2013-11-04 20:17:57.769 CET" StructureHandle="=org.eclipse.mylyn.monitor.tests/src&amp;lt;org.eclipse.mylyn.monitor.tests{CheckActivityJobTest.java[CheckActivityJobTest~testResumeFromSleepTimeoutEventDiscarded" StructureKind="java" NumEvents="2" CreationCount="268"/><InteractionEvent Delta="null" EndDate="2013-11-04 19:16:12.357 CET" Interest="5.0" Kind="selection" Navigation="null" OriginId="org.eclipse.jdt.ui.PackageExplorer" StartDate="2013-11-04 19:13:06.643 CET" StructureHandle="=org.eclipse.mylyn.context.tasks.tests/src&amp;lt;org.eclipse.mylyn.context.tasks.tests{TaskActivityTimingTest.java[TaskActivityTimingTest" StructureKind="java" NumEvents="5" CreationCount="1"/><InteractionEvent Delta="null" EndDate="2013-11-04 20:18:09.483 CET" Interest="99.06801" Kind="propagation" Navigation="org.eclipse.mylyn.core.model.edges.containment" OriginId="org.eclipse.mylyn.core.model.interest.propagation" StartDate="2013-11-04 19:13:06.644 CET" StructureHandle="=org.eclipse.mylyn.context.tasks.tests/src" StructureKind="java" NumEvents="138" CreationCount="1"/><InteractionEvent Delta="null" EndDate="2013-11-04 20:18:09.483 CET" Interest="181.0" Kind="propagation" Navigation="org.eclipse.mylyn.core.model.edges.containment" OriginId="org.eclipse.mylyn.core.model.interest.propagation" StartDate="2013-11-04 19:13:06.643 CET" StructureHandle="/org.eclipse.mylyn.context.tasks.tests/src/org/eclipse/mylyn/context" StructureKind="resource" NumEvents="181" CreationCount="1"/><InteractionEvent Delta="null" EndDate="2013-11-04 19:31:30.550 CET" Interest="2.0" Kind="selection" Navigation="null" OriginId="org.eclipse.jdt.ui.ClassFileEditor" StartDate="2013-11-04 19:31:25.726 CET" StructureHandle="=org.eclipse.mylyn.context.tasks.tests/\/Library\/Java\/JavaVirtualMachines\/jdk1.7.0_45.jdk\/Contents\/Home\/jre\/lib\/rt.jar&amp;lt;java.util(Calendar.class[Calendar~getTime" StructureKind="java" NumEvents="2" CreationCount="107"/><InteractionEvent Delta="null" EndDate="2013-11-04 20:27:59.630 CET" Interest="78.0" Kind="propagation" Navigation="org.eclipse.mylyn.core.model.edges.containment" OriginId="org.eclipse.mylyn.core.model.interest.propagation" StartDate="2013-11-04 19:32:23.691 CET" StructureHandle="/org.eclipse.mylyn.context.core/src" StructureKind="resource" NumEvents="78" CreationCount="142"/><InteractionEvent Delta="null" EndDate="2013-11-04 20:01:36.915 CET" Interest="1.0" Kind="prediction" Navigation="null" OriginId="org.eclipse.mylyn.resources.ui.interest.updater" StartDate="2013-11-04 20:01:36.915 CET" StructureHandle="/org.eclipse.mylyn.development/Work/local-Single-ContextTaskTests.launch" StructureKind="resource"/><InteractionEvent Delta="null" EndDate="2013-11-04 20:32:05.159 CET" Interest="1.0" Kind="propagation" Navigation="org.eclipse.mylyn.core.model.edges.containment" OriginId="org.eclipse.mylyn.core.model.interest.propagation" StartDate="2013-11-04 20:32:05.159 CET" StructureHandle="/org.eclipse.mylyn.context.core/src/org/eclipse/mylyn" StructureKind="resource"/><InteractionEvent Delta="null" EndDate="2013-11-04 20:32:05.613 CET" Interest="1.0" Kind="propagation" Navigation="org.eclipse.mylyn.core.model.edges.containment" OriginId="org.eclipse.mylyn.core.model.interest.propagation" StartDate="2013-11-04 20:32:05.613 CET" StructureHandle="=org.eclipse.mylyn.context.core/src&amp;lt;org.eclipse.mylyn.internal.context.core" StructureKind="java"/><InteractionEvent Delta="null" EndDate="2013-11-04 20:27:58.970 CET" Interest="46.317" Kind="propagation" Navigation="org.eclipse.mylyn.core.model.edges.containment" OriginId="org.eclipse.mylyn.core.model.interest.propagation" StartDate="2013-11-04 19:32:29.515 CET" StructureHandle="=org.eclipse.mylyn.context.core/src&amp;lt;org.eclipse.mylyn.internal.context.core{InteractionContextManager.java[InteractionContextManager" StructureKind="java" NumEvents="65" CreationCount="149"/><InteractionEvent Delta="null" EndDate="2013-11-04 20:18:09.483 CET" Interest="175.0" Kind="propagation" Navigation="null" OriginId="org.eclipse.compare.CompareEditor" StartDate="2013-11-04 19:13:06.643 CET" StructureHandle="/org.eclipse.mylyn.context.tasks.tests/src/org/eclipse/mylyn/context/tasks/tests/TaskActivityTimingTest.java" StructureKind="resource" NumEvents="175" CreationCount="1"/><InteractionEvent Delta="null" EndDate="2013-11-04 20:19:56.391 CET" Interest="5.0" Kind="propagation" Navigation="org.eclipse.mylyn.core.model.edges.containment" OriginId="org.eclipse.mylyn.core.model.interest.propagation" StartDate="2013-11-04 20:13:51.616 CET" StructureHandle="=org.eclipse.mylyn.monitor.tests/src&amp;lt;org.eclipse.mylyn.monitor.tests" StructureKind="java" NumEvents="5" CreationCount="266"/><InteractionEvent Delta="null" EndDate="2013-11-04 20:30:51.850 CET" Interest="0.69999695" Kind="propagation" Navigation="org.eclipse.mylyn.core.model.edges.containment" OriginId="org.eclipse.mylyn.core.model.interest.propagation" StartDate="2013-11-04 20:30:51.850 CET" StructureHandle="=org.eclipse.mylyn.context.core/src" StructureKind="java"/><InteractionEvent Delta="null" EndDate="2013-11-04 20:30:43.957 CET" Interest="1.0" Kind="propagation" Navigation="org.eclipse.mylyn.core.model.edges.containment" OriginId="org.eclipse.mylyn.core.model.interest.propagation" StartDate="2013-11-04 20:30:43.957 CET" StructureHandle="/org.eclipse.mylyn.context.core/src" StructureKind="resource"/><InteractionEvent Delta="null" EndDate="2013-11-04 20:32:05.159 CET" Interest="1.0" Kind="propagation" Navigation="org.eclipse.mylyn.core.model.edges.containment" OriginId="org.eclipse.mylyn.core.model.interest.propagation" StartDate="2013-11-04 20:32:05.159 CET" StructureHandle="/org.eclipse.mylyn.context.core/src/org/eclipse" StructureKind="resource"/><InteractionEvent Delta="null" EndDate="2013-11-04 20:30:49.947 CET" Interest="1.0" Kind="propagation" Navigation="org.eclipse.mylyn.core.model.edges.containment" OriginId="org.eclipse.mylyn.core.model.interest.propagation" StartDate="2013-11-04 20:30:49.947 CET" StructureHandle="/org.eclipse.mylyn.context.core/src/org/eclipse/mylyn/internal" StructureKind="resource"/><InteractionEvent Delta="null" EndDate="2013-11-04 20:30:49.946 CET" Interest="0.70000076" Kind="propagation" Navigation="org.eclipse.mylyn.core.model.edges.containment" OriginId="org.eclipse.mylyn.core.model.interest.propagation" StartDate="2013-11-04 20:30:49.946 CET" StructureHandle="=org.eclipse.mylyn.context.core/src&amp;lt;org.eclipse.mylyn.internal.context.core{InteractionContextManager.java" StructureKind="java"/><InteractionEvent Delta="null" EndDate="2013-11-04 20:32:00.669 CET" Interest="1.0" Kind="propagation" Navigation="org.eclipse.mylyn.core.model.edges.containment" OriginId="org.eclipse.mylyn.core.model.interest.propagation" StartDate="2013-11-04 20:32:00.669 CET" StructureHandle="/org.eclipse.mylyn.context.core/src" StructureKind="resource"/><InteractionEvent Delta="null" EndDate="2013-11-04 20:30:45.342 CET" Interest="1.0" Kind="propagation" Navigation="org.eclipse.mylyn.core.model.edges.containment" OriginId="org.eclipse.mylyn.core.model.interest.propagation" StartDate="2013-11-04 20:30:45.342 CET" StructureHandle="=org.eclipse.mylyn.context.core" StructureKind="resource"/><InteractionEvent Delta="null" EndDate="2013-11-04 20:30:55.919 CET" Interest="0.7000046" Kind="propagation" Navigation="org.eclipse.mylyn.core.model.edges.containment" OriginId="org.eclipse.mylyn.core.model.interest.propagation" StartDate="2013-11-04 20:30:55.919 CET" StructureHandle="=org.eclipse.mylyn.context.core/src&amp;lt;org.eclipse.mylyn.internal.context.core{InteractionContextManager.java[InteractionContextManager" StructureKind="java"/><InteractionEvent Delta="null" EndDate="2013-11-04 20:32:05.157 CET" Interest="1.0000038" Kind="propagation" Navigation="org.eclipse.mylyn.core.model.edges.containment" OriginId="org.eclipse.mylyn.core.model.interest.propagation" StartDate="2013-11-04 20:32:05.157 CET" StructureHandle="=org.eclipse.mylyn.context.core/src&amp;lt;org.eclipse.mylyn.internal.context.core{InteractionContextManager.java[InteractionContextManager" StructureKind="java"/><InteractionEvent Delta="null" EndDate="2013-11-04 19:31:25.74 CET" Interest="1.0" Kind="propagation" Navigation="org.eclipse.mylyn.core.model.edges.containment" OriginId="org.eclipse.mylyn.core.model.interest.propagation" StartDate="2013-11-04 19:31:25.74 CET" StructureHandle="=de.becker.frank.BIRT.Sample/\/Library\/Java\/JavaVirtualMachines\/jdk1.7.0_45.jdk\/Contents\/Home\/jre\/lib\/rt.jar&amp;lt;java.util" StructureKind="java"/><InteractionEvent Delta="null" EndDate="2013-11-04 20:30:49.947 CET" Interest="1.0" Kind="propagation" Navigation="org.eclipse.mylyn.core.model.edges.containment" OriginId="org.eclipse.mylyn.core.model.interest.propagation" StartDate="2013-11-04 20:30:49.947 CET" StructureHandle="=org.eclipse.mylyn.context.core" StructureKind="resource"/><InteractionEvent Delta="null" EndDate="2013-11-04 19:31:35.767 CET" Interest="1.0" Kind="selection" Navigation="null" OriginId="org.eclipse.jdt.ui.CompilationUnitEditor" StartDate="2013-11-04 19:31:35.767 CET" StructureHandle="=org.eclipse.mylyn.monitor.core/src&amp;lt;org.eclipse.mylyn.monitor.core{InteractionEvent.java[InteractionEvent~InteractionEvent~QKind;~QString;~QString;~QString;~QString;~QString;~F~QDate;~QDate;" StructureKind="java"/><InteractionEvent Delta="null" EndDate="2013-11-04 19:31:25.74 CET" Interest="1.0" Kind="selection" Navigation="null" OriginId="org.eclipse.jdt.ui.ClassFileEditor" StartDate="2013-11-04 19:31:25.74 CET" StructureHandle="=de.becker.frank.BIRT.Sample/\/Library\/Java\/JavaVirtualMachines\/jdk1.7.0_45.jdk\/Contents\/Home\/jre\/lib\/rt.jar&amp;lt;java.util(Calendar.class" StructureKind="java"/><InteractionEvent Delta="null" EndDate="2013-11-04 20:32:05.159 CET" Interest="1.0" Kind="propagation" Navigation="org.eclipse.mylyn.core.model.edges.containment" OriginId="org.eclipse.mylyn.core.model.interest.propagation" StartDate="2013-11-04 20:32:05.159 CET" StructureHandle="/org.eclipse.mylyn.context.core/src/org/eclipse/mylyn/internal" StructureKind="resource"/><InteractionEvent Delta="null" EndDate="2013-11-04 20:09:52.147 CET" Interest="2.0" Kind="propagation" Navigation="org.eclipse.mylyn.core.model.edges.containment" OriginId="org.eclipse.mylyn.core.model.interest.propagation" StartDate="2013-11-04 20:09:49.193 CET" StructureHandle="=org.eclipse.mylyn.commons.activity.ui/src&amp;lt;org.eclipse.mylyn.internal.commons.activity.ui{MonitorUserActivityJob.java[MonitorUserActivityJob" StructureKind="java" NumEvents="2" CreationCount="262"/><InteractionEvent Delta="null" EndDate="2013-11-04 20:32:05.158 CET" Interest="1.0" Kind="propagation" Navigation="org.eclipse.mylyn.core.model.edges.containment" OriginId="org.eclipse.mylyn.core.model.interest.propagation" StartDate="2013-11-04 20:32:05.158 CET" StructureHandle="=org.eclipse.mylyn.context.core/src&amp;lt;org.eclipse.mylyn.internal.context.core" StructureKind="java"/><InteractionEvent Delta="null" EndDate="2013-11-04 20:32:00.669 CET" Interest="1.0" Kind="propagation" Navigation="org.eclipse.mylyn.core.model.edges.containment" OriginId="org.eclipse.mylyn.core.model.interest.propagation" StartDate="2013-11-04 20:32:00.669 CET" StructureHandle="=org.eclipse.mylyn.context.core" StructureKind="resource"/><InteractionEvent Delta="null" EndDate="2013-11-04 20:27:59.630 CET" Interest="78.0" Kind="propagation" Navigation="org.eclipse.mylyn.core.model.edges.containment" OriginId="org.eclipse.mylyn.core.model.interest.propagation" StartDate="2013-11-04 19:32:23.691 CET" StructureHandle="=org.eclipse.mylyn.context.core" StructureKind="resource" NumEvents="78" CreationCount="142"/><InteractionEvent Delta="null" EndDate="2013-11-04 19:31:44.520 CET" Interest="5.0" Kind="edit" Navigation="null" OriginId="org.eclipse.jdt.ui.CompilationUnitEditor" StartDate="2013-11-04 19:31:38.494 CET" StructureHandle="=org.eclipse.mylyn.monitor.core/src&amp;lt;org.eclipse.mylyn.monitor.core{InteractionEvent.java[InteractionEvent~InteractionEvent~QKind;~QString;~QString;~QString;~QString;~QString;~F~QDate;~QDate;" StructureKind="java" NumEvents="5" CreationCount="118"/><InteractionEvent Delta="null" EndDate="2013-11-04 20:32:05.614 CET" Interest="0.9999962" Kind="propagation" Navigation="org.eclipse.mylyn.core.model.edges.containment" OriginId="org.eclipse.mylyn.core.model.interest.propagation" StartDate="2013-11-04 20:32:05.614 CET" StructureHandle="=org.eclipse.mylyn.context.core/src" StructureKind="java"/><InteractionEvent Delta="null" EndDate="2013-11-04 19:54:26.264 CET" Interest="2.0" Kind="selection" Navigation="null" OriginId="org.eclipse.jdt.ui.CompilationUnitEditor" StartDate="2013-11-04 19:54:26.160 CET" StructureHandle="=org.eclipse.mylyn.context.tasks.ui/src&amp;lt;org.eclipse.mylyn.internal.context.tasks.ui{TaskActivityMonitor.java" StructureKind="java" NumEvents="2" CreationCount="206"/><InteractionEvent Delta="null" EndDate="2013-11-04 20:09:51.392 CET" Interest="3.0" Kind="propagation" Navigation="org.eclipse.mylyn.core.model.edges.containment" OriginId="org.eclipse.mylyn.core.model.interest.propagation" StartDate="2013-11-04 20:09:49.194 CET" StructureHandle="=org.eclipse.mylyn.commons.activity.ui/src&amp;lt;org.eclipse.mylyn.internal.commons.activity.ui" StructureKind="java" NumEvents="3" CreationCount="262"/><InteractionEvent Delta="null" EndDate="2013-11-04 20:30:51.850 CET" Interest="1.0" Kind="propagation" Navigation="org.eclipse.mylyn.core.model.edges.containment" OriginId="org.eclipse.mylyn.core.model.interest.propagation" StartDate="2013-11-04 20:30:51.850 CET" StructureHandle="/org.eclipse.mylyn.context.core/src/org/eclipse/mylyn/internal" StructureKind="resource"/><InteractionEvent Delta="null" EndDate="2013-11-04 20:07:29.191 CET" Interest="0.43400013" Kind="propagation" Navigation="org.eclipse.mylyn.core.model.edges.containment" OriginId="org.eclipse.mylyn.core.model.interest.propagation" StartDate="2013-11-04 20:07:29.191 CET" StructureHandle="=org.eclipse.mylyn.commons.activity.tests/src&amp;lt;org.eclipse.mylyn.commons.activity.tests{MonitorUserActivityJobTest.java" StructureKind="java"/><InteractionEvent Delta="null" EndDate="2013-11-04 19:31:44.521 CET" Interest="2.534" Kind="propagation" Navigation="org.eclipse.mylyn.core.model.edges.containment" OriginId="org.eclipse.mylyn.core.model.interest.propagation" StartDate="2013-11-04 19:31:39.662 CET" StructureHandle="=org.eclipse.mylyn.monitor.core/src&amp;lt;org.eclipse.mylyn.monitor.core{InteractionEvent.java" StructureKind="java" NumEvents="4" CreationCount="116"/><InteractionEvent Delta="null" EndDate="2013-11-04 19:26:10.134 CET" Interest="1.425" Kind="propagation" Navigation="org.eclipse.mylyn.core.model.edges.containment" OriginId="org.eclipse.mylyn.core.model.interest.propagation" StartDate="2013-11-04 19:14:18.880 CET" StructureHandle="=org.eclipse.mylyn.development" StructureKind="c/c++" NumEvents="2" CreationCount="14"/><InteractionEvent Delta="null" EndDate="2013-11-04 20:00:40.211 CET" Interest="89.268005" Kind="propagation" Navigation="org.eclipse.mylyn.core.model.edges.containment" OriginId="org.eclipse.mylyn.core.model.interest.propagation" StartDate="2013-11-04 19:13:06.648 CET" StructureHandle="=org.eclipse.mylyn.context.tasks.tests/src&amp;lt;org.eclipse.mylyn.context.tasks.tests{TaskActivityTimingTest.java[TaskActivityTimingTest" StructureKind="java" NumEvents="125" CreationCount="1"/><InteractionEvent Delta="null" EndDate="2013-11-04 20:30:51.850 CET" Interest="1.0" Kind="propagation" Navigation="org.eclipse.mylyn.core.model.edges.containment" OriginId="org.eclipse.mylyn.core.model.interest.propagation" StartDate="2013-11-04 20:30:51.850 CET" StructureHandle="/org.eclipse.mylyn.context.core/src/org" StructureKind="resource"/><InteractionEvent Delta="null" EndDate="2013-11-04 20:00:37.797 CET" Interest="110.0" Kind="edit" Navigation="null" OriginId="org.eclipse.jdt.ui.CompilationUnitEditor" StartDate="2013-11-04 19:13:20.487 CET" StructureHandle="=org.eclipse.mylyn.context.tasks.tests/src&amp;lt;org.eclipse.mylyn.context.tasks.tests{TaskActivityTimingTest.java[TaskActivityTimingTest~testCollapeedByTheHour" StructureKind="java" NumEvents="110" CreationCount="5"/><InteractionEvent Delta="null" EndDate="2013-11-04 20:27:58.970 CET" Interest="5.0" Kind="selection" Navigation="null" OriginId="org.eclipse.jdt.ui.PackageExplorer" StartDate="2013-11-04 19:32:30.996 CET" StructureHandle="=org.eclipse.mylyn.context.core/src&amp;lt;org.eclipse.mylyn.internal.context.core{InteractionContextManager.java[InteractionContextManager~collapseEventsByHour~QList\&amp;lt;QInteractionEvent;&amp;gt;;" StructureKind="java" NumEvents="5" CreationCount="150"/><InteractionEvent Delta="null" EndDate="2013-11-04 20:30:51.849 CET" Interest="1.0" Kind="propagation" Navigation="null" OriginId="org.eclipse.jdt.ui.CompilationUnitEditor" StartDate="2013-11-04 20:30:51.849 CET" StructureHandle="/org.eclipse.mylyn.context.core/src/org/eclipse/mylyn/internal/context/core" StructureKind="resource"/><InteractionEvent Delta="null" EndDate="2013-11-04 20:32:05.614 CET" Interest="1.0" Kind="propagation" Navigation="org.eclipse.mylyn.core.model.edges.containment" OriginId="org.eclipse.mylyn.core.model.interest.propagation" StartDate="2013-11-04 20:32:05.614 CET" StructureHandle="/org.eclipse.mylyn.context.core/src/org" StructureKind="resource"/><InteractionEvent Delta="null" EndDate="2013-11-04 20:20:04.68 CET" Interest="4.4000006" Kind="propagation" Navigation="org.eclipse.mylyn.core.model.edges.containment" OriginId="org.eclipse.mylyn.core.model.interest.propagation" StartDate="2013-11-04 20:13:52.423 CET" StructureHandle="=org.eclipse.mylyn.monitor.tests/src&amp;lt;org.eclipse.mylyn.monitor.tests{CheckActivityJobTest.java[CheckActivityJobTest" StructureKind="java" NumEvents="5" CreationCount="268"/><InteractionEvent Delta="null" EndDate="2013-11-04 20:30:45.342 CET" Interest="1.0" Kind="propagation" Navigation="org.eclipse.mylyn.core.model.edges.containment" OriginId="org.eclipse.mylyn.core.model.interest.propagation" StartDate="2013-11-04 20:30:45.342 CET" StructureHandle="/org.eclipse.mylyn.context.core/src/org/eclipse/mylyn" StructureKind="resource"/><InteractionEvent Delta="null" EndDate="2013-11-04 20:18:09.483 CET" Interest="181.0" Kind="propagation" Navigation="org.eclipse.mylyn.core.model.edges.containment" OriginId="org.eclipse.mylyn.core.model.interest.propagation" StartDate="2013-11-04 19:13:06.644 CET" StructureHandle="/" StructureKind="resource" NumEvents="181" CreationCount="1"/><InteractionEvent Delta="null" EndDate="2013-11-04 20:00:40.211 CET" Interest="20.0" Kind="selection" Navigation="null" OriginId="org.eclipse.jdt.ui.CompilationUnitEditor" StartDate="2013-11-04 19:13:16.574 CET" StructureHandle="=org.eclipse.mylyn.context.tasks.tests/src&amp;lt;org.eclipse.mylyn.context.tasks.tests{TaskActivityTimingTest.java[TaskActivityTimingTest~testCollapeedByTheHour" StructureKind="java" NumEvents="20" CreationCount="5"/><InteractionEvent Delta="null" EndDate="2013-11-04 20:27:59.630 CET" Interest="78.0" Kind="propagation" Navigation="org.eclipse.mylyn.core.model.edges.containment" OriginId="org.eclipse.mylyn.core.model.interest.propagation" StartDate="2013-11-04 19:32:23.691 CET" StructureHandle="/org.eclipse.mylyn.context.core/src/org/eclipse" StructureKind="resource" NumEvents="78" CreationCount="142"/><InteractionEvent Delta="null" EndDate="2013-11-04 20:30:45.342 CET" Interest="1.0" Kind="propagation" Navigation="org.eclipse.mylyn.core.model.edges.containment" OriginId="org.eclipse.mylyn.core.model.interest.propagation" StartDate="2013-11-04 20:30:45.342 CET" StructureHandle="/org.eclipse.mylyn.context.core/src" StructureKind="resource"/><InteractionEvent Delta="null" EndDate="2013-11-04 20:18:09.483 CET" Interest="181.0" Kind="propagation" Navigation="org.eclipse.mylyn.core.model.edges.containment" OriginId="org.eclipse.mylyn.core.model.interest.propagation" StartDate="2013-11-04 19:13:06.643 CET" StructureHandle="/org.eclipse.mylyn.context.tasks.tests/src/org/eclipse/mylyn/context/tasks" StructureKind="resource" NumEvents="181" CreationCount="1"/><InteractionEvent Delta="null" EndDate="2013-11-04 19:15:53.409 CET" Interest="3.0" Kind="selection" Navigation="null" OriginId="org.eclipse.jdt.ui.CompilationUnitEditor" StartDate="2013-11-04 19:13:38.584 CET" StructureHandle="=org.eclipse.mylyn.context.tasks.tests/src&amp;lt;org.eclipse.mylyn.context.tasks.tests{AllContextTasksTests.java[AllContextTasksTests~suite" StructureKind="java" NumEvents="3" CreationCount="18"/><InteractionEvent Delta="null" EndDate="2013-11-04 20:32:00.667 CET" Interest="1.0" Kind="edit" Navigation="null" OriginId="org.eclipse.jdt.ui.CompilationUnitEditor" StartDate="2013-11-04 20:32:00.667 CET" StructureHandle="=org.eclipse.mylyn.context.core/src&amp;lt;org.eclipse.mylyn.internal.context.core{InteractionContextManager.java[InteractionContextManager~collapseEventsByHour~QList\&amp;lt;QInteractionEvent;&amp;gt;;" StructureKind="java"/><InteractionEvent Delta="null" EndDate="2013-11-04 20:30:43.956 CET" Interest="1.0" Kind="propagation" Navigation="org.eclipse.mylyn.core.model.edges.containment" OriginId="org.eclipse.mylyn.core.model.interest.propagation" StartDate="2013-11-04 20:30:43.956 CET" StructureHandle="/org.eclipse.mylyn.context.core/src/org/eclipse/mylyn/internal/context" StructureKind="resource"/><InteractionEvent Delta="null" EndDate="2013-11-04 20:30:44.1 CET" Interest="1.0" Kind="propagation" Navigation="null" OriginId="org.eclipse.jdt.ui.CompilationUnitEditor" StartDate="2013-11-04 20:30:44.1 CET" StructureHandle="/org.eclipse.mylyn.context.core/src/org/eclipse/mylyn/internal/context/core" StructureKind="resource"/><InteractionEvent Delta="null" EndDate="2013-11-04 19:15:52.770 CET" Interest="2.0" Kind="selection" Navigation="null" OriginId="org.eclipse.jdt.ui.CompilationUnitEditor" StartDate="2013-11-04 19:15:52.674 CET" StructureHandle="=org.eclipse.mylyn.context.tasks.tests/src&amp;lt;org.eclipse.mylyn.context.tasks.tests{AllContextTasksTests.java" StructureKind="java" NumEvents="2" CreationCount="18"/><InteractionEvent Delta="null" EndDate="2013-11-04 20:18:09.483 CET" Interest="181.0" Kind="propagation" Navigation="org.eclipse.mylyn.core.model.edges.containment" OriginId="org.eclipse.mylyn.core.model.interest.propagation" StartDate="2013-11-04 19:13:06.643 CET" StructureHandle="/org.eclipse.mylyn.context.tasks.tests/src" StructureKind="resource" NumEvents="181" CreationCount="1"/><InteractionEvent Delta="null" EndDate="2013-11-04 20:30:55.919 CET" Interest="1.0" Kind="edit" Navigation="null" OriginId="org.eclipse.jdt.ui.CompilationUnitEditor" StartDate="2013-11-04 20:30:55.919 CET" StructureHandle="=org.eclipse.mylyn.context.core/src&amp;lt;org.eclipse.mylyn.internal.context.core{InteractionContextManager.java[InteractionContextManager~collapseEventsByHour~QList\&amp;lt;QInteractionEvent;&amp;gt;;" StructureKind="java"/><InteractionEvent Delta="null" EndDate="2013-11-04 19:32:23.691 CET" Interest="1.0" Kind="selection" Navigation="null" OriginId="org.eclipse.jdt.ui.CompilationUnitEditor" StartDate="2013-11-04 19:32:23.691 CET" StructureHandle="=org.eclipse.mylyn.context.core/src&amp;lt;org.eclipse.mylyn.internal.context.core{ContextCorePlugin.java" StructureKind="java"/><InteractionEvent Delta="null" EndDate="2013-11-04 20:18:09.483 CET" Interest="20.0" Kind="selection" Navigation="null" OriginId="org.eclipse.compare.CompareEditor" StartDate="2013-11-04 19:13:15.813 CET" StructureHandle="=org.eclipse.mylyn.context.tasks.tests/src&amp;lt;org.eclipse.mylyn.context.tasks.tests{TaskActivityTimingTest.java" StructureKind="java" NumEvents="20" CreationCount="1"/><InteractionEvent Delta="null" EndDate="2013-11-04 20:30:51.849 CET" Interest="0.70000076" Kind="propagation" Navigation="org.eclipse.mylyn.core.model.edges.containment" OriginId="org.eclipse.mylyn.core.model.interest.propagation" StartDate="2013-11-04 20:30:51.849 CET" StructureHandle="=org.eclipse.mylyn.context.core/src&amp;lt;org.eclipse.mylyn.internal.context.core{InteractionContextManager.java" StructureKind="java"/><InteractionEvent Delta="null" EndDate="2013-11-04 20:30:44.1 CET" Interest="1.0" Kind="propagation" Navigation="org.eclipse.mylyn.core.model.edges.containment" OriginId="org.eclipse.mylyn.core.model.interest.propagation" StartDate="2013-11-04 20:30:44.1 CET" StructureHandle="/org.eclipse.mylyn.context.core/src/org" StructureKind="resource"/><InteractionEvent Delta="null" EndDate="2013-11-04 20:32:00.669 CET" Interest="0.70000076" Kind="propagation" Navigation="org.eclipse.mylyn.core.model.edges.containment" OriginId="org.eclipse.mylyn.core.model.interest.propagation" StartDate="2013-11-04 20:32:00.669 CET" StructureHandle="=org.eclipse.mylyn.context.core/src&amp;lt;org.eclipse.mylyn.internal.context.core" StructureKind="java"/><InteractionEvent Delta="null" EndDate="2013-11-04 20:09:41.552 CET" Interest="4.4340005" Kind="propagation" Navigation="org.eclipse.mylyn.core.model.edges.containment" OriginId="org.eclipse.mylyn.core.model.interest.propagation" StartDate="2013-11-04 20:04:49.462 CET" StructureHandle="=org.eclipse.mylyn.commons.activity.tests/src" StructureKind="java" NumEvents="6" CreationCount="247"/><InteractionEvent Delta="null" EndDate="2013-11-04 20:32:05.159 CET" Interest="1.0" Kind="propagation" Navigation="org.eclipse.mylyn.core.model.edges.containment" OriginId="org.eclipse.mylyn.core.model.interest.propagation" StartDate="2013-11-04 20:32:05.159 CET" StructureHandle="/org.eclipse.mylyn.context.core/src/org/eclipse/mylyn/internal/context" StructureKind="resource"/><InteractionEvent Delta="null" EndDate="2013-11-04 20:30:55.920 CET" Interest="1.0" Kind="propagation" Navigation="org.eclipse.mylyn.core.model.edges.containment" OriginId="org.eclipse.mylyn.core.model.interest.propagation" StartDate="2013-11-04 20:30:55.920 CET" StructureHandle="=org.eclipse.mylyn.context.core" StructureKind="resource"/><InteractionEvent Delta="null" EndDate="2013-11-04 19:32:24.429 CET" Interest="1.0" Kind="selection" Navigation="null" OriginId="org.eclipse.jdt.ui.CompilationUnitEditor" StartDate="2013-11-04 19:32:24.429 CET" StructureHandle="=org.eclipse.mylyn.context.core/src&amp;lt;org.eclipse.mylyn.internal.context.core{ContextCorePlugin.java[ContextCorePlugin~getContextManager" StructureKind="java"/><InteractionEvent Delta="null" EndDate="2013-11-04 20:30:55.920 CET" Interest="1.0" Kind="propagation" Navigation="org.eclipse.mylyn.core.model.edges.containment" OriginId="org.eclipse.mylyn.core.model.interest.propagation" StartDate="2013-11-04 20:30:55.920 CET" StructureHandle="/org.eclipse.mylyn.context.core/src" StructureKind="resource"/><InteractionEvent Delta="null" EndDate="2013-11-04 19:32:29.515 CET" Interest="1.0" Kind="selection" Navigation="null" OriginId="org.eclipse.jdt.ui.CompilationUnitEditor" StartDate="2013-11-04 19:32:29.515 CET" StructureHandle="=org.eclipse.mylyn.context.core/src&amp;lt;org.eclipse.mylyn.internal.context.core{InteractionContextManager.java[InteractionContextManager~activateContext~QString;" StructureKind="java"/><InteractionEvent Delta="null" EndDate="2013-11-04 20:30:51.848 CET" Interest="0.69999695" Kind="propagation" Navigation="org.eclipse.mylyn.core.model.edges.containment" OriginId="org.eclipse.mylyn.core.model.interest.propagation" StartDate="2013-11-04 20:30:51.848 CET" StructureHandle="=org.eclipse.mylyn.context.core/src&amp;lt;org.eclipse.mylyn.internal.context.core{InteractionContextManager.java[InteractionContextManager" StructureKind="java"/><InteractionEvent Delta="null" EndDate="2013-11-04 20:27:59.629 CET" Interest="78.0" Kind="propagation" Navigation="null" OriginId="org.eclipse.jdt.ui.PackageExplorer" StartDate="2013-11-04 19:32:23.691 CET" StructureHandle="/org.eclipse.mylyn.context.core/src/org/eclipse/mylyn/internal/context/core" StructureKind="resource" NumEvents="78" CreationCount="142"/><InteractionEvent Delta="null" EndDate="2013-11-04 20:27:58.970 CET" Interest="38.334" Kind="propagation" Navigation="org.eclipse.mylyn.core.model.edges.containment" OriginId="org.eclipse.mylyn.core.model.interest.propagation" StartDate="2013-11-04 19:32:29.515 CET" StructureHandle="=org.eclipse.mylyn.context.core/src&amp;lt;org.eclipse.mylyn.internal.context.core{InteractionContextManager.java" StructureKind="java" NumEvents="57" CreationCount="148"/><InteractionEvent Delta="null" EndDate="2013-11-04 20:22:36.978 CET" Interest="1.0" Kind="selection" Navigation="null" OriginId="org.eclipse.jdt.ui.PackageExplorer" StartDate="2013-11-04 20:22:36.978 CET" StructureHandle="=org.eclipse.mylyn.context.core/src&amp;lt;org.eclipse.mylyn.internal.context.core" StructureKind="java"/><InteractionEvent Delta="null" EndDate="2013-11-04 20:30:51.850 CET" Interest="1.0" Kind="propagation" Navigation="org.eclipse.mylyn.core.model.edges.containment" OriginId="org.eclipse.mylyn.core.model.interest.propagation" StartDate="2013-11-04 20:30:51.850 CET" StructureHandle="/org.eclipse.mylyn.context.core/src" StructureKind="resource"/><InteractionEvent Delta="null" EndDate="2013-11-04 19:31:35.67 CET" Interest="2.0" Kind="selection" Navigation="null" OriginId="org.eclipse.jdt.ui.CompilationUnitEditor" StartDate="2013-11-04 19:31:34.959 CET" StructureHandle="=org.eclipse.mylyn.monitor.core/src&amp;lt;org.eclipse.mylyn.monitor.core{InteractionEvent.java" StructureKind="java" NumEvents="2" CreationCount="116"/><InteractionEvent Delta="null" EndDate="2013-11-04 20:30:51.850 CET" Interest="1.0" Kind="propagation" Navigation="org.eclipse.mylyn.core.model.edges.containment" OriginId="org.eclipse.mylyn.core.model.interest.propagation" StartDate="2013-11-04 20:30:51.850 CET" StructureHandle="/org.eclipse.mylyn.context.core/src/org/eclipse/mylyn" StructureKind="resource"/><InteractionEvent Delta="null" EndDate="2013-11-04 20:30:44.0 CET" Interest="1.0" Kind="propagation" Navigation="null" OriginId="org.eclipse.jdt.ui.CompilationUnitEditor" StartDate="2013-11-04 20:30:44.0 CET" StructureHandle="/org.eclipse.mylyn.context.core/src/org/eclipse/mylyn/internal/context/core/InteractionContextManager.java" StructureKind="resource"/><InteractionEvent Delta="null" EndDate="2013-11-04 20:32:05.159 CET" Interest="1.0000038" Kind="propagation" Navigation="org.eclipse.mylyn.core.model.edges.containment" OriginId="org.eclipse.mylyn.core.model.interest.propagation" StartDate="2013-11-04 20:32:05.159 CET" StructureHandle="=org.eclipse.mylyn.context.core/src" StructureKind="java"/><InteractionEvent Delta="null" EndDate="2013-11-04 20:30:49.947 CET" Interest="1.0" Kind="propagation" Navigation="org.eclipse.mylyn.core.model.edges.containment" OriginId="org.eclipse.mylyn.core.model.interest.propagation" StartDate="2013-11-04 20:30:49.947 CET" StructureHandle="/org.eclipse.mylyn.context.core/src/org/eclipse/mylyn" StructureKind="resource"/><InteractionEvent Delta="null" EndDate="2013-11-04 20:32:05.158 CET" Interest="1.0" Kind="propagation" Navigation="null" OriginId="org.eclipse.jdt.ui.PackageExplorer" StartDate="2013-11-04 20:32:05.158 CET" StructureHandle="/org.eclipse.mylyn.context.core/src/org/eclipse/mylyn/internal/context/core" StructureKind="resource"/><InteractionEvent Delta="null" EndDate="2013-11-04 19:32:24.429 CET" Interest="1.017" Kind="propagation" Navigation="org.eclipse.mylyn.core.model.edges.containment" OriginId="org.eclipse.mylyn.core.model.interest.propagation" StartDate="2013-11-04 19:32:23.794 CET" StructureHandle="=org.eclipse.mylyn.context.core/src&amp;lt;org.eclipse.mylyn.internal.context.core{ContextCorePlugin.java[ContextCorePlugin" StructureKind="java" NumEvents="2" CreationCount="143"/><InteractionEvent Delta="null" EndDate="2013-11-04 19:31:44.521 CET" Interest="4.534" Kind="propagation" Navigation="org.eclipse.mylyn.core.model.edges.containment" OriginId="org.eclipse.mylyn.core.model.interest.propagation" StartDate="2013-11-04 19:31:34.960 CET" StructureHandle="=org.eclipse.mylyn.monitor.core/src&amp;lt;org.eclipse.mylyn.monitor.core" StructureKind="java" NumEvents="6" CreationCount="116"/><InteractionEvent Delta="null" EndDate="2013-11-04 20:30:55.919 CET" Interest="1.0" Kind="propagation" Navigation="null" OriginId="org.eclipse.jdt.ui.CompilationUnitEditor" StartDate="2013-11-04 20:30:55.919 CET" StructureHandle="/org.eclipse.mylyn.context.core/src/org/eclipse/mylyn/internal/context/core/InteractionContextManager.java" StructureKind="resource"/><InteractionEvent Delta="null" EndDate="2013-11-04 20:32:00.669 CET" Interest="0.69999695" Kind="propagation" Navigation="org.eclipse.mylyn.core.model.edges.containment" OriginId="org.eclipse.mylyn.core.model.interest.propagation" StartDate="2013-11-04 20:32:00.669 CET" StructureHandle="=org.eclipse.mylyn.context.core/src" StructureKind="java"/><InteractionEvent Delta="null" EndDate="2013-11-04 19:31:31.88 CET" Interest="2.7" Kind="propagation" Navigation="org.eclipse.mylyn.core.model.edges.containment" OriginId="org.eclipse.mylyn.core.model.interest.propagation" StartDate="2013-11-04 19:31:25.727 CET" StructureHandle="=org.eclipse.mylyn.context.tasks.tests/\/Library\/Java\/JavaVirtualMachines\/jdk1.7.0_45.jdk\/Contents\/Home\/jre\/lib\/rt.jar&amp;lt;java.util" StructureKind="java" NumEvents="3" CreationCount="107"/><InteractionEvent Delta="null" EndDate="2013-11-04 20:16:50.379 CET" Interest="7.0" Kind="selection" Navigation="null" OriginId="org.eclipse.jdt.ui.CompilationUnitEditor" StartDate="2013-11-04 19:53:49.792 CET" StructureHandle="=org.eclipse.mylyn.context.tasks.tests/src&amp;lt;org.eclipse.mylyn.context.tasks.tests{TaskActivityTimingTest.java[TaskActivityTimingTest~testElapsedSameAfterRead" StructureKind="java" NumEvents="7" CreationCount="204"/><InteractionEvent Delta="null" EndDate="2013-11-04 20:30:45.342 CET" Interest="1.0" Kind="propagation" Navigation="null" OriginId="org.eclipse.jdt.ui.CompilationUnitEditor" StartDate="2013-11-04 20:30:45.342 CET" StructureHandle="/org.eclipse.mylyn.context.core/src/org/eclipse/mylyn/internal/context/core" StructureKind="resource"/><InteractionEvent Delta="null" EndDate="2013-11-04 20:30:44.2 CET" Interest="1.0" Kind="propagation" Navigation="org.eclipse.mylyn.core.model.edges.containment" OriginId="org.eclipse.mylyn.core.model.interest.propagation" StartDate="2013-11-04 20:30:44.2 CET" StructureHandle="/org.eclipse.mylyn.context.core/src" StructureKind="resource"/><InteractionEvent Delta="null" EndDate="2013-11-04 20:30:49.947 CET" Interest="1.0" Kind="propagation" Navigation="null" OriginId="org.eclipse.jdt.ui.CompilationUnitEditor" StartDate="2013-11-04 20:30:49.947 CET" StructureHandle="/org.eclipse.mylyn.context.core/src/org/eclipse/mylyn/internal/context/core" StructureKind="resource"/><InteractionEvent Delta="null" EndDate="2013-11-04 20:30:43.957 CET" Interest="1.0" Kind="propagation" Navigation="org.eclipse.mylyn.core.model.edges.containment" OriginId="org.eclipse.mylyn.core.model.interest.propagation" StartDate="2013-11-04 20:30:43.957 CET" StructureHandle="=org.eclipse.mylyn.context.core" StructureKind="resource"/><InteractionEvent Delta="null" EndDate="2013-11-04 20:30:51.849 CET" Interest="0.70000076" Kind="propagation" Navigation="org.eclipse.mylyn.core.model.edges.containment" OriginId="org.eclipse.mylyn.core.model.interest.propagation" StartDate="2013-11-04 20:30:51.849 CET" StructureHandle="=org.eclipse.mylyn.context.core/src&amp;lt;org.eclipse.mylyn.internal.context.core" StructureKind="java"/><InteractionEvent Delta="null" EndDate="2013-11-04 20:30:51.848 CET" Interest="1.0" Kind="propagation" Navigation="null" OriginId="org.eclipse.jdt.ui.CompilationUnitEditor" StartDate="2013-11-04 20:30:51.848 CET" StructureHandle="/org.eclipse.mylyn.context.core/src/org/eclipse/mylyn/internal/context/core/InteractionContextManager.java" StructureKind="resource"/><InteractionEvent Delta="null" EndDate="2013-11-04 19:32:23.794 CET" Interest="1.0" Kind="selection" Navigation="null" OriginId="org.eclipse.jdt.ui.CompilationUnitEditor" StartDate="2013-11-04 19:32:23.794 CET" StructureHandle="=org.eclipse.mylyn.context.core/src&amp;lt;org.eclipse.mylyn.internal.context.core{ContextCorePlugin.java[ContextCorePlugin~initContextContributor" StructureKind="java"/><InteractionEvent Delta="null" EndDate="2013-11-04 19:32:24.429 CET" Interest="0.03399992" Kind="propagation" Navigation="org.eclipse.mylyn.core.model.edges.containment" OriginId="org.eclipse.mylyn.core.model.interest.propagation" StartDate="2013-11-04 19:32:23.794 CET" StructureHandle="=org.eclipse.mylyn.context.core/src&amp;lt;org.eclipse.mylyn.internal.context.core{ContextCorePlugin.java" StructureKind="java" NumEvents="2" CreationCount="142"/><InteractionEvent Delta="null" EndDate="2013-11-04 20:32:05.159 CET" Interest="1.0" Kind="propagation" Navigation="org.eclipse.mylyn.core.model.edges.containment" OriginId="org.eclipse.mylyn.core.model.interest.propagation" StartDate="2013-11-04 20:32:05.159 CET" StructureHandle="/org.eclipse.mylyn.context.core/src/org" StructureKind="resource"/><InteractionEvent Delta="null" EndDate="2013-11-04 20:32:00.668 CET" Interest="0.69999695" Kind="propagation" Navigation="org.eclipse.mylyn.core.model.edges.containment" OriginId="org.eclipse.mylyn.core.model.interest.propagation" StartDate="2013-11-04 20:32:00.668 CET" StructureHandle="=org.eclipse.mylyn.context.core/src&amp;lt;org.eclipse.mylyn.internal.context.core{InteractionContextManager.java[InteractionContextManager" StructureKind="java"/><InteractionEvent Delta="null" EndDate="2013-11-04 20:32:05.613 CET" Interest="1.0" Kind="propagation" Navigation="org.eclipse.mylyn.core.model.edges.containment" OriginId="org.eclipse.mylyn.core.model.interest.propagation" StartDate="2013-11-04 20:32:05.613 CET" StructureHandle="/org.eclipse.mylyn.context.core/src/org/eclipse/mylyn/internal" StructureKind="resource"/><InteractionEvent Delta="null" EndDate="2013-11-04 20:09:52.146 CET" Interest="2.0" Kind="selection" Navigation="null" OriginId="org.eclipse.jdt.ui.CompilationUnitEditor" StartDate="2013-11-04 20:09:49.193 CET" StructureHandle="=org.eclipse.mylyn.commons.activity.ui/src&amp;lt;org.eclipse.mylyn.internal.commons.activity.ui{MonitorUserActivityJob.java[MonitorUserActivityJob~run~QIProgressMonitor;" StructureKind="java" NumEvents="2" CreationCount="262"/><InteractionEvent Delta="null" EndDate="2013-11-04 20:00:45.247 CET" Interest="79.06801" Kind="propagation" Navigation="org.eclipse.mylyn.core.model.edges.containment" OriginId="org.eclipse.mylyn.core.model.interest.propagation" StartDate="2013-11-04 19:13:06.644 CET" StructureHandle="=org.eclipse.mylyn.context.tasks.tests/src&amp;lt;org.eclipse.mylyn.context.tasks.tests{TaskActivityTimingTest.java" StructureKind="java" NumEvents="116" CreationCount="1"/><InteractionEvent Delta="null" EndDate="2013-11-04 19:31:31.88 CET" Interest="2.7" Kind="propagation" Navigation="org.eclipse.mylyn.core.model.edges.containment" OriginId="org.eclipse.mylyn.core.model.interest.propagation" StartDate="2013-11-04 19:31:25.727 CET" StructureHandle="=org.eclipse.mylyn.context.tasks.tests/\/Library\/Java\/JavaVirtualMachines\/jdk1.7.0_45.jdk\/Contents\/Home\/jre\/lib\/rt.jar" StructureKind="java" NumEvents="3" CreationCount="107"/><InteractionEvent Delta="null" EndDate="2013-11-04 20:32:05.613 CET" Interest="1.0" Kind="propagation" Navigation="null" OriginId="org.eclipse.jdt.ui.PackageExplorer" StartDate="2013-11-04 20:32:05.613 CET" StructureHandle="/org.eclipse.mylyn.context.core/src/org/eclipse/mylyn/internal/context/core/InteractionContextManager.java" StructureKind="resource"/><InteractionEvent Delta="null" EndDate="2013-11-04 19:54:26.264 CET" Interest="2.0" Kind="propagation" Navigation="org.eclipse.mylyn.core.model.edges.containment" OriginId="org.eclipse.mylyn.core.model.interest.propagation" StartDate="2013-11-04 19:54:26.160 CET" StructureHandle="=org.eclipse.mylyn.context.tasks.ui/src&amp;lt;org.eclipse.mylyn.internal.context.tasks.ui" StructureKind="java" NumEvents="2" CreationCount="206"/><InteractionEvent Delta="null" EndDate="2013-11-04 20:32:00.669 CET" Interest="1.0" Kind="propagation" Navigation="org.eclipse.mylyn.core.model.edges.containment" OriginId="org.eclipse.mylyn.core.model.interest.propagation" StartDate="2013-11-04 20:32:00.669 CET" StructureHandle="/org.eclipse.mylyn.context.core/src/org/eclipse/mylyn/internal/context" StructureKind="resource"/><InteractionEvent Delta="null" EndDate="2013-11-04 20:32:05.614 CET" Interest="1.0" Kind="propagation" Navigation="org.eclipse.mylyn.core.model.edges.containment" OriginId="org.eclipse.mylyn.core.model.interest.propagation" StartDate="2013-11-04 20:32:05.614 CET" StructureHandle="/org.eclipse.mylyn.context.core/src/org/eclipse" StructureKind="resource"/><InteractionEvent Delta="null" EndDate="2013-11-04 20:18:09.483 CET" Interest="181.0" Kind="propagation" Navigation="org.eclipse.mylyn.core.model.edges.containment" OriginId="org.eclipse.mylyn.core.model.interest.propagation" StartDate="2013-11-04 19:13:06.643 CET" StructureHandle="=org.eclipse.mylyn.context.tasks.tests" StructureKind="resource" NumEvents="181" CreationCount="1"/><InteractionEvent Delta="null" EndDate="2013-11-04 19:31:44.521 CET" Interest="4.5" Kind="propagation" Navigation="org.eclipse.mylyn.core.model.edges.containment" OriginId="org.eclipse.mylyn.core.model.interest.propagation" StartDate="2013-11-04 19:31:35.768 CET" StructureHandle="=org.eclipse.mylyn.monitor.core/src&amp;lt;org.eclipse.mylyn.monitor.core{InteractionEvent.java[InteractionEvent" StructureKind="java" NumEvents="6" CreationCount="118"/><InteractionEvent Delta="null" EndDate="2013-11-04 19:26:10.133 CET" Interest="1.0" Kind="propagation" Navigation="null" OriginId="org.eclipse.mylyn.resources.ui.interest.updater" StartDate="2013-11-04 19:26:10.133 CET" StructureHandle="/org.eclipse.mylyn.development/Work/local-Single-ContextTaskTests.launch" StructureKind="resource"/><InteractionEvent Delta="null" EndDate="2013-11-04 19:31:31.88 CET" Interest="2.7" Kind="propagation" Navigation="org.eclipse.mylyn.core.model.edges.containment" OriginId="org.eclipse.mylyn.core.model.interest.propagation" StartDate="2013-11-04 19:31:25.726 CET" StructureHandle="=org.eclipse.mylyn.context.tasks.tests/\/Library\/Java\/JavaVirtualMachines\/jdk1.7.0_45.jdk\/Contents\/Home\/jre\/lib\/rt.jar&amp;lt;java.util(Calendar.class" StructureKind="java" NumEvents="3" CreationCount="107"/><InteractionEvent Delta="null" EndDate="2013-11-04 20:32:00.669 CET" Interest="1.0" Kind="propagation" Navigation="null" OriginId="org.eclipse.jdt.ui.CompilationUnitEditor" StartDate="2013-11-04 20:32:00.669 CET" StructureHandle="/org.eclipse.mylyn.context.core/src/org/eclipse/mylyn/internal/context/core" StructureKind="resource"/><InteractionEvent Delta="null" EndDate="2013-11-04 20:30:43.956 CET" Interest="1.0" Kind="propagation" Navigation="null" OriginId="org.eclipse.jdt.ui.CompilationUnitEditor" StartDate="2013-11-04 20:30:43.956 CET" StructureHandle="/org.eclipse.mylyn.context.core/src/org/eclipse/mylyn/internal/context/core" StructureKind="resource"/><InteractionEvent Delta="null" EndDate="2013-11-04 19:32:24.429 CET" Interest="3.0" Kind="propagation" Navigation="null" OriginId="org.eclipse.jdt.ui.CompilationUnitEditor" StartDate="2013-11-04 19:32:23.691 CET" StructureHandle="/org.eclipse.mylyn.context.core/src/org/eclipse/mylyn/internal/context/core/ContextCorePlugin.java" StructureKind="resource" NumEvents="3" CreationCount="142"/><InteractionEvent Delta="null" EndDate="2013-11-04 20:30:49.947 CET" Interest="1.0" Kind="propagation" Navigation="org.eclipse.mylyn.core.model.edges.containment" OriginId="org.eclipse.mylyn.core.model.interest.propagation" StartDate="2013-11-04 20:30:49.947 CET" StructureHandle="/org.eclipse.mylyn.context.core/src" StructureKind="resource"/><InteractionEvent Delta="null" EndDate="2013-11-04 20:32:05.614 CET" Interest="1.0" Kind="propagation" Navigation="org.eclipse.mylyn.core.model.edges.containment" OriginId="org.eclipse.mylyn.core.model.interest.propagation" StartDate="2013-11-04 20:32:05.614 CET" StructureHandle="/org.eclipse.mylyn.context.core/src" StructureKind="resource"/><InteractionEvent Delta="null" EndDate="2013-11-04 20:30:55.919 CET" Interest="0.70000076" Kind="propagation" Navigation="org.eclipse.mylyn.core.model.edges.containment" OriginId="org.eclipse.mylyn.core.model.interest.propagation" StartDate="2013-11-04 20:30:55.919 CET" StructureHandle="=org.eclipse.mylyn.context.core/src&amp;lt;org.eclipse.mylyn.internal.context.core{InteractionContextManager.java" StructureKind="java"/><InteractionEvent Delta="null" EndDate="2013-11-04 20:30:49.947 CET" Interest="1.0" Kind="propagation" Navigation="org.eclipse.mylyn.core.model.edges.containment" OriginId="org.eclipse.mylyn.core.model.interest.propagation" StartDate="2013-11-04 20:30:49.947 CET" StructureHandle="/org.eclipse.mylyn.context.core/src/org" StructureKind="resource"/><InteractionEvent Delta="null" EndDate="2013-11-04 20:30:49.947 CET" Interest="0.032001495" Kind="propagation" Navigation="org.eclipse.mylyn.core.model.edges.containment" OriginId="org.eclipse.mylyn.core.model.interest.propagation" StartDate="2013-11-04 20:30:49.947 CET" StructureHandle="=org.eclipse.mylyn.context.core/src&amp;lt;org.eclipse.mylyn.internal.context.core" StructureKind="java"/><InteractionEvent Delta="null" EndDate="2013-11-04 20:32:05.159 CET" Interest="1.0" Kind="propagation" Navigation="org.eclipse.mylyn.core.model.edges.containment" OriginId="org.eclipse.mylyn.core.model.interest.propagation" StartDate="2013-11-04 20:32:05.159 CET" StructureHandle="=org.eclipse.mylyn.context.core" StructureKind="resource"/><InteractionEvent Delta="null" EndDate="2013-11-04 20:30:43.955 CET" Interest="0.70000076" Kind="propagation" Navigation="org.eclipse.mylyn.core.model.edges.containment" OriginId="org.eclipse.mylyn.core.model.interest.propagation" StartDate="2013-11-04 20:30:43.955 CET" StructureHandle="=org.eclipse.mylyn.context.core/src&amp;lt;org.eclipse.mylyn.internal.context.core{InteractionContextManager.java[InteractionContextManager" StructureKind="java"/><InteractionEvent Delta="null" EndDate="2013-11-04 19:31:31.88 CET" Interest="1.0" Kind="edit" Navigation="null" OriginId="org.eclipse.jdt.ui.ClassFileEditor" StartDate="2013-11-04 19:31:31.88 CET" StructureHandle="=org.eclipse.mylyn.context.tasks.tests/\/Library\/Java\/JavaVirtualMachines\/jdk1.7.0_45.jdk\/Contents\/Home\/jre\/lib\/rt.jar&amp;lt;java.util(Calendar.class[Calendar~getTime" StructureKind="java"/><InteractionEvent Delta="null" EndDate="2013-11-04 20:19:56.391 CET" Interest="5.0" Kind="selection" Navigation="null" OriginId="org.eclipse.jdt.ui.CompilationUnitEditor" StartDate="2013-11-04 20:13:51.615 CET" StructureHandle="=org.eclipse.mylyn.monitor.tests/src&amp;lt;org.eclipse.mylyn.monitor.tests{CheckActivityJobTest.java" StructureKind="java" NumEvents="5" CreationCount="266"/><InteractionEvent Delta="null" EndDate="2013-11-04 20:30:45.341 CET" Interest="0.69999313" Kind="propagation" Navigation="org.eclipse.mylyn.core.model.edges.containment" OriginId="org.eclipse.mylyn.core.model.interest.propagation" StartDate="2013-11-04 20:30:45.341 CET" StructureHandle="=org.eclipse.mylyn.context.core/src&amp;lt;org.eclipse.mylyn.internal.context.core{InteractionContextManager.java[InteractionContextManager" StructureKind="java"/><InteractionEvent Delta="null" EndDate="2013-11-04 20:30:43.957 CET" Interest="1.0" Kind="propagation" Navigation="org.eclipse.mylyn.core.model.edges.containment" OriginId="org.eclipse.mylyn.core.model.interest.propagation" StartDate="2013-11-04 20:30:43.957 CET" StructureHandle="/org.eclipse.mylyn.context.core/src/org" StructureKind="resource"/><InteractionEvent Delta="null" EndDate="2013-11-04 20:30:49.946 CET" Interest="1.0" Kind="propagation" Navigation="null" OriginId="org.eclipse.jdt.ui.CompilationUnitEditor" StartDate="2013-11-04 20:30:49.946 CET" StructureHandle="/org.eclipse.mylyn.context.core/src/org/eclipse/mylyn/internal/context/core/InteractionContextManager.java" StructureKind="resource"/><InteractionEvent Delta="null" EndDate="2013-11-04 20:18:09.483 CET" Interest="181.0" Kind="propagation" Navigation="org.eclipse.mylyn.core.model.edges.containment" OriginId="org.eclipse.mylyn.core.model.interest.propagation" StartDate="2013-11-04 19:13:06.643 CET" StructureHandle="/org.eclipse.mylyn.context.tasks.tests/src/org" StructureKind="resource" NumEvents="181" CreationCount="1"/><InteractionEvent Delta="null" EndDate="2013-11-04 20:32:00.668 CET" Interest="0.70000076" Kind="propagation" Navigation="org.eclipse.mylyn.core.model.edges.containment" OriginId="org.eclipse.mylyn.core.model.interest.propagation" StartDate="2013-11-04 20:32:00.668 CET" StructureHandle="=org.eclipse.mylyn.context.core/src&amp;lt;org.eclipse.mylyn.internal.context.core{InteractionContextManager.java" StructureKind="java"/><InteractionEvent Delta="null" EndDate="2013-11-04 20:27:59.629 CET" Interest="74.0" Kind="propagation" Navigation="null" OriginId="org.eclipse.jdt.ui.PackageExplorer" StartDate="2013-11-04 19:32:29.436 CET" StructureHandle="/org.eclipse.mylyn.context.core/src/org/eclipse/mylyn/internal/context/core/InteractionContextManager.java" StructureKind="resource" NumEvents="74" CreationCount="148"/><InteractionEvent Delta="null" EndDate="2013-11-04 20:30:45.341 CET" Interest="1.0" Kind="propagation" Navigation="null" OriginId="org.eclipse.jdt.ui.CompilationUnitEditor" StartDate="2013-11-04 20:30:45.341 CET" StructureHandle="/org.eclipse.mylyn.context.core/src/org/eclipse/mylyn/internal/context/core/InteractionContextManager.java" StructureKind="resource"/><InteractionEvent Delta="null" EndDate="2013-11-04 20:30:43.957 CET" Interest="1.0" Kind="propagation" Navigation="org.eclipse.mylyn.core.model.edges.containment" OriginId="org.eclipse.mylyn.core.model.interest.propagation" StartDate="2013-11-04 20:30:43.957 CET" StructureHandle="/org.eclipse.mylyn.context.core/src/org/eclipse" StructureKind="resource"/><InteractionEvent Delta="null" EndDate="2013-11-04 20:09:43.580 CET" Interest="2.0" Kind="selection" Navigation="null" OriginId="org.eclipse.jdt.callhierarchy.view" StartDate="2013-11-04 20:09:41.551 CET" StructureHandle="=org.eclipse.mylyn.commons.activity.tests/src&amp;lt;org.eclipse.mylyn.commons.activity.tests{MonitorUserActivityJobTest.java[MonitorUserActivityJobTest[StubCallback~addMonitoredActivityTime~J~J" StructureKind="java" NumEvents="2" CreationCount="260"/><InteractionEvent Delta="null" EndDate="2013-11-04 20:08:59.129 CET" Interest="4.0" Kind="selection" Navigation="null" OriginId="org.eclipse.jdt.ui.CompilationUnitEditor" StartDate="2013-11-04 20:04:49.462 CET" StructureHandle="=org.eclipse.mylyn.commons.activity.tests/src&amp;lt;org.eclipse.mylyn.commons.activity.tests{MonitorUserActivityJobTest.java" StructureKind="java" NumEvents="4" CreationCount="247"/><InteractionEvent Delta="null" EndDate="2013-11-04 20:30:55.920 CET" Interest="1.0" Kind="propagation" Navigation="null" OriginId="org.eclipse.jdt.ui.CompilationUnitEditor" StartDate="2013-11-04 20:30:55.920 CET" StructureHandle="/org.eclipse.mylyn.context.core/src/org/eclipse/mylyn/internal/context/core" StructureKind="resource"/></InteractionHistory>