<?xml version="1.0" encoding="UTF-8"?><InteractionHistory Id="https://bugs.eclipse.org/bugs-428236" Version="1"><InteractionEvent Delta="null" EndDate="2014-02-13 22:16:19.383 PST" Interest="2.0" Kind="propagation" Navigation="org.eclipse.mylyn.core.model.edges.containment" OriginId="org.eclipse.mylyn.core.model.interest.propagation" StartDate="2014-02-13 22:16:12.902 PST" StructureHandle="=org.eclipse.mylyn.ide.ui/src&amp;lt;org.eclipse.mylyn.ide.ui{AbstractMarkerInterestFilter.java[AbstractMarkerInterestFilter" StructureKind="java" NumEvents="2" CreationCount="57"/><InteractionEvent Delta="null" EndDate="2014-02-13 23:06:29.848 PST" Interest="12.0" Kind="selection" Navigation="null" OriginId="org.eclipse.jdt.ui.PackageExplorer" StartDate="2014-02-13 22:55:38.580 PST" StructureHandle="=org.eclipse.mylyn.debug.ui/src&amp;lt;org.eclipse.mylyn.internal.debug.ui{BreakpointsStateUtil.java[BreakpointsStateUtil~saveState" StructureKind="java" NumEvents="12" CreationCount="472"/><InteractionEvent Delta="null" EndDate="2014-02-14 11:28:52.203 PST" Interest="0.016999245" Kind="propagation" Navigation="org.eclipse.mylyn.core.model.edges.containment" OriginId="org.eclipse.mylyn.core.model.interest.propagation" StartDate="2014-02-14 11:28:52.203 PST" StructureHandle="=org.eclipse.mylyn.context.core/src&amp;lt;org.eclipse.mylyn.context.core{ContextChangeEvent.java" StructureKind="java"/><InteractionEvent Delta="null" EndDate="2014-02-14 14:40:06.421 PST" Interest="224.0" Kind="propagation" Navigation="null" OriginId="org.eclipse.jdt.ui.CompilationUnitEditor" StartDate="2014-02-13 22:16:20.667 PST" StructureHandle="/org.eclipse.mylyn.debug.ui/src/org/eclipse/mylyn/internal/debug/ui/BreakpointsContextUtil.java" StructureKind="resource" NumEvents="224" CreationCount="59"/><InteractionEvent Delta="null" EndDate="2014-02-13 22:31:11.655 PST" Interest="3.0" Kind="edit" Navigation="null" OriginId="org.eclipse.jdt.ui.CompilationUnitEditor" StartDate="2014-02-13 22:28:06.716 PST" StructureHandle="=org.eclipse.mylyn.debug.ui/src&amp;lt;org.eclipse.mylyn.internal.debug.ui{BreakpointsStructureBridge.java[BreakpointsStructureBridge~getObjectForHandle~QString;" StructureKind="java" NumEvents="3" CreationCount="172"/><InteractionEvent Delta="null" EndDate="2014-02-13 22:11:19.188 PST" Interest="3.0" Kind="edit" Navigation="null" OriginId="org.eclipse.jdt.ui.CompilationUnitEditor" StartDate="2014-02-13 22:11:13.713 PST" StructureHandle="=org.eclipse.mylyn.debug.ui/src&amp;lt;org.eclipse.mylyn.internal.debug.ui{BreakpointsInterestFilter.java" StructureKind="java" NumEvents="3" CreationCount="6"/><InteractionEvent Delta="null" EndDate="2014-02-14 07:24:35.893 PST" Interest="13.0" Kind="propagation" Navigation="org.eclipse.mylyn.core.model.edges.containment" OriginId="org.eclipse.mylyn.core.model.interest.propagation" StartDate="2014-02-13 22:18:27.18 PST" StructureHandle="=org.eclipse.mylyn.debug.ui/src&amp;lt;org.eclipse.mylyn.internal.debug.ui{BreakpointsStructureBridge.java[BreakpointsStructureBridge" StructureKind="java" NumEvents="16" CreationCount="85"/><InteractionEvent Delta="null" EndDate="2014-02-14 14:40:28.933 PST" Interest="1.0" Kind="propagation" Navigation="null" OriginId="org.eclipse.mylyn.core.model.interest.decay.correction" StartDate="2014-02-14 14:40:28.933 PST" StructureHandle="/" StructureKind="resource"/><InteractionEvent Delta="null" EndDate="2014-02-13 22:41:19.923 PST" Interest="1.0" Kind="propagation" Navigation="org.eclipse.mylyn.core.model.edges.containment" OriginId="org.eclipse.mylyn.core.model.interest.propagation" StartDate="2014-02-13 22:41:19.923 PST" StructureHandle="=org.eclipse.mylyn.context.core/src&amp;lt;org.eclipse.mylyn.internal.context.core{InteractionContextExternalizer.java[InteractionContextExternalizer~addAdditionalInformation~QIInteractionContext;~QZipOutputStream;[" StructureKind="java"/><InteractionEvent Delta="null" EndDate="2014-02-14 11:29:32.362 PST" Interest="11.0" Kind="selection" Navigation="null" OriginId="org.eclipse.jdt.ui.PackageExplorer" StartDate="2014-02-13 22:36:53.569 PST" StructureHandle="=org.eclipse.mylyn.debug.ui/src&amp;lt;org.eclipse.mylyn.internal.debug.ui{BreakpointsStateUtil.java" StructureKind="java" NumEvents="11" CreationCount="279"/><InteractionEvent Delta="null" EndDate="2014-02-14 14:40:28.928 PST" Interest="1.0" Kind="propagation" Navigation="null" OriginId="org.eclipse.mylyn.core.model.interest.decay.correction" StartDate="2014-02-14 14:40:28.928 PST" StructureHandle="/" StructureKind="resource"/><InteractionEvent Delta="null" EndDate="2014-02-14 11:29:32.362 PST" Interest="35.0" Kind="propagation" Navigation="null" OriginId="org.eclipse.jdt.ui.PackageExplorer" StartDate="2014-02-13 22:36:53.569 PST" StructureHandle="/org.eclipse.mylyn.debug.ui/src/org/eclipse/mylyn/internal/debug/ui/BreakpointsStateUtil.java" StructureKind="resource" NumEvents="35" CreationCount="279"/><InteractionEvent Delta="null" EndDate="2014-02-14 14:40:28.931 PST" Interest="1.0" Kind="propagation" Navigation="null" OriginId="org.eclipse.mylyn.core.model.interest.decay.correction" StartDate="2014-02-14 14:40:28.931 PST" StructureHandle="/" StructureKind="resource"/><InteractionEvent Delta="null" EndDate="2014-02-13 22:41:19.923 PST" Interest="1.017" Kind="propagation" Navigation="org.eclipse.mylyn.core.model.edges.containment" OriginId="org.eclipse.mylyn.core.model.interest.propagation" StartDate="2014-02-13 22:41:19.368 PST" StructureHandle="=org.eclipse.mylyn.context.core/src&amp;lt;org.eclipse.mylyn.internal.context.core{InteractionContextExternalizer.java[InteractionContextExternalizer" StructureKind="java" NumEvents="2" CreationCount="351"/><InteractionEvent Delta="null" EndDate="2014-02-14 11:28:52.203 PST" Interest="5.5790005" Kind="manipulation" Navigation="null" OriginId="org.eclipse.mylyn.core.model.interest.decay.correction" StartDate="2014-02-14 11:28:52.203 PST" StructureHandle="=org.eclipse.mylyn.context.core/src&amp;lt;org.eclipse.mylyn.context.core{ContextChangeEvent.java[ContextChangeEvent~ContextChangeEvent~QContextChangeKind;~QString;~QIInteractionContext;~QList\&amp;lt;QIInteractionElement;&amp;gt;;~Z" StructureKind="java"/><InteractionEvent Delta="null" EndDate="2014-02-14 14:40:06.421 PST" Interest="485.0" Kind="propagation" Navigation="null" OriginId="org.eclipse.jdt.ui.CompilationUnitEditor" StartDate="2014-02-13 22:11:13.562 PST" StructureHandle="/org.eclipse.mylyn.debug.ui/src/org/eclipse/mylyn/internal/debug/ui" StructureKind="resource" NumEvents="485" CreationCount="6"/><InteractionEvent Delta="null" EndDate="2014-02-14 14:40:06.421 PST" Interest="476.826" Kind="propagation" Navigation="org.eclipse.mylyn.core.model.edges.containment" OriginId="org.eclipse.mylyn.core.model.interest.propagation" StartDate="2014-02-14 14:40:06.421 PST" StructureHandle="/org.eclipse.mylyn.debug.ui/src/org/eclipse/mylyn/internal/debug" StructureKind="resource"/><InteractionEvent Delta="null" EndDate="2014-02-13 22:49:19.387 PST" Interest="1.0" Kind="selection" Navigation="null" OriginId="org.eclipse.jdt.ui.ClassFileEditor" StartDate="2014-02-13 22:49:19.387 PST" StructureHandle="=org.eclipse.mylyn.debug.ui/C:\/Users\/Sam\/workspaces\/tasktop\/.metadata\/.plugins\/org.eclipse.pde.core\/.bundle_pool\/plugins\/org.eclipse.debug.core_3.6.0.v20100519.jar&amp;lt;org.eclipse.debug.core.model(IBreakpoint.class" StructureKind="java"/><InteractionEvent Delta="null" EndDate="2014-02-13 23:03:17.612 PST" Interest="6.0" Kind="selection" Navigation="null" OriginId="org.eclipse.jdt.ui.CompilationUnitEditor" StartDate="2014-02-13 22:16:52.115 PST" StructureHandle="=org.eclipse.mylyn.debug.tests/src&amp;lt;org.eclipse.mylyn.internal.debug.ui{BreakpointsContextUtilTest.java[BreakpointsContextUtilTest~testExportBreakpoints" StructureKind="java" NumEvents="6" CreationCount="75"/><InteractionEvent Delta="null" EndDate="2014-02-13 22:55:38.580 PST" Interest="1.2810001" Kind="manipulation" Navigation="null" OriginId="org.eclipse.mylyn.core.model.interest.decay.correction" StartDate="2014-02-13 22:55:38.580 PST" StructureHandle="/org.eclipse.mylyn.debug.ui/src/org/eclipse/mylyn/internal/debug/ui/BreakpointsStateUtil.java" StructureKind="resource"/><InteractionEvent Delta="null" EndDate="2014-02-13 23:03:27.269 PST" Interest="9.0" Kind="selection" Navigation="null" OriginId="org.eclipse.jdt.ui.CompilationUnitEditor" StartDate="2014-02-13 22:41:46.602 PST" StructureHandle="=org.eclipse.mylyn.debug.ui/src&amp;lt;org.eclipse.mylyn.internal.debug.ui{BreakpointsContextContributor.java[BreakpointsContextContributor~getDataAsStream~QIInteractionContext;" StructureKind="java" NumEvents="9" CreationCount="353"/><InteractionEvent Delta="null" EndDate="2014-02-14 14:40:28.929 PST" Interest="15.0" Kind="selection" Navigation="null" OriginId="org.eclipse.mylyn.core.model.interest.decay.correction" StartDate="2014-02-14 14:40:28.929 PST" StructureHandle="/attachments/bugzilla-https%3A%2F%2Fbugs.eclipse.org%2Fbugs/428236" StructureKind="resource"/><InteractionEvent Delta="null" EndDate="2014-02-13 23:03:17.71 PST" Interest="11.602" Kind="propagation" Navigation="org.eclipse.mylyn.core.model.edges.containment" OriginId="org.eclipse.mylyn.core.model.interest.propagation" StartDate="2014-02-13 22:16:52.116 PST" StructureHandle="=org.eclipse.mylyn.debug.tests/src" StructureKind="java" NumEvents="7" CreationCount="75"/><InteractionEvent Delta="null" EndDate="2014-02-13 22:33:34.747 PST" Interest="1.3290002" Kind="manipulation" Navigation="null" OriginId="org.eclipse.mylyn.core.model.interest.decay.correction" StartDate="2014-02-13 22:33:34.747 PST" StructureHandle="=org.eclipse.mylyn.debug.ui/src&amp;lt;org.eclipse.mylyn.internal.debug.ui{BreakpointsContextUtil.java[BreakpointsContextUtil~importBreakpoints~QIInteractionContext;~QIProgressMonitor;" StructureKind="java"/><InteractionEvent Delta="null" EndDate="2014-02-13 22:13:24.63 PST" Interest="1.0" Kind="propagation" Navigation="org.eclipse.mylyn.core.model.edges.containment" OriginId="org.eclipse.mylyn.core.model.interest.propagation" StartDate="2014-02-13 22:13:24.63 PST" StructureHandle="=org.eclipse.mylyn.tasks.ui/src&amp;lt;org.eclipse.mylyn.internal.tasks.ui{TasksUiPlugin.java" StructureKind="java"/><InteractionEvent Delta="null" EndDate="2014-02-14 14:40:29.364 PST" Interest="4.3829956" Kind="propagation" Navigation="org.eclipse.mylyn.core.model.edges.containment" OriginId="org.eclipse.mylyn.core.model.interest.propagation" StartDate="2014-02-14 14:40:29.364 PST" StructureHandle="/org.eclipse.mylyn.debug.ui/src/org/eclipse/mylyn/internal/debug" StructureKind="resource"/><InteractionEvent Delta="null" EndDate="2014-02-13 22:55:54.247 PST" Interest="2.72" Kind="manipulation" Navigation="null" OriginId="org.eclipse.mylyn.core.model.interest.decay.correction" StartDate="2014-02-13 22:37:46.178 PST" StructureHandle="=org.eclipse.mylyn.debug.ui/src&amp;lt;org.eclipse.mylyn.internal.debug.ui{BreakpointsContextContributor.java[BreakpointsContextContributor~contextChanged~QContextChangeEvent;" StructureKind="java" NumEvents="2" CreationCount="116"/><InteractionEvent Delta="null" EndDate="2014-02-13 22:21:13.374 PST" Interest="2.0" Kind="selection" Navigation="null" OriginId="org.eclipse.jdt.ui.CompilationUnitEditor" StartDate="2014-02-13 22:21:13.333 PST" StructureHandle="=org.eclipse.mylyn.debug.ui/src&amp;lt;org.eclipse.mylyn.internal.debug.ui{BreakpointsListener.java" StructureKind="java" NumEvents="2" CreationCount="101"/><InteractionEvent Delta="null" EndDate="2014-02-14 14:40:05.953 PST" Interest="120.0" Kind="selection" Navigation="null" OriginId="org.eclipse.mylyn.core.model.interest.decay.correction" StartDate="2014-02-14 14:38:29.422 PST" StructureHandle="/attachments/bugzilla-https%3A%2F%2Fbugs.eclipse.org%2Fbugs/428236" StructureKind="resource" NumEvents="8" CreationCount="716"/><InteractionEvent Delta="null" EndDate="2014-02-14 11:29:37.633 PST" Interest="1.0" Kind="edit" Navigation="null" OriginId="org.eclipse.jdt.ui.CompilationUnitEditor" StartDate="2014-02-14 11:29:37.633 PST" StructureHandle="=org.eclipse.mylyn.debug.ui/src&amp;lt;org.eclipse.mylyn.internal.debug.ui{BreakpointsStructureBridge.java[BreakpointsStructureBridge" StructureKind="java"/><InteractionEvent Delta="null" EndDate="2014-02-13 22:59:52.782 PST" Interest="1.0" Kind="selection" Navigation="null" OriginId="org.eclipse.jdt.ui.CompilationUnitEditor" StartDate="2014-02-13 22:59:52.782 PST" StructureHandle="=org.eclipse.mylyn.debug.ui/src&amp;lt;org.eclipse.mylyn.internal.debug.ui{BreakpointsStateUtil.java[BreakpointsStateUtil" StructureKind="java"/><InteractionEvent Delta="null" EndDate="2014-02-13 22:41:19.923 PST" Interest="3.0" Kind="propagation" Navigation="null" OriginId="org.eclipse.jdt.ui.CompilationUnitEditor" StartDate="2014-02-13 22:40:51.913 PST" StructureHandle="/org.eclipse.mylyn.context.core/src/org/eclipse/mylyn/internal/context/core/InteractionContextExternalizer.java" StructureKind="resource" NumEvents="3" CreationCount="350"/><InteractionEvent Delta="null" EndDate="2014-02-13 23:00:14.332 PST" Interest="9.0" Kind="edit" Navigation="null" OriginId="org.eclipse.jdt.ui.CompilationUnitEditor" StartDate="2014-02-13 22:41:47.188 PST" StructureHandle="=org.eclipse.mylyn.debug.ui/src&amp;lt;org.eclipse.mylyn.internal.debug.ui{BreakpointsContextContributor.java[BreakpointsContextContributor~getDataAsStream~QIInteractionContext;" StructureKind="java" NumEvents="9" CreationCount="353"/><InteractionEvent Delta="null" EndDate="2014-02-14 11:30:07.414 PST" Interest="29.0" Kind="selection" Navigation="null" OriginId="org.eclipse.jdt.ui.CompilationUnitEditor" StartDate="2014-02-13 22:23:30.671 PST" StructureHandle="=org.eclipse.mylyn.debug.ui/src&amp;lt;org.eclipse.mylyn.internal.debug.ui{BreakpointsContextContributor.java[BreakpointsContextContributor~getContextBreakpoints~QIInteractionContext;" StructureKind="java" NumEvents="29" CreationCount="120"/><InteractionEvent Delta="null" EndDate="2014-02-14 14:40:06.421 PST" Interest="5.0" Kind="edit" Navigation="null" OriginId="org.eclipse.jdt.ui.CompilationUnitEditor" StartDate="2014-02-13 22:16:20.787 PST" StructureHandle="=org.eclipse.mylyn.debug.ui/src&amp;lt;org.eclipse.mylyn.internal.debug.ui{BreakpointsContextUtil.java" StructureKind="java" NumEvents="5" CreationCount="59"/><InteractionEvent Delta="null" EndDate="2014-02-14 11:30:07.932 PST" Interest="69.368" Kind="propagation" Navigation="org.eclipse.mylyn.core.model.edges.containment" OriginId="org.eclipse.mylyn.core.model.interest.propagation" StartDate="2014-02-13 22:22:48.479 PST" StructureHandle="=org.eclipse.mylyn.debug.ui/src&amp;lt;org.eclipse.mylyn.internal.debug.ui{BreakpointsContextContributor.java[BreakpointsContextContributor" StructureKind="java" NumEvents="88" CreationCount="116"/><InteractionEvent Delta="null" EndDate="2014-02-13 22:13:24.63 PST" Interest="1.0" Kind="propagation" Navigation="org.eclipse.mylyn.core.model.edges.containment" OriginId="org.eclipse.mylyn.core.model.interest.propagation" StartDate="2014-02-13 22:13:24.63 PST" StructureHandle="/org.eclipse.mylyn.tasks.ui/src" StructureKind="resource"/><InteractionEvent Delta="null" EndDate="2014-02-14 14:40:28.932 PST" Interest="15.0" Kind="selection" Navigation="null" OriginId="org.eclipse.mylyn.core.model.interest.decay.correction" StartDate="2014-02-14 14:40:28.932 PST" StructureHandle="/attachments/bugzilla-https%3A%2F%2Fbugs.eclipse.org%2Fbugs/428236" StructureKind="resource"/><InteractionEvent Delta="null" EndDate="2014-02-14 14:38:29.972 PST" Interest="9.0" Kind="edit" Navigation="null" OriginId="org.eclipse.jdt.ui.CompilationUnitEditor" StartDate="2014-02-13 22:36:05.661 PST" StructureHandle="=org.eclipse.mylyn.debug.ui/src&amp;lt;org.eclipse.mylyn.internal.debug.ui{BreakpointsContextUtil.java[BreakpointsContextUtil~importBreakpoints~QIInteractionContext;~QIProgressMonitor;" StructureKind="java" NumEvents="9" CreationCount="72"/><InteractionEvent Delta="null" EndDate="2014-02-13 22:50:52.993 PST" Interest="1.0" Kind="propagation" Navigation="org.eclipse.mylyn.core.model.edges.containment" OriginId="org.eclipse.mylyn.core.model.interest.propagation" StartDate="2014-02-13 22:50:52.993 PST" StructureHandle="=org.eclipse.mylyn.debug.ui/C:\/Users\/Sam\/workspaces\/tasktop\/.metadata\/.plugins\/org.eclipse.pde.core\/.bundle_pool\/plugins\/org.eclipse.core.resources_3.6.1.R36x_v20110131-1630.jar" StructureKind="java"/><InteractionEvent Delta="null" EndDate="2014-02-14 14:40:29.365 PST" Interest="0.7000046" Kind="propagation" Navigation="org.eclipse.mylyn.core.model.edges.containment" OriginId="org.eclipse.mylyn.core.model.interest.propagation" StartDate="2014-02-14 14:40:29.365 PST" StructureHandle="=org.eclipse.mylyn.debug.ui/src" StructureKind="java"/><InteractionEvent Delta="null" EndDate="2014-02-13 22:45:26.30 PST" Interest="2.0" Kind="selection" Navigation="null" OriginId="org.eclipse.jdt.ui.CompilationUnitEditor" StartDate="2014-02-13 22:45:25.999 PST" StructureHandle="=org.eclipse.mylyn.context.core/src&amp;lt;org.eclipse.mylyn.context.core{IInteractionElement.java" StructureKind="java" NumEvents="2" CreationCount="392"/><InteractionEvent Delta="null" EndDate="2014-02-13 22:50:52.993 PST" Interest="1.0" Kind="selection" Navigation="null" OriginId="org.eclipse.jdt.ui.ClassFileEditor" StartDate="2014-02-13 22:50:52.993 PST" StructureHandle="=org.eclipse.mylyn.debug.ui/C:\/Users\/Sam\/workspaces\/tasktop\/.metadata\/.plugins\/org.eclipse.pde.core\/.bundle_pool\/plugins\/org.eclipse.core.resources_3.6.1.R36x_v20110131-1630.jar&amp;lt;org.eclipse.core.resources(IMarker.class[IMarker~equals~Ljava.lang.Object;" StructureKind="java"/><InteractionEvent Delta="null" EndDate="2014-02-13 23:03:16.924 PST" Interest="9.602" Kind="propagation" Navigation="org.eclipse.mylyn.core.model.edges.containment" OriginId="org.eclipse.mylyn.core.model.interest.propagation" StartDate="2014-02-13 22:16:52.115 PST" StructureHandle="=org.eclipse.mylyn.debug.tests/src&amp;lt;org.eclipse.mylyn.internal.debug.ui{BreakpointsContextUtilTest.java" StructureKind="java" NumEvents="5" CreationCount="75"/><InteractionEvent Delta="null" EndDate="2014-02-13 23:03:18.751 PST" Interest="13.619" Kind="propagation" Navigation="org.eclipse.mylyn.core.model.edges.containment" OriginId="org.eclipse.mylyn.core.model.interest.propagation" StartDate="2014-02-13 22:16:52.115 PST" StructureHandle="/org.eclipse.mylyn.debug.tests/src" StructureKind="resource" NumEvents="9" CreationCount="75"/><InteractionEvent Delta="null" EndDate="2014-02-14 07:24:48.879 PST" Interest="7.0" Kind="edit" Navigation="null" OriginId="org.eclipse.jdt.ui.CompilationUnitEditor" StartDate="2014-02-13 22:22:48.628 PST" StructureHandle="=org.eclipse.mylyn.debug.ui/src&amp;lt;org.eclipse.mylyn.internal.debug.ui{BreakpointsContextContributor.java[BreakpointsContextContributor~contextChanged~QContextChangeEvent;" StructureKind="java" NumEvents="7" CreationCount="116"/><InteractionEvent Delta="null" EndDate="2014-02-13 22:16:19.383 PST" Interest="4.0" Kind="propagation" Navigation="org.eclipse.mylyn.core.model.edges.containment" OriginId="org.eclipse.mylyn.core.model.interest.propagation" StartDate="2014-02-13 22:16:12.371 PST" StructureHandle="/org.eclipse.mylyn.ide.ui/src/org/eclipse/mylyn/ide/ui" StructureKind="resource" NumEvents="4" CreationCount="55"/><InteractionEvent Delta="null" EndDate="2014-02-14 14:40:29.364 PST" Interest="5.0460205" Kind="propagation" Navigation="org.eclipse.mylyn.core.model.edges.containment" OriginId="org.eclipse.mylyn.core.model.interest.propagation" StartDate="2014-02-14 14:40:29.364 PST" StructureHandle="/org.eclipse.mylyn.debug.ui/src/org/eclipse/mylyn/internal" StructureKind="resource"/><InteractionEvent Delta="null" EndDate="2014-02-13 23:03:18.750 PST" Interest="1.0" Kind="edit" Navigation="null" OriginId="org.eclipse.jdt.ui.CompilationUnitEditor" StartDate="2014-02-13 23:03:18.750 PST" StructureHandle="=org.eclipse.mylyn.debug.tests/src&amp;lt;org.eclipse.mylyn.internal.debug.ui{BreakpointsContextUtilTest.java[BreakpointsContextUtilTest~testExportBreakpoints" StructureKind="java"/><InteractionEvent Delta="null" EndDate="2014-02-13 22:16:01.253 PST" Interest="5.136" Kind="propagation" Navigation="org.eclipse.mylyn.core.model.edges.containment" OriginId="org.eclipse.mylyn.core.model.interest.propagation" StartDate="2014-02-13 22:11:15.601 PST" StructureHandle="=org.eclipse.mylyn.debug.ui/src&amp;lt;org.eclipse.mylyn.internal.debug.ui{BreakpointsInterestFilter.java[BreakpointsInterestFilter" StructureKind="java" NumEvents="5" CreationCount="1"/><InteractionEvent Delta="null" EndDate="2014-02-14 14:38:31.810 PST" Interest="24.0" Kind="selection" Navigation="null" OriginId="org.eclipse.jdt.ui.CompilationUnitEditor" StartDate="2014-02-13 22:16:20.667 PST" StructureHandle="=org.eclipse.mylyn.debug.ui/src&amp;lt;org.eclipse.mylyn.internal.debug.ui{BreakpointsContextUtil.java" StructureKind="java" NumEvents="24" CreationCount="59"/><InteractionEvent Delta="null" EndDate="2014-02-13 22:45:11.673 PST" Interest="1.0" Kind="selection" Navigation="null" OriginId="org.eclipse.jdt.ui.CompilationUnitEditor" StartDate="2014-02-13 22:45:11.673 PST" StructureHandle="=org.eclipse.mylyn.debug.ui/src&amp;lt;org.eclipse.mylyn.internal.debug.ui{BreakpointsContextContributor.java[BreakpointsContextContributor" StructureKind="java"/><InteractionEvent Delta="null" EndDate="2014-02-13 22:22:37.939 PST" Interest="9.0" Kind="propagation" Navigation="null" OriginId="org.eclipse.jdt.ui.PackageExplorer" StartDate="2014-02-13 22:21:13.210 PST" StructureHandle="/org.eclipse.mylyn.debug.ui/src/org/eclipse/mylyn/internal/debug/ui/BreakpointsListener.java" StructureKind="resource" NumEvents="9" CreationCount="101"/><InteractionEvent Delta="null" EndDate="2014-02-13 22:16:50.338 PST" Interest="1.0" Kind="selection" Navigation="null" OriginId="org.eclipse.search.ui.views.SearchView" StartDate="2014-02-13 22:16:50.338 PST" StructureHandle="/org.eclipse.mylyn.commons.repositories.ui/plugin.xml" StructureKind="plugin.xml"/><InteractionEvent Delta="null" EndDate="2014-02-13 22:16:38.514 PST" Interest="1.0" Kind="propagation" Navigation="org.eclipse.mylyn.core.model.edges.containment" OriginId="org.eclipse.mylyn.core.model.interest.propagation" StartDate="2014-02-13 22:16:38.514 PST" StructureHandle="=com.rallydev.mylyn.core" StructureKind="java"/><InteractionEvent Delta="null" EndDate="2014-02-13 22:12:00.425 PST" Interest="2.0" Kind="selection" Navigation="null" OriginId="org.eclipse.jdt.ui.PackageExplorer" StartDate="2014-02-13 22:11:09.851 PST" StructureHandle="=org.eclipse.mylyn.debug.ui" StructureKind="java" NumEvents="2" CreationCount="5"/><InteractionEvent Delta="null" EndDate="2014-02-13 22:59:36.198 PST" Interest="4.0" Kind="selection" Navigation="null" OriginId="org.eclipse.jdt.ui.CompilationUnitEditor" StartDate="2014-02-13 22:36:55.945 PST" StructureHandle="=org.eclipse.mylyn.debug.ui/src&amp;lt;org.eclipse.mylyn.internal.debug.ui{BreakpointsStateUtil.java[BreakpointsStateUtil~restoreState" StructureKind="java" NumEvents="4" CreationCount="280"/><InteractionEvent Delta="null" EndDate="2014-02-14 11:32:20.572 PST" Interest="21.314" Kind="propagation" Navigation="org.eclipse.mylyn.core.model.edges.containment" OriginId="org.eclipse.mylyn.core.model.interest.propagation" StartDate="2014-02-13 22:11:15.592 PST" StructureHandle="breakpointmanager[default]" StructureKind="breakpoint" NumEvents="33" CreationCount="9"/><InteractionEvent Delta="null" EndDate="2014-02-13 22:45:26.556 PST" Interest="1.0" Kind="selection" Navigation="null" OriginId="org.eclipse.jdt.ui.CompilationUnitEditor" StartDate="2014-02-13 22:45:26.556 PST" StructureHandle="=org.eclipse.mylyn.context.core/src&amp;lt;org.eclipse.mylyn.context.core{IInteractionElement.java[IInteractionElement" StructureKind="java"/><InteractionEvent Delta="null" EndDate="2014-02-14 11:28:52.204 PST" Interest="13.372" Kind="propagation" Navigation="org.eclipse.mylyn.core.model.edges.containment" OriginId="org.eclipse.mylyn.core.model.interest.propagation" StartDate="2014-02-13 22:13:02.57 PST" StructureHandle="=org.eclipse.mylyn.context.core" StructureKind="resource" NumEvents="14" CreationCount="34"/><InteractionEvent Delta="null" EndDate="2014-02-13 22:15:55.966 PST" Interest="16.0" Kind="propagation" Navigation="null" OriginId="org.eclipse.jdt.ui.PackageExplorer" StartDate="2014-02-13 22:12:05.635 PST" StructureHandle="/org.eclipse.mylyn.debug.ui/src/org/eclipse/mylyn/internal/debug/ui/FocusDebugViewAction.java" StructureKind="resource" NumEvents="16" CreationCount="27"/><InteractionEvent Delta="null" EndDate="2014-02-14 11:28:25.2 PST" Interest="300.0" Kind="propagation" Navigation="org.eclipse.mylyn.core.model.edges.containment" OriginId="org.eclipse.mylyn.core.model.interest.propagation" StartDate="2014-02-13 22:11:06.935 PST" StructureHandle="=attachments" StructureKind="java" NumEvents="20" CreationCount="1"/><InteractionEvent Delta="null" EndDate="2014-02-14 11:31:02.1 PST" Interest="17.0" Kind="selection" Navigation="null" OriginId="org.eclipse.jdt.ui.CompilationUnitEditor" StartDate="2014-02-13 22:16:41.810 PST" StructureHandle="=org.eclipse.mylyn.debug.ui/src&amp;lt;org.eclipse.mylyn.internal.debug.ui{BreakpointsContextUtil.java[BreakpointsContextUtil~importBreakpoints~QInputStream;~QIProgressMonitor;" StructureKind="java" NumEvents="17" CreationCount="69"/><InteractionEvent Delta="null" EndDate="2014-02-13 22:41:19.924 PST" Interest="1.0339999" Kind="propagation" Navigation="org.eclipse.mylyn.core.model.edges.containment" OriginId="org.eclipse.mylyn.core.model.interest.propagation" StartDate="2014-02-13 22:40:51.913 PST" StructureHandle="=org.eclipse.mylyn.context.core/src&amp;lt;org.eclipse.mylyn.internal.context.core" StructureKind="java" NumEvents="3" CreationCount="350"/><InteractionEvent Delta="null" EndDate="2014-02-13 22:29:28.717 PST" Interest="7.6680007" Kind="propagation" Navigation="org.eclipse.mylyn.core.model.edges.containment" OriginId="org.eclipse.mylyn.core.model.interest.propagation" StartDate="2014-02-13 22:18:48.248 PST" StructureHandle="=org.eclipse.mylyn.debug.ui/src&amp;lt;org.eclipse.mylyn.internal.debug.ui{BreakpointsStructureBridge.java" StructureKind="java" NumEvents="13" CreationCount="81"/><InteractionEvent Delta="null" EndDate="2014-02-13 23:03:18.751 PST" Interest="13.619" Kind="propagation" Navigation="org.eclipse.mylyn.core.model.edges.containment" OriginId="org.eclipse.mylyn.core.model.interest.propagation" StartDate="2014-02-13 22:16:52.115 PST" StructureHandle="=org.eclipse.mylyn.debug.tests" StructureKind="resource" NumEvents="17" CreationCount="75"/><InteractionEvent Delta="null" EndDate="2014-02-13 22:50:52.993 PST" Interest="1.0" Kind="propagation" Navigation="org.eclipse.mylyn.core.model.edges.containment" OriginId="org.eclipse.mylyn.core.model.interest.propagation" StartDate="2014-02-13 22:50:52.993 PST" StructureHandle="=org.eclipse.mylyn.debug.ui/C:\/Users\/Sam\/workspaces\/tasktop\/.metadata\/.plugins\/org.eclipse.pde.core\/.bundle_pool\/plugins\/org.eclipse.core.resources_3.6.1.R36x_v20110131-1630.jar&amp;lt;org.eclipse.core.resources" StructureKind="java"/><InteractionEvent Delta="null" EndDate="2014-02-14 14:40:28.933 PST" Interest="15.0" Kind="propagation" Navigation="org.eclipse.mylyn.core.model.edges.containment" OriginId="org.eclipse.mylyn.core.model.interest.propagation" StartDate="2014-02-14 14:40:28.933 PST" StructureHandle="/attachments/bugzilla-https%3A%2F%2Fbugs.eclipse.org%2Fbugs" StructureKind="resource"/><InteractionEvent Delta="null" EndDate="2014-02-13 22:53:19.326 PST" Interest="2.017" Kind="propagation" Navigation="org.eclipse.mylyn.core.model.edges.containment" OriginId="org.eclipse.mylyn.core.model.interest.propagation" StartDate="2014-02-13 22:49:19.387 PST" StructureHandle="=org.eclipse.mylyn.debug.ui/C:\/Users\/Sam\/workspaces\/tasktop\/.metadata\/.plugins\/org.eclipse.pde.core\/.bundle_pool\/plugins\/org.eclipse.debug.core_3.6.0.v20100519.jar" StructureKind="java" NumEvents="3" CreationCount="430"/><InteractionEvent Delta="null" EndDate="2014-02-14 14:38:29.973 PST" Interest="67.66601" Kind="propagation" Navigation="org.eclipse.mylyn.core.model.edges.containment" OriginId="org.eclipse.mylyn.core.model.interest.propagation" StartDate="2014-02-13 22:16:58.841 PST" StructureHandle="=org.eclipse.mylyn.debug.ui/src&amp;lt;org.eclipse.mylyn.internal.debug.ui{BreakpointsContextUtil.java" StructureKind="java" NumEvents="101" CreationCount="59"/><InteractionEvent Delta="null" EndDate="2014-02-14 11:28:43.435 PST" Interest="7.234" Kind="manipulation" Navigation="null" OriginId="org.eclipse.mylyn.core.model.interest.decay.correction" StartDate="2014-02-14 11:28:43.435 PST" StructureHandle="/org.eclipse.mylyn.context.core/src/org/eclipse/mylyn/context/core/ContextChangeEvent.java" StructureKind="resource"/><InteractionEvent Delta="null" EndDate="2014-02-13 23:06:29.849 PST" Interest="9.781" Kind="propagation" Navigation="org.eclipse.mylyn.core.model.edges.containment" OriginId="org.eclipse.mylyn.core.model.interest.propagation" StartDate="2014-02-13 22:36:55.945 PST" StructureHandle="=org.eclipse.mylyn.debug.ui/src&amp;lt;org.eclipse.mylyn.internal.debug.ui{BreakpointsStateUtil.java" StructureKind="java" NumEvents="11" CreationCount="279"/><InteractionEvent Delta="null" EndDate="2014-02-14 14:40:29.364 PST" Interest="1.0" Kind="propagation" Navigation="null" OriginId="org.eclipse.jdt.ui.CompilationUnitEditor" StartDate="2014-02-14 14:40:29.364 PST" StructureHandle="/org.eclipse.mylyn.debug.ui/src/org/eclipse/mylyn/internal/debug/ui/BreakpointsContextUtil.java" StructureKind="resource"/><InteractionEvent Delta="null" EndDate="2014-02-13 22:13:24.63 PST" Interest="1.0" Kind="propagation" Navigation="org.eclipse.mylyn.core.model.edges.containment" OriginId="org.eclipse.mylyn.core.model.interest.propagation" StartDate="2014-02-13 22:13:24.63 PST" StructureHandle="=org.eclipse.mylyn.tasks.ui/src" StructureKind="java"/><InteractionEvent Delta="null" EndDate="2014-02-13 22:45:26.556 PST" Interest="3.0" Kind="propagation" Navigation="null" OriginId="org.eclipse.jdt.ui.CompilationUnitEditor" StartDate="2014-02-13 22:45:25.999 PST" StructureHandle="/org.eclipse.mylyn.context.core/src/org/eclipse/mylyn/context/core/IInteractionElement.java" StructureKind="resource" NumEvents="3" CreationCount="392"/><InteractionEvent Delta="null" EndDate="2014-02-14 11:28:25.1 PST" Interest="300.0" Kind="selection" Navigation="null" OriginId="org.eclipse.mylyn.core.model.interest.decay.correction" StartDate="2014-02-13 22:11:06.933 PST" StructureHandle="/attachments/local-local/695" StructureKind="resource" NumEvents="20" CreationCount="1"/><InteractionEvent Delta="null" EndDate="2014-02-14 14:40:28.930 PST" Interest="15.0" Kind="propagation" Navigation="org.eclipse.mylyn.core.model.edges.containment" OriginId="org.eclipse.mylyn.core.model.interest.propagation" StartDate="2014-02-14 14:40:28.930 PST" StructureHandle="/attachments/bugzilla-https%3A%2F%2Fbugs.eclipse.org%2Fbugs" StructureKind="resource"/><InteractionEvent Delta="null" EndDate="2014-02-14 14:40:28.928 PST" Interest="15.0" Kind="propagation" Navigation="org.eclipse.mylyn.core.model.edges.containment" OriginId="org.eclipse.mylyn.core.model.interest.propagation" StartDate="2014-02-14 14:40:28.928 PST" StructureHandle="/attachments/bugzilla-https%3A%2F%2Fbugs.eclipse.org%2Fbugs" StructureKind="resource"/><InteractionEvent Delta="null" EndDate="2014-02-13 22:16:50.338 PST" Interest="1.0" Kind="propagation" Navigation="org.eclipse.mylyn.core.model.edges.containment" OriginId="org.eclipse.mylyn.core.model.interest.propagation" StartDate="2014-02-13 22:16:50.338 PST" StructureHandle="=org.eclipse.mylyn.commons.repositories.ui" StructureKind="resource"/><InteractionEvent Delta="null" EndDate="2014-02-14 14:40:29.365 PST" Interest="0.7000046" Kind="propagation" Navigation="org.eclipse.mylyn.core.model.edges.containment" OriginId="org.eclipse.mylyn.core.model.interest.propagation" StartDate="2014-02-14 14:40:29.365 PST" StructureHandle="=org.eclipse.mylyn.debug.ui/src&amp;lt;org.eclipse.mylyn.internal.debug.ui" StructureKind="java"/><InteractionEvent Delta="null" EndDate="2014-02-14 07:24:35.893 PST" Interest="6.0" Kind="selection" Navigation="null" OriginId="org.eclipse.jdt.ui.PackageExplorer" StartDate="2014-02-13 22:18:27.18 PST" StructureHandle="=org.eclipse.mylyn.debug.ui/src&amp;lt;org.eclipse.mylyn.internal.debug.ui{BreakpointsStructureBridge.java[BreakpointsStructureBridge~updateBreakpointId~QIBreakpoint;" StructureKind="java" NumEvents="6" CreationCount="85"/><InteractionEvent Delta="null" EndDate="2014-02-13 22:15:55.966 PST" Interest="6.0" Kind="selection" Navigation="null" OriginId="org.eclipse.jdt.ui.PackageExplorer" StartDate="2014-02-13 22:12:06.248 PST" StructureHandle="=org.eclipse.mylyn.debug.ui/src&amp;lt;org.eclipse.mylyn.internal.debug.ui{FocusDebugViewAction.java[FocusDebugViewAction~getViewers" StructureKind="java" NumEvents="6" CreationCount="29"/><InteractionEvent Delta="null" EndDate="2014-02-14 11:30:07.932 PST" Interest="144.0" Kind="propagation" Navigation="null" OriginId="org.eclipse.jdt.ui.CompilationUnitEditor" StartDate="2014-02-13 22:22:48.479 PST" StructureHandle="/org.eclipse.mylyn.debug.ui/src/org/eclipse/mylyn/internal/debug/ui/BreakpointsContextContributor.java" StructureKind="resource" NumEvents="144" CreationCount="116"/><InteractionEvent Delta="null" EndDate="2014-02-13 22:16:19.383 PST" Interest="2.034" Kind="propagation" Navigation="org.eclipse.mylyn.core.model.edges.containment" OriginId="org.eclipse.mylyn.core.model.interest.propagation" StartDate="2014-02-13 22:16:12.372 PST" StructureHandle="=org.eclipse.mylyn.ide.ui/src&amp;lt;org.eclipse.mylyn.ide.ui" StructureKind="java" NumEvents="3" CreationCount="55"/><InteractionEvent Delta="null" EndDate="2014-02-14 14:40:06.421 PST" Interest="476.826" Kind="propagation" Navigation="org.eclipse.mylyn.core.model.edges.containment" OriginId="org.eclipse.mylyn.core.model.interest.propagation" StartDate="2014-02-14 14:40:06.421 PST" StructureHandle="/org.eclipse.mylyn.debug.ui/src/org/eclipse/mylyn/internal" StructureKind="resource"/><InteractionEvent Delta="null" EndDate="2014-02-14 11:30:07.931 PST" Interest="59.0" Kind="edit" Navigation="null" OriginId="org.eclipse.jdt.ui.CompilationUnitEditor" StartDate="2014-02-13 22:24:28.719 PST" StructureHandle="=org.eclipse.mylyn.debug.ui/src&amp;lt;org.eclipse.mylyn.internal.debug.ui{BreakpointsContextContributor.java[BreakpointsContextContributor~getContextBreakpoints~QIInteractionContext;" StructureKind="java" NumEvents="59" CreationCount="120"/><InteractionEvent Delta="null" EndDate="2014-02-13 22:15:55.966 PST" Interest="3.8340015" Kind="propagation" Navigation="org.eclipse.mylyn.core.model.edges.containment" OriginId="org.eclipse.mylyn.core.model.interest.propagation" StartDate="2014-02-13 22:12:11.104 PST" StructureHandle="=org.eclipse.mylyn.debug.ui/src&amp;lt;org.eclipse.mylyn.internal.debug.ui{FocusDebugViewAction.java" StructureKind="java" NumEvents="6" CreationCount="27"/><InteractionEvent Delta="null" EndDate="2014-02-13 22:13:24.63 PST" Interest="1.0" Kind="propagation" Navigation="org.eclipse.mylyn.core.model.edges.containment" OriginId="org.eclipse.mylyn.core.model.interest.propagation" StartDate="2014-02-13 22:13:24.63 PST" StructureHandle="/org.eclipse.mylyn.tasks.ui/src/org/eclipse/mylyn/internal/tasks/ui" StructureKind="resource"/><InteractionEvent Delta="null" EndDate="2014-02-13 22:49:19.950 PST" Interest="0.01700002" Kind="propagation" Navigation="org.eclipse.mylyn.core.model.edges.containment" OriginId="org.eclipse.mylyn.core.model.interest.propagation" StartDate="2014-02-13 22:49:19.950 PST" StructureHandle="=org.eclipse.mylyn.debug.ui/C:\/Users\/Sam\/workspaces\/tasktop\/.metadata\/.plugins\/org.eclipse.pde.core\/.bundle_pool\/plugins\/org.eclipse.debug.core_3.6.0.v20100519.jar&amp;lt;org.eclipse.debug.core.model(IBreakpoint.class" StructureKind="java"/><InteractionEvent Delta="null" EndDate="2014-02-13 22:14:49.584 PST" Interest="1.0" Kind="selection" Navigation="null" OriginId="org.eclipse.jdt.ui.CompilationUnitEditor" StartDate="2014-02-13 22:14:49.584 PST" StructureHandle="=org.eclipse.mylyn.debug.ui/src&amp;lt;org.eclipse.mylyn.internal.debug.ui{FocusDebugViewAction.java[FocusDebugViewAction~FocusDebugViewAction" StructureKind="java"/><InteractionEvent Delta="null" EndDate="2014-02-14 14:40:06.422 PST" Interest="485.0" Kind="propagation" Navigation="null" OriginId="org.eclipse.jdt.ui.CompilationUnitEditor" StartDate="2014-02-13 22:11:13.562 PST" StructureHandle="/org.eclipse.mylyn.debug.ui/src" StructureKind="resource" NumEvents="485" CreationCount="6"/><InteractionEvent Delta="null" EndDate="2014-02-13 22:27:48.978 PST" Interest="3.0" Kind="propagation" Navigation="null" OriginId="org.eclipse.jdt.ui.CompilationUnitEditor" StartDate="2014-02-13 22:27:48.394 PST" StructureHandle="/org.eclipse.mylyn.context.core/src/org/eclipse/mylyn/context/core/AbstractContextStructureBridge.java" StructureKind="resource" NumEvents="3" CreationCount="164"/><InteractionEvent Delta="null" EndDate="2014-02-14 11:28:25.2 PST" Interest="300.0" Kind="propagation" Navigation="org.eclipse.mylyn.core.model.edges.containment" OriginId="org.eclipse.mylyn.core.model.interest.propagation" StartDate="2014-02-13 22:11:06.935 PST" StructureHandle="/attachments/local-local" StructureKind="resource" NumEvents="20" CreationCount="1"/><InteractionEvent Delta="null" EndDate="2014-02-13 22:53:19.326 PST" Interest="1.0" Kind="selection" Navigation="null" OriginId="org.eclipse.jdt.ui.PackageExplorer" StartDate="2014-02-13 22:53:19.326 PST" StructureHandle="=org.eclipse.mylyn.debug.ui/C:\/Users\/Sam\/workspaces\/tasktop\/.metadata\/.plugins\/org.eclipse.pde.core\/.bundle_pool\/plugins\/org.eclipse.debug.core_3.6.0.v20100519.jar&amp;lt;org.eclipse.debug.core.model" StructureKind="java"/><InteractionEvent Delta="null" EndDate="2014-02-13 22:59:36.730 PST" Interest="1.0" Kind="edit" Navigation="null" OriginId="org.eclipse.jdt.ui.CompilationUnitEditor" StartDate="2014-02-13 22:59:36.730 PST" StructureHandle="=org.eclipse.mylyn.debug.ui/src&amp;lt;org.eclipse.mylyn.internal.debug.ui{BreakpointsStateUtil.java[BreakpointsStateUtil~restoreState" StructureKind="java"/><InteractionEvent Delta="null" EndDate="2014-02-13 22:12:31.912 PST" Interest="1.0" Kind="propagation" Navigation="org.eclipse.mylyn.core.model.edges.containment" OriginId="org.eclipse.mylyn.core.model.interest.propagation" StartDate="2014-02-13 22:12:31.912 PST" StructureHandle="=Launch Configs" StructureKind="java"/><InteractionEvent Delta="null" EndDate="2014-02-14 14:40:06.421 PST" Interest="476.826" Kind="propagation" Navigation="org.eclipse.mylyn.core.model.edges.containment" OriginId="org.eclipse.mylyn.core.model.interest.propagation" StartDate="2014-02-14 14:40:06.421 PST" StructureHandle="/org.eclipse.mylyn.debug.ui/src/org/eclipse/mylyn" StructureKind="resource"/><InteractionEvent Delta="null" EndDate="2014-02-14 11:28:25.570 PST" Interest="18.839" Kind="propagation" Navigation="org.eclipse.mylyn.core.model.edges.containment" OriginId="org.eclipse.mylyn.core.model.interest.propagation" StartDate="2014-02-13 22:34:12.783 PST" StructureHandle="=org.eclipse.mylyn.debug.ui/C:\/Users\/Sam\/workspaces\/tasktop\/.metadata\/.plugins\/org.eclipse.pde.core\/.bundle_pool\/plugins\/org.eclipse.debug.ui_3.6.3.v20101201_r362.jar" StructureKind="java" NumEvents="12" CreationCount="213"/><InteractionEvent Delta="null" EndDate="2014-02-14 14:40:29.364 PST" Interest="1.0" Kind="propagation" Navigation="org.eclipse.mylyn.core.model.edges.containment" OriginId="org.eclipse.mylyn.core.model.interest.propagation" StartDate="2014-02-14 14:40:29.364 PST" StructureHandle="=org.eclipse.mylyn.debug.ui" StructureKind="resource"/><InteractionEvent Delta="null" EndDate="2014-02-13 22:15:47.776 PST" Interest="5.0" Kind="selection" Navigation="null" OriginId="org.eclipse.jdt.ui.CompilationUnitEditor" StartDate="2014-02-13 22:12:05.635 PST" StructureHandle="=org.eclipse.mylyn.debug.ui/src&amp;lt;org.eclipse.mylyn.internal.debug.ui{FocusDebugViewAction.java" StructureKind="java" NumEvents="5" CreationCount="27"/><InteractionEvent Delta="null" EndDate="2014-02-14 11:29:41.8 PST" Interest="39.0" Kind="propagation" Navigation="null" OriginId="org.eclipse.jdt.ui.CompilationUnitEditor" StartDate="2014-02-13 22:18:17.186 PST" StructureHandle="/org.eclipse.mylyn.debug.ui/src/org/eclipse/mylyn/internal/debug/ui/BreakpointsStructureBridge.java" StructureKind="resource" NumEvents="39" CreationCount="81"/><InteractionEvent Delta="null" EndDate="2014-02-13 22:16:19.383 PST" Interest="4.0" Kind="propagation" Navigation="null" OriginId="org.eclipse.jdt.ui.PackageExplorer" StartDate="2014-02-13 22:16:12.371 PST" StructureHandle="/org.eclipse.mylyn.ide.ui/src/org/eclipse/mylyn/ide/ui/AbstractMarkerInterestFilter.java" StructureKind="resource" NumEvents="4" CreationCount="55"/><InteractionEvent Delta="null" EndDate="2014-02-13 22:16:19.383 PST" Interest="4.0" Kind="propagation" Navigation="org.eclipse.mylyn.core.model.edges.containment" OriginId="org.eclipse.mylyn.core.model.interest.propagation" StartDate="2014-02-13 22:16:12.372 PST" StructureHandle="/org.eclipse.mylyn.ide.ui/src" StructureKind="resource" NumEvents="4" CreationCount="55"/><InteractionEvent Delta="null" EndDate="2014-02-13 23:03:16.923 PST" Interest="4.6190004" Kind="manipulation" Navigation="null" OriginId="org.eclipse.mylyn.core.model.interest.decay.correction" StartDate="2014-02-13 23:03:16.923 PST" StructureHandle="/org.eclipse.mylyn.debug.tests/src/org/eclipse/mylyn/internal/debug/ui/BreakpointsContextUtilTest.java" StructureKind="resource"/><InteractionEvent Delta="null" EndDate="2014-02-13 22:41:19.923 PST" Interest="1.0" Kind="selection" Navigation="null" OriginId="org.eclipse.jdt.ui.CompilationUnitEditor" StartDate="2014-02-13 22:41:19.923 PST" StructureHandle="=org.eclipse.mylyn.context.core/src&amp;lt;org.eclipse.mylyn.internal.context.core{InteractionContextExternalizer.java[InteractionContextExternalizer~addAdditionalInformation~QIInteractionContext;~QZipOutputStream;[~run" StructureKind="java"/><InteractionEvent Delta="null" EndDate="2014-02-14 11:28:52.203 PST" Interest="12.234" Kind="propagation" Navigation="org.eclipse.mylyn.core.model.edges.containment" OriginId="org.eclipse.mylyn.core.model.interest.propagation" StartDate="2014-02-13 22:13:02.57 PST" StructureHandle="/org.eclipse.mylyn.context.core/src/org/eclipse/mylyn/context/core" StructureKind="resource" NumEvents="11" CreationCount="34"/><InteractionEvent Delta="null" EndDate="2014-02-14 14:40:28.925 PST" Interest="1.0" Kind="propagation" Navigation="null" OriginId="org.eclipse.mylyn.core.model.interest.decay.correction" StartDate="2014-02-14 14:40:28.925 PST" StructureHandle="/attachments" StructureKind="resource"/><InteractionEvent Delta="null" EndDate="2014-02-13 22:22:44.842 PST" Interest="1.0" Kind="selection" Navigation="null" OriginId="org.eclipse.search.ui.views.SearchView" StartDate="2014-02-13 22:22:44.842 PST" StructureHandle="=org.eclipse.mylyn.debug.ui/src&amp;lt;org.eclipse.mylyn.internal.debug.ui" StructureKind="java"/><InteractionEvent Delta="null" EndDate="2014-02-13 22:56:10.372 PST" Interest="2.5190003" Kind="manipulation" Navigation="null" OriginId="org.eclipse.mylyn.core.model.interest.decay.correction" StartDate="2014-02-13 22:56:10.372 PST" StructureHandle="=org.eclipse.mylyn.debug.ui/src&amp;lt;org.eclipse.mylyn.internal.debug.ui{BreakpointsStateUtil.java[BreakpointsStateUtil~restoreState" StructureKind="java"/><InteractionEvent Delta="null" EndDate="2014-02-14 14:40:06.421 PST" Interest="482.017" Kind="propagation" Navigation="org.eclipse.mylyn.core.model.edges.containment" OriginId="org.eclipse.mylyn.core.model.interest.propagation" StartDate="2014-02-13 22:11:13.562 PST" StructureHandle="=org.eclipse.mylyn.debug.ui" StructureKind="resource" NumEvents="484" CreationCount="5"/><InteractionEvent Delta="null" EndDate="2014-02-13 22:41:19.368 PST" Interest="1.0" Kind="selection" Navigation="null" OriginId="org.eclipse.jdt.ui.CompilationUnitEditor" StartDate="2014-02-13 22:41:19.368 PST" StructureHandle="=org.eclipse.mylyn.context.core/src&amp;lt;org.eclipse.mylyn.internal.context.core{InteractionContextExternalizer.java[InteractionContextExternalizer~addAdditionalInformation~QIInteractionContext;~QZipOutputStream;" StructureKind="java"/><InteractionEvent Delta="null" EndDate="2014-02-14 11:28:43.435 PST" Interest="3.0" Kind="selection" Navigation="null" OriginId="org.eclipse.jdt.ui.CompilationUnitEditor" StartDate="2014-02-13 22:13:02.56 PST" StructureHandle="=org.eclipse.mylyn.context.core/src&amp;lt;org.eclipse.mylyn.context.core{ContextChangeEvent.java" StructureKind="java" NumEvents="3" CreationCount="34"/><InteractionEvent Delta="null" EndDate="2014-02-13 22:22:29.720 PST" Interest="3.0" Kind="edit" Navigation="null" OriginId="org.eclipse.jdt.ui.CompilationUnitEditor" StartDate="2014-02-13 22:21:48.195 PST" StructureHandle="=org.eclipse.mylyn.debug.ui/src&amp;lt;org.eclipse.mylyn.internal.debug.ui{BreakpointsListener.java[BreakpointsListener" StructureKind="java" NumEvents="3" CreationCount="101"/><InteractionEvent Delta="null" EndDate="2014-02-13 22:15:55.966 PST" Interest="8.800001" Kind="propagation" Navigation="org.eclipse.mylyn.core.model.edges.containment" OriginId="org.eclipse.mylyn.core.model.interest.propagation" StartDate="2014-02-13 22:12:06.248 PST" StructureHandle="=org.eclipse.mylyn.debug.ui/src&amp;lt;org.eclipse.mylyn.internal.debug.ui{FocusDebugViewAction.java[FocusDebugViewAction" StructureKind="java" NumEvents="10" CreationCount="29"/><InteractionEvent Delta="null" EndDate="2014-02-13 23:03:17.71 PST" Interest="11.602" Kind="propagation" Navigation="org.eclipse.mylyn.core.model.edges.containment" OriginId="org.eclipse.mylyn.core.model.interest.propagation" StartDate="2014-02-13 22:16:52.115 PST" StructureHandle="=org.eclipse.mylyn.debug.tests/src&amp;lt;org.eclipse.mylyn.internal.debug.ui" StructureKind="java" NumEvents="7" CreationCount="75"/><InteractionEvent Delta="null" EndDate="2014-02-14 11:28:25.3 PST" Interest="300.0" Kind="propagation" Navigation="org.eclipse.mylyn.core.model.edges.containment" OriginId="org.eclipse.mylyn.core.model.interest.propagation" StartDate="2014-02-13 22:11:06.936 PST" StructureHandle="" StructureKind="java" NumEvents="20" CreationCount="1"/><InteractionEvent Delta="null" EndDate="2014-02-13 22:13:24.63 PST" Interest="1.0" Kind="propagation" Navigation="org.eclipse.mylyn.core.model.edges.containment" OriginId="org.eclipse.mylyn.core.model.interest.propagation" StartDate="2014-02-13 22:13:24.63 PST" StructureHandle="=org.eclipse.mylyn.tasks.ui" StructureKind="resource"/><InteractionEvent Delta="null" EndDate="2014-02-13 22:16:01.253 PST" Interest="17.0" Kind="propagation" Navigation="null" OriginId="org.eclipse.jdt.ui.CompilationUnitEditor" StartDate="2014-02-13 22:11:13.562 PST" StructureHandle="/org.eclipse.mylyn.debug.ui/src/org/eclipse/mylyn/internal/debug/ui/BreakpointsInterestFilter.java" StructureKind="resource" NumEvents="17" CreationCount="6"/><InteractionEvent Delta="null" EndDate="2014-02-14 14:40:05.954 PST" Interest="4.0" Kind="propagation" Navigation="null" OriginId="org.eclipse.mylyn.core.model.interest.decay.correction" StartDate="2014-02-14 14:40:05.944 PST" StructureHandle="/attachments" StructureKind="resource" NumEvents="4" CreationCount="424"/><InteractionEvent Delta="null" EndDate="2014-02-14 11:28:52.204 PST" Interest="13.372" Kind="propagation" Navigation="null" OriginId="org.eclipse.jdt.ui.CompilationUnitEditor" StartDate="2014-02-13 22:13:02.57 PST" StructureHandle="/org.eclipse.mylyn.context.core/src" StructureKind="resource" NumEvents="14" CreationCount="34"/><InteractionEvent Delta="null" EndDate="2014-02-14 11:30:09.877 PST" Interest="11.0" Kind="selection" Navigation="null" OriginId="org.eclipse.jdt.ui.CompilationUnitEditor" StartDate="2014-02-13 22:16:50.218 PST" StructureHandle="=org.eclipse.mylyn.debug.ui/src&amp;lt;org.eclipse.mylyn.internal.debug.ui{BreakpointsContextUtil.java[BreakpointsContextUtil" StructureKind="java" NumEvents="11" CreationCount="65"/><InteractionEvent Delta="null" EndDate="2014-02-13 22:41:19.923 PST" Interest="3.0" Kind="propagation" Navigation="org.eclipse.mylyn.core.model.edges.containment" OriginId="org.eclipse.mylyn.core.model.interest.propagation" StartDate="2014-02-13 22:40:51.913 PST" StructureHandle="/org.eclipse.mylyn.context.core/src/org/eclipse/mylyn/internal/context/core" StructureKind="resource" NumEvents="3" CreationCount="350"/><InteractionEvent Delta="null" EndDate="2014-02-13 23:06:25.453 PST" Interest="5.0" Kind="edit" Navigation="null" OriginId="org.eclipse.jdt.ui.CompilationUnitEditor" StartDate="2014-02-13 22:56:04.116 PST" StructureHandle="=org.eclipse.mylyn.debug.ui/src&amp;lt;org.eclipse.mylyn.internal.debug.ui{BreakpointsStateUtil.java[BreakpointsStateUtil~saveState" StructureKind="java" NumEvents="5" CreationCount="472"/><InteractionEvent Delta="null" EndDate="2014-02-13 22:13:24.63 PST" Interest="1.0" Kind="propagation" Navigation="org.eclipse.mylyn.core.model.edges.containment" OriginId="org.eclipse.mylyn.core.model.interest.propagation" StartDate="2014-02-13 22:13:24.63 PST" StructureHandle="=org.eclipse.mylyn.tasks.ui/src&amp;lt;org.eclipse.mylyn.internal.tasks.ui" StructureKind="java"/><InteractionEvent Delta="null" EndDate="2014-02-14 11:29:35.446 PST" Interest="9.0" Kind="selection" Navigation="null" OriginId="org.eclipse.jdt.ui.CompilationUnitEditor" StartDate="2014-02-13 22:18:17.186 PST" StructureHandle="=org.eclipse.mylyn.debug.ui/src&amp;lt;org.eclipse.mylyn.internal.debug.ui{BreakpointsStructureBridge.java" StructureKind="java" NumEvents="9" CreationCount="81"/><InteractionEvent Delta="null" EndDate="2014-02-13 22:16:19.382 PST" Interest="2.0" Kind="selection" Navigation="null" OriginId="org.eclipse.jdt.ui.PackageExplorer" StartDate="2014-02-13 22:16:12.902 PST" StructureHandle="=org.eclipse.mylyn.ide.ui/src&amp;lt;org.eclipse.mylyn.ide.ui{AbstractMarkerInterestFilter.java[AbstractMarkerInterestFilter~isInteresting~QIMarker;~QViewer;~QObject;" StructureKind="java" NumEvents="2" CreationCount="57"/><InteractionEvent Delta="null" EndDate="2014-02-14 11:31:28.491 PST" Interest="25.0" Kind="edit" Navigation="null" OriginId="org.eclipse.jdt.ui.CompilationUnitEditor" StartDate="2014-02-13 22:16:48.710 PST" StructureHandle="=org.eclipse.mylyn.debug.ui/src&amp;lt;org.eclipse.mylyn.internal.debug.ui{BreakpointsContextUtil.java[BreakpointsContextUtil~importBreakpoints~QInputStream;~QIProgressMonitor;" StructureKind="java" NumEvents="25" CreationCount="69"/><InteractionEvent Delta="null" EndDate="2014-02-14 11:28:52.203 PST" Interest="8.701" Kind="propagation" Navigation="org.eclipse.mylyn.core.model.edges.containment" OriginId="org.eclipse.mylyn.core.model.interest.propagation" StartDate="2014-02-13 22:13:15.890 PST" StructureHandle="=org.eclipse.mylyn.context.core/src&amp;lt;org.eclipse.mylyn.context.core{ContextChangeEvent.java[ContextChangeEvent" StructureKind="java" NumEvents="2" CreationCount="183"/><InteractionEvent Delta="null" EndDate="2014-02-14 11:29:41.8 PST" Interest="1.0" Kind="selection" Navigation="null" OriginId="org.eclipse.jdt.ui.CompilationUnitEditor" StartDate="2014-02-14 11:29:41.8 PST" StructureHandle="=org.eclipse.mylyn.debug.ui/src&amp;lt;org.eclipse.mylyn.internal.debug.ui{BreakpointsStructureBridge.java[BreakpointsStructureBridge^ATTRIBUTE_ID" StructureKind="java"/><InteractionEvent Delta="null" EndDate="2014-02-13 22:50:52.993 PST" Interest="1.0" Kind="propagation" Navigation="org.eclipse.mylyn.core.model.edges.containment" OriginId="org.eclipse.mylyn.core.model.interest.propagation" StartDate="2014-02-13 22:50:52.993 PST" StructureHandle="=org.eclipse.mylyn.debug.ui/C:\/Users\/Sam\/workspaces\/tasktop\/.metadata\/.plugins\/org.eclipse.pde.core\/.bundle_pool\/plugins\/org.eclipse.core.resources_3.6.1.R36x_v20110131-1630.jar&amp;lt;org.eclipse.core.resources(IMarker.class" StructureKind="java"/><InteractionEvent Delta="null" EndDate="2014-02-14 14:40:06.421 PST" Interest="476.826" Kind="propagation" Navigation="org.eclipse.mylyn.core.model.edges.containment" OriginId="org.eclipse.mylyn.core.model.interest.propagation" StartDate="2014-02-14 14:40:06.421 PST" StructureHandle="/org.eclipse.mylyn.debug.ui/src/org/eclipse" StructureKind="resource"/><InteractionEvent Delta="null" EndDate="2014-02-14 11:30:07.385 PST" Interest="24.0" Kind="selection" Navigation="null" OriginId="org.eclipse.jdt.ui.CompilationUnitEditor" StartDate="2014-02-13 22:22:48.580 PST" StructureHandle="=org.eclipse.mylyn.debug.ui/src&amp;lt;org.eclipse.mylyn.internal.debug.ui{BreakpointsContextContributor.java" StructureKind="java" NumEvents="24" CreationCount="116"/><InteractionEvent Delta="null" EndDate="2014-02-13 22:16:19.383 PST" Interest="0.03400004" Kind="propagation" Navigation="org.eclipse.mylyn.core.model.edges.containment" OriginId="org.eclipse.mylyn.core.model.interest.propagation" StartDate="2014-02-13 22:16:19.383 PST" StructureHandle="=org.eclipse.mylyn.ide.ui/src&amp;lt;org.eclipse.mylyn.ide.ui{AbstractMarkerInterestFilter.java" StructureKind="java"/><InteractionEvent Delta="null" EndDate="2014-02-13 22:49:19.950 PST" Interest="1.017" Kind="propagation" Navigation="org.eclipse.mylyn.core.model.edges.containment" OriginId="org.eclipse.mylyn.core.model.interest.propagation" StartDate="2014-02-13 22:49:19.387 PST" StructureHandle="=org.eclipse.mylyn.debug.ui/C:\/Users\/Sam\/workspaces\/tasktop\/.metadata\/.plugins\/org.eclipse.pde.core\/.bundle_pool\/plugins\/org.eclipse.debug.core_3.6.0.v20100519.jar&amp;lt;org.eclipse.debug.core.model" StructureKind="java" NumEvents="2" CreationCount="430"/><InteractionEvent Delta="null" EndDate="2014-02-13 22:41:19.924 PST" Interest="0.03399992" Kind="propagation" Navigation="org.eclipse.mylyn.core.model.edges.containment" OriginId="org.eclipse.mylyn.core.model.interest.propagation" StartDate="2014-02-13 22:41:19.368 PST" StructureHandle="=org.eclipse.mylyn.context.core/src&amp;lt;org.eclipse.mylyn.internal.context.core{InteractionContextExternalizer.java" StructureKind="java" NumEvents="2" CreationCount="350"/><InteractionEvent Delta="null" EndDate="2014-02-13 22:27:48.978 PST" Interest="1.0" Kind="propagation" Navigation="org.eclipse.mylyn.core.model.edges.containment" OriginId="org.eclipse.mylyn.core.model.interest.propagation" StartDate="2014-02-13 22:27:48.978 PST" StructureHandle="=org.eclipse.mylyn.context.core/src&amp;lt;org.eclipse.mylyn.context.core{AbstractContextStructureBridge.java[AbstractContextStructureBridge" StructureKind="java"/><InteractionEvent Delta="null" EndDate="2014-02-13 22:31:11.122 PST" Interest="4.0" Kind="selection" Navigation="null" OriginId="org.eclipse.jdt.ui.CompilationUnitEditor" StartDate="2014-02-13 22:27:57.215 PST" StructureHandle="=org.eclipse.mylyn.debug.ui/src&amp;lt;org.eclipse.mylyn.internal.debug.ui{BreakpointsStructureBridge.java[BreakpointsStructureBridge~getObjectForHandle~QString;" StructureKind="java" NumEvents="4" CreationCount="172"/><InteractionEvent Delta="null" EndDate="2014-02-14 11:29:35.479 PST" Interest="1.0" Kind="selection" Navigation="null" OriginId="org.eclipse.jdt.ui.PackageExplorer" StartDate="2014-02-14 11:29:35.479 PST" StructureHandle="=org.eclipse.mylyn.debug.ui/src&amp;lt;org.eclipse.mylyn.internal.debug.ui{BreakpointsStructureBridge.java[BreakpointsStructureBridge" StructureKind="java"/><InteractionEvent Delta="null" EndDate="2014-02-13 22:16:19.383 PST" Interest="4.0" Kind="propagation" Navigation="org.eclipse.mylyn.core.model.edges.containment" OriginId="org.eclipse.mylyn.core.model.interest.propagation" StartDate="2014-02-13 22:16:12.372 PST" StructureHandle="=org.eclipse.mylyn.ide.ui" StructureKind="resource" NumEvents="4" CreationCount="55"/><InteractionEvent Delta="null" EndDate="2014-02-14 14:40:29.365 PST" Interest="1.0" Kind="propagation" Navigation="null" OriginId="org.eclipse.jdt.ui.CompilationUnitEditor" StartDate="2014-02-14 14:40:29.365 PST" StructureHandle="/org.eclipse.mylyn.debug.ui/src" StructureKind="resource"/><InteractionEvent Delta="null" EndDate="2014-02-14 11:29:38.199 PST" Interest="1.0" Kind="selection" Navigation="null" OriginId="org.eclipse.jdt.ui.CompilationUnitEditor" StartDate="2014-02-14 11:29:38.199 PST" StructureHandle="=org.eclipse.mylyn.debug.ui/src&amp;lt;org.eclipse.mylyn.internal.debug.ui{BreakpointsStructureBridge.java[BreakpointsStructureBridge^ATTRIBUTE_ID_DEFAULT" StructureKind="java"/><InteractionEvent Delta="null" EndDate="2014-02-14 14:40:29.364 PST" Interest="3.006012" Kind="propagation" Navigation="org.eclipse.mylyn.core.model.edges.containment" OriginId="org.eclipse.mylyn.core.model.interest.propagation" StartDate="2014-02-14 14:40:29.364 PST" StructureHandle="/org.eclipse.mylyn.debug.ui/src/org" StructureKind="resource"/><InteractionEvent Delta="null" EndDate="2014-02-14 14:40:05.954 PST" Interest="120.0" Kind="propagation" Navigation="org.eclipse.mylyn.core.model.edges.containment" OriginId="org.eclipse.mylyn.core.model.interest.propagation" StartDate="2014-02-14 14:38:29.425 PST" StructureHandle="/attachments/bugzilla-https%3A%2F%2Fbugs.eclipse.org%2Fbugs" StructureKind="resource" NumEvents="8" CreationCount="716"/><InteractionEvent Delta="null" EndDate="2014-02-14 14:40:06.421 PST" Interest="476.826" Kind="propagation" Navigation="org.eclipse.mylyn.core.model.edges.containment" OriginId="org.eclipse.mylyn.core.model.interest.propagation" StartDate="2014-02-14 14:40:06.421 PST" StructureHandle="/org.eclipse.mylyn.debug.ui/src/org" StructureKind="resource"/><InteractionEvent Delta="null" EndDate="2014-02-13 22:54:52.107 PST" Interest="49.668" Kind="propagation" Navigation="org.eclipse.mylyn.core.model.edges.containment" OriginId="org.eclipse.mylyn.core.model.interest.propagation" StartDate="2014-02-13 22:22:48.479 PST" StructureHandle="=org.eclipse.mylyn.debug.ui/src&amp;lt;org.eclipse.mylyn.internal.debug.ui{BreakpointsContextContributor.java" StructureKind="java" NumEvents="71" CreationCount="116"/><InteractionEvent Delta="null" EndDate="2014-02-13 22:12:31.911 PST" Interest="1.0" Kind="prediction" Navigation="null" OriginId="org.eclipse.mylyn.resources.ui.interest.updater" StartDate="2014-02-13 22:12:31.911 PST" StructureHandle="/Launch Configs/Eclipse.launch" StructureKind="resource"/><InteractionEvent Delta="null" EndDate="2014-02-14 14:40:06.421 PST" Interest="96.06701" Kind="propagation" Navigation="org.eclipse.mylyn.core.model.edges.containment" OriginId="org.eclipse.mylyn.core.model.interest.propagation" StartDate="2014-02-13 22:11:13.563 PST" StructureHandle="=org.eclipse.mylyn.debug.ui/src" StructureKind="java" NumEvents="131" CreationCount="6"/><InteractionEvent Delta="null" EndDate="2014-02-14 07:24:44.511 PST" Interest="6.0" Kind="selection" Navigation="null" OriginId="org.eclipse.jdt.ui.PackageExplorer" StartDate="2014-02-13 22:22:48.479 PST" StructureHandle="=org.eclipse.mylyn.debug.ui/src&amp;lt;org.eclipse.mylyn.internal.debug.ui{BreakpointsContextContributor.java[BreakpointsContextContributor~contextChanged~QContextChangeEvent;" StructureKind="java" NumEvents="6" CreationCount="116"/><InteractionEvent Delta="null" EndDate="2014-02-14 14:40:28.925 PST" Interest="1.0" Kind="propagation" Navigation="null" OriginId="org.eclipse.mylyn.core.model.interest.decay.correction" StartDate="2014-02-14 14:40:28.925 PST" StructureHandle="/" StructureKind="resource"/><InteractionEvent Delta="null" EndDate="2014-02-14 11:28:52.203 PST" Interest="5.0" Kind="propagation" Navigation="null" OriginId="org.eclipse.jdt.ui.CompilationUnitEditor" StartDate="2014-02-13 22:13:02.56 PST" StructureHandle="/org.eclipse.mylyn.context.core/src/org/eclipse/mylyn/context/core/ContextChangeEvent.java" StructureKind="resource" NumEvents="5" CreationCount="34"/><InteractionEvent Delta="null" EndDate="2014-02-14 11:28:52.204 PST" Interest="11.234" Kind="propagation" Navigation="org.eclipse.mylyn.core.model.edges.containment" OriginId="org.eclipse.mylyn.core.model.interest.propagation" StartDate="2014-02-13 22:13:02.57 PST" StructureHandle="=org.eclipse.mylyn.context.core/src" StructureKind="java" NumEvents="11" CreationCount="34"/><InteractionEvent Delta="null" EndDate="2014-02-13 22:21:13.892 PST" Interest="2.0" Kind="selection" Navigation="null" OriginId="org.eclipse.jdt.ui.CompilationUnitEditor" StartDate="2014-02-13 22:21:13.210 PST" StructureHandle="=org.eclipse.mylyn.debug.ui/src&amp;lt;org.eclipse.mylyn.internal.debug.ui{BreakpointsListener.java[BreakpointsListener" StructureKind="java" NumEvents="2" CreationCount="101"/><InteractionEvent Delta="null" EndDate="2014-02-13 22:59:54.576 PST" Interest="1.0" Kind="selection" Navigation="null" OriginId="org.eclipse.jdt.ui.CompilationUnitEditor" StartDate="2014-02-13 22:59:54.576 PST" StructureHandle="=org.eclipse.mylyn.debug.ui/src&amp;lt;org.eclipse.mylyn.internal.debug.ui{BreakpointsStateUtil.java[BreakpointsStateUtil~saveStateFile~QFile;~QInputStream;" StructureKind="java"/><InteractionEvent Delta="null" EndDate="2014-02-14 11:28:43.435 PST" Interest="8.217001" Kind="manipulation" Navigation="null" OriginId="org.eclipse.mylyn.core.model.interest.decay.correction" StartDate="2014-02-14 11:28:43.435 PST" StructureHandle="=org.eclipse.mylyn.context.core/src&amp;lt;org.eclipse.mylyn.context.core{ContextChangeEvent.java" StructureKind="java"/><InteractionEvent Delta="null" EndDate="2014-02-13 22:16:41.229 PST" Interest="1.0" Kind="edit" Navigation="null" OriginId="org.eclipse.jdt.ui.CompilationUnitEditor" StartDate="2014-02-13 22:16:41.229 PST" StructureHandle="=org.eclipse.mylyn.debug.ui/src&amp;lt;org.eclipse.mylyn.internal.debug.ui{BreakpointsContextUtil.java[BreakpointsContextUtil~removeBreakpoints~QCollection\&amp;lt;QIBreakpoint;&amp;gt;;" StructureKind="java"/><InteractionEvent Delta="null" EndDate="2014-02-13 22:49:19.949 PST" Interest="1.0" Kind="selection" Navigation="null" OriginId="org.eclipse.jdt.ui.ClassFileEditor" StartDate="2014-02-13 22:49:19.949 PST" StructureHandle="=org.eclipse.mylyn.debug.ui/C:\/Users\/Sam\/workspaces\/tasktop\/.metadata\/.plugins\/org.eclipse.pde.core\/.bundle_pool\/plugins\/org.eclipse.debug.core_3.6.0.v20100519.jar&amp;lt;org.eclipse.debug.core.model(IBreakpoint.class[IBreakpoint" StructureKind="java"/><InteractionEvent Delta="null" EndDate="2014-02-13 22:27:48.426 PST" Interest="2.0" Kind="selection" Navigation="null" OriginId="org.eclipse.jdt.ui.CompilationUnitEditor" StartDate="2014-02-13 22:27:48.394 PST" StructureHandle="=org.eclipse.mylyn.context.core/src&amp;lt;org.eclipse.mylyn.context.core{AbstractContextStructureBridge.java" StructureKind="java" NumEvents="2" CreationCount="164"/><InteractionEvent Delta="null" EndDate="2014-02-14 14:40:28.925 PST" Interest="15.0" Kind="propagation" Navigation="org.eclipse.mylyn.core.model.edges.containment" OriginId="org.eclipse.mylyn.core.model.interest.propagation" StartDate="2014-02-14 14:40:28.925 PST" StructureHandle="/attachments/bugzilla-https%3A%2F%2Fbugs.eclipse.org%2Fbugs" StructureKind="resource"/><InteractionEvent Delta="null" EndDate="2014-02-14 14:40:29.365 PST" Interest="1.0" Kind="propagation" Navigation="null" OriginId="org.eclipse.jdt.ui.CompilationUnitEditor" StartDate="2014-02-14 14:40:29.365 PST" StructureHandle="/org.eclipse.mylyn.debug.ui/src/org/eclipse/mylyn/internal/debug/ui" StructureKind="resource"/><InteractionEvent Delta="null" EndDate="2014-02-13 23:03:18.751 PST" Interest="13.619" Kind="propagation" Navigation="org.eclipse.mylyn.core.model.edges.containment" OriginId="org.eclipse.mylyn.core.model.interest.propagation" StartDate="2014-02-13 22:16:52.115 PST" StructureHandle="/org.eclipse.mylyn.debug.tests/src/org/eclipse/mylyn/internal/debug/ui" StructureKind="resource" NumEvents="9" CreationCount="75"/><InteractionEvent Delta="null" EndDate="2014-02-14 11:32:18.178 PST" Interest="82.364006" Kind="propagation" Navigation="org.eclipse.mylyn.core.model.edges.containment" OriginId="org.eclipse.mylyn.core.model.interest.propagation" StartDate="2014-02-13 22:16:35.679 PST" StructureHandle="=org.eclipse.mylyn.debug.ui/src&amp;lt;org.eclipse.mylyn.internal.debug.ui{BreakpointsContextUtil.java[BreakpointsContextUtil" StructureKind="java" NumEvents="114" CreationCount="65"/><InteractionEvent Delta="null" EndDate="2014-02-13 23:03:16.923 PST" Interest="4.602" Kind="manipulation" Navigation="null" OriginId="org.eclipse.mylyn.core.model.interest.decay.correction" StartDate="2014-02-13 23:03:16.923 PST" StructureHandle="=org.eclipse.mylyn.debug.tests/src&amp;lt;org.eclipse.mylyn.internal.debug.ui{BreakpointsContextUtilTest.java[BreakpointsContextUtilTest~testExportBreakpoints" StructureKind="java"/><InteractionEvent Delta="null" EndDate="2014-02-13 22:20:27.212 PST" Interest="10.0" Kind="edit" Navigation="null" OriginId="org.eclipse.jdt.ui.CompilationUnitEditor" StartDate="2014-02-13 22:18:36.378 PST" StructureHandle="=org.eclipse.mylyn.debug.ui/src&amp;lt;org.eclipse.mylyn.internal.debug.ui{BreakpointsStructureBridge.java[BreakpointsStructureBridge~updateBreakpointId~QIBreakpoint;" StructureKind="java" NumEvents="10" CreationCount="85"/><InteractionEvent Delta="null" EndDate="2014-02-13 22:40:51.912 PST" Interest="1.0" Kind="selection" Navigation="null" OriginId="org.eclipse.jdt.ui.CompilationUnitEditor" StartDate="2014-02-13 22:40:51.912 PST" StructureHandle="=org.eclipse.mylyn.context.core/src&amp;lt;org.eclipse.mylyn.internal.context.core{InteractionContextExternalizer.java" StructureKind="java"/><InteractionEvent Delta="null" EndDate="2014-02-13 22:16:01.200 PST" Interest="9.0" Kind="selection" Navigation="null" OriginId="org.eclipse.jdt.ui.PackageExplorer" StartDate="2014-02-13 22:11:13.562 PST" StructureHandle="=org.eclipse.mylyn.debug.ui/src&amp;lt;org.eclipse.mylyn.internal.debug.ui{BreakpointsInterestFilter.java" StructureKind="java" NumEvents="9" CreationCount="6"/><InteractionEvent Delta="null" EndDate="2014-02-14 14:40:06.421 PST" Interest="95.06701" Kind="propagation" Navigation="org.eclipse.mylyn.core.model.edges.containment" OriginId="org.eclipse.mylyn.core.model.interest.propagation" StartDate="2014-02-13 22:11:13.563 PST" StructureHandle="=org.eclipse.mylyn.debug.ui/src&amp;lt;org.eclipse.mylyn.internal.debug.ui" StructureKind="java" NumEvents="132" CreationCount="6"/><InteractionEvent Delta="null" EndDate="2014-02-13 23:03:17.71 PST" Interest="2.0" Kind="selection" Navigation="null" OriginId="org.eclipse.jdt.ui.CompilationUnitEditor" StartDate="2014-02-13 23:03:17.33 PST" StructureHandle="=org.eclipse.mylyn.debug.tests/src&amp;lt;org.eclipse.mylyn.internal.debug.ui{BreakpointsContextUtilTest.java" StructureKind="java" NumEvents="2" CreationCount="75"/><InteractionEvent Delta="null" EndDate="2014-02-13 22:16:01.252 PST" Interest="5.0" Kind="selection" Navigation="null" OriginId="org.eclipse.jdt.ui.CompilationUnitEditor" StartDate="2014-02-13 22:11:15.601 PST" StructureHandle="=org.eclipse.mylyn.debug.ui/src&amp;lt;org.eclipse.mylyn.internal.debug.ui{BreakpointsInterestFilter.java[BreakpointsInterestFilter~select~QViewer;~QObject;~QObject;" StructureKind="java" NumEvents="5" CreationCount="9"/><InteractionEvent Delta="null" EndDate="2014-02-13 22:27:48.978 PST" Interest="1.0" Kind="selection" Navigation="null" OriginId="org.eclipse.jdt.ui.CompilationUnitEditor" StartDate="2014-02-13 22:27:48.978 PST" StructureHandle="=org.eclipse.mylyn.context.core/src&amp;lt;org.eclipse.mylyn.context.core{AbstractContextStructureBridge.java[AbstractContextStructureBridge~getObjectForHandle~QString;" StructureKind="java"/><InteractionEvent Delta="null" EndDate="2014-02-13 22:22:37.939 PST" Interest="2.0" Kind="selection" Navigation="null" OriginId="org.eclipse.jdt.ui.PackageExplorer" StartDate="2014-02-13 22:22:30.287 PST" StructureHandle="=org.eclipse.mylyn.debug.ui/src&amp;lt;org.eclipse.mylyn.internal.debug.ui{BreakpointsListener.java[BreakpointsListener~breakpointsRemoved~\[QIBreakpoint;~\[QIMarkerDelta;" StructureKind="java" NumEvents="2" CreationCount="108"/><InteractionEvent Delta="null" EndDate="2014-02-14 14:40:28.928 PST" Interest="1.0" Kind="propagation" Navigation="null" OriginId="org.eclipse.mylyn.core.model.interest.decay.correction" StartDate="2014-02-14 14:40:28.928 PST" StructureHandle="/attachments" StructureKind="resource"/><InteractionEvent Delta="null" EndDate="2014-02-13 22:16:12.400 PST" Interest="2.0" Kind="selection" Navigation="null" OriginId="org.eclipse.jdt.ui.CompilationUnitEditor" StartDate="2014-02-13 22:16:12.371 PST" StructureHandle="=org.eclipse.mylyn.ide.ui/src&amp;lt;org.eclipse.mylyn.ide.ui{AbstractMarkerInterestFilter.java" StructureKind="java" NumEvents="2" CreationCount="55"/><InteractionEvent Delta="null" EndDate="2014-02-13 22:16:19.383 PST" Interest="2.034" Kind="propagation" Navigation="org.eclipse.mylyn.core.model.edges.containment" OriginId="org.eclipse.mylyn.core.model.interest.propagation" StartDate="2014-02-13 22:16:12.372 PST" StructureHandle="=org.eclipse.mylyn.ide.ui/src" StructureKind="java" NumEvents="3" CreationCount="55"/><InteractionEvent Delta="null" EndDate="2014-02-14 11:28:52.203 PST" Interest="2.0" Kind="selection" Navigation="null" OriginId="org.eclipse.jdt.ui.CompilationUnitEditor" StartDate="2014-02-13 22:13:15.890 PST" StructureHandle="=org.eclipse.mylyn.context.core/src&amp;lt;org.eclipse.mylyn.context.core{ContextChangeEvent.java[ContextChangeEvent~ContextChangeEvent~QContextChangeKind;~QString;~QIInteractionContext;~QList\&amp;lt;QIInteractionElement;&amp;gt;;~Z" StructureKind="java" NumEvents="2" CreationCount="249"/><InteractionEvent Delta="null" EndDate="2014-02-14 14:40:28.933 PST" Interest="1.0" Kind="propagation" Navigation="null" OriginId="org.eclipse.mylyn.core.model.interest.decay.correction" StartDate="2014-02-14 14:40:28.933 PST" StructureHandle="/attachments" StructureKind="resource"/><InteractionEvent Delta="null" EndDate="2014-02-14 14:40:29.364 PST" Interest="2.9380188" Kind="propagation" Navigation="org.eclipse.mylyn.core.model.edges.containment" OriginId="org.eclipse.mylyn.core.model.interest.propagation" StartDate="2014-02-14 14:40:29.364 PST" StructureHandle="/org.eclipse.mylyn.debug.ui/src/org/eclipse/mylyn" StructureKind="resource"/><InteractionEvent Delta="null" EndDate="2014-02-14 14:40:28.931 PST" Interest="1.0" Kind="propagation" Navigation="null" OriginId="org.eclipse.mylyn.core.model.interest.decay.correction" StartDate="2014-02-14 14:40:28.931 PST" StructureHandle="/attachments" StructureKind="resource"/><InteractionEvent Delta="null" EndDate="2014-02-13 23:03:18.751 PST" Interest="9.0" Kind="propagation" Navigation="null" OriginId="org.eclipse.jdt.ui.CompilationUnitEditor" StartDate="2014-02-13 22:16:52.115 PST" StructureHandle="/org.eclipse.mylyn.debug.tests/src/org/eclipse/mylyn/internal/debug/ui/BreakpointsContextUtilTest.java" StructureKind="resource" NumEvents="9" CreationCount="75"/><InteractionEvent Delta="null" EndDate="2014-02-13 22:13:24.63 PST" Interest="1.0" Kind="propagation" Navigation="null" OriginId="org.eclipse.jdt.ui.CompilationUnitEditor" StartDate="2014-02-13 22:13:24.63 PST" StructureHandle="/org.eclipse.mylyn.tasks.ui/src/org/eclipse/mylyn/internal/tasks/ui/TasksUiPlugin.java" StructureKind="resource"/><InteractionEvent Delta="null" EndDate="2014-02-13 22:15:47.801 PST" Interest="4.0" Kind="edit" Navigation="null" OriginId="org.eclipse.jdt.ui.CompilationUnitEditor" StartDate="2014-02-13 22:14:06.259 PST" StructureHandle="=org.eclipse.mylyn.debug.ui/src&amp;lt;org.eclipse.mylyn.internal.debug.ui{FocusDebugViewAction.java[FocusDebugViewAction~getViewers" StructureKind="java" NumEvents="4" CreationCount="29"/><InteractionEvent Delta="null" EndDate="2014-02-13 23:06:29.849 PST" Interest="17.764" Kind="propagation" Navigation="org.eclipse.mylyn.core.model.edges.containment" OriginId="org.eclipse.mylyn.core.model.interest.propagation" StartDate="2014-02-13 22:36:55.945 PST" StructureHandle="=org.eclipse.mylyn.debug.ui/src&amp;lt;org.eclipse.mylyn.internal.debug.ui{BreakpointsStateUtil.java[BreakpointsStateUtil" StructureKind="java" NumEvents="17" CreationCount="280"/><InteractionEvent Delta="null" EndDate="2014-02-13 22:16:38.535 PST" Interest="2.0" Kind="selection" Navigation="null" OriginId="org.eclipse.jdt.callhierarchy.view" StartDate="2014-02-13 22:16:35.678 PST" StructureHandle="=org.eclipse.mylyn.debug.ui/src&amp;lt;org.eclipse.mylyn.internal.debug.ui{BreakpointsContextUtil.java[BreakpointsContextUtil~removeBreakpoints~QCollection\&amp;lt;QIBreakpoint;&amp;gt;;" StructureKind="java" NumEvents="2" CreationCount="65"/><InteractionEvent Delta="null" EndDate="2014-02-13 22:18:17.781 PST" Interest="2.0" Kind="edit" Navigation="null" OriginId="org.eclipse.jdt.ui.CompilationUnitEditor" StartDate="2014-02-13 22:18:17.335 PST" StructureHandle="=org.eclipse.mylyn.debug.ui/src&amp;lt;org.eclipse.mylyn.internal.debug.ui{BreakpointsStructureBridge.java" StructureKind="java" NumEvents="2" CreationCount="81"/><InteractionEvent Delta="null" EndDate="2014-02-13 22:13:24.63 PST" Interest="1.0" Kind="propagation" Navigation="org.eclipse.mylyn.core.model.edges.containment" OriginId="org.eclipse.mylyn.core.model.interest.propagation" StartDate="2014-02-13 22:13:24.63 PST" StructureHandle="=org.eclipse.mylyn.tasks.ui/src&amp;lt;org.eclipse.mylyn.internal.tasks.ui{TasksUiPlugin.java[TasksUiPlugin" StructureKind="java"/><InteractionEvent Delta="null" EndDate="2014-02-14 11:28:52.203 PST" Interest="11.234" Kind="propagation" Navigation="org.eclipse.mylyn.core.model.edges.containment" OriginId="org.eclipse.mylyn.core.model.interest.propagation" StartDate="2014-02-13 22:13:02.57 PST" StructureHandle="=org.eclipse.mylyn.context.core/src&amp;lt;org.eclipse.mylyn.context.core" StructureKind="java" NumEvents="9" CreationCount="34"/><InteractionEvent Delta="null" EndDate="2014-02-14 11:30:52.220 PST" Interest="11.0" Kind="selection" Navigation="null" OriginId="org.eclipse.jdt.ui.CompilationUnitEditor" StartDate="2014-02-13 22:16:49.283 PST" StructureHandle="=org.eclipse.mylyn.debug.ui/src&amp;lt;org.eclipse.mylyn.internal.debug.ui{BreakpointsContextUtil.java[BreakpointsContextUtil~importBreakpoints~QIInteractionContext;~QIProgressMonitor;" StructureKind="java" NumEvents="11" CreationCount="72"/><InteractionEvent Delta="null" EndDate="2014-02-14 14:40:29.364 PST" Interest="1.0" Kind="edit" Navigation="null" OriginId="org.eclipse.jdt.ui.CompilationUnitEditor" StartDate="2014-02-14 14:40:29.364 PST" StructureHandle="=org.eclipse.mylyn.debug.ui/src&amp;lt;org.eclipse.mylyn.internal.debug.ui{BreakpointsContextUtil.java" StructureKind="java"/><InteractionEvent Delta="null" EndDate="2014-02-13 22:22:37.939 PST" Interest="2.1000001" Kind="propagation" Navigation="org.eclipse.mylyn.core.model.edges.containment" OriginId="org.eclipse.mylyn.core.model.interest.propagation" StartDate="2014-02-13 22:21:13.211 PST" StructureHandle="=org.eclipse.mylyn.debug.ui/src&amp;lt;org.eclipse.mylyn.internal.debug.ui{BreakpointsListener.java" StructureKind="java" NumEvents="4" CreationCount="101"/><InteractionEvent Delta="null" EndDate="2014-02-13 22:41:19.923 PST" Interest="0.01700002" Kind="propagation" Navigation="org.eclipse.mylyn.core.model.edges.containment" OriginId="org.eclipse.mylyn.core.model.interest.propagation" StartDate="2014-02-13 22:41:19.923 PST" StructureHandle="=org.eclipse.mylyn.context.core/src&amp;lt;org.eclipse.mylyn.internal.context.core{InteractionContextExternalizer.java[InteractionContextExternalizer~addAdditionalInformation~QIInteractionContext;~QZipOutputStream;" StructureKind="java"/><InteractionEvent Delta="null" EndDate="2014-02-13 22:50:52.993 PST" Interest="1.0" Kind="propagation" Navigation="org.eclipse.mylyn.core.model.edges.containment" OriginId="org.eclipse.mylyn.core.model.interest.propagation" StartDate="2014-02-13 22:50:52.993 PST" StructureHandle="=org.eclipse.mylyn.debug.ui/C:\/Users\/Sam\/workspaces\/tasktop\/.metadata\/.plugins\/org.eclipse.pde.core\/.bundle_pool\/plugins\/org.eclipse.core.resources_3.6.1.R36x_v20110131-1630.jar&amp;lt;org.eclipse.core.resources(IMarker.class[IMarker" StructureKind="java"/><InteractionEvent Delta="null" EndDate="2014-02-13 22:18:48.825 PST" Interest="1.0" Kind="selection" Navigation="null" OriginId="org.eclipse.jdt.ui.CompilationUnitEditor" StartDate="2014-02-13 22:18:48.825 PST" StructureHandle="=org.eclipse.mylyn.debug.ui/src&amp;lt;org.eclipse.mylyn.internal.debug.ui{BreakpointsStructureBridge.java[BreakpointsStructureBridge~getHandleIdentifier~QObject;" StructureKind="java"/><InteractionEvent Delta="null" EndDate="2014-02-14 14:40:28.927 PST" Interest="15.0" Kind="selection" Navigation="null" OriginId="org.eclipse.mylyn.core.model.interest.decay.correction" StartDate="2014-02-14 14:40:28.927 PST" StructureHandle="/attachments/bugzilla-https%3A%2F%2Fbugs.eclipse.org%2Fbugs/428236" StructureKind="resource"/><InteractionEvent Delta="null" EndDate="2014-02-14 14:40:06.421 PST" Interest="476.89398" Kind="propagation" Navigation="org.eclipse.mylyn.core.model.edges.containment" OriginId="org.eclipse.mylyn.core.model.interest.propagation" StartDate="2014-02-14 14:40:05.944 PST" StructureHandle="/" StructureKind="resource" NumEvents="5" CreationCount="424"/><InteractionEvent Delta="null" EndDate="2014-02-13 23:03:18.751 PST" Interest="11.302" Kind="propagation" Navigation="org.eclipse.mylyn.core.model.edges.containment" OriginId="org.eclipse.mylyn.core.model.interest.propagation" StartDate="2014-02-13 22:16:52.115 PST" StructureHandle="=org.eclipse.mylyn.debug.tests/src&amp;lt;org.eclipse.mylyn.internal.debug.ui{BreakpointsContextUtilTest.java[BreakpointsContextUtilTest" StructureKind="java" NumEvents="7" CreationCount="75"/><InteractionEvent Delta="null" EndDate="2014-02-14 14:40:28.924 PST" Interest="15.0" Kind="selection" Navigation="null" OriginId="org.eclipse.mylyn.core.model.interest.decay.correction" StartDate="2014-02-14 14:40:28.924 PST" StructureHandle="/attachments/bugzilla-https%3A%2F%2Fbugs.eclipse.org%2Fbugs/428236" StructureKind="resource"/><InteractionEvent Delta="null" EndDate="2014-02-14 14:40:29.364 PST" Interest="2.223999" Kind="propagation" Navigation="org.eclipse.mylyn.core.model.edges.containment" OriginId="org.eclipse.mylyn.core.model.interest.propagation" StartDate="2014-02-14 14:40:29.364 PST" StructureHandle="/org.eclipse.mylyn.debug.ui/src/org/eclipse" StructureKind="resource"/></InteractionHistory>